age,gender,height_cm,weight_kg,body fat_%,diastolic,systolic,gripForce,sit and bend forward_cm,sit-ups counts,broad jump_cm,class,BMI
25,1,171,69.2,18.1,77,132,45.7,28.3,80,267,3,23.66540132
34,1,169.9,74.7,15.1,83,138,50.1,19,78,250,2,25.87818684
33,1,174.9,79.9,20.7,71,130,52.1,16.2,76,244,3,26.1196384
32,1,173,74.7,12,84,122,53.8,23,76,274,3,24.9590698
22,1,171.4,73.6,15.7,73,145,50.6,17.2,76,273,3,25.05279468
29,1,179.3,82.6,13.8,67,127,51.7,16.6,76,283,3,25.69327517
26,1,176,72.4,17.4,73,129,49,19.6,75,242,3,23.37293388
21,1,164.6,62.9,12.8,62,114,45.6,20.7,75,230,3,23.21619184
21,1,169.5,68.1,18.2,79,145,43.6,20.3,75,226,3,23.70323962
25,1,176,68,11.9,71,139,53.6,21.1,75,265,3,21.95247934
29,1,174.7,79,19,75,140,45.7,17.2,74,241,3,25.88458946
21,1,169.9,64.8,12.1,90,141,42.9,16.8,74,260,2,22.44854762
22,1,184.4,82.5,16.6,82,114,58.1,18.2,74,273,2,24.2623082
21,0,159.6,53.3,22.9,80,135,25.5,24.5,74,201,3,20.92480575
21,1,170.5,64,13.2,78,138,48.1,19.8,73,290,3,22.01563454
37,1,174.9,84,19.4,89,140,47.4,19.1,73,222,3,27.45994526
27,1,172.3,72.3,9.8,50,112,44.3,18.2,72,236,3,24.35385648
22,1,171.2,67.1,13.6,69,141,52.1,16.2,72,275,3,22.89364792
33,1,180,75.6,13.7,82,151,48.9,19.8,72,263,3,23.33333333
21,1,186.4,92.5,11.2,75,124,47,24.9,71,255,1,26.62256627
28,1,171.3,68.7,11.2,99,145,42.7,23.2,71,269,3,23.41218845
24,1,172.3,75.7,12.1,73,131,45.4,30.3,71,258,3,25.49912774
36,1,184.2,80,10.8,63,124,37.4,20.6,71,202,1,23.57820478
30,1,182.3,93.6,15.1,72,142,64.1,20.6,71,220,3,28.1645302
38,1,174.8,74,15.4,86,155,46.7,16.9,71,235,3,24.21859045
31,1,163.6,68.8,12,71,129,52.9,22.5,71,262,3,25.70525045
27,1,175.4,64.3,9.8,67,118,35.9,14.9,71,236,3,20.90026511
21,1,168.9,70.7,17.3,77,123,38.9,13.4,71,235,2,24.78335596
23,1,168,68.2,12.8,61,116,53.9,17.9,71,245,3,24.1638322
26,1,173.5,68.4,11.9,81,143,46,15.4,71,243,3,22.72255396
36,1,170,71,19.9,73,129,45.8,20.6,71,234,3,24.56747405
30,1,160.6,53.3,17.4,79,123,41.9,14.3,71,241,3,20.66503414
24,1,160.8,55.1,18.2,67,125,48.4,14.7,71,234,2,21.30980669
27,1,175.4,65.5,20.3,86,126,47.1,23,71,235,3,21.29031671
27,1,168.3,66.5,13.9,59,115,47.9,11.8,70,231,2,23.47758456
28,1,177.9,59.7,13.1,90,143,40.9,23,70,247,3,18.86350689
28,0,158,51.9,26.3,90,135,24.1,30.9,70,191,3,20.78993751
25,1,164.9,71.7,20.6,83,138,40.1,18.7,70,223,2,26.36803973
23,1,176,69.5,10.2,86,143,54,11.2,70,227,2,22.43672521
27,1,168,70.8,12.5,70,120,59.4,17.8,70,269,3,25.08503401
29,1,177.5,71.6,13.4,78,134,47.1,19.8,70,258,3,22.72564967
29,1,178.6,78.7,16.1,73,120,42.4,24.7,70,232,2,24.67242419
40,1,178.5,80.1,17.5,82,140,57.7,28.8,70,235,3,25.13946755
38,1,172.1,66,13.6,77,121,55.2,25.5,70,220,3,22.2834379
28,1,177.5,74.7,14.6,94,134,57.5,25.2,70,242,3,23.70958143
27,1,171.6,78.88,20.1,69,129,40.1,23.9,69,248,1,26.7875093
32,1,176.2,81.6,21,79,130,53.3,14.9,69,232,2,26.28320671
21,1,171.3,68.2,15.2,78,112,47.6,17.4,69,220,2,23.24179406
25,1,174,70.2,14.6,83,126,49.6,22,69,267,3,23.18668252
21,1,172.8,67.9,13.8,73,116,50,25.1,69,245,3,22.73957262
29,1,176.9,73,11,64,122,49,13.7,69,234,2,23.32744608
23,1,170,77.9,31,78,142,64,17.5,69,270,3,26.9550173
23,0,165.3,56.4,26.5,79,117,31.1,23.5,69,176,3,20.64112657
26,1,175.4,78.8,20.5,82,134,46.5,21.2,69,233,3,25.61338865
23,1,177.4,75.5,17.3,96,139,48.8,23.3,69,276,3,23.99052327
32,1,166.8,73.4,13.4,60,135,59.9,15.8,69,247,3,26.38177228
21,1,185.8,88.5,13.7,74,119,51.3,20.3,69,240,3,25.63609377
21,1,175.5,78.7,14.4,66,132,56.8,17.2,69,226,3,25.55174065
26,0,165,62.8,18.6,60,113,33.6,26.7,69,218,3,23.06703398
30,1,173,86.5,23.5,89,144,59.6,20.7,69,257,3,28.9017341
25,1,171.6,67.1,12.5,70,127,43.7,16.4,69,222,2,22.78704202
31,1,167.2,70.7,15.6,82,132,42.1,21.7,69,272,3,25.28988576
24,1,171,57.6,15.7,70,134,48.9,23.1,69,226,3,19.69836873
29,1,164.3,57.2,7.4,64,104,41.7,15,69,228,3,21.18950941
42,1,169.2,65.4,19.3,63,110,43.5,16,68,211,3,22.84425666
35,1,178.4,79,15.4,73,127,52.7,14.7,68,260,3,24.82203543
32,1,168,69.8,21.9,88,127,50.9,26.3,68,248,3,24.73072562
26,1,165.9,68.7,16.5,73,157,54.1,24.5,68,220,3,24.96111407
25,1,168.8,87.3,20.6,77,143,60.9,20.7,68,230,3,30.63863121
28,1,178.3,76.8,3,73,145,53.66,29.5,68,259,3,24.15786409
21,1,172,74.3,16.6,68,132,39.9,16.3,68,240,3,25.11492699
24,1,176.9,76,11.7,76,119,52.3,27.5,68,250,3,24.28610825
27,0,174.3,57,12.3,71,124,33.9,30.1,68,201,3,18.76204103
23,1,172.5,73.8,21.8,79,144,43.5,20,68,178,1,24.80151229
21,1,168.7,62.3,16.7,86,137,36.4,8.7,68,240,1,21.8906109
21,1,171,67.7,10.9,80,120,47.2,17,68,266,3,23.15242297
21,1,175.6,72.8,15.4,65,122,44.4,26.3,68,257,2,23.60925898
28,1,168,71,17.7,93,149,53.1,24.3,68,245,3,25.15589569
35,1,167.6,76.5,25.4,91,139,45.2,13.7,68,220,2,27.23412375
34,1,179.4,86.4,17.90698,82,152,55.7,14.4,68,227,3,26.8453373
30,1,175.8,80,15.2,73,130,52.8,8.5,68,246,1,25.88524295
48,0,156.4,48.3,16.3,88,129,32.4,26.6,68,190,2,19.74574996
21,1,166.8,72.7,22.4,74,134,53.5,17.1,68,235,3,26.130175
32,1,181.2,87,24,95,154,48.9,20.2,68,239,1,26.49737585
39,1,162.4,69.8,21.8,90,138,36.7,18.6,68,196,1,26.46569924
23,1,167.5,64.6,13.2,73,157,49.4,21.1,68,234,2,23.02517264
26,1,181,80.2,18.2,80,134,44.6,19.4,68,246,2,24.48032722
34,1,165.3,65,19.1,75,142,45.3,18.5,68,228,2,23.78853239
34,1,169.3,75.3,17.7,83,120,57.4,19.6,68,233,1,26.27126952
21,1,176.8,70.5,15,99,140,44.7,19.85,68,238,2,22.55405295
38,1,172.2,72.9,11.9,68,132,54.2,24.1,68,237,3,24.58449174
26,1,182,81.7,13.9,98,155,47,16.9,68,260,3,24.66489554
32,1,171.7,78.5,16.8,81,139,25.6,18.3,68,236,3,26.62741864
30,1,169.5,68.7,10.4,82,141,55.9,15.1,68,230,2,23.91207873
28,1,172.2,71.6,15.1,65,115,55,15.4,68,234,3,24.14608516
30,1,172,68.5,20,85,148,47.7,14,68,232,2,23.15440779
22,1,167.3,61.4,16.4,68,114,38.8,19.9,67,240,3,21.93696232
22,1,184.9,73.9,10.2,97,156,56.8,18.2,67,275,3,21.61576529
22,0,161.8,52.4,20.3,70,125,26.9,25.6,67,192,3,20.0158599
37,0,162.8,56.9,16.5,97,134,31,31.2,67,203,3,21.46858719
28,1,167.8,65.18,19,82,140,47.6,20.6,67,235,3,23.14890449
26,1,171.7,69.8,11,88,143,51.9,25,67,270,3,23.67635441
21,1,174,69.8,10.8,75,133,48.5,28.1,67,248,3,23.05456467
35,1,174.5,77.8,16.4,81,140,53.7,18.2,67,232,0,25.54987233
27,1,168.6,81.5,20.3,65,120,43.1,18.3,67,226,1,28.6709754
27,1,174.3,66.2,8.7,97,154,42.1,16.3,67,256,3,21.79030029
21,1,182.2,78.1,10.7,78,136,52,9,67,303,1,23.52633564
24,1,181,77.9,10.4,80,120,52.4,18.3,67,258,3,23.77827295
29,1,175.7,70.6,16,99,152,42.8,15.4,67,247,3,22.86973741
25,1,173.6,74,11,65,129,49.1,27.5,67,213,3,24.55456688
23,1,168,64.1,16.9,69,123,41,20.4,67,250,3,22.7111678
34,1,173.5,72.4,17.4,83,118,60.1,16.5,67,236,3,24.05135829
29,1,173.7,76.1,17.3,73,133,51.1,16.2,67,247,3,25.22231933
21,1,175.5,60.8,9.7,58,117,46.6,19.2,67,259,3,19.74009951
25,1,187.1,86.5,8.9,82,137,53.9,17,67,247,3,24.7097603
23,1,167.4,61.54,8.8,90,153,59.1,28.1,67,247,3,21.9607205
33,1,174,67.7,19.5,97,119,50.1,21.5,67,255,3,22.36094596
24,1,179,80.3,10.1,80,120,56.2,27.8,67,276,3,25.06163977
30,0,168.4,73,25.8,69,126,26.6,25.3,67,186,3,25.74178661
27,1,178,72.4,14.1,77,138,47.8,26.1,67,263,3,22.85065017
23,1,177,75.3,8.6,98,145,52.8,19.2,67,246,3,24.03523892
21,1,172.7,66.3,14.5,80,129,42.8,23,67,266,1,22.22945695
22,1,181.3,86.8,12.1,53,114,44,14.9,67,242,1,26.40730716
27,1,175.3,77,9.9,70,135,51,17.9,67,259,2,25.05687422
30,1,171.6,78.3,18.9,69,129,47.1,15.1,67,181,3,26.59054232
28,1,173.7,70.74,17.4,81,131,42.9,18.7,67,261,3,23.44581957
25,0,157.8,54,30.9,84,126,26.8,30.8,67,165,3,21.68601541
26,1,174.1,69.1,8,71,133,45.8,19.1,67,231,3,22.79714729
28,1,163.6,62.4,14,91,158,45.4,18.8,67,247,3,23.31406436
21,1,180.6,71.6,18,73,117,35.9,21.4,67,268,3,21.95217369
22,1,167.6,72.7,18.6,75,123,53.5,22.1,67,260,3,25.8813176
30,1,169.5,71.9,20.6,72,125,45.9,13,66,235,2,25.02588735
28,1,175.1,75.5,13.8,71,126,44.5,11.4,66,247,2,24.62491043
30,1,171.5,70.7,22.2,82,119,45.5,16.1,66,228,3,24.03760338
27,1,176,70.8,16.7,70,114,60.2,17.2,66,241,2,22.85640496
37,1,170,73.1,14.9,79,144,55.1,14.8,66,249,3,25.29411765
24,1,178,79.6,12.5,82,146,52.7,20.4,66,265,3,25.12309052
28,1,171.4,79.8,18.7,64,136,46.6,22.9,66,258,3,27.16322032
29,0,163,54.7,21.3,74,120,35.5,32.9,66,207,3,20.5879032
21,1,168.2,64,18.5,86,143,37.9,15.5,66,233,2,22.62184337
22,1,163.9,69.4,17,82,149,50.3,17.4,66,222,2,25.83458939
28,1,177.1,70.3,17.2,83,123,43.5,14.2,66,236,2,22.41393988
22,1,179.9,78.9,23.4,93,151,49.1,-8.8,66,185,0,24.37893203
26,1,171.4,69.34,13.1,77,129,51.3,20.1,66,240,3,23.60272803
30,1,172.9,79.7,17.9,66,119,52.7,17.1,66,264,3,26.66050275
23,0,167.7,58.2,26.2,77,139,26.98,22.6,66,191,3,20.69459156
29,1,169,78.6,28.1,80,120,50.4,20.9,66,215,3,27.52004482
29,1,169.6,62.8,12.5,79,142,45.7,16.6,66,229,3,21.83272517
21,0,172.4,67.7,22.5,78,120,33.4,23.7,66,234,3,22.77792432
41,1,174,69.1,12,80,98,42.2,24.4,66,244,3,22.82335844
23,1,160.3,63.9,20.3,67,143,46.1,9.8,66,173,1,24.86759659
36,1,180.7,74,12.8,92,130,56.8,21.6,66,246,3,22.66289646
31,1,174.6,65.6,13.8,78,135,44.1,18.4,66,238,2,21.51866679
31,1,174,86.8,24.4,90,140,60.9,18.6,66,216,0,28.66957326
21,1,178,68.1,7.7,61,122,48.8,16.2,66,293,3,21.4934983
33,1,178,71.5,21.6,75,119,41.8,14.2,66,211,2,22.56659513
24,1,179,66,7.1,84,152,48.5,26.6,66,267,3,20.59860803
48,0,157,47.6,17.1,97,127,35.4,27.3,66,204,3,19.31112824
23,1,185.1,75.4,13.6,77,137,52.7,19.4,66,238,1,22.00688167
31,1,168.2,70.5,15.5,82,145,39.6,19.9,66,264,1,24.91937434
22,1,171.4,72,10.2,72,138,44.9,23.6,66,233,3,24.50816871
25,1,173.3,83.3,18.7,76,118,53.7,26.3,66,208,3,27.73625848
27,1,170,63.18,19.2,79,120,31.5,20.7,66,237,1,21.8615917
26,1,174.7,90.1,21.6,96,159,59.6,25,66,230,3,29.52153811
22,1,183.7,74.4,10.9,77,123,44.8,11.5,66,222,2,22.04725996
23,1,176.2,77.7,17.3,73,143,52.4,29,66,250,0,25.02702403
41,1,178,77,15.1,84,128,55.1,16.4,66,264,3,24.30248706
21,1,169.6,64.5,10.9,77,134,46.2,21.5,65,248,3,22.42373843
30,1,170.2,62.9,14.7,78,134,42.8,27.8,65,240,3,21.71358504
34,1,170.6,71.7,9.7,69,115,50.5,25.4,65,268,3,24.63548417
35,1,168.1,67.6,11.1,69,115,47.3,26.7,65,214,3,23.92275921
28,1,172.6,78.1,20.7,78,137,55.7,8.9,65,256,1,26.21618247
26,1,178,70.5,11.9,80,120,57.5,26.2,65,250,3,22.25097841
35,1,163.8,66.1,17.3,76,127,42.4,18.8,65,202,3,24.6361968
21,1,176.2,71.6,9.4,72,128,45.63,13,65,265,2,23.06222549
27,1,169.9,73.9,12.9,60,121,50.4,19.5,65,226,3,25.60104427
22,1,169.4,57.2,10.7,69,119,33.9,0,65,250,0,19.93284166
29,1,177,71.8,14.5,82,130,54.9,20,65,240,3,22.91806314
23,1,167.1,66.9,21.2,77,142,40.5,18.3,65,234,3,23.95924994
37,1,170,62.7,10,89,120,59.1,25.2,65,265,3,21.69550173
53,1,168.4,67.6,17.8,91,156,45,25.8,65,223,3,23.83759965
21,1,170.2,62,13.8,65,131,35.9,16.4,65,245,3,21.40289781
24,1,163,62.4,14.2,98,156,48,19.5,65,236,2,23.48601754
30,1,174.8,75.2,12.6,60,112,55,16.3,65,249,3,24.61132435
21,1,166.9,66.7,21,83,147,55.2,17.6,65,256,0,23.94490733
27,1,179.7,82.1,13.9,99,141,58.9,15.2,65,248,1,25.42418283
26,1,172,74.9,12.6,96,150,44.8,16.7,65,235,3,25.31773932
34,0,162.6,52.1,20.4,72,115,31.3,28.2,65,208,3,19.70591662
21,1,167.5,56.2,9.7,81,120,45,17.2,65,270,3,20.03118735
26,1,173.5,73.1,19.7,72,134,37.1,2.5,65,238,0,24.28389904
24,1,162.9,72.2,21.4,72,102,49,21.6,65,237,3,27.20790039
27,1,171.3,68.2,14.3,95,144,44.7,22.3,65,246,3,23.24179406
26,1,171.2,74.1,13.2,75,145,46.4,16,65,249,3,25.28195694
23,1,173,63.4,14.6,90,120,45.5,28.5,65,267,3,21.18346754
30,1,175.5,72.4,16.2,94,146,46,18.9,65,231,3,23.50630271
26,1,177,69.5,11.2,71,128,51.4,20,65,279,3,22.18391905
36,1,181.4,88.9,17.7,83,146,59.1,23.2,65,265,3,27.01638244
25,1,181,77.9,13.5,94,129,50.5,23.7,65,255,3,23.77827295
25,1,181.1,81.5,15.6,86,138,50.9,20.8,65,250,3,24.84967471
22,1,166.6,59.1,15.4,72,128,39.1,15.6,65,245.1,2,21.29303102
23,1,177.4,70.9,18,75,123,41,12.7,65,270,0,22.528849
30,1,170,66,10.3,87,132,48.9,14.5,65,216,2,22.83737024
27,1,162.8,66.7,15.1,115,138,46,10,65,230,1,25.1661646
21,1,176.1,72.3,14.2,70,134,44.4,20,65,249,2,23.31414995
30,1,174.5,81.8,20.2,81,114,56.2,16.3,65,232,3,26.86349045
21,1,181.4,85.4,16.5,64,120,44.1,22.1,65,237,0,25.95274534
33,1,174.7,77.6,14.9,75,134,43.9,13.7,65,218,2,25.42587522
27,1,162.7,75.3,21.8,77,148,50.5,15.2,65,240,3,28.44591253
29,1,171.7,69.9,13.2,72,124,49.5,15,65,259,3,23.71027469
22,1,178.6,78.1,13.9,89,138,47.9,29.1,65,251,3,24.48432439
34,1,173.7,72.6,14.6,66,132,46.2,26.7,65,227,3,24.06229151
22,1,180.4,82,15.2,83,137,43.8,20.3,65,239,3,25.19653296
30,1,182.2,85.4,15.5,83,139,55.8,20.9,65,230,2,25.72534012
21,1,171.1,72.8,19.1,70,132,33.7,20.7,65,225,0,24.86745612
27,1,164.6,67.1,19.3,64,116,44.3,16.3,65,257,3,24.7663986
22,1,182,81.8,11.2,63,123,53.1,17.3,65,266,3,24.69508513
34,1,166.8,63,15.7,73,138,44.5,18.3,65,241,3,22.6437555
29,1,176.1,81.6,18.3,76,130,57.1,24.1,65,242,3,26.3130655
31,1,175.9,76.6,18.2,79,120,59.5,25.4,65,263,3,24.75694722
40,1,174.1,71.1,13.3,80,134,49,22.9,65,253,3,23.45697789
25,1,181.1,78.5,19.9,73,137,41.4,19.5,65,188,1,23.93496276
22,1,169.3,72.3,13.3,74,114,54.6,13.4,65,240,1,25.2246054
27,1,172,68.5,13.6,92,143,43.9,18.9,65,264,3,23.15440779
24,1,184,82.3,16.2,70,118,49.4,25.4,65,219,2,24.30883743
25,1,176.8,81.5,10.3,67,119,51.1,18,65,239,3,26.07312504
21,1,172.4,68.8,14.2,62,110,47.2,22.3,65,252,3,23.14802354
26,1,179.5,79.3,13.8,66,117,54.7,15,65,228,3,24.61185124
35,1,178.5,78.4,13.8,81,136,51.5,17.1,64,237,3,24.6059208
32,1,169.2,68.7,15.2,80,120,48.3,21.1,64,254,2,23.99694851
21,1,169.5,61.6,12.4,78,136,27.2,19.3,64,200,1,21.44081586
27,0,160.4,55.68,24.3,60,124,29,24.5,64,173,3,21.64165646
23,1,179,78.6,17.5,60,139,38.8,16.5,64,263,1,24.53106957
24,1,170.2,79.7,13.2,93,149,51.7,17,64,259,0,27.51307993
23,1,183.2,74.4,9.5,63,118,53.7,13.9,64,218,2,22.16776949
27,1,173,72.8,8.4,62,127,43.3,14.1,64,232,2,24.32423402
25,1,174.8,70.5,12.6,71,108,58.4,22.5,64,275,3,23.07311658
34,1,172,69.4,13.88621,92,144,44.9,15.4,64,257,3,23.45862628
33,1,164.6,63.1,13.6,83,142,49.9,20,64,240,3,23.29001121
25,1,171.7,66,11.6,82,131,47.3,16.9,64,241,3,22.38738383
36,1,177.5,73.1,13.8,82,135,50.8,19.1,64,252,1,23.20174569
22,0,160.4,56,25.9,70,108,33.2,24.5,64,195,3,21.76603379
21,1,180.6,72.8,12.5,74,138,31.9,21.4,64,233,1,22.32008722
28,1,173.7,70.4,20.6,81,144,39.1,8.4,64,200,1,23.33313116
27,1,175.8,69.1,8.3,62,111,42.5,21.6,64,249,3,22.3583786
29,1,172.1,71.8,17.4,74,139,40.9,13.6,64,222,2,24.24167941
23,1,185.3,80.3,21.7,82,143,42.7,11,64,162,1,23.38647179
22,1,181.8,77,15,74,115,36.8,-11.6,64,212,0,23.2971592
21,1,182.9,68.1,11.4,72,138,43.3,20.1,64,243,3,20.3572777
21,1,171.1,72.8,20,93,145,31.7,19.4,64,220,1,24.86745612
21,1,177.6,66.4,10.8,79,134,43.8,13.6,64,235,2,21.05145686
33,1,171.5,72.9,13.1,63,111,52.6,20.1,64,254,3,24.78559104
22,1,165.7,71.1,12.7,68,129,44.5,10.9,64,222,1,25.89551687
30,1,175,70.3,14.2,89,142,52.4,27,64,250,3,22.95510204
21,1,171,69.8,16,64,138,45.2,20.2,64,238,3,23.87059266
38,1,168.9,75.7,14.4,83,140,53.1,21.3,64,251,3,26.53606855
32,1,175.7,75.6,9.3,76,130,58.4,20.9,64,245,3,24.4894072
42,1,174,76.7,17.2,76,130,43.6,17,64,222,2,25.33359757
27,1,172.4,69.9,12.6,85,128,42.7,12.1,64,242,2,23.51812275
21,1,185.3,93.4,26.2,89,130,48.3,18.5,64,202,0,27.20169944
24,1,173.8,74.3,21.3,83,140,50.9,16.5,64,223,3,24.59740373
22,0,176.2,74.9,26.5,85,126,36.6,24.9,64,186,3,24.12514929
33,1,174.9,71,14.6,97,131,46.7,18.3,64,232,3,23.21019182
26,1,163,74.4,19.1,85,146,53.6,12.1,64,245,2,28.00255937
23,1,179.2,75.4,9.7,73,133,43.9,10.8,64,233,1,23.47985092
23,1,177.4,73.62,12.2,76,154,43.5,22,64,271,3,23.39314335
24,1,182.5,79.6,13,96,142,51.5,18.6,64,223,2,23.89941828
30,1,167,69.9,19.6,83,149,45,17.5,64,235,3,25.06364516
50,1,180.2,85.3,17.4,92,148,47.8,15,64,210,3,26.26875306
23,1,166.2,63.8,18,83,126,39.8,17.9,64,208,2,23.09716303
27,0,174.6,60.7,18.3,72,118,30.4,21,64,187,3,19.91132735
24,1,173.8,80.7,21.7,93,152,43.9,8.5,64,186,1,26.71615722
28,1,172.9,74.6,13.7,58,121,46.9,17.4,64,239,2,24.95449818
25,1,173,70.4,13,83,135,43.1,26.7,64,238,2,23.5223362
37,1,176,81.3,20.6,96,149,46,25.1,64,236,3,26.24612603
27,1,176.8,72.2,16.3,91,149,45.9,18.4,64,244,3,23.09790954
25,1,176.8,77.9,16,70,123,41.3,6.3,64,263,1,24.92142872
25,1,168.6,70.7,25.2,84,151,40.7,11.4,64,219,2,24.87163142
27,1,169.6,60,6.4,74,125,42.4,12.7,64,257,2,20.85929156
35,1,176.6,78,14.1,86,136,52.6,27.3,64,244,3,25.00997192
24,1,173.7,67.4,14.7,81,140,51.8,20.7,64,244,3,22.33882159
26,0,162.2,64.5,24.4,65,100,38,20.8,64,197,3,24.51647431
25,1,179.8,73.1,14.7,69,138,42.2,11.7,64,235,2,22.61194926
41,1,167.8,69.6,17.5,86,131,49,22.8,64,213,3,24.71868292
29,1,176.9,74.3,18.2,79,122,47.1,7.6,64,219,1,23.74286636
24,1,179.5,75.4,10.7,84,136,48.8,17,64,248,2,23.40143233
21,1,178,69.8,12.2,65,117,45.2,9.3,64,271,1,22.03004671
22,1,180.2,92.2,21.8,79,128,54.7,21.5,64,250,3,28.39365805
22,1,171.7,77.2,21.5,65,136,47.1,17,64,240,2,26.18645502
28,1,168.4,68.9,16.9,84,148,42.7,20.3,64,229,3,24.29601503
50,1,167.1,74.4,14.5,70,117,47.6,18.9,64,227,0,26.6452645
29,1,181.9,98.78,20,78,139,47.6,16.6,64,226,2,29.85407529
22,1,175.7,67.1,15,64,115,44.6,14.3,64,257,2,21.73596856
21,1,170.7,68.1,8.3,60,116,34.4,23.6,64,249,1,23.37114929
21,1,177.5,74.2,13.7,64,133,46.2,11.4,64,233,2,23.55088276
24,1,172.1,64.5,16.8,88,154,40.2,21.7,63,201,2,21.77699613
23,1,173,66.8,12,54,115,41,18.5,63,262,3,22.31948946
22,1,169,73.8,17.7,62,127,40.7,12.7,63,236,1,25.83943139
21,1,173.8,63.1,8.2,86,134,43.5,18.3,63,273,3,20.88958513
43,1,174.2,77.6,21.1,89,143,43.6,22.4,63,240,1,25.57204264
31,1,181.4,85.4,24.7,78,138,48.5,12.9,63,226,2,25.95274534
31,1,181.1,75.4,9.8,75,136,56,14.4,63,234,3,22.98976041
24,1,177.6,76.5,6.6,67,142,50.3,19.7,63,248,2,24.25356099
21,1,177.6,75.6,21.8,85,138,40.7,20.2,63,231,3,23.96822498
38,1,172.4,69.3,20.1,70,126,38.2,14.7,63,214,3,23.31625045
32,1,172.5,69.9,13.1,100,148,43.6,24.2,63,267,2,23.49086326
26,1,173.6,70.8,18.9,72,113,44.5,11.8,63,205,2,23.49274778
26,1,182.4,83.6,19.1,84,143,42.3,15.1,63,234,3,25.12792398
36,1,184,87.7,16.1,70,140,52.5,22.3,63,253,3,25.90382798
26,1,177.4,78.3,14,74,115,53.3,15.3,63,234,3,24.88023804
25,1,180,78.9,17.9,95,110,49.5,21.5,63,265,3,24.35185185
21,1,183.6,78,13.8,86,149,49.9,21.3,63,250,3,23.13924844
22,1,166.5,67,22.2,72,133,37.8,17.2,63,237,3,24.16831246
21,1,167.4,74.9,16.4,77,139,44.9,21.6,63,252,3,26.72827373
30,1,172.5,73,16.9,88,154,44.5,25.1,63,226,3,24.53266121
21,1,165.3,65.8,18.5,74,114,36.5,17.8,63,243,3,24.08131433
21,1,174.2,70.1,14.6,91,137,49.4,25.2,63,259,2,23.1005179
30,1,163.5,73.8,21.8,75,128,46.2,9.1,63,226,1,27.60710378
23,1,174,70.7,16,86,123,42.8,24.9,63,245,3,23.35182983
22,1,184.9,76.6,14.4,58,131,36.1,12.2,63,211,1,22.40551585
26,1,175.6,85.4,21.5,84,130,54.1,13.5,63,205,2,27.69547688
23,1,181.1,77.9,16.2,86,144,47.8,17,63,250,3,23.75202037
24,1,171.8,71.7,19.8,60,129,38.4,8.4,63,227,1,24.29253498
26,1,166,70.6,29.1,82,122,44.8,12.5,63,185,2,25.62055451
22,1,169.7,64.7,18.7,70,137,35.3,20,63,241,3,22.46676776
21,1,171.7,83.8,17.9,55,132,41.8,3.3,63,217,0,28.4251934
29,1,170.5,79,19.2,68,127,46.3,10.6,63,215,2,27.17554889
21,0,162,54.5,17.7,80,120,28.6,21.4,63,187,3,20.76665143
21,1,178.4,72.2,12.3,89,138,50,22.8,63,230,3,22.68545517
21,1,173.7,79.5,18.3,92,148,42.9,22.1,63,209,2,26.34920351
23,1,180.2,77.5,9.1,74,140,48,18.1,63,246,3,23.86668654
50,1,175.8,73.5,10.9,95,140,49,14,63,243,3,23.78206696
27,1,179.6,80.9,18.2,94,157,49.9,15,63,229,1,25.08048075
31,1,172.9,72.9,13.1,79,145,44.6,17.8,63,240,3,24.38582999
27,1,170.7,86.3,34.2,71,132,54.1,19.6,63,226,3,29.61718332
23,1,175,70,14.7,68,127,42.2,23.8,63,245,3,22.85714286
25,1,175,81.5,17.1,70,120,56.9,15.2,63,271,3,26.6122449
23,1,172.3,58,16.9,74,145,29.9,18.1,63,218,3,19.5369803
21,1,167.5,71.8,16.1,80,129,39.9,16.4,63,224,2,25.59144576
27,1,163.3,62.5,15,78,123,40.3,20.7,63,233,3,23.43730371
30,1,173.9,60.4,13.9,75,123,48.2,18.7,63,244,3,19.9727458
25,1,181.9,76.4,13.1,70,113,39.7,22.6,63,232,3,23.09021413
27,1,177.1,69.3,15.9,60,105,51.2,19.7,63,244,3,22.09510716
30,1,176.1,68.9,17.7,92,156,48.4,17.6,63,237,3,22.21777222
29,1,176.1,78.5,18.9,88,146,41.6,5.4,63,238,1,25.31342698
31,1,177.3,86.4,20.1,79,154,56,20.8,63,248,3,27.48503354
27,1,167.6,66,10.1,88,145,43.4,19.4,63,234,3,23.49610677
46,1,170.5,75.1,20.1,78,133,39,18.7,63,206,2,25.83397116
35,1,172.2,82,18.7,94,130,50.7,23.4,63,252,2,27.65333776
34,1,173.1,70.7,11.9,72,126,49.6,22.7,63,247,3,23.59528775
26,1,172.4,78.9,15.4,90,146,52.3,13.6,63,252,2,26.54620722
30,1,173.6,88.9,17.5,81,135,43.4,30.5,63,246,1,29.49866211
24,1,169.5,57,16.4,74,127,42.9,15.8,63,231,2,19.83971598
26,1,177.8,70.1,11.5,60,125,38.7,15.4,63,249,3,22.17453414
44,1,172,75.4,19.2,86,141,47.4,17.2,63,188,3,25.48674959
37,1,179,87.1,23.4,79,143,58.3,22.2,63,236,1,27.1839206
24,1,168.2,72,18.6,82,135,43.8,24.2,63,226,2,25.44957379
29,1,166.8,67.2,23.7,59,116,53.1,23.5,63,223,3,24.1533392
41,1,178.3,75.4,11.3,90,150,44.1,19.3,63,241,2,23.71748636
24,1,172.5,72.5,22.1,99,151,43.1,17.8,63,239,2,24.36462928
25,1,185,88.6,18.8,79,133,42.7,20,63,220,2,25.88750913
27,1,176.5,85.8,24.1,79,139,48.1,11.9,63,204,2,27.54215185
21,1,172.5,67.6,16.5,80,120,42.3,26.5,63,273,2,22.7179164
26,1,169.4,68.5,12.7,85,128,45.7,20,63,250,3,23.87062331
25,1,170,71.6,24.1,92,150,36.7,10.6,63,197,1,24.77508651
23,1,172.7,61.8,20.1,76,107,31.3,12.7,63,220,2,20.72067028
26,1,181.9,69.9,11.4,86,152,39.3,10.5,63,232,2,21.12573256
29,1,165.3,69.6,16.9,89,142,43.9,16.8,63,245,3,25.47202853
36,1,178.2,76.7,15.2,93,149,53.5,16.5,63,150,3,24.15349404
27,1,177.4,72.5,12.1,61,135,55.3,17.5,63,261,3,23.03725744
40,1,178.8,81.2,16.3,70,133,53.8,11,63,240,2,25.39925629
25,1,171.2,65.1,9.7,67,123,44.5,15.8,63,228,3,22.21127391
31,1,167.4,65,11.7,67,126,34.6,17.3,63,236,2,23.19543114
24,1,171,69,15.5,89,159,50,26.2,63,235,3,23.59700421
21,1,176.6,63.4,11.6,78,141,43.5,19,63,236,3,20.32861821
33,1,173.4,65.5,18.7,82,132,46.1,15.7,63,247,3,21.78427515
23,1,179.3,77.8,17.5,84,134,46.8,20.2,63,235,3,24.20020349
38,1,166.7,67.3,23.2,70,111,26.1,19.7,62,215,0,24.21831171
31,1,177.5,79.5,23,90,148,51.2,18.4,62,208,3,25.23308867
32,1,178,84.5,21.2,68,130,52.3,16.2,62,232,3,26.66961242
35,1,179,79,13.5,91,140,56.7,29.3,62,259,3,24.65590962
21,1,172.6,71.7,13.4,86,130,51.2,13.6,62,232,2,24.06786534
38,1,177,75,13.9,86,142,52.1,17.8,62,257,3,23.93948099
22,1,183,78.3,17.5,88,135,46.2,5.6,62,206,0,23.38081161
29,1,179.8,76.44,11.8,96,147,60.3,22.2,62,229,3,23.64510809
22,1,180.2,68.4,13.8,79,134,43.1,7.3,62,284,1,21.0642756
28,1,172.5,63.7,6,65,115,40.3,15.6,62,226,3,21.40726738
25,1,178.6,74,12.8,93,157,53.2,18.7,62,265,3,23.19897573
33,1,174.2,72.8,13.2,83,124,53.1,17,62,253,3,23.99026681
28,1,176.4,86,9.3,83,140,46.6,23.4,62,239,3,27.63766126
21,1,178.5,73.2,17.1,66,112,42.5,0.2,62,198,0,22.97389544
39,1,181.9,95,16.9,85,141,49.2,24.9,62,228,2,28.7116537
35,1,167.7,68.8,14.8,82,125,50.5,22.7,62,256,3,24.46370962
33,1,177.3,75.4,12.3,85,144,57.5,14.6,62,241,3,23.98578158
23,1,167,74,23.8,89,133,41.6,21,62,211,1,26.53375883
27,1,179.3,67.5,17.5,65,121,50.1,18.2,62,242,1,20.99632051
32,1,173.9,77.5,18.2,77,138,47.3,11.1,62,229,1,25.62728145
26,1,172,74.9,26.3,72,121,40.3,21.1,62,207,3,25.31773932
29,1,184,81.8,8.5,68,131,54.8,22.1,62,248,3,24.16115312
22,0,161.8,56,21.8,63,109,27.5,21.4,62,185,3,21.39099531
24,1,173.1,60.4,12,66,117,29.3,10.2,62,239,1,20.15778473
30,1,176.7,79.5,15.3,80,120,49.3,28.9,62,222,2,25.46208887
38,1,166.2,62.7,18.8,75,139,50.6,19.7,62,228,3,22.69893608
21,1,175.7,71.8,12.8,61,118,46.6,25,62,262,3,23.25845816
27,1,182.1,83.2,8.4,80,120,49.6,14.1,62,245,2,25.09016022
24,1,174.5,79.94,11.9,86,147,55.3,20.2,62,268,2,26.25265802
28,1,171.7,78,24.2,89,146,50.1,11,62,245,1,26.45781725
31,1,167.1,75.28,22.9,78,134,43.4,22,62,235,3,26.96042355
29,1,168,83.5,24.8,70,122,47.7,15.8,62,229,2,29.58475057
25,1,184.8,86.6,14.8,73,130,64.3,19.6,62,262,3,25.35793932
27,1,172.1,71.84,14.6,65,119,44.6,19,62,237,3,24.25518453
36,1,170,63.6,12,96,127,45.2,16.6,62,233,3,22.00692042
35,1,181,78.5,15.4,87,146,45.5,-1.5,62,267,0,23.96141754
21,1,182.2,80.3,16.1,86,134,49.3,15.6,62,242,2,24.18904932
22,1,168,64.1,10.4,87,126,47.6,17,62,230,3,22.7111678
25,1,171.4,65.7,10.7,87,142,49.9,15.7,62,256,3,22.36370395
26,0,177.9,62,16.4,75,121,33.4,32.7,62,196,3,19.59024166
29,1,174.3,78.7,13.9,85,135,46.1,16.8,62,242,2,25.90478297
27,1,179,78.7,11,68,142,48.2,16.8,62,232,3,24.56227958
25,1,166.3,65,13,47,110,50.4,17.8,62,238,3,23.50330077
28,1,168.6,59.1,14.3,73,131,33.1,16.1,62,187,1,20.79085456
34,0,162,52.3,21.6,85,120,38,29.4,62,203,3,19.92836458
29,1,179.7,80.2,18.8,71,153,53.7,26.2,62,240,3,24.83580344
24,1,173.9,76.1,10.7,71,117,49.1,18.6,62,241,3,25.16433701
23,1,169.1,67.5,14.4,81,134,38.7,29.7,62,232,2,23.60568229
22,1,174.9,65.2,12.9,71,133,46,16.5,62,234,2,21.31414798
43,1,174,64.8,13,83,136,45.9,15.1,62,235,3,21.40309156
26,1,186.4,92.3,8,81,153,60.4,15.2,62,286,3,26.56500396
26,0,169.4,60.8,23.3,73,121,30.6,20.5,62,191,3,21.18735617
24,1,173.3,68.5,10,60,106,52.2,7.4,62,223,1,22.8083278
23,1,166,66.6,11.2,81,128,34.2,27.3,62,223,3,24.16896502
24,1,183.2,80.3,19.6,86,134,56.2,20,62,220,3,23.92569745
25,1,173.9,70.2,11.94574,76,138,51.2,22.3,62,241,3,23.21335687
23,1,165.4,72.98,20.3,80,120,44.5,10.4,62,211,1,26.67674569
33,1,178,78.3,13.5,80,148,46.2,14.2,62,264,2,24.71278879
26,1,174.3,80.1,11.5,85,149,57.1,17.3,62,238,1,26.36560503
23,1,181.2,83.6,23.1,81,129,46.2,18.8,62,221,2,25.46184622
24,1,178.6,88.2,24,95,156,40,12.8,62,242,1,27.65067108
28,1,175.3,82.8,23,92,147,45.9,14.6,62,205,2,26.94427514
28,1,171.4,72.2,14.2,83,138,53,15,62,260,3,24.57624696
26,1,168.1,68.2,13.8,49,96,48.4,17.5,62,227,3,24.1350914
28,1,182.6,71.7,10.2,72,133,43.3,18.1,62,269,3,21.50391869
22,1,179.1,74.7,13.2,71,121,40.9,21.2,62,259,2,23.28785188
27,1,165.3,63.1,14.1,81,130,47.8,6,62,186,1,23.09317529
29,1,168,73.5,19.4,86,145,50.2,24.4,62,246,3,26.04166667
23,1,174.9,70.1,9.4,85,137,40.4,18.3,62,222,2,22.91597812
21,1,182.1,91.7,25.3,75,133,45.4,10.6,62,194,0,27.65345784
45,1,167.3,65.6,15.3,85,149,48.3,20.5,62,202,3,23.43753629
22,1,173.2,69,15.1,99,146,41,11.7,62,217,2,23.00134941
23,1,168.5,65.9,12.7,95,149,37.5,21.4,62,254,3,23.21055922
24,1,186.3,84.1,13.3,73,145,43.9,10.7,62,230,1,24.23094133
36,1,178,77.52,13.3,79,133,53.9,17,62,273,3,24.46660775
36,1,173,83,19.3,96,156,58.5,13.7,62,281,2,27.73229978
21,1,168.3,60.5,16.4,66,122,31,18.7,62,226,0,21.35930625
30,1,168.6,80.3,20.6,80,145,62.6,25.1,62,265,3,28.24882607
22,1,180.7,81.5,13.9,89,149,45.1,11.6,62,247,2,24.95981164
23,1,184.1,86.9,19,82,139,54,23.7,62,242,2,25.63965632
28,1,172.5,71.8,30.5,67,144,44,19.6,62,226,2,24.12938458
24,1,168,74.8,15,66,116,46.4,23.2,62,249,3,26.50226757
33,1,175.1,70.86,14.3,79,139,49.5,15.9,62,237,3,23.11153845
26,1,176.2,84.8,17.5,80,134,44.6,11.5,62,216,2,27.31392069
47,1,162.8,71,15.3,76,137,47.3,15,62,209,3,26.78857101
26,1,170.1,67.4,15,67,139,47.9,20.3,62,204,3,23.29438609
24,1,177.9,75.7,9.3,83,146,52.3,24.6,62,250,3,23.91905312
23,1,175.6,83.3,15.3,56,126,42.2,17.5,62,230,1,27.01444056
51,1,169.1,68.5,17.1,86,158,40.1,23.7,62,205,3,23.9553961
24,1,171.7,57.7,8.1,94,136,44.5,22.4,62,245,3,19.57200071
26,1,171.5,72.1,18.4,82,134,46.5,18.3,62,241,3,24.51359553
38,1,174.3,68.4,18.2,93,149,40.4,17.5,62,236,3,22.51444924
25,1,166.2,66.6,16.1,73,130,46.6,14,62,219,2,24.11083163
29,1,174.9,75.2,14.5,73,136,57.7,26.4,62,234,3,24.58318909
22,1,169.2,56.3,14.3,64,108,33.2,8.4,62,209,1,19.66562156
25,1,176.9,78.3,15.6,77,139,54.1,17.4,62,235,3,25.02108258
26,1,167.8,65.1,12.3,76,134,39.3,16.3,62,224,3,23.12049221
27,1,164,59,6.7,69,113,35.7,18.4,62,244,2,21.93634741
23,1,177.6,65.8,12.1,61,122,44.3,12.1,62,228,2,20.86123285
31,1,179.3,82,19.1,82,144,45.1,3.6,62,246,0,25.50664121
27,1,175.1,82.7,23.1,80,136,41.7,19.2,62,240,1,26.97324626
40,1,178.5,70.6,11.8,78,113,50.1,14.8,62,234,3,22.15788276
50,1,182.4,77.2,21.9,80,150,37.6,14.6,62,201,2,23.20425516
25,1,175,72,16.1,77,116,50.1,20,62,221,3,23.51020408
25,1,180,67.2,14.3,97,155,38.3,16.7,62,239,3,20.74074074
42,1,169.9,72.3,14.2,92,131,49.6,28.3,62,225,3,25.04675915
31,1,184.3,78.7,18.7,76,135,41.8,1.3,62,215,0,23.1698948
28,1,177.1,83.4,16,81,134,52.7,16.3,62,233,3,26.59064845
29,1,176.5,73.7,11.5,71,123,35,10.9,62,208,2,23.65800223
29,1,186.8,83.8,14,83,147,41.9,15.5,62,227,3,24.0154249
21,1,170.2,71.7,21.9,71,120,44.7,20.9,62,233,2,24.7514157
26,1,179.9,71.5,9.7,64,135,59.6,17.8,61,239,3,22.09244157
22,1,168.4,69.9,15,51,118,44,16.3,61,234,3,24.64864224
38,1,179.9,82.2,18,97,145,54.3,20,61,241,2,25.39858318
22,1,172.1,80.2,23,80,131,49.6,5.9,61,168,0,27.07775333
26,1,176,80.5,12,73,135,48.7,20.2,61,245,3,25.98786157
22,1,166,76.1,19.1,77,140,37.1,17.8,61,226,3,27.61649006
36,1,168,83.5,22.9,87,139,55.9,13,61,222,2,29.58475057
30,1,180.3,89.2,16.8,68,127,60.2,18,61,260,1,27.43932357
21,0,158.5,51.9,18,87,139,20.3,13.8,61,214,1,20.6589776
21,1,168.4,71,22.3,70,120,35.2,8.5,61,213,1,25.03653218
27,1,180.6,77.46,7.6,54,114,55.9,15.6,61,252,3,23.74881808
26,1,183.6,81,16.1,76,145,38.8,13.8,61,256,2,24.02921953
21,0,166.1,61.2,19.2,71,137,29.8,29.1,61,213,3,22.18258515
24,1,168.7,62.32,15.8,72,129,37.5,11.4,61,228,2,21.89763838
24,1,169,67.5,13.8,75,157,41.4,22.9,61,242,3,23.63362627
22,0,169,63.4,27.6,77,115,25.8,24.8,61,212,3,22.19810231
38,1,168,75.8,26.9,80,120,55.4,23,61,253,3,26.85657596
24,1,174.9,70.5,15.1,71,130,35.7,16.5,61,219,3,23.04673977
21,1,173.5,77.1,19.1,60,108,36.1,20.6,61,233,1,25.61270337
24,1,176.3,73.58,13.9,65,146,59.5,22.4,61,235,3,23.67310143
35,1,166.7,67.1,20.4,86,150,44.2,16.7,61,222,3,24.1463405
27,1,170.4,68.4,20.1,75,137,47.2,19,61,200,2,23.55683396
34,1,182.2,71.9,13.8,76,146,51.2,20.8,61,233,2,21.658688
22,1,164.4,63.5,14,63,101,32.7,17.4,61,228,2,23.49471055
28,1,164.6,70.6,18.7,92,141,52.1,21.7,61,234,3,26.05823758
29,1,176.2,71.1,25.3,87,135,41.8,6,61,207,1,22.90117643
27,1,180.2,76.24,21.2,82,148,37,13.1,61,218,2,23.47866041
26,1,164.2,70.9,22.1,75,125,52,11.6,61,227,2,26.29661994
29,0,163.1,54.1,21.3,69,110,27.6,25.9,61,202,3,20.33711493
25,1,169.9,78.2,16.9,62,130,57.9,23.2,61,242,3,27.09068555
28,1,173.3,73,21.1,95,153,50.1,9,61,213,1,24.3066851
21,1,175,64.1,14.8,70,120,39.7,24.7,61,240,3,20.93061224
23,1,171.5,70.7,11.1,82,149,57,17.4,61,236,3,24.03760338
29,1,173.7,74.9,17.7,94,135,41.5,14.4,61,223,2,24.82459551
22,1,174.4,74.1,18.9,63,128,42.5,22.5,61,234,1,24.36269043
31,1,168.5,64.3,17,67,137,48.5,13.5,61,255,2,22.64702516
34,1,174.3,80.1,16.1,92,150,49.5,21.8,61,245,1,26.36560503
24,1,176.1,73.5,22,71,126,48.4,23.9,61,219,3,23.70110679
25,1,172,66,15.4,77,116,47,12.7,61,210,2,22.30935641
30,1,173.6,77.6,24.6,78,137,48.6,7,61,221,1,25.74911338
28,1,171,72,15.1,91,150,45.6,17.6,61,231,1,24.62296091
31,1,187,92.5,19.8,79,138,70.4,-6,61,245,0,26.45200034
33,1,171.6,93.44,19.7,95,147,55.1,16,61,240,2,31.7320597
21,1,169.1,72.4,11.2,82,134,34.2,16,61,260,2,25.31927997
22,1,170.1,71.2,14.6,69,127,42.1,24.8,61,290,2,24.60771943
26,1,178.4,84.8,34.2,86,152,38.2,15.4,61,190,3,26.64441272
22,1,172.8,62.9,9.2,62,123,43.2,-13.1,61,223,0,21.06508273
29,1,173,72.1,11.8,76,118,51.4,23.4,61,250,3,24.09034715
26,1,174.2,73.2,18,91,150,39.3,16.9,61,218,3,24.12208146
40,1,168,69,11,83,134,45.6,18.6,61,254,2,24.44727891
21,1,170.2,73.2,11.4,76,132,49.2,15.1,61,242,2,25.26922774
29,1,166.3,63.6,13.5,68,113,36.5,22.9,61,230,2,22.99707583
22,1,179.6,66.3,11.1,81,134,41.7,16.8,61,233,3,20.55421352
22,1,178,70.5,19.2,99,140,46.6,18.2,61,222,3,22.25097841
30,1,175.4,67.4,12.8,85,140,45.2,16,61,234,3,21.90789841
27,1,167.1,67.1,16.5,66,125,42,22.8,61,221,3,24.03087699
21,1,169.1,66.7,23.3,63,146,43,7.7,61,200,1,23.32591124
21,1,179.9,75,12.39132,76,159,39.6,19.6,61,226,2,23.17388976
30,1,173,76.6,18.9,72,137,47.1,7.6,61,201,1,25.59390558
31,1,172.5,69,15.7,94,138,43.6,18.9,61,229,3,23.1884058
22,1,170,66,17.9,92,125,40.6,19.2,61,204,1,22.83737024
30,1,185.4,88.6,17.6,97,149,51.3,1.9,61,227,0,25.77592517
23,0,159.8,52.7,17,72,117,26.9,25.4,61,195,3,20.637499
25,1,184,88.1,20.7,97,152,55.8,15.1,61,247,3,26.02197543
21,1,176,87.7,27.5,89,149,34.4,4.3,61,204,0,28.31224174
41,1,181.6,93.5,22.3,91,152,56.9,14.2,61,241,3,28.35175338
22,1,179.7,72.2,8.4,72,119,50.5,26,61,285,3,22.35841657
27,1,178.5,81.3,18.3,75,115,41.2,-4.3,61,195,0,25.51608879
25,1,175,79.2,15.2,61,128,45.6,9.2,61,205,1,25.86122449
25,1,173.9,69.1,18.7,76,130,45.3,18.2,61,218,3,22.84961481
21,1,170.1,66.5,14.3,73,117,43.1,18.7,61,237,0,22.98333345
22,1,178.9,88.6,12.5,84,143,63.7,18.4,61,294,3,27.68299286
39,1,174.7,74.9,15.4,99,140,48.3,21.1,61,232,2,24.54121203
28,1,170.7,71.5,14.9,71,113,49.9,15.8,61,239,3,24.53799082
32,1,172.4,72.3,20.1,97,146,49.5,14.6,61,223,3,24.32561194
31,1,169.2,67,19.7,80,131,45.4,30.6,61,230,3,23.40313756
21,1,178.3,62.8,14.9,80,154,35.3,16.6,61,239,1,19.75408678
28,1,171.7,73.46,20.7,85,147,46.8,22.5,61,238,0,24.91783661
31,1,176.4,72.8,13.4,76,112,45.9,17.1,61,235,3,23.39560163
23,1,167.4,78.2,21.6,69,136,40.8,7.3,61,189,1,27.90588793
21,1,167,74.4,24,67,117,42.2,20.8,61,214,2,26.67718455
28,1,165.6,68.9,11.9,79,129,52.2,14.9,61,243,3,25.12456533
23,1,169.4,60.3,11,67,126,40.4,18,61,285,3,21.01311804
27,1,161.8,68.9,22.1,72,131,41.6,17.5,61,202,1,26.31856387
24,1,174.3,67.6,7.2,84,143,60.3,26.8,61,270,3,22.25112235
25,1,181.9,86.12,24.2,83,133,47,14.4,61,210,1,26.02786965
25,1,176.1,83,17.35555,81,139,53.7,20,61,241,1,26.76451515
23,1,174.1,68.3,9.3,73,136,44.9,23,61,203,3,22.53321505
24,1,178.5,71.2,16.5,55,135,48.7,15.5,61,237,1,22.34619338
24,1,168.4,60.2,6.2,87,131,40.9,16.2,61,230,3,21.22815827
47,1,167.7,67.6,14.8,65,110,52.9,19.4,61,220,3,24.03701701
29,1,169.5,76.2,20.1,95,159,46.3,21.3,61,225,2,26.52256768
24,1,176.4,74.3,14.7,81,140,50,18.5,61,232,2,23.87765386
28,1,163,67.9,23.3,86,140,38.1,0.9,61,180,0,25.55609921
54,1,168.4,63.3,15.3,77,121,35.2,5.9,61,188,1,22.32130263
23,1,176,83.9,22,77,133,37.4,22.7,61,230,2,27.08548554
29,1,167.5,76.2,18.7,81,134,54.3,16.6,61,254,3,27.15972377
22,1,169.2,70.2,17.5,99,143,43.9,25.6,61,254,2,24.52089935
21,1,177.5,71.4,16.3,77,128,39.7,6,61,275,0,22.6621702
24,1,178.7,76.1,15.9,83,133,40.2,16.7,61,240,3,23.83063154
25,1,174.1,71.7,7.5,55,130,44.3,16.9,61,240,2,23.65492707
23,1,172.9,76.7,16.5,88,144,51.3,20.1,61,234,3,25.65697065
39,1,170.6,75.7,23,84,125,43.8,9.2,61,185,1,26.0098487
26,1,178.8,78.1,10.3,87,139,31.3,21.8,61,264,1,24.42958025
27,1,179,76.3,23.8,80,120,41,21.2,61,256,2,23.81323929
22,1,176.9,75.3,15.4,72,140,47.9,16.7,61,228,3,24.06242041
21,1,176.5,78.8,24.7,97,159,33.1,10.6,61,165,0,25.29512315
39,1,177.1,79.6,16.11972,77,149,52.9,0.7,61,212,0,25.37908413
21,0,166.6,64.9,30.7,84,141,28.8,23.4,61,182,2,23.38270242
32,1,173.4,80.56,23.6,67,128,42.9,19.3,61,228,1,26.79299551
26,1,171.3,82.8,27.8,85,130,46.9,17.2,61,227,2,28.21731009
29,1,177.1,77.4,15.2,90,149,61,23,61,282,2,24.67765215
24,1,175.6,65.7,9.8,69,122,44.6,13.1,61,240,2,21.30670762
27,1,181,73.14,13.5,70,121,45.8,21.1,61,239,3,22.32532584
27,1,173.2,68,18.3,96,135,46.9,5.4,61,219,1,22.66799652
27,1,168.7,67.68,19.4,59,126,43.7,17.6,61,209,3,23.78100394
31,1,177.9,83.6,14.8,104,140,47.4,10.1,61,235,1,26.41522907
27,1,176.1,75.4,16.3,83,151,52,19.2,61,236,3,24.31378847
28,1,173.9,80.1,16.5,81,134,58.7,18.1,61,245,2,26.48703541
22,1,174,80.2,16.3,98,146,47.7,26.6,61,237,3,26.48962875
22,1,178.4,81.9,16.7,60,108,46.8,1.3,61,215,0,25.73322407
24,1,175.3,73.3,17.2,74,117,50.6,17.9,61,232,2,23.8528426
25,1,173.2,69.4,10.8,74,129,52.9,22.7,61,235,3,23.13469057
21,1,173.2,65.78,18.7,80,140,37.3,19.7,61,251,3,21.92795311
28,1,176.4,66.6,9.5,66,112,44.7,18.8,61,262,2,21.40311907
21,1,180.8,87.2,19.1,86,145,36.4,18.4,61,241,1,26.6759339
29,1,171.1,73.2,14.6,91,143,52.6,29.8,61,261,3,25.00409049
21,0,161,54.2,30.2,86,130,22.6,26.4,61,152,3,20.90968713
27,1,175.7,65,13.7,84,125,37.5,7.9,61,217,1,21.05570725
24,1,171.6,70.4,10.7,70,111,44.9,21.3,61,251,3,23.90771622
27,1,172.3,75.24,21.3,80,130,54.9,18.4,60,217,1,25.34417928
32,1,170.8,72.2,24.1,80,127,47.4,16.6,60,205,2,24.74921707
41,1,167.9,72.4,20.7,87,132,44.6,23.3,60,212,2,25.68249273
22,1,175.1,67.5,18.3,78,118,39.4,24.9,60,163,1,22.0156484
22,1,175,69.8,15,63,128,50.3,26.8,60,276,3,22.79183673
31,1,173.7,83.8,29.6,99,128,39.3,27.5,60,204,0,27.77438055
24,1,170.6,69.9,3,75,123,52.4,23.9,60,280,3,24.01702013
47,1,167.8,68.8,14.8,76,142,52.2,22.4,60,230,3,24.43456013
24,1,161.1,53.7,6.9,63,121,41.8,24.3,60,248,3,20.69108214
26,1,179.9,83.4,17.5,76,139,42.1,-5.3,60,233,0,25.76936542
33,1,179.5,79.5,7.9,73,136,46.3,19.2,60,269,1,24.67392401
28,1,175.3,85.2,21,76,129,47.9,7.6,60,240,1,27.72526862
22,0,164.3,53.1,19.9,61,121,28.9,23.7,60,177,3,19.67068094
45,1,167.4,63.8,19.08869,80,136,37.4,20,60,199,3,22.7672078
25,1,176.6,68.7,15.5,68,131,35.6,7.8,60,236,1,22.02801373
26,1,177.5,77.84,19.5,66,130,49.2,20.3,60,242,3,24.70620909
25,1,171.4,73.9,10.2,68,136,51.9,27.6,60,269,3,25.15491205
32,1,173.6,68.5,16.5,79,138,44.8,25.8,60,229,3,22.72956529
28,1,174.2,70,11.7,78,117,41.1,18.2,60,245,3,23.06756424
22,1,168,55.1,6.2,90,131,39.8,27.4,60,230,3,19.52239229
22,1,173.8,92.5,24.5,91,157,51.2,16.5,60,215,1,30.62260895
32,1,179.9,77.7,15.2,66,126,55.6,17.3,60,208,2,24.00814979
25,1,171.6,71.1,19.2,83,120,53.9,19.6,60,247,3,24.14543498
29,1,176.7,71.5,15.5,75,121,42.2,27.5,60,248,3,22.89986609
27,1,173.7,73.3,10.9,52,114,48,10.1,60,242,2,24.29429707
23,1,171.2,65.7,10.4,66,122,40,12.4,60,237,2,22.41598611
53,1,176.6,86.1,20.8,89,133,42.2,10.9,60,192,1,27.60716132
30,1,174.7,71.2,22.2,87,144,47.1,10.4,60,197,2,23.32889582
40,1,174.2,77,13.7,81,121,55.9,20.7,60,227,3,25.37432066
26,1,179.4,92.1,23.3,69,156,59.7,16.2,60,245,0,28.61638386
28,1,175.7,77.2,12.1,82,145,51,22.5,60,228,3,25.00770153
25,1,167.2,69.5,22.4,77,133,44.4,23.8,60,215,3,24.86063735
24,1,166.8,70,13,81,134,50.4,16.7,60,244,3,25.15972833
25,1,178.6,78.5,23.7,90,140,44.3,23.8,60,224,3,24.60972426
27,0,156.3,50.7,24.7,83,135,29.1,25,60,202,3,20.75343568
29,1,175.4,70.4,17.3,78,133,50.4,18,60,250,3,22.88302742
48,1,177.5,78.5,16.6,83,139,47.8,-0.5,60,212,0,24.91569133
43,1,171.2,75.6,20.3,95,152,44.3,23.6,60,245,3,25.79373744
25,1,166.2,73.2,15.7,60,114,44.9,28.6,60,251,3,26.50019332
33,1,178.2,72.1,17.1,81,135,48.2,20.8,60,221,2,22.70491421
22,1,160.5,60.8,18.9,64,118,30.9,13.7,60,196,1,23.60225541
32,1,169.8,58.7,14.8,68,107,37.1,22.3,60,216,3,20.35929473
23,1,172,72,15.8,81,119,34.2,18.8,60,200,2,24.33747972
24,1,177.4,71.2,11.5,91,128,56.8,23.6,60,283,1,22.62417558
26,1,174.5,77.9,22.5,66,127,50.9,13.2,60,229,2,25.58271279
25,1,174.8,68.5,15.2,80,120,40.4,21.2,60,228,3,22.41856008
36,1,180.2,76.3,19.7,81,142,47.6,18.6,60,243,3,23.49713785
42,1,168.7,65.4,10.8,83,123,50.8,20.7,60,248,3,22.97987083
28,1,175.9,82.04,15,86,148,62.1,18.2,60,237,3,26.51514295
25,1,172.9,85.3,19.3,87,149,48.8,14.8,60,186,0,28.53376267
28,1,175,64.8,17.9,78,136,45.9,21.7,60,211,3,21.15918367
29,1,173,67.6,12,88,120,50.7,23,60,231,3,22.58678873
37,1,166,64.5,12,64,126,51.8,15.5,60,234,3,23.40688053
39,1,173,73.2,17.30705,82,139,44.6,14.9,60,219,3,24.45788366
35,1,163,78.6,29.6,100,146,63.1,17.4,60,258,3,29.58334902
32,1,173.2,76.1,13.6,83,145,48,26.9,60,232,3,25.36815493
34,1,177.4,86,19.1,71,109,43.7,11.3,60,210,1,27.32695365
30,1,163.7,57.2,19,80,123,33.8,19.3,60,218,2,21.3451234
21,1,176,61.2,12.9,89,125,34.6,0.4,60,83,0,19.7572314
35,1,171,89,25.8,98,136,44.4,26.4,60,232,2,30.43671557
21,1,173.6,84.3,24.9,76,135,48.1,23.6,60,250,2,27.97229714
23,1,171.1,70.8,10.8,53,124,53.5,7.6,60,238,1,24.18428425
25,1,168.6,65.6,18.9,74,106,47.1,12.9,60,202,2,23.07749677
22,1,175.4,64.1,17,88,134,31.1,9.7,60,211,1,20.8352565
30,1,166.8,70.3,17.8,59,89,54.2,19.2,60,234,3,25.26755574
25,0,161.6,45.4,27.9,64,123,24.3,21.3,60,179,3,17.38493775
29,1,174.3,75.5,9.4,71,142,43.4,20.8,60,256,2,24.8514754
36,1,173,73.9,16.9,71,109,50,21,60,240,3,24.69177052
25,1,163.1,64.4,11.7,85,155,41.1,23.7,60,260,3,24.20906103
21,1,176.8,67.78,13.1,75,147,30.9,21.8,60,230,0,21.68388239
31,1,172,78.5,17.1,80,130,51.3,15.3,60,250,1,26.5346133
35,1,179.2,75,22.8,97,148,45.3,12,60,228,2,23.35528938
26,1,172.7,77.1,21.1,83,123,44.4,16.4,60,257,2,25.85054496
33,1,173,64.66,21.4,74,129,36.1,2.1,60,197,0,21.6044639
23,1,170.8,71.9,17.2,98,144,48.7,12.1,60,235,2,24.64638099
24,0,162,52.1,15.9,65,106,32.6,25.4,60,180,3,19.85215668
30,1,179.6,82.7,13.1,73,125,52.2,20.2,60,260,3,25.6385137
23,1,182.3,71.3,16.3,87,135,40.6,18.5,60,183,2,21.45439106
31,1,169.2,74.6,10.7,74,119,57.5,18.9,60,250,3,26.05782182
37,1,171.3,72.1,9.4,78,132,38.3,17.7,60,247,2,24.57087026
28,0,160.6,54.2,23.6,76,128,31.1,23.3,60,195,3,21.01397468
25,1,167.1,64.2,20.4,89,159,41.7,21.8,60,224,3,22.99228469
22,1,174.2,71.4,11.7,74,141,44.3,14.1,60,235,2,23.52891552
25,1,175.3,74.3,22.8,81,145,48,16,60,230,3,24.17825656
24,1,172.7,88.3,27.2,71,121,38.7,20.6,60,197,0,29.60574734
23,1,180.7,76,11.7,78,117,54.2,17.1,60,239,1,23.27540717
27,1,179,80,20,69,124,52.1,16.4,60,234,3,24.96800974
22,1,172.7,73.7,20.3,96,131,37,24.3,60,246,1,24.71057281
23,1,174.6,75.6,13.6,83,145,43.2,30.1,60,261,2,24.79895136
22,1,169.5,66.7,16.6,98,150,38.1,24.7,60,254,3,23.21594835
27,0,161.4,65.5,30.9,78,122,43.5,27.4,60,227,3,25.14399254
42,1,172.4,67.5,18.6,86,124,46.3,25.4,60,226,3,22.71063356
25,1,180.8,79.8,13.9,62,135,45.3,19.5,60,241,2,24.41215052
26,1,173.7,71,17.5,81,133,50.7,18.1,60,201,2,23.53199307
21,1,181,71.8,8.3,82,136,45.3,14.6,60,220,2,21.91630292
29,1,180,75.4,11.6,83,142,69.9,14.6,60,259,2,23.27160494
26,1,182,80.6,12.1,73,129,48,14.9,60,246,2,24.33281005
36,1,172.7,81.8,21.7,60,159,45.4,12,60,187,2,27.42638881
33,1,175.7,67.9,17.6,67,128,35.2,14.3,60,233,1,21.99511572
22,1,179.8,75.4,9.7,74,143,52.7,19.1,60,246,3,23.32340593
26,1,177.4,73.2,13.7,76,131,43.1,12.4,60,237,2,23.25968613
28,1,174.7,82.7,25.4,98,140,53.1,16.7,60,237,3,27.09690568
22,1,176,76.8,10.2,58,121,53.4,20.4,60,267,3,24.79338843
25,1,190.2,76,12,79,123,42,12.8,60,242,2,21.00838013
22,1,172.3,68.5,13.7,64,134,36.7,12.1,60,230,1,23.07384743
22,1,163.6,61.7,15.1,83,143,40.9,12.7,60,232,2,23.05252838
29,1,172,66.3,11.7,79,128,41,26.4,60,271,3,22.41076257
41,1,184.3,78.7,15.3,89,152,50.8,22.8,60,244,3,23.1698948
40,1,181,73.8,13.2,67,119,53.8,20,60,230,2,22.5267849
34,1,176.4,89.8,16.8,93,133,54.7,23.5,60,232,2,28.85886025
31,1,174.3,72.7,11.4,69,122,60.9,16.8,60,256,3,23.92983128
22,1,172.1,63.8,11.2,62,107,38.3,16.7,60,225,2,21.54065664
28,1,178.4,71,14.6,99,151,44.1,4.2,60,208,0,22.30841159
26,1,171.7,71.3,18.9,67,118,51.6,12.7,60,213,2,24.18515859
23,1,172.4,80.3,22.2,90,151,53.5,17.1,60,213,1,27.01724259
24,1,177.4,73.5,22.1,87,139,44.5,10.6,60,216,1,23.35501272
21,1,165,61.9,18.4,82,114,35.8,15.3,60,250,2,22.73645546
22,1,175.7,71.4,11.2,64,125,49.6,11.3,60,269,1,23.12888458
30,1,173.3,79.1,23.2,73,135,56.9,15,60,236,3,26.33779167
30,1,170.7,71.9,16,80,139,48.8,16.6,60,233,3,24.67526629
36,1,169,59.2,15.8,91,151,42.1,23.5,60,230,3,20.72756556
24,1,176.7,77.7,15.4,92,151,51.5,28.9,60,258,3,24.88558875
26,1,164,60.6,18.1,72,129,32.8,16.7,60,230,3,22.53123141
33,1,169.2,63.8,10.8,84,134,46.4,30,60,241,3,22.28537576
28,1,169.8,60.6,8.4,64,117,41.6,18.3,60,234,3,21.01828383
30,1,166,61.5,15,84,142,41.7,23.4,60,227,3,22.31818842
31,1,166,67.3,18.9,79,132,34.5,24.3,60,223,1,24.42299318
23,1,175,86,23.1,85,134,61,21,60,243,3,28.08163265
21,1,180.9,78.5,18.2,84,124,53.3,21.8,60,236,3,23.9879162
28,1,178,69.9,11.1,74,128,47.6,23,60,267,3,22.06160838
33,1,169.4,73.9,18.1,89,134,50.6,16,60,232,3,25.75239508
31,1,177.2,75.12,21.7,80,136,47.7,21.1,60,227,3,23.92368878
52,1,167.9,69.7,22.5,99,158,42.9,18,60,206,3,24.72472022
28,1,175.8,67,18.1,68,118,37.4,17.3,60,244,3,21.67889097
26,1,183.1,82.7,20.3,91,134,50.9,20,60,198,1,24.66770925
24,1,173.6,68.5,15.8,82,131,51.3,9,60,260,1,22.72956529
21,1,177.2,63.2,7.1,89,156,43.9,13.3,60,279,2,20.1274911
24,1,169,59.2,11.3,78,132,34.3,13.3,60,213,2,20.72756556
44,1,169.1,75.9,24.2,75,101,37.5,9.6,60,206,1,26.54327831
24,1,173,67.6,16.8,79,129,43.9,17.1,60,248,3,22.58678873
33,1,181.7,78,13.1,80,136,56.1,29.2,60,250,3,23.62570343
24,1,180,75.1,17.7,90,137,45.8,15.2,60,234,2,23.17901235
23,1,174,65.2,10.6,61,107,41.3,16.8,60,238,3,21.53520941
26,1,173.8,80.2,16.4,72,132,46.3,23,60,200,2,26.5506296
27,1,169.2,72.5,17.6,79,132,45.5,10.9,60,203,2,25.32429064
37,1,166.1,65.6,22.2,90,143,42.3,21.5,60,222,3,23.77741153
49,1,171.9,72.4,22.1,95,155,44.1,18.6,60,204,1,24.50116939
37,1,186,95.8,19,74,154,63,17.8,60,239,3,27.69106255
27,1,171.2,71.3,14.8,57,109,55.7,18.1,60,247,3,24.32663333
26,1,180,63,5.6,81,115,46.4,22,60,220,3,19.44444444
21,1,174.7,71.7,13.9,71,113,53.9,17.2,60,234,3,23.49272233
30,1,181.4,94,25.1,78,131,59.6,16.9,60,189,0,28.56625365
24,1,173.3,80.7,23.6,89,139,49.2,19.6,60,237,3,26.87054093
26,1,169,64.5,10.6,84,159,40.9,17.9,60,234,3,22.58324288
26,1,163.5,65.7,21.5,89,148,48,17.4,60,219,3,24.5770558
33,1,176.9,71.2,11.1,89,119,41.9,24.2,60,237,3,22.75224878
30,1,170.1,75,21.2,67,114,50.3,18.1,60,234,3,25.92105277
30,1,182.3,72.06,12.6,78,142,40.7,19.3,60,236,3,21.68307742
30,1,176.2,76.1,20.4,75,121,47.3,11.5,60,201,1,24.51166704
30,1,174,70.6,12.3,81,139,49,18.2,60,237,3,23.31880037
21,1,171,67,21,65,109,42,15.5,60,209,2,22.91303307
36,1,182,73.1,21.5,87,119,57.8,22.5,60,249,3,22.06859075
23,1,172.2,79.74,14.4,89,158,46.5,13,60,218,2,26.89118479
46,1,179.9,79.1,17.2,75,145,4.4,15.4,60,237,2,24.44072907
21,1,169.9,70.6,14.3,75,136,39.3,19.2,60,246,3,24.4578312
36,1,172.8,84.42,21.8,75,135,58.2,15.7,60,243,3,28.27208719
29,1,168.1,64.3,20.2,78,134,42.7,15.7,60,233,3,22.75493221
36,0,154.7,52.4,22.1,74,118,29.4,22.5,60,149,3,21.89528787
25,1,178.3,74.2,5.5,73,130,54.4,16.3,60,234,3,23.34001974
26,1,178.5,79.5,15.3,98,147,46.9,19,60,245,2,24.95115693
29,1,176.2,72.2,17.5,73,130,46.1,15.4,60,239,2,23.25548436
28,1,176.1,81.8,16.7,88,148,49.4,7.5,60,234,1,26.37755831
24,1,176.7,77.2,9.3,73,130,69,17,60,288,3,24.72544982
28,1,181.4,79.5,9.7,74,132,53.2,16.4,60,253,3,24.15975708
35,1,171.5,69.9,20.5,95,140,47.9,19.9,60,220,3,23.76560787
32,1,166,73.66,23.1,72,120,45.7,18.1,60,195,3,26.73102047
29,1,171,68.6,9.8,62,117,34.8,34.6,60,246,1,23.46020998
22,1,181.9,78,13,67,119,46.6,16.4,60,262,3,23.57377883
21,1,167.9,61.5,12.2,81,132,46.7,16.3,60,256,2,21.8159296
30,1,176.5,85.9,16.8,88,139,53,28.5,60,231,3,27.57425226
27,1,175,65.3,14.5,77,136,54.8,15.3,60,205,3,21.32244898
21,0,166.6,51.8,24.1,63,116,28.8,20.7,60,202,3,18.66292736
26,1,175.7,77.7,19.6,97,136,45.7,14.9,60,233,1,25.16966851
42,1,170.8,69.7,9.8,63,124,50.3,29,60,237,3,23.89224972
22,1,170,67.4,14.2,70,136,45,13.2,60,220,2,23.32179931
25,1,173.6,72.9,12.3,59,124,51.4,15.9,60,260,3,24.18956657
21,0,171.2,62.9,31.9,74,122,28.6,17,60,185,2,21.4606625
21,1,172.7,66.3,11.4,69,118,40.7,16.7,60,253,3,22.22945695
21,1,175,64,14.8,83,133,44.6,16.4,60,231,2,20.89795918
29,1,178.4,84.32,20.5,81,137,55.6,18.5,60,225,1,26.49359529
26,1,164.8,67.4,20.3,90,145,40.1,13.7,60,214,2,24.81678292
31,1,172.9,82.4,19.2,95,135,51.7,26.2,60,211,3,27.56368164
26,1,175.3,71.2,15.3,87,135,50.3,23.2,60,236,3,23.16947331
32,1,181,74.6,14.2,90,137,55.5,29.9,60,238,3,22.77097769
24,1,173.7,63.5,11.7,52,150,35.3,16.1,60,213,2,21.04621915
27,1,174.8,71,16.7,98,149,48.6,16.4,60,251,3,23.2367557
27,1,177.6,79.7,22.8,59,108,48,1.8,59,219,0,25.26808903
33,1,172.8,78.8,19.3,87,146,59.8,19.7,59,228,3,26.38996056
34,1,173.2,73.77,19.5,80,120,50,18.1,59,218,2,24.5914427
23,0,162.7,51.7,19,76,110,32.6,21.4,59,200,0,19.53059333
25,0,158.1,57.9,31.5,61,117,24.5,13.7,59,157,1,23.16406761
36,1,169.9,67.1,17.9,98,149,48.8,16.3,59,228,2,23.24533249
22,0,158.5,49.3,27,37,77,27.1,21,59,178,2,19.62403845
36,1,166.7,74.1,20.3,85,152,46.3,22.9,59,243,3,26.6653328
24,1,172,70.6,14.7,62,112,50.1,7.8,59,218,1,23.86425095
21,1,185.8,83.6,13.4,90,142,45,-6.2,59,232,0,24.21669422
29,1,187,85.3,14.6,95,151,54.5,17,59,234,3,24.39303383
45,0,159,50.1,16,81,136,32.6,28.8,59,212,3,19.81725406
23,1,168.7,61,12.1,76,111,36.3,24.4,59,242,2,21.43382447
21,1,175.3,80.3,13.8,75,136,52.2,24.5,59,245,3,26.13074026
21,1,183.3,76.5,13.8,66,117,41.5,16.3,59,227,2,22.76860932
28,1,172,74.86,28,80,120,40.5,0.7,59,186,0,25.3042185
41,1,172,68.3,15.1,64,135,46,25.3,59,223,3,23.08680368
27,0,172.7,72.8,28.9,86,147,34.7,22.1,59,165,3,24.40881547
26,0,160.7,56.6,19.3,75,120,24.2,23.8,59,173,3,21.91718017
25,1,171.4,71.4,24.4,64,118,40.1,16.5,59,205,3,24.30393397
38,1,175.6,75.1,10.8,99,149,46.1,17.5,59,215,3,24.3551559
24,1,162.6,58.1,12.7,76,133,41.8,20.5,59,242,3,21.975312
39,1,177.3,70.4,20.7,77,120,37.9,17.7,59,240,2,22.39521251
29,1,176.8,79.6,15.1,92,154,62.6,18.8,59,241,1,25.46528531
30,1,170.2,62.5,14,74,138,42.6,21.9,59,238,3,21.57550183
29,1,178.2,80.3,16.4,90,146,53.5,19.8,59,236,3,25.2871652
26,1,171.9,65.2,12.3,71,121,44.9,23,59,226,3,22.06458901
25,1,178,74.8,19.1,70,118,44.6,16.4,59,225,2,23.60813029
30,1,173.9,76.64,20.8,68,119,50,25.9,59,247,3,25.34290129
28,1,177.7,83.2,18.2,94,143,46,16.7,59,226,2,26.3480495
21,1,167.5,63.4,12.4,85,134,40.4,15.7,59,234,2,22.59746046
26,1,168.5,76.3,24.9,96,146,39.1,19,59,227,1,26.87353063
24,1,172.4,67.98,14.4,83,155,49.7,22.6,59,236,3,22.87213139
24,1,172.6,73,18.8,75,129,44.8,17.4,59,238,2,24.50424225
35,1,173.1,74.7,16.6,83,142,46.9,24.3,59,215,3,24.93024038
35,1,172.9,64.9,22.8,96,157,35.1,2,59,218,0,21.7097444
27,1,170.8,68.8,14.7,74,129,43.8,21.8,59,238,3,23.58374148
27,1,169.6,68.5,15.7,80,150,49.4,22.1,59,261,3,23.81435787
33,1,174.8,69.4,13.6,97,153,55.7,17.7,59,241,3,22.7131105
27,1,172.2,69.4,14.1,96,144,48.2,23.9,59,235,3,23.40416635
28,1,176.2,62.86,18.9,71,130,38,17,59,239,3,20.24708791
30,1,181,81.88,15.5,80,120,43.3,14.9,59,223,2,24.99313208
21,1,172.9,75,14.5,64,123,47.1,14.9,59,220,2,25.08830246
25,1,171.4,64.7,12.9,76,144,40.1,20.2,59,250,3,22.02331271
29,1,179,96.9,24,89,145,34.6,7.6,59,180,0,30.24250179
28,1,173.4,72.8,14.1,82,121,41.4,18.4,59,242,2,24.21214093
21,1,174.1,65.6,14.1,67,134,45.1,26.9,59,226,3,21.64244374
28,1,177,74.1,14,99,147,52.8,26.4,59,249,3,23.65220722
25,1,170.5,68.1,10.8,67,112,39.7,9.4,59,247,1,23.42601113
24,1,170.6,78.6,20.3,60,142,43.1,18.3,59,237,1,27.00626298
28,1,168.5,76.9,18.9,92,145,44.7,24,59,235,3,27.0848559
37,0,153.5,56.9,25.6,92,139,32.3,25.3,59,170,3,24.14879733
27,1,173.9,65.9,14.6,82,120,50.7,17.9,59,235,3,21.7914561
26,1,170.7,70.5,19,74,130,36.4,24.5,59,218,3,24.19480213
39,1,173.5,68.5,14.3,91,123,44.9,26.7,59,233,3,22.75577407
21,1,169.9,69.2,14.1,71,130,39.3,23.8,59,246,3,23.97283171
22,1,175.8,64.58,13.8,86,143,49.1,11,59,214,1,20.89586237
23,1,183.5,79.2,19.2,89,147,36.8,18,59,240,1,23.52085174
29,1,173.3,83.6,21.3,72,113,47.9,9.7,59,194,1,27.83614897
21,1,163.3,63.4,19.2,98,147,40.4,11.3,59,238,2,23.77480089
21,0,157.6,53.1,24.8,51,130,27.8,25.3,59,193,3,21.37873947
25,1,179,82.6,20.8,78,126,52.4,22,59,235,3,25.77947005
38,1,182.5,72.7,17.1,90,148,39.4,21.8,59,227,3,21.82773503
24,1,170.1,71.8,18.6,83,125,51.4,15,59,252,2,24.81508785
27,1,170.7,72,14,95,154,54.9,20.6,59,237,3,24.70958516
27,1,171.7,77.3,15.1,76,139,48.4,24.3,59,255,3,26.2203753
37,1,162.5,57.7,12.8,81,122,38.6,15.5,59,221,3,21.85088757
21,1,179.6,89.4,13.5,85,158,57.9,29.4,59,270,3,27.71563633
29,1,172.2,63.2,18,78,139,37.4,20.7,59,247,2,21.31330422
34,1,181,68.6,14.3,79,134,49.8,17.4,59,254,3,20.93953176
26,1,172.5,78.9,24.4,75,124,48.7,7.8,59,185,1,26.51543793
26,1,179,79.2,17.7,68,125,32.9,19.8,59,233,0,24.71832964
29,1,191.3,85.2,10,70,146,49.3,26.3,59,222,2,23.28143014
36,1,169.6,65.2,15.9,86,140,43.3,21,59,216,3,22.66709683
51,0,154.6,50.2,21.9,90,131,29.4,28.1,59,192,3,21.0031647
32,1,176.5,80.8,17.7,78,128,53.5,16.9,59,240,1,25.93713135
21,1,164.7,76,23.2,67,123,57.4,17.3,59,232,3,28.01730732
26,1,191.8,101.4,24.9,86,120,65.1,20.2,59,247,3,27.56390531
35,1,171.6,82.1,22.3,81,134,56.1,10.1,59,211,2,27.88101564
46,1,173.4,72.7,14.9,79,125,43.1,20,59,219,2,24.17888249
34,1,183.4,81.1,16.6,68,127,57.4,12.2,59,253,1,24.11138688
21,0,162.1,52.7,28.7,79,124,26.4,21.6,59,167,3,20.05601222
29,1,175.6,75.9,5.5,80,120,47.2,19.8,59,248,3,24.61459831
37,1,173.3,68.2,12.8,74,135,43.8,21.7,59,219,3,22.70843732
46,1,176.1,69.7,11.6,82,153,54.4,16.6,59,236,2,22.47574345
22,1,178.7,74.8,12.3,79,158,54.5,17.4,59,233,2,23.42353796
33,1,169.6,75.5,16.4,81,142,50,23.1,59,239,3,26.24794188
23,1,180.1,75.3,15,79,147,47.8,22.8,59,237,3,23.2149392
28,1,170.3,72.3,16.6,62,115,49.3,29.1,59,239,3,24.92923786
22,1,182.9,82.7,17,67,123,50.9,23.9,59,238,3,24.72168672
29,1,177.2,68,13,62,105,51.9,14,59,233,2,21.65616131
36,1,179.4,63.6,5.9,93,156,43.8,24.4,59,248,3,19.76115107
25,1,170.9,73.4,20.2,83,123,42.1,13.4,59,207,0,25.13112524
26,1,171.2,76.7,18.4,78,143,47.2,16.4,59,240,3,26.16904315
39,1,173.4,82.5,22.7,81,125,52.4,9.4,59,228,1,27.43820915
21,1,165.3,63.5,15.1,71,117,49.3,18,59,243,3,23.23956626
26,1,178.6,73.94,11.7,92,151,43.9,22.8,59,246,3,23.18016575
25,1,169.1,55.9,9.9,71,112,40.5,22.4,59,210,3,19.54900207
32,1,173.1,73.7,22.1,82,119,46.3,18.7,59,242,3,24.59650222
24,1,181.4,87,18.1,80,147,44.5,18.6,59,239,2,26.43897944
32,1,168.5,66.8,18.9,60,118,45.8,11.3,59,229,2,23.52754713
31,1,174.1,76.9,20.2,73,122,44.4,12.3,59,212,2,25.37048663
28,1,170.6,74.9,21.8,71,140,37.5,16.3,59,237,3,25.73497579
28,1,179.7,69.9,14.1,86,152,53.4,27.2,59,225,3,21.64616784
33,1,188.6,90.3,17.2,76,123,36.5,18.3,59,242,2,25.38659026
22,1,178.1,73.6,17.4,85,144,50,26.1,59,242,3,23.20331177
27,1,180,71.4,14.7,89,120,60.5,17.1,59,223,3,22.03703704
24,1,177.8,70.1,7.3,67,124,49.9,20.5,59,238,3,22.17453414
25,1,171.9,75.7,21.7,85,130,52.2,17.4,59,244,3,25.6179354
24,1,173,73.6,11.9,65,133,57.1,22.1,59,255,3,24.5915333
21,0,159.8,56.3,28.5,77,118,25.8,20.4,59,191,1,22.04727123
24,1,166.5,65.6,18.2,82,132,46.4,24.4,59,223,3,23.66330294
22,1,167.4,62.5,20.1,65,118,40.5,13.8,59,203,2,22.30329918
26,1,167.7,69.9,19.1,98,157,33.4,8.2,59,202,1,24.85484451
25,1,169,66.1,19.3,80,124,32.7,21.6,59,231,3,23.14344736
34,1,172.2,67.7,21.4,72,124,42.8,14.9,59,230,3,22.83086544
24,1,174.9,70.52,9.5,73,120,42.2,13.9,59,229,1,23.05327785
24,1,183.8,73,10.7,82,123,37.1,16.7,59,239,2,21.60885951
36,0,163.3,59.7,22.1,86,142,39.6,31.2,59,183,3,22.38731251
23,1,166.6,66.9,15.6,77,127,48,29,59,237,3,24.10327877
24,1,177.4,70.5,12.4,75,156,44.5,22.6,59,219,3,22.40174689
22,1,175.3,73.1,13.4,73,134,48.5,15.2,59,201,1,23.78775981
62,1,174.4,77.4,19.3,98,158,50.5,24.4,59,183,3,25.44766855
23,1,175.3,65,9,63,118,47,19.1,59,249,3,21.15190681
29,1,170.9,74.5,24.7,78,134,42,1,59,176,0,25.50774973
26,1,173.3,66.6,12.6,84,122,47.6,16.5,59,235,3,22.17568805
24,0,163.5,51.7,22.3,90,124,29,21.6,59,192,3,19.33993585
22,1,183,76.5,9.1,88,125,45.3,16,59,217,2,22.84332169
27,1,181.9,83.5,21.5,61,119,57.9,18.7,59,215,2,25.23603246
31,1,170,81.7,20.6,87,134,50.2,9.5,59,237,2,28.26989619
30,1,181.9,80.9,13.4,75,132,58.5,22.1,59,263,3,24.45023983
24,1,163.2,60.9,13.4,64,115,39,25.1,59,234,3,22.86530421
23,1,174,69.4,12.2,73,127,40.7,16.3,59,261,3,22.92244682
22,1,170.4,68.7,14.4,65,112,33.6,17.8,59,240,3,23.66015341
21,1,176.8,95.1,22.8,93,147,58.1,18.5,59,233,3,30.42397781
25,0,154.4,43.2,25.1,86,116,27.2,31.4,59,182,3,18.12129185
27,1,171.3,65.6,15.9,75,126,43.4,17.6,59,239,3,22.35574326
22,1,182.3,86.9,16.6,80,126,33.4,21.2,59,243,2,26.14847943
22,1,168.9,67.9,20.4,85,140,41.2,18.2,59,223,2,23.80183691
23,1,176.1,76.1,23.4,72,136,43.2,17.2,59,253,3,24.53951329
40,1,177,75.5,18.2,79,123,45.2,20.4,59,238,2,24.09907753
28,1,178.4,79.2,15.5,63,129,48.4,16,59,248,3,24.88487603
26,1,172.7,76.1,12.2,70,129,58.7,18.7,59,222,3,25.51525903
43,0,148.2,50.2,20.6,92,127,27.2,23.4,59,147,3,22.85637274
25,1,177.2,75.4,12.6,78,118,63.1,22.8,59,276,3,24.01286121
27,1,174.4,71.8,12.5,76,134,55.9,30.7,59,259,3,23.60649356
31,1,183.6,80.5,24.4,76,122,40.4,-1.8,59,212,0,23.88089102
52,1,176.4,79.3,18.5,77,130,50.1,11.7,59,230,2,25.48449463
25,1,174,77.6,24.4,77,157,48.6,18.6,59,211,3,25.63086273
22,1,174.6,92.2,20.9,98,159,49.5,10.5,59,245,1,30.24422375
21,1,175.4,66.12,16.3,83,114,42,18.6,59,214,3,21.49184337
37,1,171,68,11,67,127,38.3,17.8,59,237,2,23.25501864
23,1,177.3,71.7,13.6,78,151,53.1,18.7,59,245,3,22.80876047
24,1,176.3,73,15.4,89,129,46.2,21.1,59,256,3,23.48649639
21,1,165,61.4,20.5,79,126,34.7,8,59,215,1,22.55280073
27,1,177.3,77.08,18.9,76,127,47.7,10.7,59,189,2,24.52021279
28,1,175.8,65.08,7.2,68,103,40.4,16.7,59,231,3,21.05764514
23,1,167.9,66.1,16.9,68,138,40.2,25.9,59,259,3,23.44769019
21,1,173.1,80.1,21.1,83,135,44,19.2,59,237,2,26.73242643
21,1,181.8,72.2,17,84,143,48.5,11.8,59,240,2,21.84486876
24,1,178.5,70,13.8,87,159,44.1,17.2,59,223,1,21.96957214
30,0,162.1,58.4,19.5,80,138,27.6,17.9,59,186,2,22.22525832
30,1,168.6,69.64,21.9,99,137,43.7,20.9,59,242,3,24.49873285
27,1,166.8,71.9,13.7,69,109,49,19.6,59,240,3,25.84263524
32,1,176.5,80.7,23.4,96,156,53.4,26.2,59,248,3,25.90503094
21,1,174.5,79.7,22.8,76,128,49.7,13.9,59,214,2,26.17384094
22,1,167,65,20.2,84,127,50.2,15.3,59,240,2,23.30668005
32,1,172.8,74.6,14.5,79,144,55.3,16.1,59,248,3,24.98338906
56,0,159.4,57.8,22.6,80,153,31.2,31.6,59,139,3,22.74841824
23,1,171.2,75,22.8,87,128,60.9,24.8,59,210,2,25.58902524
27,0,162.7,58.9,27.7,70,142,31.8,19.9,59,182,2,22.25052123
28,1,172.1,74.1,14.6,71,132,42,20.3,59,242,2,25.01822346
23,1,184.4,75.6,13.5,79,149,44.4,14.1,59,252,2,22.23309696
23,1,170.7,70.7,15.7,75,127,50.8,23,59,240,1,24.26343987
21,1,172.5,64.2,16,73,128,34.4,9.2,59,231,1,21.57529931
28,1,174.5,71.3,12.1,81,122,55.1,21.2,59,230,3,23.4152429
25,1,184,75.7,9.2,87,130,51.5,21.8,58,230,3,22.35940454
25,1,179.4,74.3,12.4,92,139,49.1,20.9,58,270,3,23.08574724
28,1,175.4,69.9,14.9,82,143,45.9,23.8,58,230,2,22.72050592
31,1,176.5,69.3,12.7,64,106,46.6,10.6,58,253,2,22.24558419
25,1,175,72.6,22,88,120,49.8,21.2,58,226,2,23.70612245
21,1,174.8,78.7,20.1,65,141,45.9,12.5,58,199,1,25.75679822
32,1,177.3,77.5,15.5,74,117,52,22.3,58,252,3,24.65382059
26,1,177,79,17,74,124,53.6,21.2,58,218,2,25.21625331
23,1,172.8,76.4,18.4,75,125,34.6,14.5,58,226,1,25.58620542
21,1,169.3,71.1,21.2,85,128,50.1,17.1,58,234,1,24.80593975
28,1,180.1,75.4,18.5,65,135,51.8,9,58,220,1,23.24576913
50,1,167.8,69.6,24.2,97,166,41.7,14.8,58,212,3,24.71868292
27,1,174.5,76.8,14.6,91,154,51.9,16,58,237,3,25.2214678
39,1,171.8,70.1,18.7,93,138,55.5,15.8,58,220,3,23.75044214
31,1,174.2,83.3,13.3,74,123,55.2,18.4,58,247,1,27.45040144
25,1,179.7,79,14.8,98,149,53.9,17.2,58,220,3,24.46419541
25,1,175.2,73.9,11,82,140,54.3,18.4,58,252,3,24.07555097
27,1,177,69.48,13.9,66,125,39.5,6,58,221,1,22.17753519
37,1,177.7,71.6,11.4,78,120,49.7,25.1,58,231,2,22.67452337
22,1,181.4,77.4,11.2,94,127,50,21.6,58,244,3,23.52157482
21,1,178.8,78.9,18,63,130,41.2,11.9,58,222,2,24.67981923
22,1,185.2,71.7,8.3,89,147,45,11.7,58,234,2,20.90437517
25,1,171.8,68.18,17.9,79,129,46,16.4,58,192,3,23.09993075
22,1,171.3,62.2,18.1,65,121,32.5,20.6,58,229,2,21.19706145
21,1,169.5,75.2,24,68,122,49,18.7,58,230,3,26.17450248
36,1,166.5,75.5,8.7,77,131,51.4,11.1,58,245,2,27.23444165
27,1,166.1,76,21.2,80,133,46.5,20.9,58,240,2,27.54700116
27,1,175.9,64.9,18.1,69,129,49.6,18.5,58,211,2,20.97553361
33,1,171,79.3,21.1,91,139,50.6,15.3,58,216,2,27.11945556
26,1,170.3,72.8,15.3,75,123,48.1,17.2,58,266,3,25.10163923
28,1,181.7,91.76,11.7,86,156,60.1,21.1,58,245,3,27.79351983
26,1,172.9,71.4,14.4,81,143,50.3,18.3,58,260,3,23.88406394
24,1,181.1,97,26,82,122,53.5,17.5,58,231,3,29.57568647
36,1,165.3,77.1,21.1,87,144,50,26.1,58,249,3,28.21685919
24,1,175.9,85.3,22.7,91,138,56.4,14.6,58,220,2,27.56876759
33,1,167.4,62,15.2,99,132,44.5,18,58,183,2,22.12487278
38,1,171.7,91.6,22.8,80,136,52.3,16.1,58,237,2,31.07097513
23,1,175.1,82.7,18.7,74,142,56.8,11.1,58,217,0,26.97324626
22,1,169.3,67,19.3,81,127,40.6,10.8,58,191,1,23.37549878
27,1,177.9,87.8,20.8,90,120,42.6,18.3,58,218,1,27.74230996
22,1,170.8,67.2,13.1,96,154,44.9,22.1,58,234,3,23.03528237
43,1,173.6,74.4,21.3,81,110,48.5,13.7,58,220,2,24.68729427
27,1,176.4,76.2,20.9,83,131,49.4,2.3,58,217,0,24.48825335
35,1,185.2,81.1,12.7,70,129,53.5,15,58,246,3,23.64497665
21,1,173,67.8,7.9,81,123,46.5,17.6,58,245,3,22.65361355
27,1,181.2,90.7,24.5,77,146,47,12.9,58,199,0,27.62427574
37,1,175.3,65,8.1,72,142,43.2,26,58,227,3,21.15190681
44,1,172.4,74.8,18.7,75,120,45.2,13.7,58,194,2,25.16674652
22,1,181.5,80.4,14,70,124,51.9,18.9,58,245,3,24.40634747
22,1,173.5,66.9,17,82,142,35.7,8.1,58,172,1,22.22425234
28,1,166.9,71,18.7,72,129,47.2,15.8,58,230,3,25.48858201
26,1,184.6,78.2,9.7,84,143,55.6,18.4,58,275,3,22.94792172
38,1,183.6,67.7,12,69,115,47.7,15.3,58,213,2,20.08368102
29,1,169,94.9,27.4,75,157,54.4,13.7,58,230,2,33.2271279
22,1,175.4,67.7,12.9,74,123,41.7,22.1,58,240,2,22.00541132
34,1,173,71.1,14.9,96,155,45.9,24.6,58,225,3,23.75622306
22,0,160.1,55.1,26.9,59,110,30.3,19.8,58,171,3,21.4965584
37,1,171.2,70.5,23.1,87,142,39.2,10.5,58,204,2,24.05368373
25,1,173.8,80.5,14.1,96,153,48.8,23.2,58,233,3,26.64994617
30,1,173.7,77.9,13.9,66,148,60.9,19.7,58,245,3,25.81890507
30,1,165.2,62.5,12.1,80,120,31.5,12.6,58,247,2,22.90128921
31,1,169.8,69.52,14.1,84,137,47.6,24.7,58,225,1,24.11206422
31,1,169.6,66.46,15,74,127,43.6,9.9,58,219,2,23.10514195
21,1,180,82.5,17.5,87,131,48.8,7.7,58,155,1,25.46296296
31,0,161.4,53.8,26.3,64,99,24.5,22.7,58,148,1,20.65262288
26,1,173.3,77.4,17.3,83,118,52.1,21.8,58,261,3,25.77174558
45,1,165.9,70.3,22.1,84,143,49.9,19.4,58,230,3,25.54245006
40,1,181.8,80.8,22.1,94,134,54.9,14.1,58,197,1,24.44688913
25,0,167.1,59.5,21.9,78,117,36.2,18.7,58,195,3,21.3090489
21,1,164.2,60.9,10.3,89,145,40.1,17.4,58,233,3,22.58764675
26,1,168.2,63.74,15.8,89,143,37.7,15.2,58,210,2,22.52994213
29,0,160.8,68.6,31,99,148,39.7,20.2,58,179,3,26.5309027
21,1,168.9,75.7,27.4,76,134,45.9,10.6,58,232,0,26.53606855
31,1,180.7,78.84,14.1,83,143,44,10.7,58,214,1,24.14517239
35,1,173.6,84.08,25.4,97,157,48.8,26.4,58,229,2,27.89929708
28,1,179.8,86.9,24.5,79,136,49.2,13.8,58,244,2,26.88068933
27,1,178.5,82.3,17.3,76,131,46.2,23.4,58,253,2,25.82993982
23,1,179.1,81.6,22.9,70,137,47.8,12.2,58,232,2,25.4389386
25,1,166.9,71.5,17.8,73,131,45.7,14.9,58,201,2,25.66807907
28,1,170.1,69.9,20.6,61,124,41.3,5.8,58,214,1,24.15842118
37,1,175.1,86.4,14.1,86,151,55.1,28.2,58,258,3,28.18002995
23,1,181.5,82.5,19.5,79,137,54.5,16.3,58,244,1,25.0438267
27,1,175,82.5,25,83,146,48.5,13.4,58,242,2,26.93877551
28,1,184.5,91.6,14.3,74,147,56.3,26,58,241,3,26.90932058
32,1,179.2,83.4,22.6,90,144,44.8,5.9,58,221,1,25.97108179
25,1,172.3,82.5,17.3,77,121,50.6,20.5,58,227,2,27.78967026
27,1,179.5,69.3,14.8,93,137,50.1,10.8,58,236,1,21.508213
26,1,180.2,70.96,15.4,86,140,49.1,16,58,299,3,21.85264615
25,1,171.7,87.5,25.8,83,134,44.7,18.5,58,209,2,29.68024371
24,1,178,79,19.3,80,132,50.2,16.3,58,221,3,24.93372049
26,1,177.2,78.2,21.4,92,133,54,16,58,218,3,24.9045855
21,1,169.1,65.5,21.5,75,120,42.8,13.2,58,230,1,22.90625467
28,1,172.9,69.8,15.7,68,134,36.7,8.3,58,227,1,23.34884682
33,1,175,83,22.1,83,141,41.6,12.2,58,238,1,27.10204082
38,1,177,86.6,20.8,99,159,45.4,19.7,58,221,1,27.64212072
25,1,177.9,91.1,21.1,80,124,55,11.3,58,220,2,28.78501637
26,1,160,52,12.7,67,115,41.1,12.8,58,223,2,20.3125
27,1,177,87.4,17.9,63,123,48,18,58,238,2,27.89747518
26,1,174.9,75.6,14.3,54,118,54.6,16.6,58,227,3,24.71395073
31,1,166.6,55.5,15.5,68,136,37.1,17.6,58,232,3,19.9959936
22,1,171.4,73.9,14.3,88,141,43.3,12.9,58,258,2,25.15491205
23,1,180.7,82.1,16.2,89,150,44.8,19.7,58,237,3,25.14356486
37,1,172.6,80.2,17.12946,77,140,48.1,17.3,58,235,3,26.92109903
26,1,173.4,74.1,23.3,79,124,50.1,15.4,58,223,3,24.64450058
34,1,178.8,82.3,13.6,77,135,56.9,6.9,58,241,0,25.74333488
21,1,174.5,67.5,13.7,83,128,42.2,18.8,58,207,2,22.16730569
22,1,178.2,72.5,9.7,74,154,49.1,22.2,58,270,2,22.83087768
26,1,178.3,68.4,17.2,81,123,57,16,58,230,3,21.51559771
26,1,177.9,74.74,24.4,88,140,43.7,23,58,230,3,23.61572035
24,1,176.7,76.6,20.4,85,156,44.1,12.7,58,195,1,24.53328311
26,1,178,67.4,17.6,91,128,43.7,20.9,58,229,3,21.2725666
27,1,176.6,75.8,10.7,77,127,49.7,21.3,58,244,3,24.30456246
41,1,177.9,85.9,13.6,66,144,46.4,17.5,58,231,1,27.14196385
22,1,165.1,60.1,12.2,64,115,28.6,16.1,58,243,3,22.04856481
22,1,184.6,90.6,23.3,64,125,47.7,22.3,58,217,2,26.5867226
29,1,181.1,84.44,21,96,156,53.8,23.3,58,240,2,25.74609243
21,1,174.2,74.1,19.7,81,110,40.3,17.5,58,234,3,24.41866443
36,1,179.2,79.5,16.7,76,137,40.6,20.8,58,245,1,24.75660674
21,1,172.9,59.4,11,68,121,40.6,26,58,224,3,19.86993555
23,0,165.8,66,28,59,119,39.5,23.6,58,195,2,24.00904486
29,1,172.8,71.5,16.2,98,157,49.7,15,58,266,2,23.94520533
27,0,154.3,57.6,32.9,95,138,25.9,22.4,58,163,3,24.19305046
24,1,169.4,67.3,16.6,81,145,48,14.2,58,219,2,23.45245181
31,1,178.6,64.1,15.5,60,112,34.7,14.4,58,228,3,20.09532898
23,0,166,58.38,20.8,83,114,29,29.4,58,194,3,21.18594861
30,1,175.4,82.8,19.1,81,127,56.7,22.5,58,259,3,26.91356066
27,1,176.2,65.1,13.1,53,109,43.7,19.1,58,214,3,20.9685877
40,0,156.6,59.1,30.55772,94,149,32.9,24.1,58,172,3,24.09927433
21,1,165.2,62.9,22.6,89,130,35.6,23.2,58,230,2,23.04785747
24,1,174.1,74.5,16.5,84,136,52,16.7,58,218,2,24.57868991
22,1,168.6,63.1,17.8,82,132,48.6,18.1,58,242,3,22.19801899
26,1,171,68.3,26.9,63,120,40,11.8,58,245,2,23.35761431
23,1,168.7,62.8,9.643515,92,133,40.8,16.5,58,257,3,22.06629798
24,1,170.6,66,8.5,79,136,49.3,19.1,58,238,3,22.67701472
33,1,167.6,65.3,11.6,72,132,58.1,20.5,58,265,3,23.24690563
35,1,168.5,71.8,17.27,83,133,44.5,25.4,58,226,3,25.28859108
28,1,180,84.5,19.3,75,135,60.7,24.8,58,263,2,26.08024691
23,1,170.1,81.6,19.2,65,127,39.2,13.7,58,194,1,28.20210541
37,1,179.8,76.1,14.2,80,155,54.2,19.1,58,229,3,23.53993623
43,1,181,74.3,13.9,63,117,50,23.4,58,238,2,22.67940539
26,1,172.8,68.6,18.4,67,126,44.3,12.7,58,201,2,22.9740012
22,0,160.1,48.5,20,81,138,25.4,25,58,190,3,18.92165304
23,0,160.5,60.1,26.7,66,100,30,26.9,58,158,3,23.33051892
25,0,157.9,61.2,32.5,85,142,30.4,29.9,58,183,1,24.54636355
25,1,174.4,78.7,21.2,75,129,55,14.6,58,247,2,25.87508417
32,1,172.2,77.4,26.6,78,127,45.3,9.5,58,216,2,26.10205296
34,1,168.9,70.9,14.8,78,130,46.3,24.8,58,221,3,24.85346446
27,1,167.6,65.3,25.7,76,123,40.7,17.3,58,193,2,23.24690563
29,1,179.2,76.9,16.6,88,154,51.1,24.3,58,271,3,23.94695671
26,1,172.2,80.2,23.8,73,120,49.8,16,58,228,1,27.04631327
25,1,166.7,65.9,16,71,127,36.6,16.8,58,231,3,23.71451325
29,1,171.7,71,16.8,87,153,46.4,20.1,58,239,3,24.08339775
24,1,187.9,80.8,9.5,72,141,56.2,24.9,58,230,3,22.88536274
52,1,170.7,87.6,28,69,117,40.5,15.4,58,195,0,30.06332861
24,1,171.6,66.8,14.2,87,143,54.1,11.8,58,216,2,22.68516255
30,1,172.2,88.96,25.5,90,148,56,27.7,58,196,3,30.00049911
22,1,174.1,64.1,13.7,79,142,41.5,16.2,58,251,3,21.14757078
25,1,184.6,69.9,13.1,62,130,45.1,23.5,58,244,3,20.51227274
24,1,179.6,65,10.2,64,121,42.9,14.8,58,240,2,20.15118973
24,1,165.4,68,11,75,120,51.4,16.9,58,240,3,24.85638129
26,1,170.6,59.4,17.7,81,141,35.4,16.5,58,235,2,20.40931324
28,1,171.7,80.2,18.7,77,122,50.7,19,58,241,2,27.20406338
29,1,173.1,68.6,14.3,64,104,45.5,10.1,58,232,2,22.89443762
24,1,164.2,61.7,12.2,65,118,48.6,8.4,58,224,1,22.8843646
23,1,176.2,85.9,24.3,88,148,38.8,3.7,58,246,0,27.66822863
39,1,170.7,71,19.8,70,104,38.1,21,58,203,2,24.36639647
25,1,176.8,70.3,9.9,67,110,49,26.7,58,251,3,22.49006982
23,1,170,75.7,20.1,78,121,53.6,18.4,58,220,2,26.19377163
37,0,163,54.9,16.1,80,148,32.6,26.7,58,201,3,20.66317889
30,1,173.9,74.02,18.1,75,131,57.4,22,58,243,3,24.47653384
40,1,172,61.8,8,77,132,44,15.4,58,192,2,20.88967009
23,1,169.7,67,17.1,69,111,41,9.6,58,210,1,23.26543184
35,1,177.3,72.4,12.8,72,129,40.6,13,58,236,2,23.03144014
21,0,156.5,55.9,31.7,62,107,21.7,-10.9,58,156,0,22.82354622
28,1,172,68.8,19.4,88,115,47.9,20.2,58,259,3,23.25581395
23,1,178,69.9,14.4,59,109,33.8,12.5,58,245,2,22.06160838
30,1,172.9,64,13.8,69,122,47,18,58,237,3,21.40868477
21,1,177.8,63.1,10.8,86,148,51.1,19,58,258,2,19.960244
37,1,184.8,89.4,16.1,76,158,64.5,24.3,58,241,3,26.1778265
25,1,172.4,67.3,14.2,85,127,53.4,16.9,58,245,3,22.64334279
32,1,172.2,70.42,20.5,70,143,47.1,15.9,58,227,3,23.74814689
24,1,166.9,70.5,23.4,88,146,48.9,22.5,58,262,2,25.30908496
25,1,176.4,68.54,14.5,82,125,39.1,17.2,58,187,2,22.02657329
22,1,170,73.3,18.3,83,147,39.6,18.3,58,221,1,25.3633218
33,1,174.8,83.4,24.3,92,136,45.4,6.3,58,215,1,27.295006
35,1,177.9,73.6,21.4,73,141,45.4,17.9,58,219,3,23.25551268
29,1,175.4,88.8,12.1,83,138,54.4,29.6,58,264,2,28.86381868
23,1,167.4,57.5,14.2,94,148,39.7,17.1,58,231,3,20.51903524
25,1,175.8,75.7,23.7,94,136,45.7,15.5,58,236,3,24.49391114
33,1,172.7,73.9,19,76,138,48.6,13.2,58,202,2,24.77762999
24,1,173,65.3,9.5,64,103,46.7,24.2,58,254,3,21.81830332
21,1,179.6,78.6,16.3,64,118,54.1,25.9,58,248,2,24.36743865
31,1,168.5,69.24,18,83,155,46.5,18.6,58,218,3,24.38693658
24,1,173.9,64.1,19.5,87,154,37.9,20.9,58,225,2,21.19624182
22,1,173.8,83.2,24.9,83,151,43.3,12.2,58,214,2,27.5437953
30,1,174,78,15.8,79,133,41.3,10.3,58,217,2,25.76298058
32,1,171.9,65.4,17.9,90,155,42.6,20.4,58,234,3,22.1322718
23,1,175.1,69.9,15.7,75,128,41.3,10.4,58,227,1,22.79842701
22,0,167.9,67.7,34.7,73,122,27.3,27.5,58,181,3,24.01525909
29,1,177.6,70.1,12.2,65,114,39.5,14.3,58,196,2,22.22450491
26,1,178.3,73.16,15.3,79,130,47.8,16.6,58,232,2,23.01288199
29,1,163.3,68.8,21,92,146,45.4,21,58,212,2,25.79978393
24,0,159,45.5,24.5,85,135,28.5,22.9,57,197,3,17.99770579
24,1,180.3,80.2,24.7,77,127,64.3,19,57,235,3,24.67078195
29,1,172.7,71.8,15.7,86,148,52.2,19.7,57,254,3,24.07352954
22,1,177.1,71.4,18.1,79,138,51,11.6,57,158,2,22.76465586
22,1,170,73.6,23.9,65,102,36.5,7,57,217,1,25.46712803
27,1,179.5,87,19.5,85,139,46.3,7.1,57,212,1,27.00165269
34,1,175,71,19.7,87,157,45.9,20.5,57,233,2,23.18367347
37,1,170,83.6,20.8,97,159,62.3,25.3,57,224,2,28.92733564
38,1,167.7,67.9,15.6,76,139,39,20.9,57,225,2,24.14369016
30,1,180,85.08,13.1,68,116,56.9,26.4,57,226,3,26.25925926
24,1,172.1,72.4,16.1,83,155,42.5,7.7,57,234,0,24.44425612
31,0,159.3,47.9,19.2,96,125,27.4,25.4,57,211,3,18.87573892
21,1,171,67.3,11,67,120,49.7,22.5,57,260,3,23.01562874
39,1,169.9,62.7,19.9,67,130,39,24.8,57,192,1,21.72104839
36,1,167.9,65.5,18.7,68,150,47.2,21.7,57,247,3,23.23485185
26,1,176.1,73.7,18.1,62,126,42.4,17.9,57,234,2,23.7655996
27,1,182.6,74.42,19.4,79,116,51.4,19,57,226,3,22.31968799
22,0,165.3,51.5,22.8,94,130,25.2,28.5,57,173,3,18.8478372
23,1,172.5,67.5,17.9,67,112,49,2.2,57,241,0,22.68431002
21,1,169.5,76,27.8,71,120,41.4,3.6,57,211,0,26.45295464
34,1,180.7,84.9,22.8,90,155,33.9,15.3,57,255,0,26.00107986
21,0,163.7,51.2,21.6,75,116,28.4,20,57,203,1,19.10612445
37,1,175.3,88.2,26.7,90,151,53.2,16.2,57,220,2,28.70151047
22,1,178.6,83.5,20.3,83,139,47.8,18.1,57,229,1,26.17722262
22,1,178.2,75.7,17.2,84,138,42,16.4,57,226,2,23.83858538
26,1,170.8,68.2,15.5,53,102,38.6,22.9,57,280,2,23.37806931
29,1,186.1,82.7,11.2,73,121,62.7,23.2,57,256,1,23.87881458
21,1,176.2,73.3,13.9,76,147,58.8,23.2,57,239,3,23.6097923
27,1,167.6,61.5,20.5,100,138,38.5,12.7,57,206,1,21.89409949
22,0,172.5,60.7,22.6,49,102,32,25.6,57,214,3,20.39907582
25,1,162.2,65.3,18.3,96,139,44.3,21.5,57,221,2,24.82055461
21,1,168.9,64,22.1,85,140,34.6,9.2,57,218,1,22.4347211
23,1,168.6,74.3,18.3,77,135,47.4,8.1,57,220,1,26.13807942
30,1,183.1,85.9,21.2,72,118,59,17.1,57,257,3,25.62220344
42,1,177.4,76.7,22.4,80,150,41,10.6,57,209,1,24.3718296
22,1,170.2,78.6,22.6,77,123,45.4,14.6,57,210,1,27.1333511
21,0,160.2,51,28.2,78,117,22.6,20.6,57,206,2,19.87216354
25,1,174.7,72.1,15.5,85,129,43.9,20.2,57,242,3,23.62378355
29,1,170.4,68,10.5,70,139,40.3,24.6,57,235,3,23.4190747
28,1,175.6,76.9,20.6,68,110,53.2,8.7,57,217,1,24.93890131
32,1,171,78.2,23.2,76,124,35.2,7.5,57,225,0,26.74327143
28,1,169.7,64.9,15.9,81,132,44.3,18,57,225,3,22.53621681
27,1,172.7,76,13.2,62,116,43.4,12.7,57,229,2,25.48173044
22,1,168,60.8,20.3,72,130,31.7,15.9,57,233,2,21.54195011
23,1,173.2,66.7,12.7,90,152,42.1,19.2,57,218,1,22.23463777
26,0,162.8,54.4,22.2,84,132,34.6,22.9,57,186,3,20.52532765
22,1,175.1,65.04,9.3,66,132,45.2,13.6,57,234,2,21.21330032
21,1,173.7,63.2,9.3,79,139,40.3,13.1,57,244,2,20.9467882
21,1,170.9,71.1,12.9,82,142,40.4,22.2,57,249,1,24.34363767
21,1,165.9,64,15.7,88,147,39.7,17.5,57,218,2,23.2534396
37,1,167.7,77.3,27.8,102,146,49.1,15.6,57,226,3,27.4861156
21,1,186.4,64.5,8.7,76,129,29.6,24.2,57,255,1,18.5638435
22,1,183.5,81.2,17.8,73,130,46,17.1,57,241,0,24.11481264
37,1,161.7,59.4,19.4,90,155,43.5,23,57,214,3,22.71780697
26,1,175.6,75.3,11.1,70,119,58.3,16.3,57,243,3,24.4200165
43,1,168.8,75.7,20.62151,93,144,43.3,20.1,57,212,1,26.5675187
21,1,173,66.2,16.7,78,133,48.2,25.2,57,235,3,22.119015
41,1,174.5,76.32,20.1,81,157,46.8,21.4,57,219,3,25.06383363
21,1,164.7,69,14.4,83,112,46.8,27,57,234,3,25.43676586
28,1,172.9,70.2,15.2,89,142,49.5,16.4,57,231,3,23.4826511
23,1,169.9,66.6,15.7,67,123,44.9,17.2,57,224,2,23.07211838
40,1,175.2,80.3,21.6,82,123,53.7,15.1,57,222,3,26.16057839
25,1,177.5,75.9,21.7,86,152,41.8,22.2,57,237,2,24.09045824
31,1,172.4,76.4,22.1,70,128,46.4,14.5,57,217,2,25.70507265
30,1,171.5,58.2,15.1,69,128,41,6.8,57,222,1,19.7876735
22,1,184.6,76.8,15.3,78,131,44.1,16.2,57,229,3,22.53708936
34,1,170.8,75.2,22.1,97,141,57.2,23.3,57,246,1,25.77757789
36,1,179.9,84,20.2,98,155,48.7,19,57,214,3,25.95475653
26,1,169.7,67.1,15.4,98,149,51.2,26.9,57,241,3,23.30015636
28,1,174.5,71.4,18.9,84,127,45.5,22.8,57,226,3,23.44808335
23,1,166.6,69.8,17.8,71,136,45.3,13.7,57,242,2,25.14811447
27,1,172.6,79.6,19.3,92,140,53.9,14.2,57,206,1,26.71969429
32,1,180.3,68.5,16.6,76,123,44.3,16.2,57,220,2,21.07167785
31,1,181.7,68.9,17.4,82,127,49,9,57,257,1,20.86937137
21,1,169.1,78,16.5,84,129,50.2,9.6,57,241,1,27.27767731
41,1,170.5,85.6,25.5,85,143,50.3,15.4,57,230,2,29.4459112
23,1,167.7,66.6,18.1,69,138,42.7,15.7,57,218,2,23.68143983
44,1,176,76.4,11.7,95,120,51.9,23.7,57,249,3,24.6642562
25,1,180.3,78.9,12.1,78,129,52.1,20.6,57,239,3,24.27088149
26,1,176,70.6,20.8,62,114,41.2,16.3,57,228,3,22.79183884
27,1,174.2,75.6,15.6,78,132,49.7,18.4,57,240,3,24.91296938
27,1,174.3,65.2,14.6,94,146,48.2,22.7,57,266,2,21.46114167
27,1,168.9,70.2,25.3,77,136,44.5,7.6,57,194,1,24.6080847
21,1,167.6,55.2,9.6,70,118,35.4,16.4,57,242,3,19.6512893
24,0,166.8,58.5,23,84,136,29.6,23.1,57,185,3,21.02634439
33,1,180.6,80.9,13.6,91,150,46.6,20.9,57,230,2,24.80350352
29,1,170,69.7,23.2,63,154,39.6,14.1,57,223,2,24.11764706
21,1,176.4,66.2,8.3,63,120,40.9,21.8,57,198,2,21.27457181
22,1,166.9,90.3,31.4,87,120,42.6,2.9,57,194,0,32.41716839
28,1,179,80.6,10.7,85,149,49.6,17.7,57,247,3,25.15526981
22,1,167.2,64,18.5,75,111,35.2,14.5,57,200,2,22.89324878
21,0,166.8,57.9,27.2,78,130,29.7,16.5,57,179,2,20.81068958
28,1,175.5,80,14.1,64,122,50.1,19.2,57,254,2,25.97381515
21,1,169.7,69.7,22.1,76,134,32.4,19.4,57,231,0,24.20299402
46,1,170.1,55.8,11.1,83,132,42.2,17.5,57,208,3,19.28526326
25,0,162.6,55.4,30.8,68,103,28.8,28.9,57,177,3,20.95408408
23,1,182.2,82.7,20.2,78,117,51.5,18.2,57,227,3,24.9120097
26,1,172.3,65.9,14.7,75,125,35.4,14.6,57,231,1,22.19805176
36,1,177.4,68.3,9.8,83,122,40.9,16.5,57,240,3,21.70268529
22,1,171.5,75,17.3,82,117,37.2,13,57,218,2,25.49957926
23,1,175.7,74.8,15.3,66,122,38.9,21.1,57,246,3,24.23026003
22,1,176.5,69,15.7,59,113,36.9,20.6,57,233,2,22.14928296
29,1,171,70.6,17.7,80,141,43.9,22.4,57,234,3,24.14418112
24,1,170.2,67,18.6,93,131,40.9,21.7,57,204,1,23.12893796
27,1,172,60.4,13.1,84,144,37.6,17.3,57,254,3,20.41644132
21,1,168,68,24.1,60,101,43.1,14.3,57,233,2,24.09297052
32,1,171.9,66.4,13.5,63,112,46.7,14,57,204,2,22.47068574
25,1,170.6,66.5,14.7,86,140,49.4,19,57,263,3,22.84881028
29,1,178.2,83.1,17.6,72,120,46.4,15,57,188,1,26.16890945
30,1,172.3,71.44,20.1,75,125,38.6,16,57,215,2,24.06417022
30,1,182.8,76.4,8.8,72,132,56.3,19.6,57,228,3,22.86340849
28,1,181,66.8,12.5,75,116,42.9,14.9,57,239,3,20.39009798
22,1,179.5,77.9,16.7,93,155,50.6,16.7,57,240,3,24.17734189
58,1,163.1,58.2,12.4,99,160,42.4,24.1,57,227,3,21.87837503
21,0,164,59.1,25.8,71,114,28.8,24.5,57,190,3,21.97352766
37,1,177.9,78.3,12.3,78,127,61.2,14.6,57,217,3,24.74057938
23,1,174.2,75.5,17,67,103,50.7,13.4,57,224,1,24.88001571
26,1,182.9,77.32,14.2,80,120,49.2,18.5,57,227,3,23.11343189
24,1,167,71.3,25.1,99,143,42.4,13,57,194,2,25.5656352
22,1,182.3,78.4,15,69,125,45.4,2.7,57,209,0,23.59080308
21,1,174.7,86.1,23.8,89,142,46.9,13.7,57,277,1,28.21092598
30,1,175,76.9,13.3,71,150,59.1,21.5,57,260,3,25.11020408
26,1,165.7,58.9,17.4,69,121,41.6,11.7,57,211,1,21.45212298
23,0,157.6,60.2,22.6,61,106,29.4,28.1,57,173,3,24.23729032
22,1,176,76.7,23.5,72,125,37.2,17,57,241,1,24.76110537
21,1,174.6,80.5,21.4,68,117,57,21.6,57,242,3,26.4062908
26,1,177.8,74.1,8.4,86,135,54.2,11.7,57,277,2,23.4398428
22,1,175.2,79,20.8,94,148,48,20.4,57,240,3,25.73705719
27,1,170.1,63.5,12,69,110,50.4,17.1,57,244,3,21.94649134
24,1,178.1,72.8,17.7,80,145,50.6,17.6,57,236,3,22.95110186
30,1,169,66,9.7,81,142,47.6,26,57,259,3,23.10843458
21,0,156.9,45.7,19.7,74,128,22.7,30.7,57,206,3,18.5639467
21,1,173.4,61.8,16.1,82,128,40.3,29.2,57,278,1,20.55371304
21,1,183.2,76.4,10.4,57,107,50.4,17.7,57,260,3,22.76367728
22,1,175.3,103.3,35.7,78,159,41.8,-8.6,57,205,0,33.61526113
38,1,179.4,80,16.8,91,151,55.1,13.9,57,243,2,24.8567938
28,0,164.3,52.7,29.7,78,109,28.9,17,57,182,2,19.52250256
25,1,181.7,81,18.1,73,134,41.6,8.8,57,220,1,24.53438433
22,1,184.7,84.9,9,81,133,50.9,24,57,226,2,24.88707745
24,0,160.1,51,23.8,71,117,24,26.6,57,183,3,19.89699598
22,1,170,66.6,25.5,56,129,28.3,15.4,57,220,2,23.0449827
32,1,170.2,70,11.3,64,129,53.3,11.9,57,221,2,24.16456205
23,1,174.3,72.1,14.1,91,145,46.5,15.4,57,237,2,23.73233611
40,1,176.5,72.8,13.8,81,132,47.9,23.9,57,238,3,23.36909854
26,1,177.3,78.4,17,77,146,52.3,22.4,57,243,3,24.94012303
24,1,178.3,67.1,9.7,63,117,44.4,17.4,57,239,3,21.10667553
30,1,168.4,56.5,15.2,68,119,34.6,8.3,57,232,1,19.92343758
23,1,177.1,66.7,13,77,127,39.7,15.5,57,205,1,21.2661421
24,1,187.6,69.5,7.5,80,146,48.3,5,57,240,0,19.74781893
38,1,174.3,74.3,14,86,146,63.9,19,57,260,3,24.45648507
24,1,174,75.5,11.3,75,130,49.3,22.5,57,250,2,24.93724402
28,1,176.1,76.7,16.9,89,144,45.4,19,57,265,3,24.73299171
28,1,180.3,80.1,21.1,78,111,49.3,17.2,57,220,2,24.64002038
25,0,159,58.5,27,77,118,32.5,31.5,57,200,3,23.13990744
36,1,171.1,69.5,14,76,135,44,18.3,57,225,3,23.74022253
32,1,179,82.2,19,99,150,48.6,28.7,57,250,2,25.65463001
28,1,167.8,66.5,15.4,70,125,45,21,57,235,3,23.6177071
31,1,177.7,74,14.1,63,122,56.4,24.2,57,222,3,23.43456326
53,1,159.5,70.2,23.5,75,137,42.1,16.3,57,186,2,27.59406845
25,1,171.9,64.9,13.8,65,126,45.4,20.8,57,234,3,21.96306483
30,1,180.7,78.6,12.4,70,148,50.3,12.6,57,230,2,24.0716711
22,1,183.4,88.5,18.5,88,140,46.5,13.2,57,243,1,26.31143944
21,1,182,77.3,14.1,69,127,47.9,17.1,57,262,3,23.33655356
27,1,183.7,81.8,25.1,70,119,44.7,20.2,57,230,2,24.24013259
22,1,165.6,63.1,19,74,131,27.4,11.9,57,240,1,23.00958015
31,1,178.5,80.4,14.8,85,137,40.7,28.8,57,240,1,25.23362286
26,1,172.9,72.7,15,65,130,48.9,13.3,57,217,2,24.31892785
21,1,172.9,74,19.8,81,146,49.2,16.4,57,248,2,24.75379176
31,1,171,75.8,15.8,73,132,67.1,19.6,57,243,3,25.92250607
23,1,171.4,70.1,15.2,70,128,46.8,-2.5,57,234,0,23.86142537
21,1,170.5,74.8,13.7,85,140,48.9,15.4,57,199,2,25.73077287
21,1,181,68.7,10,68,125,37.2,9.2,57,234,1,20.97005586
24,1,181.3,70.8,9,79,150,50.9,17.9,57,246,3,21.53960077
45,1,174.7,62.6,8.8,70,121,35.9,11.2,57,221,2,20.51107975
22,0,158,49.7,24.4,66,115,22.2,28.2,57,192,3,19.90866848
22,1,179.9,72.4,12.7,73,128,44.5,14.5,57,234,2,22.37052825
33,1,168.3,71.1,15,85,120,43.1,21,57,219,3,25.10159792
33,1,177.8,80.9,21.3,84,122,51.6,19,57,230,3,25.59086751
22,1,171.9,62.22,18.5,80,120,34.9,6.8,57,158,0,21.05611546
28,1,173.8,78.5,17.3,88,119,50.1,19.9,57,237,3,25.98783571
22,1,169.5,72.8,23.4,67,104,36.8,10.6,57,237,1,25.33914602
35,1,179.5,87,21.6,86,137,47.6,17.8,57,226,1,27.00165269
28,1,168.1,74.3,23.9,85,143,43.6,18.4,57,219,3,26.29380192
31,1,176.5,77.5,20.7,84,138,51.8,-9.2,57,203,0,24.87781781
27,0,159.4,55,20.2,78,124,31.8,19.5,57,189,3,21.64641874
28,1,186.5,87.6,12.5,81,128,54.6,18.1,57,262,1,25.18525972
35,1,174.7,70.5,16.9,88,146,41.4,10.9,57,229,1,23.0995387
26,1,165.8,68.1,19.7,84,134,45.4,18.1,57,224,3,24.77296902
23,1,182.5,85.8,20.6,75,134,53,26.1,57,252,2,25.76093076
27,1,175,77,20.3,68,116,37.3,4.9,57,226,0,25.14285714
24,1,180,69.8,20.3,77,120,40,19.3,57,211,2,21.54320988
37,1,178.3,82,17.2,55,121,49.4,15.5,57,232,3,25.79355281
21,1,181.2,70,14.4,90,144,42.5,15.8,57,217,2,21.31972769
27,1,171,87,17.4,92,137,52.6,23,57,241,3,29.75274443
25,1,178.1,80.6,18.5,90,153,45.4,22.6,57,261,2,25.41014849
34,1,178.6,79.5,21.1,93,139,43.5,13.6,57,233,1,24.92322393
39,1,166.6,66.9,17.1,65,119,40.3,28.9,57,240,3,24.10327877
22,1,176.3,66.2,14.7,86,123,46.8,16.5,57,211,3,21.29871317
24,1,182.8,95.8,23.2,76,142,46,1.2,57,230,0,28.6690384
29,1,177.9,73.3,13.1,80,150,47.1,18,57,260,3,23.16072119
33,0,164,63.6,25.1,70,123,27.7,21.1,57,207,3,23.64663891
38,1,183.4,87.3,20.7,79,139,54.8,23.6,57,240,3,25.95467416
29,1,167.6,51.6,14,79,122,47.1,12.3,57,227,2,18.36968347
31,1,175,76.4,22.6,97,151,49.5,19.3,57,221,2,24.94693878
21,1,182.4,78.3,15.8,68,116,46.6,7.9,57,246,1,23.53488573
22,1,182,84,17.1,80,130,52.3,8.1,57,261,1,25.35925613
24,1,172.5,65.4,17.4,75,137,47.3,21.3,57,200,1,21.97857593
25,1,174.7,62.8,10.2,82,127,49.1,20.1,57,241,3,20.57661036
51,1,165.5,67.68,18.3,86,134,43.9,25.4,57,213,3,24.70952255
21,0,165.5,64.9,25.7,74,120,35.4,26.5,57,197,3,23.69456285
25,1,175.6,76.4,30.8,87,143,40.6,-10.7,57,205,0,24.77674981
24,1,179.2,85.1,25.4,69,134,50.9,18.2,57,227,2,26.50046835
26,1,175.2,85.3,14.7,91,156,61.3,20.5,57,266,3,27.78950606
28,1,169.1,86,19.2,84,128,63,23.4,57,247,3,30.07538781
24,1,176,77.2,21,71,141,46.9,8.5,57,223,1,24.92252066
26,1,172.5,63.2,17.5,96,152,35.1,19.9,57,243,3,21.23923545
21,1,167.1,63.7,12.7,76,122,48,19.2,57,232,3,22.81321705
37,1,172.7,69.9,19.8,79,120,52.5,12.1,57,233,2,23.43648628
21,1,181,75.3,12.9,80,120,45.5,18.1,57,238,3,22.98464638
25,1,181.7,75,15.4,76,129,49.5,17.2,57,248,3,22.71702253
36,1,174.5,73.4,20.8,80,130,49.8,9.6,57,208,2,24.10489241
25,1,181.7,74.8,13,77,135,46.8,6.1,57,253,1,22.6564438
26,1,165.6,64.1,21.7,74,119,28.3,14.7,57,203,1,23.37423277
36,1,173,71.7,18.8,70,130,45.1,19.6,57,228,3,23.95669752
31,1,172.8,77.1,13.2,68,135,55.3,19.2,57,225,3,25.820634
28,1,175.8,76.9,19,91,137,38.8,12.8,57,233,1,24.88218979
25,1,172.2,69.9,20.4,91,139,42,18.9,57,243,2,23.57278426
40,1,182.8,97.6,27.5,73,118,42.2,13.1,57,206,0,29.20770509
22,1,172.2,78.7,25.3,79,122,49.3,17.2,57,233,2,26.54045953
21,1,175.1,71.4,18.4,42,93,39.6,28.6,57,241,3,23.28766364
31,1,169.1,68,21.4,84,137,41.5,14.6,57,216,3,23.7805392
21,1,176.3,83.5,29.3,81,147,32.6,0.7,57,232,0,26.86469108
23,0,160.5,49.7,21.6532,62,109,29.7,33.9,57,189,3,19.29329102
21,1,173.7,71.6,16,64,106,52.2,18.6,57,258,3,23.73085498
23,1,173.4,68.8,16.2,68,120,41.7,-1.8,57,231,0,22.88180351
21,1,178.8,75.3,20.7,77,125,41.4,7.3,57,165,1,23.55374383
35,1,172.7,65.3,19.9,96,135,45.3,23.2,57,135,2,21.89417102
26,1,170.4,68.1,24.1,87,154,45.3,5.9,57,203,1,23.45351451
40,1,173.2,67.7,13.1,83,144,39.3,18.2,57,218,2,22.56799066
39,1,169.4,74.3,17.8,75,135,47.9,16.9,57,234,3,25.89178558
24,1,177.1,79.5,14.66,68,136,39.6,17.9,57,233,1,25.34720086
24,0,161.1,52.6,27.6,82,114,33.1,26.2,57,178,3,20.26724247
28,0,157.9,52.3,29.8,84,118,25.6,19.4,57,155,2,20.97671264
26,1,173.9,85.1,31.4,74,129,49.4,9,57,200,0,28.1404084
22,1,174.1,70,16.8,99,149,42.7,27.8,57,237,3,23.09407106
28,1,176.5,87.2,22.7,93,144,58,13.9,57,218,2,27.99155759
23,1,177.1,74.2,15.5,76,122,42.7,23.4,57,213,2,23.65738747
32,1,178.7,70,16.3,78,134,46.7,22,57,236,3,21.92042323
24,1,174,70.7,14.1,76,125,44.9,18.5,57,235,3,23.35182983
30,1,180.6,75.7,12.3,89,145,47.4,21.2,57,233,2,23.20921157
26,1,178.3,83.1,16.8,82,120,50.6,22.1,57,255,3,26.13956388
34,1,175.2,75.8,14,65,131,51.7,14.6,57,247,3,24.69454348
28,1,174.3,67.46,16.1,80,114,44.6,23.9,57,239,3,22.20504014
37,1,173.3,68.8,22.3,79,135,49.2,15.5,57,249,3,22.90821829
45,1,170.4,71.08,17.9,80,125,41.3,14,57,225,3,24.47982102
23,1,173.7,78.5,12.7,87,143,52.9,18,57,233,2,26.01776699
26,1,185.1,83.7,15.1,94,123,48.6,22.4,57,237,3,24.42938987
25,1,174.4,77,12.5,41,97,54,18.9,57,252,3,25.31615605
21,1,174.6,65,15.1,64,127,41.7,15.9,57,227,2,21.32184971
37,1,176.1,78.2,16.7,96,151,45.5,15.7,57,218,2,25.21668777
22,1,173.9,60.06,8.4,64,114,36.8,16,57,261,2,19.86031644
26,1,179.3,66.82,13.4,85,154,51.9,10.5,57,240,2,20.78480202
21,0,160.2,54.9,29.4,77,121,26.5,22.3,57,199,3,21.39179958
38,1,164.3,73.5,23.4,87,139,45.4,19.5,57,200,2,27.22777871
43,1,173.5,77.7,16.1,63,110,40,14.6,57,230,3,25.81202402
23,1,180.1,65.9,14.4,72,130,45.4,18.1,56,234,3,20.31692554
30,1,176.4,71.7,17.9,68,130,53.4,24.3,56,210,2,23.04209666
35,1,184.7,84.18,16.3,70,120,48.8,15.3,56,229,3,24.67602096
22,1,183.5,76.9,15.7,86,143,40.9,22.8,56,253,3,22.8377967
28,1,184.8,84.6,17.2,83,123,52.5,11.7,56,257,2,24.77230562
21,1,179,82.8,15.4,67,122,58.9,19.9,56,278,2,25.84189008
52,1,165.4,74.8,27.5,86,143,38.9,18.2,56,217,2,27.34201942
26,1,167.3,63.3,12.4,69,140,40.7,18.1,56,277,2,22.6157934
22,1,179.4,78.6,16.5,86,155,56.2,18.2,56,245,3,24.42179991
35,1,181.5,98.5,22.8,80,122,61.4,18,56,205,3,29.90081127
25,1,170.7,66.8,15.9,70,132,48.5,20.2,56,245,3,22.92500401
50,1,173.6,68.9,22.3,87,144,42.2,16.4,56,195,3,22.86229268
22,1,187,101.3,26.3,75,133,47,8.6,56,242,0,28.96851497
21,0,160.7,49.6,28.4,88,132,24.6,21.1,56,166,3,19.20657484
21,1,178.7,65.4,11.4,44,140,43,18.5,56,237,3,20.47993827
23,1,179,86.9,20.1,81,123,46.6,19.6,56,207,1,27.12150058
29,1,182,77.2,19,78,134,52.9,5.3,56,234,1,23.30636397
28,1,187.7,84.6,10.2,86,152,53.4,6.5,56,237,1,24.01274549
34,1,174.5,74.4,24.3,94,154,39.3,22.5,56,224,0,24.43329694
21,1,177,87.5,23.8,80,135,61.8,15.7,56,238,2,27.92939449
24,0,155.6,55.9,31.4,72,126,29.6,25.1,56,168,3,23.08833539
23,1,174.6,70.3,13.3,82,112,38.1,12.6,56,213,2,23.06040054
26,1,167.4,75.4,31.7,88,132,49.5,11.2,56,212,2,26.90670013
30,1,160.4,63.42,19.2,87,144,36.5,12.6,56,226,2,24.65003327
24,1,170,75.6,20,70,105,42.2,15.6,56,233,1,26.15916955
26,1,179,79.4,16.8,67,125,45.6,16.6,56,199,2,24.78074966
48,1,170,70.3,13.9,90,111,46.6,24.6,56,248,3,24.32525952
21,0,172.7,61,24.6,70,108,27.2,20.8,56,178,3,20.45244154
27,1,178.1,66.4,5.5,66,124,39.2,23.6,56,265,2,20.93342257
22,1,179,84.2,27.4,90,143,53.2,16.1,56,229,3,26.27883025
28,1,177.2,81.2,17.5,84,141,48.4,11.7,56,226,2,25.86000438
29,1,176.4,95.4,21.1,85,142,70.5,19.4,56,220,3,30.65852191
28,1,164.6,70.8,20.8,94,135,48.2,15.5,56,212,3,26.13205695
28,1,161.9,61.7,11.1,72,120,41.4,10,56,250,1,23.53918741
34,1,176.3,74,22.4,90,122,39.3,17.7,56,218,2,23.80822922
22,1,172.9,72,11.9,79,132,50,20.4,56,234,3,24.08477036
28,1,175.5,86.8,34.4,91,148,44.2,9,56,167,0,28.18158944
35,1,176.5,82.1,21.6,86,137,56.4,10.1,56,252,2,26.35443668
25,1,175.9,81.1,27.8,75,133,48.6,14.9,56,211,3,26.21133707
24,1,175.7,73.9,22.1,88,128,35,11.8,56,198,2,23.93871947
48,1,177.1,67.8,14.1,69,126,41.8,16.2,56,208,3,21.61685809
27,1,185.3,75.6,18.9,85,141,45.1,16.3,56,211,1,22.01764965
26,1,176.7,72.4,8,67,127,51.7,21.4,56,260,3,23.18811615
28,1,174.3,72.5,7.9,81,127,62.8,19.9,56,248,3,23.86399956
48,1,159.8,62.2,23.1,89,146,40.3,19.3,56,197,3,24.35773127
24,1,177.4,79.6,21.8,92,150,53.8,25.6,56,259,3,25.29331989
31,1,162.6,73.8,24.7,68,103,42.4,19.1,56,230,3,27.91356327
28,0,159.7,56.8,20.9,75,119,25.3,19.1,56,172,3,22.27093772
21,1,174.4,72,18.6,77,124,37.7,28.4,56,224,2,23.67224981
21,1,181.4,69.6,17,86,136,44,10.8,56,206,1,21.15118355
24,1,177.2,79.5,15,81,139,56.2,-2.5,56,245,0,25.31860035
33,0,161.7,57.6,23.6,78,121,29.6,19.4,56,173,3,22.02938858
21,1,173,78,14.4,79,130,58.5,17.4,56,249,3,26.06167931
21,0,156.7,49.2,24.3,73,136,26.9,20.9,56,204,2,20.03674217
24,0,161.9,56.1,20.9,73,112,28.8,24.5,56,204,3,21.40272955
24,1,178.1,73.14,18.5,71,143,41.8,19.3,56,225,1,23.05829107
25,1,180.6,83.7,14.5,64,111,46.5,15.2,56,212,2,25.66196841
21,1,182.6,86.8,19.9,81,127,50.2,-0.5,56,218,0,26.03263797
25,1,172.6,69.8,21,85,126,38.8,14.2,56,235,1,23.43008369
21,1,177.1,67.2,15.5,73,141,39.1,18.5,56,242,3,21.42555846
21,1,171.6,78.6,16.7,85,143,43.7,20.7,56,241,3,26.6924218
30,1,172.7,86.2,27.4,96,144,49.5,17.6,56,225,3,28.90164689
28,1,175,93,24.7,54,139,47.6,14.2,56,220,0,30.36734694
21,1,179.1,83,20,66,132,49.6,14.8,56,240,2,25.87539098
22,1,168.9,69,21.3,60,111,36.5,18,56,237,3,24.18743368
24,1,176.2,73.16,17,74,135,43.5,15.6,56,246,2,23.56469856
29,0,161.8,63.2,29.6,76,122,35.2,26.8,56,224,3,24.14126613
25,0,152,49.5,27.5,74,120,28,22,56,173,2,21.4248615
28,1,175.6,72.6,14.3,71,137,46.8,28.8,56,251,3,23.54439838
29,1,174.3,84.3,22.9,66,115,51.6,8.1,56,223,1,27.74807121
24,1,177.3,70.8,18.8,70,142,38.6,7,56,196,1,22.52245804
22,1,176,79.6,25.5,100,156,51.7,19.3,56,277,3,25.69731405
27,1,148,66.3,10.7,84,122,43.5,22,56,250,3,30.26844412
27,1,182,83.9,17.8,78,144,56.1,14,56,240,1,25.32906654
25,1,173.7,77.5,14.4,83,131,49.8,20.3,56,258,2,25.68633046
27,1,174,72.7,24.7,83,141,40.3,20.1,56,220,1,24.01241908
31,0,160,54.9,26.1,80,120,33.2,19.3,56,210,3,21.4453125
22,1,170,69.2,18.7,80,140,43.8,21.7,56,238,3,23.94463668
22,1,170.7,60.3,20,74,129,29.3,18.7,56,212,1,20.69427757
24,1,179.6,76.82,16.4,90,145,51.9,20.6,56,246,3,23.81560607
27,1,178.3,75.8,24,82,122,39.9,13.5,56,188,1,23.84330857
26,1,172.7,71.3,19.2,80,154,53.3,22.3,56,243,3,23.90588658
27,1,175.4,78.4,18.04355,89,132,46.3,27.1,56,245,3,25.48337145
28,1,181,65.9,11.7,90,118,47.9,20,56,240,3,20.11538109
28,1,175.5,76.4,24.5,79,129,41.4,6.9,56,203,1,24.80499347
23,1,175.1,73.6,13.2,82,143,48,18.5,56,267,3,24.0052107
34,1,174.7,68.3,18.6,72,121,39,23,56,223,2,22.37870203
28,1,169,70.7,14.5,84,140,61.9,14.4,56,246,2,24.75403522
28,1,181.7,82.5,15.9,87,148,54.2,25.7,56,244,3,24.98872478
39,1,179.2,79.4,16.1,78,123,55.1,12.8,56,253,2,24.72546636
26,1,175.4,60.3,12.7,84,140,41.5,25,56,274,3,19.60009309
23,1,175.9,119.8,41.7,98,152,48.4,17.4,56,213,0,38.71908977
21,0,167,61.9,26.1,77,110,25.1,14.9,56,177,2,22.1951307
29,1,172.6,65.3,10.3,82,125,43.5,21,56,230,3,21.91954821
27,1,181.4,88.74,26.1,75,131,40.9,11,56,195,0,26.96775903
26,1,172.5,68.4,17.6,80,120,39.6,12.2,56,220,2,22.98676749
41,0,158,50.5,20.3,87,128,21.7,30.3,56,182,3,20.22912995
21,1,181.9,70.02,14.6,83,142,42.4,14.2,56,245,2,21.16199991
27,1,176.9,76.6,13.5,81,137,53.5,32,56,262,1,24.47784068
26,1,179.9,75.1,16.5,80,145,47.8,19.3,56,240,3,23.20478828
26,0,163.9,53.68,15.9,75,115,32.3,26.6,56,162,3,19.98271986
25,0,163.2,52.3,18.7,68,111,28.7,26,56,201,3,19.63637784
23,1,176.5,76.3,13.2,62,136,51.4,12.5,56,268,1,24.49261289
44,1,176,75.18,10.5,95,130,49.1,23.8,56,228,3,24.27040289
21,1,176.1,82.8,24.9,85,137,46.1,17.6,56,240,3,26.70002235
24,1,180.1,71.9,11,85,140,51.2,23.1,56,250,3,22.16672149
25,1,164.4,63.4,22.5,88,154,34.6,6,56,212,1,23.457711
25,0,155.8,47.8,22.1,63,101,21.4,23.2,56,192,3,19.69214341
34,1,177.4,91,28,82,140,43.8,1.2,56,202,0,28.91573003
25,1,174,70.3,16.4,86,118,52,14.9,56,247,3,23.21971198
38,1,173.6,70.8,14.4,64,123,51.4,18,56,255,3,23.49274778
27,1,171.6,74.3,19.3,77,119,47.5,14.6,56,217,2,25.23214936
26,1,173.1,66,11.8,69,124,48.9,27.8,56,272,3,22.02671841
22,1,179,69.2,10.6,71,119,31.6,10.4,56,218,1,21.59732842
25,1,181.3,69.3,12.9,87,136,43.3,19.7,56,199,1,21.0832533
28,1,174.6,76.5,13.8,87,148,44.9,19.1,56,266,3,25.09417697
25,1,181.3,73,11.8,60,102,46.5,9,56,236,1,22.2089104
49,1,171.7,63.3,21.1,76,145,39.3,14.8,56,223,2,21.47153631
32,1,182.3,78.72,14.8,88,152,53.2,17.4,56,238,3,23.68709207
48,1,173.6,72.3,16.5,82,141,51.4,20.4,56,240,3,23.99047548
27,1,179.1,75.6,16.6,84,136,52,19.4,56,251,3,23.56842841
26,1,170,74.5,18.2,78,134,39.8,13.5,56,194,1,25.77854671
21,0,164.6,57.4,25,72,121,23.8,25.6,56,172,3,21.18615916
22,1,171.5,62.2,13.3,66,124,37.6,18.3,56,252,3,21.14765106
21,1,166.6,57.04,9.5,59,107,35.7,27.5,56,232,3,20.55083738
31,1,172.5,72,18.5,77,120,40.6,23.4,56,226,2,24.19659735
32,1,173.7,66.4,19.9,83,152,49,7.8,56,210,1,22.00738507
26,1,171.3,69.2,17.8,92,158,52.3,17.6,56,225,3,23.58258283
29,1,176.7,78.7,17.3,71,119,62.3,17.3,56,246,3,25.20586659
23,1,167.7,61.8,9.9,71,131,43.4,12.3,56,236,2,21.97466939
27,1,182.4,81.18,7.6,65,119,53.8,5.3,56,231,1,24.4005367
31,1,183,76.3,14.6,88,144,48.3,19,56,231,3,22.78360059
23,1,170.5,66.9,11.9,66,121,43.9,15.1,56,222,2,23.01321798
62,1,172.4,59.1,10.8,87,142,39.6,11.2,56,203,2,19.88442138
45,1,173.8,72.1,23.1,92,145,40.8,24.7,56,210,2,23.86908222
26,1,170.1,62.6,12.5,73,126,49.3,17.9,56,237,3,21.63543871
23,1,172,75.5,22.1,80,158,36.2,15.7,56,220,1,25.52055165
30,1,175.8,73.8,16.2,75,135,50.2,19.1,56,250,3,23.87913662
23,1,163.1,70.3,23.2,88,152,39.5,14.1,56,200,0,26.4269719
34,1,176.8,75.3,19.8,79,140,43.1,6.2,56,221,1,24.08964804
30,1,174.4,68.6,12.3,88,145,45.5,18.6,56,234,3,22.55439357
22,1,174.8,74,20.4,73,122,37.4,17.4,56,252,2,24.21859045
45,0,159.2,51.2,15.3,94,129,27.3,28.9,56,198,3,20.20151006
25,1,168.3,72.4,16.9,98,151,45.7,23.5,56,215,3,25.56055822
31,1,173.7,78.4,25.4,98,140,52.3,14.8,56,218,3,25.98462333
28,1,166.5,62.8,22.5,74,123,37.6,16.4,56,215,2,22.65328391
27,0,166.6,70,29,74,140,37.9,22,56,205,2,25.2201721
22,1,184.6,90.6,12.6,65,121,47.9,19.5,56,247,3,26.5867226
27,1,171,69.3,17.1,97,133,47.4,17.1,56,216,1,23.69959988
25,1,164.8,67,16.8,84,130,43,1.1,56,187,0,24.66950231
31,0,165.4,62.9,23.1,64,104,30.5,24.7,56,179,3,22.99215269
25,1,182.7,84.2,25.4,78,144,43.5,19,56,126,0,25.22522199
21,0,164.4,50,25.2,78,121,23.6,12.9,56,185,1,18.49977208
31,1,176,69.1,16.1,92,129,53.3,14.9,56,237,2,22.30759298
21,1,171.5,65.5,17.4,68,107,44.2,24,56,250,3,22.26963255
27,1,177.2,81.9,20.2,93,141,53.6,17.3,56,222,3,26.08293545
21,0,168.7,62,19.7,73,136,31.2,26.8,56,170,3,21.78519864
31,0,152.2,54.3,31.4,77,140,25.5,13.6,56,188,1,23.44069719
26,1,173.7,87.4,18.1,78,143,45.3,16,56,208,1,28.96755203
24,1,175.7,86.2,20.9,77,135,43.7,16.6,56,219,1,27.92310715
26,1,172.5,70.7,18.7,62,120,42.3,12.9,56,221,2,23.75971435
27,1,174,63.4,11.7,81,125,47.4,15.5,56,235,3,20.94067909
32,1,168.2,62.9,18.6,97,134,37.8,20.7,56,226,3,22.23303044
30,1,180,81.7,15.1,80,120,42.6,14.7,56,221,3,25.21604938
31,1,174,69.5,15.4,86,132,46.1,19.9,56,256,3,22.95547628
41,1,172.6,68.5,17,77,132,36.7,17,56,221,3,22.99370677
23,1,168.8,59.9,15.3,70,113,34.7,17.8,56,206,3,21.0223827
21,1,175.7,69.34,10.8,81,127,45.6,25.8,56,236,3,22.46158062
25,0,158.8,74.1,36,60,121,34.1,27.6,56,189,3,29.38442602
24,1,171.3,72,18.4,94,150,38.3,14.7,56,245,2,24.53679139
29,1,173.9,77.2,21.4,78,128,51.1,6.8,56,180,1,25.52807907
22,1,173.4,76,16.5,41,98,45,9.8,56,215,1,25.27641086
32,1,179.6,70.5,12.4,70,120,49.7,14.7,56,223,3,21.8562904
29,1,180.1,79.8,22.8,93,140,52.9,22.7,56,246,1,24.60228616
24,1,176,79.5,23.7,73,150,53.3,17.6,56,225,2,25.66503099
25,1,174.7,77.5,10.6,79,146,59.4,19.3,56,231,2,25.39310992
22,0,168.3,56.3,20.9,74,117,27.4,21.5,56,192,3,19.87651144
36,1,179.1,69.2,18,96,155,49.1,10.5,56,235,2,21.57321754
27,1,168.9,83.2,27.1,99,159,50.1,21.8,56,218,3,29.16513742
29,1,165,60,23.7,79,128,34.7,17.4,56,193,2,22.03856749
23,1,177.9,82.7,21.1,64,124,36.5,17.5,56,256,1,26.1308546
27,1,158.9,68.3,26.1,90,130,53.4,18.9,56,209,2,27.05035128
25,1,175.4,73.7,17.3,84,142,47.2,7,56,233,1,23.95566934
21,1,171.1,66.3,16.7,96,149,42.7,14.3,56,235,2,22.64714754
49,1,177.6,84.1,14.1,88,144,45.7,14.4,56,221,2,26.66306509
25,0,165.6,63.2,27,56,117,30.3,24.5,56,186,3,23.04604542
37,1,175.3,90.7,24.1,81,139,59.4,9.9,56,209,2,29.51504535
26,1,176.5,90.5,25.1,76,144,44,19.5,56,248,0,29.05087112
22,1,173.7,61.1,16.2,65,119,43.3,16.3,56,235,3,20.2507715
26,1,165.7,62.5,25,91,126,39.9,18.7,56,206,2,22.76328839
21,1,167.3,60.76,19.5,81,140,33.3,18.9,56,214,1,21.70830343
35,1,176.7,76.5,18.8,80,141,38.5,22.5,56,228,3,24.50125533
28,0,157.7,47.1,21.7,69,114,27.5,20.2,56,185,3,18.93902078
23,0,171.7,59.9,24.9,92,155,25.4,31,56,211,3,20.31824684
23,1,179.2,86.2,22.7,44,102,48.5,17.5,56,205,2,26.8430126
27,1,172.4,83,20.2,99,153,0,17.2,56,261,1,27.92566793
36,1,168.6,69.2,20.7,83,123,43.3,14.8,56,224,1,24.34394476
21,1,175.2,74.1,9,70,125,49.6,24.8,56,230,3,24.14070808
25,1,178.7,68.5,12.1,86,141,48.9,23.5,56,233,3,21.45069987
32,1,173.4,82.5,21,69,120,48.8,19.7,56,231,2,27.43820915
21,1,183.1,77.2,19.7,90,155,41,-0.6,56,221,0,23.02717236
40,1,167.8,69.8,23.2,64,136,45.4,26.6,56,210,3,24.78971362
32,1,168.5,73.6,23.4,64,120,38.9,7.6,56,200,1,25.9225669
31,1,169.5,65.9,11.8,84,131,34.9,11.5,56,233,2,22.93749619
25,1,170.2,65.7,12.2,63,121,44.4,17.5,56,234,3,22.68016752
31,1,181.6,87.5,16.2,87,111,56.6,22.1,56,215,3,26.53238953
21,1,170.1,66.7,17.4,83,130,48.2,27.8,56,238,3,23.05245626
22,1,166.9,67.8,22.8,77,121,35.3,8,56,204,0,24.33980085
28,1,174.5,68.5,7.2,90,141,46.4,28.2,56,251,3,22.49571022
28,1,171,74.8,19.1,75,132,48.4,19.5,56,230,3,25.5805205
21,1,172.1,74.4,18,89,132,46.1,7.6,56,200,1,25.11951182
41,1,168,65.5,18.7,84,120,43.1,17,56,236,3,23.20719955
21,1,179.2,79.8,24.8,72,131,42.8,11,56,227,0,24.8500279
21,1,173,75,17.8,55,97,52.8,20,56,225,2,25.05930703
25,1,179.4,81.36,25.3,68,121,44.8,2.9,56,215,0,25.27935929
29,0,164.1,70.5,26.1,92,125,41.3,19.8,56,211,3,26.18013941
32,1,175.6,79,20.3,80,137,44.3,16.4,56,221,3,25.61993763
29,0,160.5,56.4,32,81,121,26,19.8,56,173,2,21.89419746
32,1,178.5,74.6,21.2,73,143,42.1,7.2,56,193,1,23.41328688
30,1,181.1,64.7,8.6,64,115,40,9.7,56,235,2,19.72728778
25,1,181.3,60.7,14.5,83,125,34,18,56,260,2,18.46686111
26,1,180.3,81.64,16.8,75,119,51.6,20.7,56,238,3,25.11374861
25,0,165.6,54.9,19.9,85,135,29.6,23.5,56,192,1,20.01942869
21,1,181.7,74.9,12.2,70,146,46.7,22.4,56,269,2,22.68673317
24,1,177.2,75.4,16,82,144,49.8,25.9,56,252,3,24.01286121
22,1,162.7,65.7,21.4,95,142,41.6,11.4,56,210,1,24.81934201
22,1,179.2,64.5,14.6,60,115,39.2,3.6,56,178,0,20.08554887
31,1,180.8,76.3,11.9,86,130,56.1,25.5,56,242,3,23.34144216
23,1,174.8,60.8,12.5,74,122,38.6,20.1,56,221,2,19.89851756
25,1,171.5,86.1,24.9,80,120,41.1,8.3,56,203,0,29.27351699
45,1,179.6,80.8,14.3,92,132,50.4,22.5,56,258,3,25.04947892
23,1,175.5,67,11.2,66,129,40.7,16.8,56,258,3,21.75307019
21,1,172.1,66.2,14.8,66,123,43.1,28.2,56,283,3,22.35096347
22,1,176.5,71.8,11.6,60,123,53.2,23.5,56,238,3,23.04809444
23,1,170.5,56.14,14.1,65,113,38,15.6,56,217,0,19.31183942
23,1,170.1,62.4,21.7,67,115,38,23.8,56,215,1,21.5663159
22,1,170,76,12,64,121,50.5,14.4,56,242,2,26.29757785
21,1,178.4,71,10.9,70,125,47.6,17.9,56,238,3,22.30841159
21,1,171.8,66.7,17.5,71,110,39.6,24.8,56,230,3,22.59849488
25,1,170.8,60.7,13.5,75,149,38.6,19.7,56,225,3,20.80716726
26,1,173.7,78.9,21.9,53,110,48.4,13.4,56,194,2,26.1503416
25,1,175.2,72.1,15,73,138,49.9,17.1,56,231,3,23.48913701
21,0,155.3,62.5,28.6,89,133,35.5,22.1,56,220,3,25.91415821
25,1,170.4,80,19.2,78,146,48.5,12.1,56,248,2,27.55185259
22,1,170.9,64.2,21.7,78,130,31,-15,56,186,0,21.98117494
21,1,185.3,79.3,14,97,153,52.5,16.7,56,265,3,23.09523303
21,1,170.2,63.9,13.1,66,118,42.8,28,56,228,3,22.05879307
25,1,167.6,68.5,20.9,90,143,44.5,16,56,221,1,24.38611081
24,1,181.7,85.4,20.4,77,134,52.7,11.8,56,241,2,25.86711632
25,1,183.4,91.1,16,81,134,59,25,56,275,3,27.08443088
23,1,169.6,65.1,16.3,80,132,39.6,19.6,56,230,3,22.63233135
31,1,177.7,76.3,16.4,62,129,47.9,16.3,56,232,2,24.16293482
22,1,167.7,68.5,14.7,91,156,42.2,8.8,56,171,1,24.35703646
28,1,179.9,82.7,27.1,84,120,42.9,17.3,56,216,2,25.55307578
21,1,166.1,64.1,13,79,120,41.3,18.9,56,230,3,23.23372072
44,1,170.4,75.4,18.2,71,121,42.4,25,56,242,3,25.96762106
30,1,181.9,70,9.8,87,135,46.2,16.6,56,245,3,21.15595536
24,1,167.1,62.2,19.7,89,138,36.5,13.8,56,234,2,22.27601414
22,0,164.7,63.7,23.5,80,121,28.8,16,56,200,2,23.48292732
28,1,185,84.6,14.4,81,156,57.9,12.1,55,213,2,24.71877283
22,1,175.7,67.9,11.3,71,103,52.5,19.2,55,232,1,21.99511572
34,1,183.6,76.82,16.3,80,120,46.3,14.2,55,220,2,22.78919314
28,1,180.1,82.1,15,83,147,52.6,18.8,55,247,3,25.31137461
48,1,169.8,75.4,14.7,94,149,51.4,24.7,55,246,3,26.15146205
31,1,175.3,83.6,30.1,93,152,45.9,7.2,55,193,0,27.2046063
24,1,176,67.2,10.8,81,120,47.7,17.2,55,242,3,21.69421488
27,1,178.2,75.1,15.9,59,129,49.2,16.7,55,229,3,23.64964019
21,1,178.9,75.5,17.2,81,138,40.8,15.4,55,213,2,23.58990927
51,1,172.4,75.6,23.3,83,120,47.4,22.4,55,211,3,25.43590958
43,1,169,68.6,12.4,80,120,45.7,20.2,55,239,3,24.01876685
25,1,175.3,63.7,9.9,75,119,44.6,11.5,55,221,2,20.72886868
29,1,185,85.8,23.6,92,129,51,17.2,55,231,2,25.06939372
35,1,171.5,76.2,18.9,79,127,42.3,18.4,55,214,1,25.90757253
36,1,172.5,80.8,19.9,86,124,49.3,17.5,55,212,2,27.15395925
36,1,170.4,66,17.1,95,136,40.8,19.7,55,239,3,22.73027838
28,1,178,83.46,19.4,84,147,48.6,25.3,55,231,3,26.34137104
23,1,182.8,88.8,28.8,80,151,42.1,16.4,55,221,0,26.57422348
25,1,180.9,91.2,23.4,76,117,53.8,21.3,55,259,2,27.86876379
28,1,181.9,78.4,7.8,72,138,49,26.4,55,258,3,23.69467
27,1,171.8,70.4,17.1,76,136,44.7,13.8,55,247,2,23.85208455
21,0,148,43.7,19.3,52,108,28.5,28.9,55,185,3,19.95069394
27,1,174.2,84.3,30.8,83,131,46.3,0.4,55,184,0,27.77993807
27,0,160.2,61.3,26.9,84,136,33.9,19.7,55,180,3,23.88556128
28,1,175.2,72.8,21.3,92,132,38.2,9.5,55,223,1,23.71718688
43,1,168,60.7,18.2,88,158,34.1,16.6,55,222,1,21.50651927
21,0,155.4,66.1,38.5,77,129,21.2,16.3,55,135,0,27.37155247
31,1,171.2,64.1,21.9,85,142,44.6,4.9,55,223,0,21.87008691
23,1,170.3,76.92,23,98,151,43.8,9.5,55,236,1,26.5222265
22,1,177.2,73.4,17.9,78,141,50.9,10.6,55,223,1,23.37591529
27,1,179.3,74.5,20.6,86,118,46.6,22.6,55,240,3,23.17371671
26,1,166.1,66.5,16.3,66,116,43.1,17.5,55,210,2,24.10362602
38,1,186,94.6,16.1,98,159,58.8,15,55,245,3,27.34420164
26,1,165.2,67.2,23.1,86,126,40.4,18.1,55,236,3,24.62346616
47,0,155.5,49.2,20.8,71,115,25.1,23.4,55,166,3,20.34718417
22,0,161.5,48.9,18.3,71,110,23,19.3,55,160,2,18.74838252
25,1,181.2,90,20,90,144,53.6,17.8,55,232,2,27.41107846
28,1,175.2,68.8,20,92,155,39.9,23.9,55,230,2,22.41404474
24,1,178.6,67.6,13.4,80,128,49.4,19.6,55,212,3,21.19257783
33,1,181.6,73.4,14.6,68,119,45.1,18.9,55,230,3,22.25688447
22,1,177.1,63.3,11.1,70,143,47.6,12.3,55,250,2,20.18211087
25,1,176.1,77.1,17,77,133,52.8,14.6,55,224,2,24.86197733
34,1,171.1,66.3,13.8,77,135,40.4,17.9,55,245,3,22.64714754
24,1,175.5,72.6,7.4,66,140,48.6,25.7,55,251,3,23.57123725
22,1,165.2,62.8,18,76,115,43.1,22,55,232,3,23.0112154
21,1,172.7,76.2,16.7,88,133,34.1,2.5,55,160,0,25.54878762
32,1,172.8,76.1,16.8,54,118,57.4,18.3,55,239,3,25.48573603
24,1,179.7,72.3,19,90,148,41.3,14.1,55,229,1,22.3893839
29,1,170.7,66.4,16.5,77,122,48.7,17.1,55,230,3,22.78772853
23,0,168.5,59.6,15.7,97,140,38.2,24.4,55,171,3,20.99164385
36,1,176.3,79.8,15.4,92,132,54.9,21.4,55,262,3,25.67427962
34,1,169,80.2,20.2,92,148,47.6,27,55,237,1,28.08024929
37,1,179.9,77.4,19.9,71,114,48.7,12.5,55,210,2,23.91545423
22,1,174.4,69.3,18,73,131,33.9,16.7,55,242,1,22.78454044
56,1,173.1,77.5,20.2,82,120,52.3,28.8,55,221,2,25.86470722
23,1,177.9,71.6,16.5,76,134,47,21.4,55,251,2,22.6235694
36,1,171.4,69,12.7,83,122,47.2,17.9,55,242,1,23.48699501
21,1,184,95,21.9,93,142,54.7,-5.1,55,229,0,28.0600189
23,1,162.2,61.5,10.9,73,114,35.9,11,55,247,1,23.37617318
27,1,175,74.1,15.6,67,142,41.7,17,55,230,3,24.19591837
21,1,175.2,66.3,11.2,70,118,41.6,18.6,55,255,3,21.59958091
55,1,186,88.02,15.1,70,127,46,10.2,55,198,2,25.44224766
29,1,183.7,92.5,27,82,121,57.4,11,55,230,2,27.41090788
21,0,161.2,45,16.7,73,110,23.9,21.2,55,170,3,17.31739005
27,1,171.5,68.8,16,75,120,44.5,7.5,55,255,1,23.39161404
24,1,173.9,64,15.2,79,121,42,22,55,252,3,21.16317436
24,1,180,69.5,17.2,76,110,40.6,4,55,204,0,21.45061728
25,0,163.2,59.92,26.9,79,133,27.7,22.6,55,167,3,22.49735679
30,1,166.7,73.2,21,99,105,41.9,18.8,55,216,2,26.34146236
35,1,167.1,68.9,14.6,81,149,36.8,22,55,237,3,24.67552049
25,1,168.9,79.66,16.5,74,127,47.3,24.8,55,245,3,27.92421691
28,1,174.8,89.3,26.6,86,131,51,9.7,55,217,0,29.22594767
22,1,175.2,72.2,11,69,128,53.1,25.7,55,270,3,23.52171556
24,1,185,89.1,19,65,120,53.2,22,55,180,0,26.03360117
29,1,177,81.6,18.3,75,139,53.9,15.8,55,235,3,26.04615532
22,0,167.9,61,21.1,67,115,28.2,21.3,55,188,3,21.63856432
24,1,168,65.2,21.4,80,120,44.2,15.5,55,214,2,23.10090703
23,0,164.2,54.2,17.4,74,132,29.5,31.2,55,153,2,20.10263471
21,1,169.4,64.2,16.4,90,121,42,16.4,55,225,2,22.37217543
25,1,162.8,70.1,27.8,95,139,36.3,8.4,55,221,0,26.44899758
31,1,167.5,70.4,18.3,71,125,46.4,18.8,55,243,3,25.09244821
27,1,172.6,71.9,19.5,59,122,48.7,19.1,55,223,3,24.13500025
26,1,183.4,77.8,8.7,81,136,54.1,18.8,55,253,3,23.13028236
23,1,171.1,64.8,14.8,83,128,38.2,12.3,55,241,0,22.13476863
30,1,177,74.8,21,76,129,45.1,5.7,55,214,1,23.87564238
29,1,178.9,83.1,13.8,81,148,52.9,21.2,55,254,3,25.96452265
25,1,176.6,70.8,8.8,74,121,36.3,17,55,248,1,22.70135913
54,1,160.4,57.1,15.7,82,121,45,24,55,208,3,22.19358089
21,1,183.1,82.8,21.2,70,115,52.3,18.2,55,254,1,24.6975372
22,1,175,82.3,26.6,80,142,40.2,8.6,55,207,0,26.87346939
28,1,178.3,73.5,12.7,91,147,37.4,16.9,55,258,3,23.11983087
50,1,156.7,56.1,20,99,156,37.1,21.2,55,208,3,22.84677309
28,1,167.9,62.1,14,62,110,45.3,19,55,238,2,22.02876794
26,0,157.5,50.5,30.2,68,112,23.8,17,55,139,2,20.35777274
25,1,176.8,74.74,19.2,73,133,46.8,23.4,55,234,3,23.91049528
30,1,170.1,65,16.2,81,120,43.6,17.9,55,219,3,22.4649124
22,1,181.2,71.46,17.9,71,138,43.9,18.1,55,226,2,21.7643963
34,1,181.4,75.4,15.7,74,121,47.9,23,55,225,2,22.91378218
27,1,179.9,92.88,32,79,123,42.8,14.1,55,192,0,28.69854508
42,1,172.1,69.1,9.8,79,140,40.1,18.7,55,213,2,23.33008423
35,1,172.2,66.2,8.1,65,135,41.3,23.2,55,246,1,22.3250117
27,1,178.9,78.66,15.5,80,120,35.9,5,55,203,0,24.57724852
39,1,174.3,74.14,19,84,152,41.1,24.8,55,203,2,24.40381969
28,1,175.1,81.7,16.3,74,126,48.2,5.4,55,225,1,26.6470885
22,1,172,74.3,20.9,74,134,39,2.3,55,194,0,25.11492699
25,1,179.7,74.4,12.9,80,147,47.7,9,55,258,1,23.03969796
27,1,175.8,74.8,20,72,116,56.8,17.8,55,230,3,24.20270216
31,1,179,75.3,20.1,71,128,58.4,21.5,55,235,3,23.50113917
27,1,182.7,90.5,27.6,74,124,43.1,17.4,55,227,0,27.11261983
25,1,174.2,76.1,18.2,75,140,58.3,21.5,55,223,3,25.07773769
30,1,172.5,74.8,16.9,77,133,45.8,23,55,229,3,25.13757614
23,1,172.5,58.3,6.5,75,118,37.2,19.7,55,229,3,19.59252258
30,1,174.1,76.02,16,79,141,49.6,15.6,55,222,3,25.08016117
30,1,180.1,78.1,14.8,87,136,43.5,19,55,230,3,24.07817731
28,1,175,76.6,18.3,69,127,53.9,8.4,55,182,1,25.0122449
26,1,173,68.4,21,69,125,44.6,9.6,55,230,1,22.85408801
22,0,162.4,60.84,25.1,74,126,25.5,31.7,55,201,3,23.06838312
28,1,172,74.2,19.5,76,125,41,15.9,55,215,2,25.08112493
22,1,180.3,65.2,6.5,84,122,48.3,10.8,55,220,1,20.05654592
21,1,172.1,64.8,17.5,73,124,37.4,13.7,55,220,2,21.87828449
21,1,174.5,82.14,21.2,80,120,58.2,18.8,55,212,1,26.97514799
24,1,183.6,96.5,30.7,84,153,51.5,8.8,55,204,0,28.62740352
27,1,165,64.3,25.4,75,123,49,16.1,55,218,1,23.61799816
23,1,172.7,77.9,12.1,98,155,48.9,16.8,55,245,3,26.1187737
28,1,171.4,62.1,11.5,82,123,34.3,23.4,55,243,3,21.13829551
24,1,170.1,54.2,14.1,68,122,42.3,20,55,230,3,18.7322808
26,1,174.9,72.4,23.7,88,138,56.4,18.1,55,220,3,23.66785758
27,1,173.1,71.2,21.5,73,139,51.1,17.6,55,212,3,23.76215683
29,1,167.7,67.8,22.4,71,125,41.9,11.6,55,174,1,24.10813244
26,1,172.4,74.02,19.9,76,129,45.6,22.2,55,230,3,24.90431253
23,0,155.2,49.6,23.8,72,119,23.2,28.5,55,191,3,20.5919864
26,1,158.8,56.8,19.4,77,119,42.8,15.1,55,225,3,22.52409444
26,1,173.2,78.8,22.1,74,146,43.5,15.1,55,215,2,26.26820773
37,1,174.5,79,20.8,80,129,51.9,22,55,234,3,25.94395777
25,1,181.7,81.5,24.7,99,150,54.2,12.7,55,200,2,24.68583115
32,1,175,73,12.1,71,134,48,22,55,243,3,23.83673469
28,1,173.2,72.6,15.3,88,139,39.2,15.7,55,233,2,24.20141982
22,0,157.8,61.5,30,82,137,31.2,20.8,55,191,3,24.697962
29,1,175.2,80.3,27.6,82,139,46.4,20.2,55,242,3,26.16057839
32,1,170.9,72.3,20.5,92,144,44.8,16.9,55,241,3,24.75450075
27,1,178.1,73.5,13.4,77,148,56.7,17.1,55,237,3,23.17178553
21,1,175.7,66.5,20.8,99,144,40,11.8,55,217,2,21.54160818
37,1,185.2,77.7,13.5,66,116,47.5,12.6,55,226,2,22.65369526
30,1,180,81.5,18.3,73,122,49.8,14.1,55,236,2,25.15432099
33,1,170.5,74.8,17.3,64,123,49.4,21.1,55,235,3,25.73077287
25,1,167.8,60,14.6,70,123,43.9,18.8,55,232,3,21.30920941
24,1,168.9,60.8,6.5,66,119,44.1,24.2,55,235,3,21.31298504
28,1,177.4,76.8,15.1,86,150,51.5,15.1,55,206,1,24.40360512
27,1,170.2,65.3,17.1,62,124,45.3,13.2,55,230,2,22.54208431
26,1,175.7,64.7,9.9,74,130,40.4,17.5,55,221,3,20.95852706
36,1,168.4,68.8,23.8,87,158,39,22.1,55,214,3,24.26075231
23,1,185.2,79.3,14.5,83,143,40.7,8.8,55,234,0,23.12018062
22,1,178.1,70.2,8.4,75,123,38.1,17.6,55,260,3,22.13141965
33,1,167.2,75.5,20.9,89,134,57.4,17.2,55,182,1,27.00687942
22,1,179.1,62.7,14.7,99,144,47,11.3,55,230,1,19.5468315
23,0,172.5,60.9,25.2,90,123,34.8,19.7,55,136,3,20.46628859
21,1,173.7,72.5,17.4,71,128,36.4,16.2,55,231,3,24.02914785
22,1,167.6,63.5,9.8,62,134,43.9,13.5,55,231,2,22.60610272
28,1,171.3,76,20.5,83,121,47.3,14,55,213,2,25.89994646
24,1,178.1,71.6,10.1,89,125,49.1,16.3,55,251,3,22.57278699
25,1,173.7,83.86,17.9,86,142,58.2,20.5,55,257,3,27.79426674
31,1,162,75.3,27.8,79,124,43.7,20.5,55,237,3,28.69227252
39,1,181.5,79.5,12.2,79,123,47.9,23.8,55,277,2,24.13314209
22,1,166.8,61.6,11.4,80,131,41.7,22.3,55,240,3,22.14056093
27,0,158.9,47.3,18.1,75,130,30.8,22.8,55,198,3,18.73325938
30,1,168.5,63.5,19,67,117,49.7,18.5,55,246,3,22.36525813
24,1,177.8,75.7,22.2,73,132,51.3,7.7,55,209,1,23.94596626
22,1,167.7,71.4,19.9,66,122,48.9,24.6,55,250,3,25.38821027
32,1,173.2,71,14.7,71,103,54.2,18.4,55,244,3,23.66805519
25,0,166.2,60.9,26.5,98,150,32.6,29.2,55,205,3,22.04729198
23,1,170.1,62.2,9.8,97,141,39.6,18.5,55,214,2,21.4971931
22,1,175.9,90.7,21.4,74,120,45.4,13,55,248,2,29.31403541
27,1,170.5,64.6,22.9,96,130,43.9,7.9,55,207,1,22.22203111
27,0,161.5,53.1,14.6,71,116,24.6,17.4,55,187,2,20.35867304
33,1,167.9,78.4,15.59514,103,167,49.9,29,55,202,3,27.81087611
22,1,177.5,82.2,23.1,87,136,39.3,11.6,55,227,1,26.0900615
24,1,172,72,15.6,61,116,56.8,16.5,55,253,3,24.33747972
30,1,174.3,77.86,24.9,77,122,49.5,12.4,55,213,2,25.62828973
25,1,172.2,60,12.8,72,151,61,15.2,55,230,3,20.23414958
30,0,158.6,54.2,26.3,82,116,35.6,24.8,55,171,3,21.54730309
21,1,168.2,72.6,22.3,84,134,35.6,2,55,234,0,25.66165357
26,1,177.3,81.2,26.3,88,144,45.4,16.3,55,226,3,25.83084171
40,1,165.9,73.8,13.1,73,135,51.9,26,55,212,3,26.81412254
30,1,167.7,70.9,16.4,81,149,49.4,18.8,55,232,3,25.21042168
23,1,176.6,78.6,22,75,135,49.4,4.3,55,230,0,25.20235632
35,1,167.2,72.5,13.4,92,150,43.9,19.8,55,246,2,25.93375838
22,1,188,92.2,23.8,87,128,43.9,14.5,55,250,1,26.08646446
21,1,177.9,82.2,17.3,67,121,43.3,16.3,55,238,3,25.97286878
22,1,169,72,16.8,88,120,47.1,25.3,55,252,3,25.20920136
33,1,174.9,75.6,11.7,85,136,54.7,21.8,55,242,3,24.71395073
31,1,172.2,68.3,18.4,68,110,35.8,17.2,55,201,2,23.03320694
23,1,185.6,73,9,86,132,33.1,14.9,55,256,1,21.19175461
23,1,166.4,66.1,19.1,70,120,46.5,8.9,55,227,1,23.87233034
22,1,176.5,74.3,16.8,72,134,52.8,19.7,55,229,2,23.85060469
21,1,173,74.5,15.8,72,124,40.8,21.2,55,230,2,24.89224498
21,0,165,51.1,14.9,82,121,30.7,27.1,55,202,3,18.76951331
34,1,173.1,87.8,23.8,83,123,41.8,19.7,55,214,1,29.30221025
27,1,178.8,72.8,16.8,60,120,45.7,9.9,55,170,1,22.77174702
21,1,161.8,55.5,14.8,88,138,35.5,23.4,55,252,3,21.20000428
35,1,178.1,78.5,20.5,72,128,49.6,15.7,55,235,3,24.74809747
22,0,165.4,58.7,26.2,72,115,28.9,30.1,55,174,3,21.45690561
21,1,179.9,72.1,19.7,81,154,43.4,6,55,246,0,22.27783269
22,1,176,68.78,13.2,86,159,43.3,10.9,55,258,1,22.20428719
26,1,183.3,88.7,12.8,81,133,56.7,21.7,55,274,3,26.39968166
25,1,174.7,98.3,32,74,124,52.3,11,55,160,0,32.20829296
31,1,174.6,61.2,12.1,77,137,36.4,20.9,55,219,3,20.07534158
21,1,170.8,66.28,17.1,78,121,42.7,15.7,55,232,2,22.71991839
22,1,181.1,88.5,23,75,138,43,23.9,55,231,1,26.9840026
29,1,181.6,83.9,13.8,87,138,52.5,20.2,55,238,3,25.44077122
26,1,176,72.7,8.9,86,136,46.8,21.8,55,281,3,23.46978306
25,1,173.9,78,19.4,82,143,51.8,15.9,55,231,3,25.79261875
22,1,185.3,73.7,12.6,93,148,42,8.6,55,230,1,21.46429602
64,0,160.6,50.1,20.5,64,99,35.7,22,55,170,3,19.42435667
29,1,173.4,76,21.8,85,137,50.3,13.5,55,230,2,25.27641086
22,1,177.3,70.2,13.3,70,155,50.6,23,55,235,3,22.33158975
22,0,161,46.1,25.8,58,105,17.9,20.6,55,165,2,17.78480768
21,1,175.2,74.2,22.9,89,136,40.7,6.4,55,190,1,24.17328663
43,1,177.4,85.3,17.4,93,142,46.6,14.9,55,211,1,27.10452496
27,1,177.6,76.7,15.6,79,117,51,10.8,55,216,2,24.316969
25,1,165,70,25.2,90,120,30.8,20,55,255,2,25.71166208
22,1,173.2,62,11.4,87,119,32.1,15.8,55,247,1,20.66787918
24,1,172,56.7,11.6,75,122,33.9,18.8,55,238,2,19.16576528
36,1,180,88.7,23.1,68,128,55.4,15,55,230,3,27.37654321
29,1,180.1,83.8,18.2,85,138,51.9,12.2,55,222,1,25.83548346
23,1,181.8,78.8,23.8,92,147,38.3,6.1,55,208,1,23.84176812
35,1,173.8,68.84,21.7,81,139,46.4,12.1,55,184,2,22.78984217
23,1,171.8,63.9,13.4,79,137,43.1,18.3,55,222,2,21.64983243
36,1,172,68,13.3,78,118,56,17,55,238,3,22.98539751
28,1,181.3,82,17.2,84,122,58.6,14.9,55,265,3,24.94699524
23,0,157.1,50.76,26.4,87,127,27,21.4,55,187,3,20.56691927
22,1,166.7,54.7,8.2,66,124,36.5,27.3,55,227,3,19.68412556
36,1,175,82,24.1,81,121,50.3,19.2,55,223,3,26.7755102
28,1,178.9,81.6,10.2,67,124,62.2,18.3,55,262,3,25.49584896
34,1,175.2,73.9,19.1,70,127,47.8,11.3,55,252,1,24.07555097
43,1,176,84.1,15.7,88,120,65.4,24.1,55,246,3,27.15005165
34,1,180.8,75.26,9.2,95,154,49.7,24.5,55,235,3,23.02328882
40,1,173.6,76,15.2,70,140,44.7,25.2,55,228,3,25.21820383
22,1,177,65.28,10.2,54,120,43.4,20.7,55,243,3,20.83692426
26,0,157.3,45.6,21.5,64,103,22.2,19.3,55,162,3,18.4292388
21,1,171.8,61.4,12,71,127,37.1,-5.8,55,201,0,20.80281238
21,1,170.6,58.7,14.8,73,119,46.3,24.2,55,235,2,20.16879945
42,0,152.3,52.8,25.9,78,122,24.8,17.2,55,166,2,22.76324202
24,1,173.3,68,14.5,80,120,48.1,15,55,230,2,22.64184366
29,0,166.3,53.8,22.9,78,124,29.8,18.7,55,168,3,19.45350125
22,1,172,70,15,85,122,40.3,14.1,55,230,2,23.66143862
27,1,178.2,82.1,16.2,75,120,49.3,16.5,55,229,3,25.85400079
23,1,173.9,65.9,10.1,86,129,42,16.3,55,185,2,21.7914561
33,1,181.1,80.3,11.6,74,111,54.2,22.5,55,264,3,24.48378993
23,1,170.3,79.8,21.5,75,135,57,17.9,55,241,3,27.51525838
37,1,166.1,70.8,16.7,99,158,50.6,18.6,55,255,3,25.66220635
32,1,177.8,72.5,18.7,72,125,51.8,17.7,55,239,3,22.93371934
28,1,171,66.3,20.5,90,145,46.6,20.6,55,239,3,22.67364317
24,1,171.3,65.8,4,74,126,56.3,7.6,55,283,1,22.42390102
28,1,166,66.2,20.5,49,122,48.6,20.6,55,223,3,24.02380607
21,1,172.6,65,12.6,93,152,42.9,18.5,55,214,2,21.81884584
29,1,171,72.5,17.5,64,122,45.3,18,55,254,3,24.7939537
37,1,176.3,73.5,20.2,74,143,43.6,14,55,214,2,23.6473628
26,0,159.5,53.4,29.2,74,111,26.7,21.1,55,183,3,20.99035976
30,1,168.2,76.6,16.1,60,116,47.8,4.6,55,227,1,27.07551878
29,1,189.8,87.9,13.5,93,149,49.6,20.4,55,235,1,24.40037264
26,1,169.2,70.8,13.9,84,122,48.6,15.3,55,260,3,24.73047969
21,1,177.7,70.7,22.2,86,142,45,25,55,230,3,22.38950841
24,1,175.3,69.6,20.5,75,118,33.3,22.1,55,218,0,22.64881099
22,1,172,66.8,17.5,80,137,46.1,22.5,55,200,1,22.57977285
37,1,169.7,68.4,21,99,141,38.3,7.4,55,197,1,23.75157519
29,1,174.3,77.2,21.1,82,131,49.1,15.5,55,240,3,25.41104505
24,1,172.2,72.7,18.4,85,139,56.6,24.5,55,254,3,24.51704457
30,1,172.9,76.2,20.2,87,140,47.9,20.9,55,241,3,25.4897153
23,1,175.6,65.5,13.2,84,133,35.4,19.8,55,224,1,21.24184702
36,1,172.4,68.5,12,73,128,50.2,22.4,55,220,3,23.04708739
23,1,178.4,74.84,12.9,76,148,49.5,25.4,55,243,3,23.51495103
24,1,177.1,71.96,11.4,80,120,50.3,17.9,55,204,1,22.94320218
21,1,179.5,80.3,15.9,69,125,45.1,1.4,55,233,0,24.92221507
25,0,169.3,65.3,27.9,96,135,31.3,25.6,55,169,3,22.78238911
23,1,172.5,72.8,17.3,60,119,37,14.1,55,198,1,24.46544844
30,1,184.4,82.3,12.5,79,147,45.1,25.3,55,226,2,24.20349048
21,1,169.5,76.1,16,75,116,52.5,20.9,55,260,3,26.48776116
30,1,170,74.74,23.4,78,147,47,15,55,204,3,25.8615917
29,1,173.5,60.6,11.4,85,140,49.3,22.2,55,247,3,20.13138553
22,0,161,53.3,20.5,74,120,32,20,55,199,3,20.5624783
22,1,171.1,67.7,12.4,77,118,30,32,55,215,1,23.12536785
38,1,178.3,76.1,15.2,78,148,46.5,17.8,55,200,2,23.93767523
22,1,180.3,75.14,14.6,69,130,51.6,7.6,55,242,1,23.11424633
34,1,177,70.4,18.8,96,144,49.4,16.1,55,221,3,22.47119282
42,1,174.5,77.14,15,89,157,46.3,26.2,55,234,2,25.33312534
25,1,178.7,83.4,19.7,82,127,53.2,15.9,55,227,2,26.11661853
23,1,170.6,69.4,17.3,64,121,33.6,13.9,55,228,2,23.84522456
28,1,176.7,87.9,26.5,83,157,39.3,12.2,55,185,0,28.15242279
24,1,170.4,85.5,30.8,85,134,39.8,7.2,55,184,0,29.44604245
51,1,172.2,72.2,14.7,88,147,48.8,13,55,222,2,24.34842666
47,1,166.7,61.7,14,66,118,45.4,22.5,55,222,3,22.20311786
27,1,177.2,73.2,14.8,79,121,47,23.8,55,245,3,23.3122207
40,1,180.7,83.16,18.8,82,140,53.6,14.2,55,223,3,25.46819553
29,1,179.1,74.1,18.8,84,134,42.1,18.6,55,229,0,23.10080086
28,1,182.1,89.3,19.6,93,150,50.4,13.8,55,243,1,26.92970322
23,0,157.3,52.4,27.2,73,100,22.8,25.7,55,186,3,21.17745862
29,1,169,71.12,18.4,89,145,46.5,23.7,55,223,2,24.9010889
29,0,156.8,54.2,32.3,72,110,24.5,23.7,55,162,3,22.0448511
30,1,167.6,70.2,25.7,74,131,41.4,15.8,55,222,3,24.99131356
25,1,177.6,76.2,21.2,93,155,45.9,21.3,55,255,2,24.15844899
21,1,175,80.1,15.1,81,130,46.4,25.7,55,269,3,26.15510204
25,1,185.1,87.2,16.9,92,159,45.8,15.4,55,196,2,25.45092947
23,1,170.9,69.2,24.1,82,144,29.5,2.5,55,214,0,23.69310445
22,1,170.4,64.2,13.3,72,116,38.3,11.8,55,211,2,22.1103617
22,1,173.5,72.54,17.1,54,114,44.2,9.4,55,236,1,24.09786644
25,1,176.6,85,26.9,80,157,52,17.7,55,211,2,27.25445658
22,1,189.4,98.3,20.9,58,121,56,4.5,55,224,0,27.4027134
21,1,175.4,85.4,29.8,86,131,41.9,13.95,55,228,0,27.75867247
26,1,184.3,79.8,15.6,81,157,49.2,12.5,55,224,2,23.49374339
22,1,184.7,85,18.3,80,120,48.8,21.5,55,266,3,24.91639085
27,1,170.4,64.8,20.9,96,134,51.1,17,55,205,3,22.3170006
25,1,172.6,71.3,14.5,80,121,46.2,12,55,259,2,23.93359552
22,0,155.1,53,22.3,65,118,31.5,21.8,55,225,3,22.03191635
23,1,178,77.7,10.9,82,135,58.5,17,55,238,3,24.52341876
23,1,175.5,67.2,9.4,97,135,56.4,20.8,55,233,1,21.81800472
28,0,172,63.76,17.8,60,115,35.2,24.4,55,185,3,21.55219037
21,0,165.3,62.5,29.2,71,120,31.2,21.4,55,184,3,22.87358884
27,1,179.7,75.72,11.9,64,122,47.9,18.8,55,239,3,23.44846679
31,1,173.3,68.9,17.9,85,126,44.7,20,55,250,3,22.94151512
44,1,167.8,65,17.6,77,123,41.4,13.4,55,237,2,23.08497687
22,1,170.5,77.2,23.2,84,134,47.7,21,55,233,0,26.55635916
24,1,181,84.4,20.4,80,120,48.9,7.2,54,213,1,25.76233937
36,1,176,81.3,24.5,81,139,46.2,8.1,54,232,1,26.24612603
40,1,177.6,88.6,20.3,93,138,51.5,12.1,54,224,1,28.08974515
35,1,179,75,10.7,74,129,47.7,16.6,54,233,3,23.40750913
21,1,170.4,74.3,19.5,82,157,45.6,12.7,54,194,2,25.58878309
25,1,171.2,65.1,11.8,67,127,45.1,22.2,54,239,3,22.21127391
41,1,166.7,65.7,21.5,90,151,49.6,18.7,54,242,3,23.64254204
22,1,175.8,72,30.4,75,115,34.6,19,54,188,1,23.29671866
21,1,175,66.4,16.5,77,124,39.4,13,54,248,1,21.68163265
22,0,169.2,53.2,16,66,103,30,27.1,54,202,3,18.58278982
27,1,178.8,73.38,7.8,75,126,49.6,21.5,54,223,3,22.95317028
24,1,177,89.9,18.9,80,117,56.8,12.7,54,232,1,28.69545788
32,1,165.9,74.8,24.3,91,150,42.2,17.1,54,229,3,27.17745753
38,1,171.4,71.7,17.2,90,150,42.5,21.3,54,216,3,24.40605134
24,0,160.4,58.7,29.1,77,115,29.6,22.1,54,187,3,22.81546757
21,1,185.9,69.5,11.9,61,109,38.8,13.4,54,208,2,20.11064617
26,0,159.3,49,20.9,77,135,21.3,21.1,54,171,2,19.30921101
45,1,168,62,12.2,87,133,37.8,20.2,54,211,3,21.96712018
31,1,168.5,68.2,19.6,79,121,50.4,23.6,54,223,3,24.02063944
21,1,173,70.3,11.2,76,138,43,15.4,54,260,2,23.48892379
29,1,184.3,89.5,17.8,77,127,54.7,21.7,54,234,2,26.34949917
26,1,176.3,75.02,15.5,94,137,43,11.3,54,216,1,24.1363967
26,1,183,71.1,15.4,69,109,40.3,18.7,54,222,2,21.23085192
39,1,173.9,65.5,11.1,81,130,47.8,16,54,255,3,21.65918626
30,1,179,68.8,12.3,63,103,52,19,54,233,3,21.47248837
51,1,166.1,70.9,25.4,96,147,52.3,13.7,54,207,2,25.6984524
21,1,183,67,14.9,68,123,35.4,4.2,54,205,0,20.00656932
27,1,171.8,75.1,24.9,90,144,42.7,8.6,54,211,1,25.44448224
25,1,172,65.9,18.6,92,140,38.1,12.2,54,227,2,22.27555435
31,1,170.9,73.5,21.7,72,126,38.8,9.5,54,226,2,25.16536383
29,1,182.1,100.3,24.61084,92,157,57.2,12.9,54,204,1,30.2469119
21,1,171.4,67,23.1,81,117,38,12.3,54,184,1,22.80621255
21,1,180,73.4,20.1,67,120,42.1,6.7,54,232,1,22.65432099
31,1,178.3,80.8,19.9,81,155,53.7,20.4,54,201,1,25.41608618
25,1,179.1,87.3,30.3,96,145,53,15.1,54,226,3,27.21592328
36,1,171,69.4,9.2,57,111,52.2,17,54,238,3,23.73379843
32,1,177.2,85.28,16.8,87,136,53.5,15,54,222,2,27.15937406
42,1,169.8,78.6,17.2,60,104,43.4,19.4,54,228,1,27.26133843
23,1,174.7,72,20.1,73,133,38.6,8.4,54,206,1,23.59101824
30,1,176.3,64.7,13.09016,84,146,46.8,19.9,54,226,3,20.81611392
26,1,179.4,77.56,18,71,128,44.6,16.7,54,217,2,24.09866159
27,1,178,85.7,20,94,143,52,23.3,54,209,2,27.04835248
24,1,178.4,71.8,15.1,99,138,46.6,10.7,54,251,1,22.55977397
23,1,179.3,75.7,20.2,86,158,47.2,8.1,54,209,1,23.54698463
35,1,180.1,98.3,30.3,85,146,45.3,7.1,54,184,0,30.30582368
36,1,174.8,72.6,17,66,141,41.6,22.1,54,239,1,23.7604009
27,1,168.9,66.8,20.7,60,110,47.6,18.4,54,229,3,23.41624014
21,0,171.4,70.94,21.8,67,130,32.3,24.6,54,197,3,24.147354
35,1,176.6,70.1,11.7,71,117,36.7,14.2,54,262,2,22.47691067
29,1,179.4,77.6,16.5,82,141,46.1,27,54,248,3,24.11108998
23,1,163,61.16,12.4,65,124,38.3,20.8,54,218,2,23.01930822
24,0,162.4,63.1,31,83,119,31.8,20.7,54,222,3,23.92529545
21,0,162.3,63.4,30.1,91,139,27.3,21.8,54,197,2,24.06867697
32,1,171.2,66.6,15.6,82,132,43,18,54,232,3,22.72305442
31,1,171.2,74,24.5,84,123,52.9,5.8,54,193,1,25.24783824
26,1,173.5,75.3,17,72,129,46.2,19.4,54,238,3,25.01474142
21,1,177.4,78.6,20.8,80,130,54,18.3,54,203,2,24.97556462
31,1,177.3,74.4,19.3,81,133,43.8,15.8,54,217,2,23.66766777
32,1,178.1,88,21.6,74,138,58.1,22.5,54,230,3,27.74309016
37,1,168.8,73.1,14.3,61,100,48.9,25.3,54,268,3,25.65502796
28,1,173.8,79.1,19.2,98,159,54.3,27.1,54,230,1,26.18646885
22,1,178.6,65.6,16.4,98,154,35.1,15.8,54,220,1,20.56557849
38,1,167.7,69.8,20.2,68,137,38.5,13.4,54,226,2,24.81928679
30,1,176.9,73.3,17.5,78,137,34.8,16.6,54,186,2,23.4233123
29,1,175.8,72.1,18.7,65,112,46.2,22.7,54,226,3,23.32907521
25,1,175.2,72.4,10.7,79,134,50.4,23.2,54,245,3,23.58687267
34,1,170.2,63.5,16.2,87,142,39.6,16.4,54,218,2,21.92070986
28,1,187.2,82.7,14,80,125,50.9,12.7,54,212,1,23.59901198
22,1,170.7,60.6,12.7,65,140,37.5,12.6,54,244,2,20.79723417
41,1,181,83.6,20.7,80,126,49.2,19.1,54,230,2,25.51814658
55,1,166.2,58.8,15.4,74,139,41.8,18.7,54,222,3,21.28704054
30,1,169.7,77.9,20.7,65,116,53.8,18,54,232,3,27.05040508
32,1,171.9,71.1,19.5,93,147,46.7,20.6,54,227,1,24.06123126
36,1,180.9,73.1,9.7,72,129,50.9,14.2,54,239,3,22.33779203
27,1,168.6,71.1,4.5,63,118,53,20,54,262,3,25.01234787
26,1,183.2,89.3,25.8,97,157,48.8,8.8,54,201,0,26.60728247
22,1,184.3,74.5,18.6,66,125,35.4,0.6,54,222,0,21.93338199
30,1,186,76,15.8,78,149,51.8,22.9,54,241,3,21.96785756
40,1,174,61.6,15.1,76,120,39.6,17.4,54,235,3,20.34614876
28,1,175.6,77.8,13.7,88,136,56.2,12,54,179,1,25.23077402
25,0,157.4,56.8,24.6,63,101,26.7,22.7,54,175,3,22.92655913
26,1,170.7,71.84,22,91,148,45.5,18.9,54,242,3,24.65467497
23,1,172.3,80.2,23.3,90,130,55.2,21.6,54,219,1,27.01492794
30,1,172.5,67.4,12.7,85,130,45.8,16.6,54,255,2,22.65070363
22,0,155.1,59.9,29.5,72,116,30.5,21.8,54,177,3,24.90022244
32,1,171.1,75.2,22.4,85,119,48.9,16.6,54,238,0,25.68726236
21,1,178.5,69.3,14.3,81,137,40.8,18.1,54,232,2,21.74987642
31,1,179.1,71.9,15.3482,92,123,47.1,11.7,54,242,2,22.41494712
31,1,179.6,76.9,17.1,88,152,52.7,23.2,54,235,3,23.84040754
24,1,177.4,76,12.8,64,130,45.7,12.7,54,196,1,24.1494009
37,1,164.3,78,25.5,84,134,44.1,14,54,218,0,28.89478557
22,1,174.5,61.7,13.8,81,123,46.3,11.9,54,247,2,20.26255942
29,1,185.1,87.7,19.5,90,144,50,22.2,54,234,3,25.5968637
22,0,159.5,60.9,29.4,67,119,26.4,28.5,54,214,3,23.938444
21,1,181.3,93.2,24,89,128,44.9,14.6,54,230,0,28.35438971
43,1,170,59.6,14.1,83,144,43.7,11.5,54,217,2,20.62283737
28,1,175.4,69.5,14.6,72,135,46.5,16.2,54,249,3,22.59048872
32,1,175.3,76.9,21.4,76,116,47.4,24.4,54,185,2,25.02433283
26,1,170.9,78.6,17.4,87,136,38.6,-6.4,54,181,0,26.91153193
30,1,181.5,73.9,14.7,60,113,50.4,15.7,54,242,3,22.43319749
28,1,175,75.3,20,64,113,46.2,14.5,54,223,2,24.5877551
24,1,178.8,84.5,17.9,70,122,48.8,16.6,54,231,2,26.43149207
21,1,177.5,76.4,23.5,89,130,40.5,17,54,193,1,24.24915691
27,1,172.5,74.9,23.8,78,154,46.6,13.3,54,233,2,25.17118252
40,1,179.8,75.3,14.9,66,112,44.2,29.4,54,235,3,23.29247304
26,1,180.1,81.4,18.3,75,130,45.7,16,54,222,3,25.09556508
24,1,179.2,66.8,10.4,69,121,39.6,16.6,54,236,2,20.80177774
24,1,177.9,83.8,18.4,80,143,47.7,18.8,54,226,2,26.4784234
22,1,176,76.3,16.5,86,134,54.2,8.7,54,200,1,24.63197314
22,0,151.9,45,27.7,75,117,22.7,27.6,54,184,3,19.50279995
37,1,177.2,70.4,17.1,71,131,41.3,14.2,54,225,3,22.42049641
21,1,171.4,79.9,24.2,77,125,38.2,16,54,214,1,27.19725944
30,1,193.8,93.4,19.4,77,133,52.5,11,54,230,1,24.86791251
32,1,166.8,80.5,24.9,79,126,56.5,22.7,54,230,3,28.93368758
38,1,178,85,20.9,73,119,52.2,13,54,199,1,26.82742078
35,1,173.8,68.7,19.6,94,144,47.5,3.5,54,223,0,22.74349443
27,1,180.7,84.5,22.7,90,134,45.9,8.8,54,219,1,25.87857771
37,1,165.4,64.9,20.3,89,129,41.8,19.1,54,246,3,23.72322273
27,1,172.2,71.28,22.8,63,112,44,11.8,54,226,2,24.0381697
24,1,175.9,75.4,21.8,79,135,43.5,1.4,54,222,0,24.36910992
23,1,168.1,53.7,17.3,83,123,33,23.3,54,211,2,19.00373032
35,1,181.5,76.7,22.4,99,160,46.8,7.4,54,192,1,23.28316979
25,0,159.4,55.8,27,87,128,37.3,19.9,54,181,3,21.96127574
22,0,153.8,53.6,30,61,118,25.9,27.1,54,172,3,22.65959372
29,1,174.9,71.1,12.5,75,142,59.3,12.2,54,270,2,23.24288224
21,0,157.8,57.9,25.9,61,92,26.6,25.1,54,190,3,23.25222764
36,0,155.6,47.2,13.4,83,129,22.5,16.1,54,190,2,19.49498087
40,1,174.8,74.2,16.7,76,124,43.6,17,54,211,3,24.2840461
28,1,182.2,83.1,15.5,65,92,52.9,17.6,54,239,3,25.03250309
30,1,169.8,73.8,19.5,98,159,47.3,17.7,54,252,3,25.59652387
29,0,157.9,55,32.1,58,119,27.4,16.8,54,170,2,22.05964044
24,0,155.1,48.1,27.4,77,111,26.4,23.2,54,182,3,19.99500333
32,1,180.6,67.4,18.3,71,121,41.6,7,54,188,1,20.66447635
53,1,175,76.4,17.5,85,147,51.5,23.5,54,219,2,24.94693878
27,1,168.9,67.2,16.2,87,144,49.7,19.9,54,235,3,23.55645715
32,1,170.4,85.22,20.9,82,142,51.9,15.6,54,219,3,29.34961097
58,1,176.9,83.9,19.8,82,123,50.5,27.3,54,230,1,26.81058529
22,1,184.2,70.8,18.1,75,130,48.6,24.8,54,241,1,20.86671123
25,0,166.3,53.6,20.2,81,126,32.8,21.1,54,189,3,19.3811834
25,1,176.3,79.1,15.1,82,118,50.7,10,54,251,1,25.44906664
22,1,185.1,81.3,14.1,89,159,53.7,9.2,54,257,1,23.72890557
36,1,171.8,73.3,24.7,79,126,38.9,15.9,54,206,2,24.83462781
26,1,181.4,74.04,15.2,74,129,49.9,16.5,54,231,3,22.5004832
32,1,173.5,61.2,15.8,95,139,34.9,22.5,54,222,3,20.33070618
29,1,169.9,69.28,22.4,85,132,50.9,11.5,54,224,2,24.00054597
30,1,178.5,82.2,23.1,92,149,61.8,24,54,234,1,25.79855472
21,1,175.4,76.84,12.9,86,146,44.6,18.8,54,240,2,24.97630437
51,1,160.7,58.7,9.4,84,154,47.3,24.4,54,237,3,22.73036176
25,1,172.9,70.2,14.6,77,149,51.8,13,54,212,2,23.4826511
24,0,161.5,59.24,27.6,80,125,29.2,22.2,54,169,3,22.71276443
46,0,165.5,58,10.21084,91,157,29.1,27.6,54,181,3,21.17541826
31,1,180.3,73.3,14.5,74,118,53,14.4,54,207,2,22.54823338
26,1,167.3,71.8,15,62,146,35.9,18,54,245,3,25.65266929
21,0,156.9,60.6,25.8,70,104,30.1,22,54,192,3,24.61652451
21,1,178,71.7,20.4,78,117,39.9,5.3,54,179,0,22.62971847
30,1,179.8,80.6,22.5,83,133,40,16.1,54,220,1,24.93191669
60,1,174.6,70.4,23.7,98,136,40.1,11.8,54,192,3,23.09320338
32,1,176.9,78.3,12.9,67,112,55.5,16.3,54,248,3,25.02108258
30,1,178.7,83.6,16.8,65,127,47,15.9,54,246,2,26.17924831
38,1,174.2,81.2,18.8,78,130,48.8,15.6,54,239,3,26.75837451
29,1,168,65.2,13.4,73,118,49.6,26.9,54,252,3,23.10090703
35,1,168.9,63.6,17.3,83,120,38.9,18.2,54,227,1,22.29450409
22,1,171.1,77.5,13.5,77,111,56.6,9.2,54,230,1,26.47291001
28,1,169,65.1,19.6,96,151,47.4,20.8,54,252,3,22.79331956
22,1,178,77.94,19.6,73,134,40.4,24.8,54,236,1,24.59916677
27,1,177.4,84.5,21.6,95,153,47.5,28.8,54,182,1,26.85032074
26,1,169.5,68.4,17.2,62,117,36.8,21.2,54,227,3,23.80765917
34,1,180,85,12.8,77,128,61.7,16.5,54,245,3,26.2345679
36,1,173,73.44,15.1,77,121,51.4,23,54,232,3,24.53807344
27,1,167,65.3,17.7,60,126,44.7,8.6,54,227,1,23.41424935
62,1,174.3,74.1,14,75,147,50.6,13.1,54,199,3,24.39065334
24,1,173.8,78.5,17.3,63,113,50.7,2.8,54,180,0,25.98783571
26,1,171.7,66.1,15,71,123,43.2,7.4,54,242,1,22.42130411
28,1,167,68.1,20.5,80,146,46.5,11.1,54,212,1,24.41822941
27,1,175.1,82.4,19.4,63,114,38.3,17.1,54,205,3,26.87539893
27,1,173,72.8,16.9,74,127,53.4,15.5,54,261,3,24.32423402
36,1,165.9,59.1,18.4,94,142,41.8,15.3,54,202,2,21.47309813
28,1,181.2,75.94,19.2,65,134,40.7,20.4,54,238,1,23.12885887
22,1,167.6,68.8,25,70,119,34.2,17.8,54,197,1,24.4929113
33,1,176.6,76.3,11.7,81,136,59.1,15.7,54,253,0,24.46488279
25,1,176.2,72.1,9.9,69,128,50.1,18.6,54,249,3,23.22327455
43,1,186.2,78,10.7,79,118,54,15.3,54,235,0,22.49755123
25,1,178,82.6,20.4,77,130,44.8,14.6,54,228,1,26.06994066
29,1,173.3,84.36,28.4,83,119,46.1,13.1,54,178,0,28.08920487
35,1,173.1,72.1,22.8,94,144,38.5,9.4,54,205,2,24.06252117
26,1,175.6,77.08,14.3,68,136,61.5,18.2,54,234,3,24.99727585
22,1,174.2,80.6,23.8,71,118,38.6,16.3,54,236,1,26.56065254
43,1,187.2,83.1,14.8,78,141,49.6,15.5,54,224,2,23.71315472
25,1,168.8,71.76,16.7,73,134,45.4,16.6,54,214,3,25.18474428
50,1,173.4,56.6,12.6,86,143,40.8,11.8,54,185,2,18.8242744
26,1,173,84.4,22.4,90,149,47.4,15.3,54,236,1,28.20007351
31,1,171.1,69.1,24.9,90,140,31.7,25.3,54,206,1,23.60358816
23,1,174,69.3,12.1,82,132,39.3,12.2,54,220,2,22.88941736
22,0,160.2,58.8,31.1,72,118,27.9,23.5,54,206,1,22.91143561
28,1,181.3,82.9,20.9,98,144,50,16,54,228,2,25.22080373
30,1,173.3,67.5,20.6,78,124,38.7,7,54,244,1,22.47535951
35,1,175.9,83.8,22,97,128,44.8,12.2,54,206,2,27.08397098
29,1,175.1,84.5,15.6,78,131,51.1,15,54,234,3,27.56033022
25,1,172.6,64.2,15.1,66,142,44,18.8,54,214,2,21.5503062
21,1,172.7,61.2,15.8,80,136,41.5,12.5,54,210,1,20.51949872
28,1,174.4,56.8,20.3,86,125,38.4,10.8,54,205,1,18.67477485
21,0,163.2,52.2,29.7,78,132,26.9,12.5,54,174,1,19.59883218
37,1,180.8,81.1,15.3,65,122,46.8,21.4,54,240,3,24.8098422
29,1,181.1,70,9.4,103,155,42.2,15.3,54,237,2,21.34327889
31,1,175.9,64.8,9.7,69,120,50.7,17.6,54,262,3,20.94321383
21,1,173.9,66.4,12,85,152,42.1,18.8,54,260,2,21.9567934
21,1,177.1,64.7,10.9,95,150,38.7,16.2,54,245,2,20.62847667
33,1,178.1,81.1,18.4,58,116,48.1,22.1,54,249,3,25.56777968
21,1,174.4,73.1,20.2,68,113,38.9,16.2,54,245,0,24.03390918
33,1,168.8,71.7,14.5,73,135,48.9,23.3,54,240,3,25.1636868
24,1,181.4,96.9,20.3,79,119,64.7,21.8,54,227,2,29.44755297
34,1,180.7,71.9,16.6,80,158,54.1,17.1,54,227,3,22.01976021
26,1,166.8,70.7,19.3,83,126,42,6.5,54,202,1,25.41132562
30,1,185.8,90.5,20.8,75,152,64.1,16.2,54,232,2,26.21544052
28,1,177.9,71,11.6,73,135,47.6,28.4,54,246,3,22.43398642
30,1,187.8,81.3,13.7,69,114,51.4,16.4,54,243,3,23.05150949
21,1,172.8,76.7,18.6,74,127,42.1,10.8,54,242,1,25.68667481
32,1,185.1,77.3,22.7,98,154,44.8,9.9,54,221,1,22.56143174
21,1,177,87,25.5,75,125,40.7,8,54,200,0,27.76979795
34,1,174.5,70.7,17.9,90,159,50.1,15.7,54,233,1,23.21820018
28,1,178.6,76.12,19.6,95,132,48.9,21,54,237,3,23.86359504
38,1,175.7,70.3,17.9,88,136,38.4,7.3,54,205,1,22.77255722
30,1,180.1,73.1,12.92922,79,125,58.1,19.1,54,225,1,22.53668068
21,1,177.2,64.5,7.7,69,125,37.2,10.9,54,237,1,20.54150594
25,1,166.3,53.9,12.8,89,142,35.7,17,54,240,3,19.48966017
26,1,170.8,61.72,21.6,73,117,33.5,29.1,54,244,2,21.15680994
25,1,166.8,64.6,17,98,138,39.5,13.9,54,222,2,23.218835
28,1,169.4,77.3,18.2,73,137,36.5,17.6,54,230,1,26.93721434
28,1,187,98.54,24.2,81,135,49.4,15.2,54,184,0,28.17924447
22,1,172.4,72.6,17.9,85,131,45.7,15.1,54,224,0,24.42654809
29,1,175.2,85.4,18.9,91,149,51.1,16.8,54,253,1,27.82208461
28,1,171.8,64.7,11.6,81,136,46.9,19.7,54,230,3,21.92087884
41,1,171,74,19.4,69,135,48.8,15.9,54,223,3,25.30693205
29,0,167,65.8,32.3,91,133,29.5,28.3,54,196,2,23.5935315
34,1,174.8,70.4,14.4,68,108,43.7,9.1,54,233,1,23.04038875
22,1,178,62.3,11.8,61,125,41,15,54,214,2,19.66292135
29,1,170.2,70.14,16.5,67,113,47.8,-0.4,54,230,0,24.21289117
21,1,179.3,74.46,12,82,133,50.9,18,54,242,2,23.16127445
27,1,174.3,77,27.2,54,120,36,12.3,54,213,0,25.34521333
25,1,175.9,65.02,14.2,92,137,39.4,15.1,54,227,3,21.01431734
30,1,168.3,68,23.4,80,127,41.6,26.6,54,208,2,24.00715413
26,1,164.8,67.4,25.9,91,146,39.8,14.6,54,210,2,24.81678292
22,1,179,74.6,18.1,75,154,41.7,7.1,54,186,1,23.28266908
24,1,180,88.8,20.3,76,129,46.8,20.7,54,230,1,27.40740741
38,1,166.8,71,19.4,83,145,42.6,17.6,54,223,1,25.51915302
30,1,169.4,62.4,13.6,103,154,33.5,16.5,54,197,2,21.74491817
45,1,175,81.7,19.8,87,131,51.3,21.6,54,249,3,26.67755102
27,1,175.2,71.1,20,72,125,44.5,7.9,54,239,1,23.16335147
28,1,171.8,68.3,10.1,87,128,45.2,18.4,54,229,3,23.14058771
29,0,160.1,52.5,28,85,122,28.2,26.3,54,170,3,20.48220175
25,1,175.9,69.02,16.4,69,138,47.8,15.9,54,222,3,22.30710831
28,1,177.2,83.5,26.9,82,134,31.1,-13.5,54,203,0,26.59249219
39,1,177.3,66.8,14.7,86,140,43.1,15.2,54,220,3,21.25000278
26,1,177.4,78.7,25,63,132,40.6,14.5,54,216,2,25.00734015
26,1,169.2,66.8,13.8,78,143,40.3,16,54,225,3,23.33327745
32,1,177.1,72.9,17.4,69,119,52.2,22.5,54,222,3,23.24290494
29,1,168.8,73.4,21,76,127,46.4,15.2,54,235,3,25.76031536
32,1,174,77.2,20.1,80,126,48,16.5,54,253,3,25.49874488
29,1,179.2,73.3,11.7,82,139,52.5,24.7,54,249,3,22.82590282
22,0,157.9,55.6,31.1,69,132,25.4,20.1,54,175,3,22.30029107
34,1,169.7,59.8,7.7,78,130,45.5,11.6,54,239,2,20.76526603
41,1,167.3,67.6,23.7,90,140,40.4,15.9,54,218,3,24.15209532
26,1,172.7,68.8,15.1,74,132,41.4,15.9,54,238,2,23.06767176
25,1,178.2,80.6,17.2,84,151,52.7,22.6,54,254,3,25.3816378
27,1,168,69.8,25.5,84,133,37.2,17,54,219,2,24.73072562
23,1,168.1,73.9,17.4,68,138,47.5,16.2,54,220,2,26.15224713
25,1,173.1,56.9,13.9,99,133,31.8,5.4,54,243,1,18.98970117
32,1,174.9,87.4,20.7,97,153,58.8,15.2,54,240,3,28.57141923
28,1,165.4,65,13.1,81,130,44.4,23.3,54,236,3,23.75977623
26,1,173,75.6,21.4,70,121,58.1,19,54,235,3,25.25978148
41,1,178.4,76.8,15.3,82,142,50.9,21.5,54,236,3,24.13078888
21,0,161,55.1,27.3,80,120,26.8,22,54,175,3,21.25689595
51,1,172.6,70.74,15.1,77,138,26.8,18.1,54,216,2,23.74561777
26,1,176,80,11.1,82,141,49.7,15.3,54,253,3,25.82644628
22,1,175.8,60.3,21.3,74,128,34.8,11.2,54,151,1,19.51100188
26,1,177.2,67.98,14.4,85,132,44.2,17.1,54,189,3,21.64979185
38,1,176.5,74.4,10.2,75,136,50.5,18.9,54,243,3,23.8827051
42,1,172.4,73.22,17.9,93,158,44.7,20.5,54,226,3,24.63514947
26,1,173,80.2,22.2,92,140,58.4,16.2,54,235,3,26.79675231
26,1,168.9,65.7,12.5,82,146,44.5,18.4,54,223,3,23.03064338
37,1,181.1,81.1,14.4,68,124,52.9,19.1,54,234,3,24.72771312
25,1,165,55.8,15.7,77,126,36.4,16.3,53,229,3,20.49586777
32,1,174.5,71.1,18.4,76,147,41.4,15.2,53,219,2,23.34956199
26,1,169.2,70.6,21,63,129,41.3,15.1,53,225,2,24.66061958
36,1,171.5,80.5,21.5,86,153,46.7,16.8,53,220,3,27.3695484
27,1,170.3,74.6,22,98,151,47.9,14.5,53,170,2,25.72228415
29,1,167.9,70.7,25.3,75,135,47.3,16.2,53,181,2,25.07945078
27,1,176,72.86,18.6,78,155,39.7,10.1,53,231,2,23.52143595
31,1,167,71.1,20,81,140,46.9,14.6,53,228,3,25.49392233
26,1,180.8,69.26,13.6,80,120,44,1.5,53,249,0,21.18778879
24,1,173.6,71.2,17.1,85,152,53.4,9.4,53,209,1,23.62547516
28,1,174.5,69.4,16.1,63,109,35.8,19.5,53,195,0,22.79127429
28,1,173.3,70.8,24.6,84,140,45.4,11.6,53,232,1,23.57415487
22,1,179.3,75.1,16.7,76,130,52,6.3,53,182,1,23.36035067
29,1,177.9,65.2,10.6,95,148,44.5,18.6,53,239,2,20.60135091
29,1,181.2,94.72,15.8,90,151,43.6,16.6,53,260,3,28.84863724
26,1,170.3,64.6,16.6,70,109,38.2,2.1,53,228,0,22.27425679
31,1,166.9,73.6,26.6,95,156,45.1,17.3,53,202,3,26.42196671
25,1,172.5,62.4,6.3,76,118,41.8,18.7,53,241,3,20.97038437
38,1,176.6,69.1,11.4,75,141,43.9,27.5,53,250,3,22.15627
32,1,176.1,75.5,18.4,86,148,55.7,6.6,53,210,1,24.34603487
21,1,172.8,79.5,20.5,63,126,48,0.9,53,227,0,26.62438915
30,1,162.1,62,21,84,139,38.1,10.3,53,195,1,23.59530849
28,0,165.1,53.4,23.3,95,128,28.2,23.7,53,165,3,19.59057173
48,1,169.3,60.7,12.8,74,116,35,11.2,53,211,2,21.17750412
31,1,183.4,89.9,20.6,71,138,66,21,53,235,2,26.7276656
46,1,171.7,60.8,19,68,122,37.4,16.4,53,194,3,20.62352934
30,1,176.2,83.9,19.4,82,150,43.8,13.1,53,218,1,27.02403239
29,1,169.7,75.2,23,50,118,38.8,14,53,227,0,26.1128429
21,1,180.4,73.9,26.2,99,149,31.9,5.2,53,157,0,22.70760714
25,1,174.8,67.5,13.3,61,119,36.6,20.5,53,217,2,22.09128183
29,1,176,77.6,19.5,63,103,38.3,5.6,53,236,1,25.05165289
21,1,173.3,61.7,16.4,73,143,31.2,6.4,53,203,1,20.54414344
26,1,179.7,78.2,16.2,76,116,45.8,17.8,53,252,3,24.21645672
32,1,171.5,73.2,17.4,72,134,38.7,28.3,53,252,3,24.88758935
36,1,177.8,89.7,21.4,96,150,53.9,22.1,53,228,2,28.37454655
35,1,170,61.9,16,79,129,48.4,14.5,53,233,3,21.41868512
22,0,161.2,57.9,24.3,65,114,26.8,23.6,53,180,3,22.28170853
21,1,173.3,68,12.9,66,112,41,10.5,53,153,1,22.64184366
25,1,171.7,70.3,24.5,89,151,36.1,6.7,53,204,1,23.8459558
21,1,177.7,63.4,12.1,71,132,40.2,13.5,53,230,2,20.07772041
21,0,172.1,59.2,21.6,61,100,30.6,21,53,182,3,19.98756854
22,1,158.7,57.7,16.4,69,132,45.7,11.1,53,226,2,22.90983491
28,1,171.7,77.6,14,85,132,59.1,19.7,53,257,3,26.32213614
33,1,178,67.5,16.7,74,139,46.5,15.8,53,221,3,21.30412827
26,1,170.9,70.9,18.4,64,130,44.7,16.1,53,219,3,24.27516048
27,1,181.4,83.1,19.5,91,135,44.9,19,53,232,3,25.25378381
24,1,178.5,95.4,26,72,132,59.6,0.7,53,185,0,29.94138832
25,1,176.5,80.6,17.2,83,128,47.5,26,53,231,2,25.87293053
33,1,174.9,80.2,23.5,79,131,50.7,19.3,53,233,3,26.21770964
24,1,161.3,63.3,17,77,126,37.9,4.9,53,196,0,24.32960036
51,1,173.8,64.6,15.8,82,135,31.4,12.8,53,220,2,21.38616798
45,1,175.6,76.9,14.9,80,123,48.5,10.2,53,222,2,24.93890131
27,1,164.5,67.8,15.3,60,124,47.3,16.4,53,244,3,25.05520089
27,1,173,78.9,20.1,64,113,52,19.8,53,247,3,26.36239099
30,1,176.9,77.9,19.6,96,141,40.6,13.4,53,256,2,24.89326096
26,1,171.4,72.6,17.9,84,122,51.3,18,53,205,3,24.71240345
31,1,186.4,79.9,18.1,80,115,49.7,10.1,53,222,2,22.99614102
26,0,164.5,50.8,20.9,84,121,28.1,31.4,53,170,3,18.77292338
21,1,172.6,67.4,16.1,50,106,36.1,18.6,53,221,2,22.62446477
37,1,163.4,59.8,21.4,82,139,41.2,20.7,53,236,3,22.39737284
33,1,169,74.5,17.3,90,140,47.1,16,53,267,3,26.08452085
23,1,172.5,70,19.4,94,133,34,9.6,53,187,1,23.52446965
55,1,173.6,77.76,22.1,80,120,41.9,-7.8,53,186,0,25.80220434
28,1,185.9,92.1,20.3,83,127,41.7,9,53,207,1,26.6502232
43,1,177.3,79.7,21.2,68,125,49.1,20,53,199,2,25.35367099
26,1,164.8,62.7,12.2,82,138,54.6,17.5,53,247,3,23.08623574
21,1,175.7,65.1,17.3,83,123,33.8,25.2,53,232,1,21.08810064
23,1,168.8,70,21.4,79,142,36.5,13.2,53,223,2,24.56705824
22,1,178.7,76.4,13.1,93,140,50.4,20.4,53,230,1,23.92457621
27,1,172.8,69.7,18.6,94,157,47.5,20.2,53,224,3,23.34238897
25,1,183.8,83.02,17.2,71,132,41,9.5,53,229,0,24.57489749
21,1,174,73.46,16.6,74,136,51.2,19.7,53,238,2,24.26344299
25,1,179,81.2,24,83,141,42.3,19.9,53,226,2,25.34252988
34,1,175.4,78.8,22.9,69,129,39.1,17.5,53,224,1,25.61338865
25,1,177.3,71.3,19.9,81,127,36.8,10.2,53,217,2,22.68151495
22,1,175.9,70.9,16.3,82,147,43,8.4,53,251,1,22.91472007
31,1,174.2,76.9,17.8,83,146,52.5,7.1,53,230,1,25.341367
22,1,176.6,80.5,13.8,72,107,40.6,-6.1,53,270,0,25.81157359
22,1,174.5,73.2,17.1,74,122,60.3,7.6,53,204,1,24.0392115
21,0,164,59,24.9,67,110,30.1,21.4,53,211,3,21.93634741
27,1,183.1,85.5,27.1,88,157,47.7,6.9,53,223,0,25.50289167
26,1,171.1,60.3,19,95,155,45.3,17.1,53,215,3,20.59763192
29,1,173,73.8,19.9,86,157,47.9,12.6,53,253,2,24.65835811
27,1,170.4,66.1,15.9,88,139,47.1,29.1,53,238,3,22.7647182
28,1,175.4,60.6,13.5,76,123,44.4,17.5,53,227,3,19.69760599
27,1,179,72.52,11.4,85,132,50.9,15.9,53,252,3,22.63350083
37,1,170.8,64.66,16.5,94,151,50.6,14.9,53,221,2,22.16460355
26,1,184,84,18.4,67,112,60,18.5,53,235,3,24.81096408
21,1,186.3,74.4,13.6,94,133,46.6,3.7,53,214,0,21.43617164
27,1,169.6,64.1,9.4,80,130,37.8,30.5,53,251,2,22.28467649
38,1,191.3,91.74,14.7,78,128,54.9,13.9,53,233,2,25.06852583
29,1,176.6,73.9,19.3,91,139,36.5,13.7,53,229,1,23.6953452
26,1,169.1,66.2,21.4,62,112,33.8,17.6,53,184,1,23.15105433
30,1,176.4,71.6,17.2,83,117,48.7,16,53,225,2,23.00995984
51,1,162.4,58.4,9.4,84,159,47.5,25.3,53,229,3,22.14322114
34,1,179.4,72.4,16.1,94,137,35.4,21.4,53,211,1,22.49539839
25,1,175,80.2,18.8,88,129,51.3,22,53,220,2,26.1877551
30,1,179.7,69,15.8,70,151,53.9,12.6,53,238,2,21.36746181
37,1,173.6,75.2,18.1,75,118,48.1,17.8,53,215,3,24.95274905
24,1,170,72.5,27.3,74,123,57,5,53,212,0,25.08650519
21,1,184.5,76.9,12.9,73,112,46.6,10.7,53,255,1,22.59090342
22,1,169.1,66.9,24.9,84,128,41,9.3,53,196,1,23.395854
32,1,177.5,74.7,12.7,69,131,42.1,17,53,250,2,23.70958143
46,1,172,74.5,22.6,93,147,44.3,15.2,53,208,2,25.1825311
40,0,165,53.1,16.7,62,108,30,22.8,53,181,3,19.50413223
21,1,178.3,73.14,10.1,73,116,45.2,21.6,53,224,2,23.00659088
36,1,169.3,57.9,8,77,117,46.2,11.9,53,238,2,20.2006176
28,1,173.6,71.4,16,86,156,41.7,15.7,53,218,1,23.69183886
34,1,180,72.28,13,89,141,42.6,18.9,53,228,2,22.30864198
27,1,171.2,64.3,18.1,82,140,46,15.5,53,223,3,21.93832431
26,1,175,71.7,10.7,81,133,44.7,23.4,53,234,3,23.4122449
28,0,162.9,54.4,25.1,79,123,25.8,23.1,53,178,3,20.50013547
25,1,177,76.16,20.1,80,120,49.3,9.7,53,218,1,24.30974496
27,1,182.1,82.6,18.8,97,154,47.8,18.9,53,260,1,24.90922157
23,1,178.6,77,25.2,84,150,32.7,10.5,53,238,1,24.13947475
40,1,167.9,68.2,18.7,80,137,37.2,13.8,53,212,1,24.19262437
26,1,170,55.7,10.8,65,111,43,18.7,53,226,2,19.2733564
26,1,166,83.6,29.2,87,143,47.9,20.4,53,211,2,30.33822035
34,1,173,63.6,17.9,80,144,40.3,17.8,53,217,2,21.25029236
57,1,169.6,72.2,21.9,94,150,45.4,19.2,53,215,3,25.10068085
38,1,165.5,61.1,16.3,55,107,45.6,19.4,53,254,3,22.30720786
21,0,162.5,52.3,25,74,114,21.8,23.7,53,184,2,19.80591716
36,1,165.8,64.3,19.4,83,145,34.3,21.6,53,220,1,23.39063007
28,1,174.3,59.48,13,70,119,36.7,16.1,53,233,3,19.5783544
42,1,170.3,73.4,14.3,85,130,51.2,18.2,53,217,3,25.30852087
27,1,170.4,59.3,11.4,86,129,46.6,14.6,53,211,2,20.42281073
27,0,170.8,67.2,19.6,76,120,33.1,2.2,53,168,0,23.03528237
42,1,182.2,87,20.2,94,135,50.3,15.3,53,215,1,26.20731371
27,1,170,69.7,22.5,86,145,43.6,13,53,192,2,24.11764706
48,1,163,67,21.1,75,137,34.6,25.5,53,193,1,25.21735858
29,1,175.1,76.22,15.9,71,133,49.7,17.2,53,222,3,24.85974401
36,1,177.3,92.4,22.3,87,151,38.8,23.3,53,226,0,29.39371643
32,0,165.5,54.2,24.5,75,126,27.1,24,53,130,3,19.78806327
37,1,165.8,72.8,17.3,92,155,41.3,15.7,53,224,2,26.48270403
33,1,176.5,70.3,12.4,84,140,47.8,18.5,53,222,3,22.56658829
30,1,174.5,76.4,19.4,76,118,45.7,21.2,53,220,2,25.09010599
24,1,172.1,74.7,24.1,69,114,45.7,11.1,53,244,2,25.22080017
26,1,184.4,87.4,15.2,80,139,52,9,53,231,1,25.70334226
23,1,177.1,75.7,12.4,55,128,47.9,20.3,53,246,2,24.13563654
33,1,170.6,67.8,18.2,71,102,53,23,53,239,3,23.29547875
35,1,175,70.7,16.9,84,156,50.3,18.4,53,236,2,23.08571429
27,0,163.1,52.62,12.8,74,109,28.1,24.1,53,216,3,19.78075763
23,1,173,70.1,9.9,68,122,41.4,11,53,247,1,23.42209897
23,1,163.6,56.8,15,96,157,40.2,8.9,53,188,1,21.22177653
25,1,176.5,74.2,20.7,71,118,44.5,2.3,53,176,0,23.81850428
29,1,172.5,75,13.8,71,140,52.4,20.6,53,234,3,25.20478891
24,1,179.3,73.4,16.2,70,123,43.1,13,53,230,2,22.83155445
27,1,167,68.3,21.7,88,144,38.6,8.7,53,210,1,24.48994227
25,1,181.7,88.7,22.3,89,149,44.3,14.7,53,223,0,26.86666531
34,1,165.1,62.3,16.2,97,148,38.1,15.4,53,230,2,22.85566701
25,0,153.4,45.9,17.5,62,101,29.6,23.5,53,191,3,19.50571913
23,1,175,73.18,14.3,78,126,45.7,23.7,53,243,2,23.8955102
26,1,181.6,73.1,15.6,74,122,34,16.9,53,237,1,22.16591628
22,1,170.1,69,21.6,53,100,36.1,0.7,53,168,0,23.84736855
27,1,175.6,70,8.4,70,127,47.7,17.3,53,239,3,22.70121056
24,1,171.1,68.1,18.5,76,125,49.5,15.1,53,232,2,23.26200222
34,1,167.4,68.9,22.5,92,147,35.7,8.4,53,231,1,24.58715701
22,1,164.2,60.8,15.7,89,134,47,8.9,53,199,1,22.55055701
22,1,177.4,84.5,9.2,58,116,43.9,14.3,53,255,2,26.85032074
37,1,181,84.7,16.6,98,152,53.9,20.5,53,247,2,25.85391166
27,1,174.6,66.3,13.3,93,147,58.6,17,53,244,3,21.74828671
35,1,178.7,82.5,22.2,75,121,50.9,16.9,53,233,2,25.83478452
37,1,177,74,18.5,84,132,48.6,22.1,53,220,3,23.62028791
33,1,175.6,72.9,16.9,93,140,58.1,24.5,53,240,3,23.64168928
21,1,169,70.56,19.5,67,130,43.8,15.8,53,184,2,24.70501733
22,1,184,83.2,17.1,80,121,41.5,7.5,53,245,0,24.57466919
22,1,179.3,61.2,14.2,77,152,39.5,11.7,53,250,1,19.03666393
28,1,173,67.9,15.7,80,150,44.2,22.3,53,232,3,22.68702596
25,1,183.2,66.6,11.7,63,124,48,19.2,53,234,3,19.84372914
49,1,166,66.5,21,87,146,48.2,9.2,53,192,2,24.13267528
34,1,174.9,72.9,23,82,125,38.9,4.9,53,214,1,23.83130963
24,1,170.7,62.84,7.9,72,117,34,24.2,53,248,2,21.56597682
25,1,183.8,68.3,14.1,76,132,44.5,10,53,244,1,20.21760418
32,1,177.1,66.6,14.7,96,134,56.1,23.6,53,234,3,21.23425883
31,1,172,66.3,19.7,77,112,42,16.3,53,230,3,22.41076257
23,1,170.7,70.4,18.8,58,111,34.5,11.2,53,225,1,24.16048326
23,1,166.4,65.2,18.1,72,113,37,10.2,53,212,1,23.54729105
37,1,177.3,75.3,20.4,80,125,36,17.3,53,221,2,23.9539702
21,1,182.2,86.2,17.1,77,128,51.6,9.7,53,237,1,25.96632692
21,1,173.1,67.1,9.8,76,127,44.6,14.51,53,246,2,22.39383038
28,1,164.2,70.5,22.9,79,123,40,8.3,53,193,1,26.14826101
30,1,176.1,77.5,16.6,87,140,53,29,53,240,3,24.99096295
37,0,154,51.8,31.3,70,117,26.6,19.8,53,171,1,21.84179457
22,1,172,61.5,13.2,78,126,43.8,13.9,53,234,2,20.78826393
43,1,173.1,77.5,22.8,96,144,55.3,24,53,226,3,25.86470722
21,1,170,64.1,18.9,71,120,49,21.8,53,250,2,22.1799308
37,1,170.5,69,21.3,80,123,45.6,18.2,53,238,3,23.73560599
28,1,178,83.2,18.6,79,146,58.1,19.3,53,240,3,26.25931069
23,1,171.6,67.1,13.9,82,152,39.5,19.3,53,222,2,22.78704202
29,1,168.1,74.3,22.7,85,143,45.5,11.2,53,233,2,26.29380192
27,1,171.9,67.9,17.9,74,136,34.1,14.5,53,233,1,22.97830665
56,1,161.5,58.8,19,93,157,41.6,18.1,53,211,3,22.54406733
27,1,172.7,56.6,13.3,72,117,41.4,19.7,53,210,3,18.97718346
24,1,183.1,79.9,14.9,77,138,51.1,14,53,214,1,23.83252684
24,0,163.2,58,27.2,85,122,24.3,23.3,53,198,2,21.7764802
23,1,178.9,77.6,17.6,70,124,44.3,15.2,53,250,2,24.24605244
37,1,173.6,78.2,19.7,94,147,47.6,16.7,53,223,1,25.94820446
31,1,171.1,71.8,16.3,73,133,51,12.5,53,201,2,24.52587018
26,1,166.7,59.4,12.4,72,118,33,12.5,53,195,2,21.37544897
36,1,177.9,67,10.8,64,118,41.9,13.9,53,240,2,21.17009986
25,1,166.5,61,15.7,82,119,42.5,23.6,53,228,3,22.00398597
26,0,160.2,54.3,23.6,66,118,42.3,22.9,53,190,3,21.15800942
42,1,168.7,63.9,22.7,66,126,49.2,18.1,53,211,3,22.45280957
25,1,168.4,63.1,15,97,141,43.9,16,53,237,3,22.25077719
36,1,178.1,79.1,20.4,68,128,53.9,18.5,53,245,3,24.9372549
49,1,166.4,66.6,21.5,67,117,40.5,21.3,53,215,3,24.05290773
24,0,152.1,46.2,21.2,80,110,17.7,26.6,53,165,2,19.9702521
22,0,159.4,55.3,23.8,75,120,22.2,29.7,53,200,3,21.76449011
21,0,169.4,57.7,21.4,64,118,34.4,15.4,53,182,2,20.10707978
28,1,167.2,56.3,10.5,72,120,42.4,9.7,53,233,1,20.13890479
25,1,174.9,72.1,16.2,62,126,49.4,26.2,53,226,3,23.56978635
23,1,175.1,67.1,13.3,85,140,44.6,12.6,53,252,2,21.8851853
31,1,175,72.3,12.4,79,136,44.5,26.2,53,258,2,23.60816327
24,1,170.1,76.96,20.6,75,119,54.4,10.2,53,197,1,26.59845628
28,1,180.9,86.8,20.7,64,132,57.8,25,53,235,3,26.52421817
22,0,168,59.1,31.9,80,120,25.2,20.5,53,170,2,20.93962585
52,1,176.4,73.1,18.2,66,116,44.6,18.9,53,229,3,23.49201207
21,1,180.2,76.3,22.2,73,142,36.5,8.4,53,220,1,23.49713785
28,1,164,66.2,24.3,84,137,39.3,5.3,53,212,1,24.6133254
26,1,174.3,70.8,11.6,61,129,45.9,14.4,53,231,2,23.30442992
26,1,180.1,74.8,22.4,90,138,36.5,5.5,53,228,1,23.06078954
36,1,169.9,75.2,23.8,91,146,49.9,3.8,53,205,0,26.05140094
21,1,168.4,74.88,15.5,81,154,45.8,20.9,53,244,2,26.40472577
22,1,176.7,79.3,13.2,94,143,44.5,-3.3,53,212,0,25.3980333
32,1,173.9,78.4,10.7,80,133,59.9,20.36,53,266,3,25.92488859
27,1,164.5,68.4,22.8,91,155,47.7,19.1,53,225,3,25.27692834
29,1,169.3,63.1,22.8,83,130,44.1,5.3,53,191,1,22.01483542
28,1,173.9,76.5,26.8,78,123,48.7,18.9,53,208,2,25.29660685
44,1,178,75,20.1,72,125,32.5,5,53,194,1,23.67125363
26,1,169.2,56.5,13.9,93,143,45.8,21.1,53,236,3,19.73548167
30,0,158.3,51.5,24.8,59,113,26.7,26,53,156,3,20.55158868
35,1,168.6,59,16.3,79,132,32.8,20.6,53,238,2,20.75567545
24,1,176.3,69.2,14.1,74,121,42.1,10.9,53,216,1,22.26391165
45,1,173.7,72.4,15.1,73,146,46.3,21.8,53,225,3,23.9960042
27,1,179.6,73.6,14.9,76,123,52.3,16,53,233,3,22.81734714
21,1,166.3,66.5,13.7,79,127,38.9,25.2,53,248,2,24.04568463
21,1,173.1,69.5,17,83,122,42.7,1.7,53,238,0,23.19480196
33,1,176.1,74.3,14,81,139,37.5,10.2,53,227,2,23.95907802
48,1,181.2,80.2,13.9,79,122,46.6,20.5,53,233,2,24.42631658
29,1,173.7,72.6,12.7,67,104,5.3,17.6,53,227,3,24.06229151
27,1,176.5,69.1,12.1,70,130,58.6,18.5,53,220,2,22.18138337
27,0,169.8,58.2,24.5,61,111,30.1,17.5,53,151,2,20.18587655
25,0,160.1,57.5,27.1,92,140,34.4,28.8,53,162,3,22.43288763
29,1,178.6,89.7,21,93,134,45.8,11.4,53,223,2,28.12092059
30,1,179.7,79.3,13.7,86,132,51,16,53,252,3,24.55709742
23,1,173,73.9,11.7,59,125,38,13,53,181,2,24.69177052
31,1,186,68.9,8.2,91,152,49.5,27.3,53,260,3,19.91559718
27,1,171.1,78,25.1,77,123,37.7,17.3,53,214,2,26.64370298
26,1,162.6,81.1,33.1,77,116,41.1,10.7,53,194,0,30.67466099
24,1,171.6,69,20.5,66,117,50.4,7.3,53,192,1,23.43227868
22,1,170,58.2,9.4,42,113,38.3,8.2,53,186,1,20.1384083
36,1,167.9,73.6,22.5,70,122,37.8,9.6,53,244,2,26.10816941
29,1,171.2,70.36,22.4,96,155,40,17.4,53,214,2,24.00591755
61,0,154.8,63.9,39.3,84,144,20.9,6,53,86,0,26.66606574
30,1,185.1,91.3,26,96,159,45.7,15.8,53,207,2,26.64759014
37,1,181.3,81.3,15.1,90,151,55.6,31.4,53,273,3,24.73403309
28,1,166.9,70.5,20,76,127,35.4,8.2,53,206,1,25.30908496
26,1,164.2,59.7,16.5,74,127,51.8,19.7,53,209,2,22.14256996
21,1,177.8,65.1,11,77,130,47.7,22.5,53,242,2,20.59289833
23,1,171.3,80.4,21.3,72,134,53.5,20.8,53,224,0,27.39941705
43,0,164.2,55.2,17.7,78,125,35.7,20,53,193,3,20.47353203
23,1,174.4,71.5,10.9,70,141,48.7,18.1,53,204,1,23.50785919
27,1,181.6,83.1,24.9,86,137,45.2,5.5,53,224,1,25.19818937
58,1,174.9,79.2,20.8,98,141,53,11.5,53,212,2,25.89080553
25,1,173.8,83.6,21.6,86,139,53.1,28.6,53,242,3,27.67621739
54,1,166.2,63.2,16,79,158,40.9,13,53,192,2,22.87994833
21,1,180.2,80.3,24.7,72,124,47.3,10.4,53,239,1,24.72896683
23,1,179.3,82.3,22.1,89,139,48.5,18.7,53,257,2,25.59995819
47,1,161.8,58.92,17.7,77,138,34.8,6.7,53,194,1,22.50638292
26,1,177.4,70.6,18.1,54,116,37.8,16.8,53,226,2,22.43352242
32,1,175.2,84.3,23.5,74,126,51.2,14.3,53,228,2,27.46372052
28,1,180.6,66.6,12.7,98,143,39.4,4.4,53,236,0,20.41920067
21,0,162.5,58.1,30.2,76,114,26.6,23.5,53,180,3,22.00236686
36,1,181.2,72.3,17,94,157,41.4,10.3,53,215,1,22.02023303
26,0,159.3,49.8,26.8,87,124,30.8,22.6,53,165,3,19.62446343
27,1,175.8,72.3,17.5,74,132,45.5,19.4,53,247,3,23.39378832
26,1,175.3,82.9,18.2,78,123,57.2,10.4,53,238,2,26.97681653
31,1,185,68.7,13.3,71,125,36.4,10.7,53,244,2,20.07304602
21,1,174.3,71.1,14.6,69,119,37.9,11.2,53,223,2,23.4031775
35,1,172.2,73.3,12.5,82,133,47.4,21.4,53,249,3,24.71938607
26,1,168,64.4,8.9,83,130,43.5,18.5,53,244,3,22.81746032
26,0,168.5,78.24,35.3,65,124,35.7,21.5,53,161,2,27.55681568
38,1,170.1,69.6,23.4,67,116,51.7,9.9,53,200,2,24.05473697
31,0,151.5,46.4,27.9,83,117,18.2,11.2,53,177,1,20.21588297
33,1,171,74.9,18.8,98,157,54.9,4.3,53,245,0,25.61471906
32,1,174.7,76.9,19.3,69,119,54,15.5,53,225,3,25.1965181
45,1,168.1,62.24,17.9,92,151,41.4,20.1,53,211,3,22.02592505
25,1,184.1,92.3,22,85,127,42.8,3.6,53,211,0,27.23291459
26,1,180,67,15.3,86,123,46.4,15,53,248,3,20.67901235
40,1,169.9,60,12,69,131,41.2,15.7,53,227,2,20.78569224
34,1,174,75.8,15.9,84,156,51.3,23,53,245,3,25.03633241
23,1,173.3,65.7,10.9,75,108,37.8,20,53,233,2,21.87601659
30,1,165,58.72,16.8,65,116,42,14.5,53,229,3,21.56841139
24,0,158.1,56.4,20.5,56,116,27.7,26.6,53,212,3,22.56396223
22,1,177.6,72.5,20,77,144,41.1,13.4,53,225,1,22.98540094
24,1,182.4,74.1,11.1,63,114,48.1,11.3,53,249,1,22.27247807
25,1,180.5,69.32,12.8,88,146,51.9,16.1,53,225,2,21.2766937
25,1,171.4,74.1,17.9,74,118,48.7,18.9,53,224,3,25.2229903
33,1,169.1,67.9,20,91,150,50.6,17,53,214,2,23.74556781
27,1,174.2,71.7,15.2,89,133,48.4,18.3,53,226,3,23.62777651
30,1,191.8,91,15.5,79,131,53.7,16.4,53,248,2,24.7368381
23,0,155.5,55,26.2,66,103,30.9,29.4,53,200,3,22.74583596
44,1,168.9,53.2,6.6,80,132,45.3,15.2,53,226,3,18.64886191
27,1,171.5,64,16.2,75,114,42.2,16.9,53,240,3,21.75964097
27,1,180.2,76.6,19.8,79,143,45,17.4,53,200,3,23.58952502
26,1,175.4,74.7,18.2,93,150,37.7,-6.8,53,215,0,24.28071234
38,1,179.8,77,13,83,123,59.4,20.4,53,249,3,23.81833232
28,1,171.7,74.4,17.3,74,131,49.1,7.9,53,250,1,25.23668722
29,1,173.4,75.1,21.6,78,138,38,18,53,215,2,24.97708494
21,1,169.2,92.9,33.3,93,157,44.6,10.9,52,226,0,32.45002208
60,1,173,68.4,11.4,70,124,47.1,12.3,52,195,3,22.85408801
44,1,172,71,18.1,69,113,48.3,28.7,52,203,3,23.99945917
27,1,180.9,77.1,19.9,76,156,40.9,22,52,209,2,23.56010623
30,1,185.2,108.9,23.1,98,143,54,27.7,52,231,0,31.75015977
28,1,171,74.6,25.2,83,143,42.4,8,52,213,0,25.51212339
39,1,170.8,68.9,19.9,78,117,43.3,7.4,52,215,1,23.61802017
28,1,171.4,68.3,12.6,62,130,35.9,12.3,52,228,1,23.24872115
47,1,174.3,78.1,22.8,83,142,46.7,16.8,52,231,1,25.7072878
22,1,175.8,66.6,14.7,71,128,34.2,2.9,52,240,0,21.54946476
26,0,157.6,50.1,23.9,63,111,24.2,22,52,160,3,20.17090108
21,1,183,80.1,17.6,72,138,44.7,21,52,238,1,23.91830153
28,0,160.6,53.3,22.4,89,141,26.4,19,52,157,3,20.66503414
27,1,182,80.8,24.1,78,141,40.5,-1.6,52,222,0,24.39318923
35,1,191.6,125.7,35.2,85,156,58,9.2,52,228,0,34.2408288
33,1,169.3,71.1,20,79,136,45.8,17.2,52,223,1,24.80593975
24,1,174.8,72.4,11.6,85,148,54.6,17.5,52,259,2,23.69494525
34,1,171.1,68.4,18.5,66,106,39,18.7,52,232,3,23.364478
28,1,172,68.6,14.8,64,121,50,15.5,52,242,3,23.18820984
24,0,165.7,58.2,24.5,73,125,26.8,20.9,52,180,3,21.19717415
25,1,173.4,72.32,18.7,80,128,45.8,12,52,229,2,24.05250044
22,0,167.9,54.9,20.2,75,123,29.7,21.8,52,214,3,19.47470789
32,1,181,78.8,17.6,68,114,49.5,10.6,52,182,2,24.05298984
41,1,169,76.1,19.1,79,152,52.9,10.1,52,236,2,26.64472532
27,1,174,64.9,16.5,92,129,44.6,15.5,52,226,3,21.43612102
28,1,178.4,77.9,27.5,86,139,48.5,17,52,231,3,24.47641215
28,1,182,78,9.8,57,119,42.8,26.1,52,221,3,23.54788069
21,1,171.4,84.3,24.5,86,130,41.8,12.1,52,223,1,28.69498086
27,1,175.1,68.7,17.2,72,130,41.9,13.4,52,241,2,22.4070377
38,1,175.4,76.9,22.1,94,139,41.4,15.9,52,220,1,24.99580695
29,1,179,83.4,25.2,96,143,38,7.8,52,212,0,26.02915015
25,1,172.4,79.6,14.8,75,119,52.7,17.6,52,249,3,26.7817249
21,1,185.3,72,16,67,120,41.3,8,52,260,1,20.96919014
21,1,173.6,74.1,15.6,63,159,43.9,22.7,52,214,2,24.58774873
33,1,180.3,83.3,20.4,78,136,51.8,16.3,52,239,2,25.62439073
30,1,175.9,66.2,14.9,74,121,47.3,21.4,52,225,3,21.39569068
37,1,173,72,25.9,89,148,44,18.9,52,243,1,24.05693475
29,1,175,70.1,12.3,78,128,44.1,15.3,52,250,3,22.88979592
21,1,172.1,77.3,21.4,96,158,53.1,20.6,52,220,2,26.09863257
31,1,169.6,78.9,22.8,95,120,46.3,11.5,52,219,2,27.42996841
21,1,172.9,73.6,21,81,128,39,11.4,52,214,1,24.61998748
28,1,170.5,70.4,17.1,83,144,39.4,19.2,52,223,3,24.21719799
26,1,179.7,75.8,20.5,93,154,60,16.4,52,234,2,23.47324066
23,1,165.6,63.3,18.1,67,126,40.4,28.6,52,186,2,23.08251068
28,1,171.5,72.9,19.5,71,122,45.8,23,52,219,3,24.78559104
30,1,184,87,19.6,82,126,57,17.5,52,252,3,25.69706994
24,1,167.2,56.1,13.3,69,110,32.8,24.4,52,229,2,20.06736338
29,1,180.1,72.4,13.8,91,155,48.4,15.2,52,223,3,22.32087116
37,1,168.6,62.5,19.9,80,121,43.8,4.6,52,190,1,21.98694433
25,1,178.2,74,21.3,80,130,48.3,16.3,52,230,3,23.30324066
33,0,170.5,54,21.2,73,108,25.5,27.6,52,186,3,18.57569164
25,1,170.4,70.9,19.4,83,134,47.7,12.9,52,206,1,24.41782935
21,1,176,62.5,16.4,69,114,36,19.9,52,262,2,20.17691116
22,0,169.5,61.6,28.4,80,127,28.7,14.9,52,176,2,21.44081586
28,1,174.2,75.6,16.6,74,117,54.8,12,52,240,2,24.91296938
26,1,172.6,75.5,17.1,75,122,40.7,17.2,52,240,1,25.34342863
30,1,178.5,70.1,17.4,92,134,48.9,15.4,52,245,3,22.00095725
21,0,167.9,57.6,25.9,72,117,24.1,24.4,52,196,2,20.43248041
26,1,183,91.5,14.2,89,152,59.8,24,52,218,3,27.32240437
33,1,177.5,68,16.9,83,117,43.5,12.1,52,195,2,21.58301924
24,1,187.6,81.22,16,78,133,60.6,16.5,52,235,1,23.07795473
25,1,184.5,85.9,18.6,72,118,46.5,17,52,195,2,25.23483229
43,1,167,60.58,11.5,64,125,45.4,14.4,52,238,3,21.72182581
21,1,176.5,71.4,14.3,66,135,45.1,17.3,52,280,2,22.9196928
28,1,178,79.7,19,75,137,42.7,7.4,52,204,1,25.15465219
23,0,159.6,44.8,22.8,76,138,25.3,22.6,52,166,3,17.58782922
25,1,180.7,77.1,17.9,86,146,45.8,17.8,52,227,2,23.61228807
35,1,179.9,87,17.7,65,104,58.3,13.2,52,228,2,26.88171212
32,1,178.5,95.4,21.7,89,142,53.8,23.6,52,224,1,29.94138832
59,1,169.1,68.7,10.4,84,131,45.7,21.1,52,149,3,24.02533886
24,0,169.1,55.4,20.5,55,112,35.3,17.3,52,187,2,19.37414517
24,1,176.4,80.9,18.5,84,127,65.2,9.5,52,247,1,25.99868368
26,1,175.7,76.9,19.7,75,116,49.9,18,52,224,3,24.91052134
26,1,176.7,60.8,13.4,66,118,43.1,11.5,52,236,2,19.47289312
21,1,175.4,63.7,14.1,81,128,33.1,8.2,52,225,1,20.7052393
28,1,174.9,74.8,21.6,71,124,43.6,21.1,52,218,2,24.45242744
24,1,169.9,58.8,13.7,77,117,36.9,11.3,52,202,2,20.36997839
29,1,173,73.1,22.2,91,137,51.8,17.2,52,231,2,24.42447125
33,0,162.6,55.8,21.6,88,130,31,12.9,52,193,1,21.10537711
25,1,169,63.1,8.7,61,101,49.7,19.2,52,255,3,22.09306397
21,0,171.1,70.1,28.4,87,125,31.2,19,52,198,2,23.94517409
28,1,180.8,81.1,18.8,82,140,40.6,13.5,52,248,1,24.8098422
49,1,166.7,65.7,13.4,71,125,39.8,18.3,52,204,3,23.64254204
23,0,160.1,58.7,18.3,70,116,27.9,24.3,52,198,3,22.90105224
31,1,175.4,70.9,19.3,80,132,47.3,18,52,188,3,23.04554893
23,0,160.5,55,27.5,82,130,23.9,21.1,52,192,2,21.35072447
23,1,179,71.5,15,62,98,40,14.3,52,218,1,22.3151587
43,1,174.1,84.96,20.6,85,141,50.7,10,52,215,1,28.02960396
30,1,180,78.6,26.6,98,145,51.4,7.1,52,181,1,24.25925926
22,1,180.3,68.1,14.9,92,149,43.8,13.1,52,231,1,20.94863156
27,1,172.3,71.6,12.4,82,132,43.6,13.5,52,229,2,24.11806534
38,1,183.6,83.7,17.2,82,152,50.6,17,52,226,2,24.83019352
22,1,173.3,73.2,20.3,63,125,38.3,13.5,52,236,1,24.37327876
21,1,184,76.1,16.8,56,117,42.4,13.4,52,239,1,22.47755198
42,1,178,80.6,22.8,63,121,43.4,24.9,52,196,2,25.43870723
21,1,178.6,65.1,12.2,42,107,40.7,21.2,52,265,1,20.40882865
26,1,169.4,71.2,18.4,72,140,42.9,15.1,52,237,3,24.81150919
25,1,174.2,63,12.6,93,140,47.5,15.1,52,219,2,20.76080781
36,1,176.7,88,28.6,83,131,44.5,11.1,52,166,0,28.18445057
33,0,157.7,53.9,28.5,65,113,27.5,16.8,52,160,2,21.67331677
44,1,177.2,70.6,16.7,93,151,45.1,18.3,52,233,3,22.484191
40,1,175.1,68.58,13,89,129,46.8,17.9,52,228,3,22.36789877
22,0,162.3,52.9,20.7,86,152,26.4,22.6,52,202,3,20.08253962
22,1,175.8,69.66,13.3,70,127,44.8,18.7,52,262,2,22.5395753
27,0,165.8,64.1,32.3,83,122,27.6,21.7,52,172,2,23.31787539
32,1,175,65.5,17.9,94,129,42.2,18.3,52,245,3,21.3877551
26,1,179.3,84.3,19.3,87,150,45.9,9.8,52,211,1,26.22207139
30,0,168.3,58,22.9,58,106,30.9,18.2,52,190,3,20.47669029
25,0,160,48.2,25.8,74,131,22.7,24.4,52,162,3,18.828125
25,1,177.2,70.7,14.9,90,141,48.9,19.2,52,227,3,22.5160383
34,1,171,87,28.7,92,139,48.8,26.9,52,215,0,29.75274443
21,1,175.3,60.1,10.7,71,120,35.6,29.3,52,200,2,19.55737845
25,0,158.9,48.5,26.2,84,122,26.6,28,52,153,3,19.20852177
54,1,171.4,64.8,16.6,81,141,35,19.4,52,222,3,22.05735184
33,0,159.2,62.5,34.1,68,103,27.1,12,52,169,0,24.66004646
34,1,181.3,73.1,15.3,70,108,45.4,13.3,52,243,2,22.23933356
22,1,172.5,67.4,20.5,83,128,44.5,10.7,52,211,1,22.65070363
22,1,180.6,92.7,20.4,86,156,53.5,18.7,52,227,0,28.42131985
28,1,177.4,74.44,12.4,81,131,43.7,19.1,52,235,2,23.65370268
34,0,160.1,52.3,19.9,72,123,27.3,25.1,52,180,3,20.40417431
25,1,187.4,76.1,11.5,72,121,48.6,14.9,52,237,3,21.66933001
26,1,169.1,72.3,19.3,95,153,39.7,8.2,52,218,1,25.28430859
24,1,184.4,84.3,20.9,78,142,51.6,10.2,52,160,1,24.79166765
46,1,172,82.2,25.9,91,136,46.9,11,52,221,0,27.78528935
23,0,161.5,57.1,24.6,84,126,28.2,21.2,52,192,3,21.89228307
23,1,183.4,82.6,15,64,144,45.9,6.2,52,245,1,24.55734348
31,1,164.9,77.38,32.3,90,143,53.8,14.6,52,207,2,28.45688862
21,1,176.5,63.1,21.7,95,141,36.1,18.5,52,213,1,20.25535876
26,1,173.5,64.28,13.3,80,125,51.5,15.3,52,211,3,21.35388551
29,1,182,80.2,24,80,135,52.5,8.8,52,185,1,24.21205168
26,1,180.6,78.4,21.5,98,156,54,9.9,52,211,0,24.03701701
21,0,163.8,61.8,31.5,73,117,27.7,20.5,52,200,2,23.03353952
42,1,162.3,67.3,18,64,130,48.5,15.2,52,219,3,25.54924227
36,1,171.1,62.5,15.2,71,136,44.3,12,52,226,2,21.34912098
50,1,178.3,85.7,30.3,88,149,54.8,25.8,52,234,3,26.95740824
26,1,176.7,74.88,21,65,133,47.7,15.2,52,231,3,23.98240522
30,1,180.7,100.2,29.1,84,135,64.4,9.6,52,239,2,30.68678683
28,0,162,54,32.3,82,121,23.7,25,52,182,3,20.57613169
58,1,168.8,66.02,19,80,120,40.1,12.3,52,202,2,23.1702455
23,0,161.4,53.52,23.5,79,109,32,22.3,52,182,3,20.54513711
29,1,179.5,76.7,19,86,132,34.5,3.7,52,204,0,23.8049053
30,1,173.3,79.54,22.5,87,137,47.9,22.4,52,228,3,26.48429771
29,1,170.6,66,21.2,83,121,43.8,16.1,52,236,3,22.67701472
31,1,171.5,69.6,14.5,83,125,53,10.9,52,233,2,23.66360955
24,1,168.3,69.4,25.1,76,121,47.4,13.7,52,211,1,24.50141907
43,1,178.9,82.2,20.7,86,138,39,13.8,52,202,0,25.68331843
60,1,155.3,57.1,24.1,78,136,32.8,16.9,52,192,2,23.67517494
27,1,170,81.1,21.6,85,145,48.7,17.2,52,226,3,28.06228374
21,1,173.3,80.4,26.7,98,147,46.1,19.3,52,218,2,26.77065044
28,1,166.2,68.1,21,80,130,44.2,19.9,52,217,3,24.65386838
29,1,174.7,83.78,24.9,77,146,40.4,18.4,52,238,2,27.45077095
32,0,174.2,73.3,23.3,70,122,39.3,23.3,52,191,3,24.15503512
37,1,183.2,74,15,84,136,49.5,21.5,52,222,3,22.04858794
32,1,177.3,66,13.9,85,132,40.6,7.6,52,240,1,20.99551173
25,0,151.4,47,21.5,60,100,25.9,26.6,52,173,3,20.50435478
27,1,180.4,72.4,16.8,85,129,46.3,17.5,52,200,3,22.24669495
22,1,177,72.16,18.8,65,131,45.9,16.2,52,243,2,23.03297265
33,1,180.7,69,13.2,64,116,48.4,20,52,248,3,21.13161967
22,1,177.2,84.5,27.1,97,135,33.6,16.5,52,190,0,26.91096515
48,1,169.1,72.2,26.1,99,150,42,20,52,202,3,25.2493372
27,1,170.5,66.6,12.4,84,136,42.2,28.6,52,261,3,22.91001969
57,1,172.6,66.4,19.3,99,157,42.9,17.8,52,201,3,22.28879022
28,0,172.8,64.6,25.2,71,131,31.4,15.1,52,211,2,21.63440929
26,1,179.4,70.6,11.4,79,139,46.7,18.2,52,243,3,21.93612053
25,1,182,81.2,19.3,80,120,42.4,8.2,52,193,1,24.51394759
24,1,181.3,74.9,12,89,140,53.3,11.3,52,178,1,22.78695053
39,1,180.7,81,15.7,87,136,55.9,22,52,249,3,24.80668396
40,0,158.1,54,24.5,82,130,25.4,22.7,52,168,3,21.60379363
27,0,160.7,64.8,27.2,63,117,30.6,19.2,52,163,3,25.09246068
23,1,177.2,70.8,22.8,59,108,35.6,27.9,52,236,1,22.54788559
28,1,168.8,61.2,14.8,63,108,36.9,17.7,52,210,3,21.47862806
28,1,175.2,79,23.2,73,128,42.9,20.2,52,200,3,25.73705719
32,1,191.7,90.2,11,73,137,58.8,15.4,52,251,3,24.54495905
24,1,176.3,78.04,20.9,86,143,49.2,12.2,52,236,1,25.10802984
43,1,167.1,61.3,18.4,69,148,41.8,16.9,52,223,3,21.95369239
23,0,161.3,66.4,35.9,78,134,26.8,21.2,52,166,3,25.52109738
21,0,173.7,62.5,22.7,70,113,24.3,27.4,52,190,1,20.71478263
35,1,168.1,85.6,28,88,144,54,11.7,52,202,2,30.29272469
23,1,181,69.4,10,79,144,45.7,3.8,52,252,0,21.18372455
26,1,169.7,58.5,13,61,108,47.3,16,52,203,1,20.3138472
21,0,158.4,51.7,28.4,76,115,25.1,20.1,52,168,1,20.60535915
24,0,166.8,65.8,28.8,94,143,33.9,22.6,52,162,3,23.65014463
32,1,178.1,64,14.5,83,135,59.8,16.5,52,238,3,20.17679284
31,1,173.3,77.4,20.2,78,131,49.9,19.5,52,223,3,25.77174558
27,1,178.6,70.5,18.8,90,156,44.3,22.7,52,216,2,22.10172688
58,1,164.2,63.7,19.5,77,123,31.8,12.4,52,193,1,23.62615924
21,1,179,62.5,11.4,73,120,26,6.8,52,173,1,19.50625761
26,1,173,65.6,13.1,73,119,45.4,6.4,52,220,1,21.91854055
23,0,165.8,56.7,15.7,77,115,39.8,27.4,52,200,2,20.62595218
28,1,166.5,62.3,25.2,76,130,34.6,19.4,52,189,2,22.47292337
34,1,170.1,73.2,22.6,71,145,37.6,14.3,52,219,2,25.2989475
30,1,170.8,72,21.9,73,111,48.6,19.1,52,238,1,24.68065969
31,1,166.1,64.1,23.5,86,145,43.1,2.8,52,210,0,23.23372072
28,0,160.9,63.6,35.2,94,136,27.7,22.1,52,179,3,24.56659846
24,1,175,77.2,22.9,87,143,43.8,19.3,52,222,2,25.20816327
25,1,172,66,14.1,77,116,39.8,17,52,197,2,22.30935641
33,1,170.4,79.2,25.4,81,124,51.4,16.4,52,224,3,27.27633406
22,0,163.9,53.7,22.9,54,106,30.4,23,52,193,3,19.99016499
21,0,166.2,55.7,29.1,68,114,29.8,25.1,52,183,3,20.16476459
38,1,177.6,86.6,17,70,123,39.3,14.5,52,235,1,27.45566512
41,1,172.6,68.9,17.3,67,131,43.9,18.2,52,226,3,23.12797659
24,1,175.2,72.4,20.7,73,132,38.4,16.4,52,242,1,23.58687267
23,1,176.5,69.8,15.7,76,128,40.4,14.3,52,228,2,22.40608624
26,1,173,72.8,14.1,72,126,38.5,17.6,52,242,2,24.32423402
45,1,162.5,69.5,25.4,79,136,49.2,20.1,52,235,3,26.31952663
26,1,170.9,67.5,12.7,98,151,43.4,15.1,52,247,3,23.11104842
26,1,170.3,74.3,16,92,144,48.6,25.1,52,234,3,25.61884333
35,1,175,79.8,19.2,89,146,45.9,14,52,197,2,26.05714286
42,1,176.2,73.5,16.3,62,112,53.8,20.3,52,251,3,23.67421192
54,1,174.8,73.2,23.4,91,151,43.9,14.9,52,198,1,23.95676785
32,1,173.9,68.2,17.9,91,152,46.2,16.9,52,224,3,22.55200767
27,1,171.5,71.7,21.9,80,118,41.9,21.5,52,210,2,24.37759777
24,1,182,85.8,25,81,123,50.3,-11.9,52,212,0,25.90266876
22,0,166,59.88,22.7,93,150,34.5,18.3,52,202,2,21.73029467
26,1,173,74.3,13.6,86,141,50.6,20.7,52,235,3,24.82542016
38,0,165.9,55.6,23.7,96,131,29.3,21.8,52,170,3,20.20142565
26,1,175.7,75.3,13.6,64,113,49.5,23.1,52,228,3,24.39222701
31,1,174.5,74.92,25.9,86,156,55.5,10.5,52,213,2,24.60406729
26,1,182.4,78,13.3,77,146,34.7,18,52,259,1,23.44471376
24,1,174.1,68.2,18.2,71,129,36.2,15.9,52,232,2,22.50022352
26,1,180.7,83.7,19.5,71,111,53,17.7,52,230,3,25.63357343
24,1,174.3,70.8,15,77,136,45.6,6.6,52,215,1,23.30442992
39,1,174.1,76.7,23.5,87,135,45.9,7.2,52,242,1,25.30450357
21,1,166.5,63.6,18.2,91,140,37,10.5,52,241,1,22.94186078
25,1,174.2,76.9,20.6,97,145,49.4,18.2,52,225,3,25.341367
30,1,162.9,60.5,19.6,88,138,40.1,8.9,52,236,1,22.7988639
45,0,159,56.5,23.5,70,110,30.6,27.2,52,170,3,22.34879949
43,0,161.3,61.2,24.1,70,117,28.6,15.4,52,196,1,23.52245722
53,1,168.9,67.4,22.1,87,128,39.7,21.9,52,205,3,23.62656565
56,1,175,78.3,20.2,92,151,44.5,20.9,52,212,2,25.56734694
26,1,184.5,80.6,18.7,88,151,41.9,11.1,52,217,1,23.67785195
39,1,166.5,62.4,16.4,68,132,60.1,18.9,52,219,2,22.50899548
31,1,166.3,70.2,19.8,81,124,54.5,13.8,52,217,2,25.38356483
30,1,173.2,69.1,15.2,69,137,48.5,15.6,52,245,3,23.0346847
27,1,172.9,87.9,25.1,88,133,58.3,18,52,227,3,29.40349049
30,1,173.2,66.7,13.1,74,123,46.6,19.3,52,245,3,22.23463777
25,1,181.8,81.1,21.7,82,120,50.7,13.3,52,217,2,24.53765729
21,1,182.7,81.2,21.2,77,139,41.4,23,52,223,2,24.32646111
24,1,184.1,64.3,9.9,79,128,54.9,-10.5,52,222,0,18.97157539
23,0,164.3,52.5,31.3,63,108,29.4,26.7,52,195,1,19.44841336
37,1,171.5,77.9,20.5,76,129,51.1,15.5,52,210,2,26.48556299
25,1,172.8,66.5,23.1,86,150,45.2,3.7,52,203,0,22.27071545
27,1,176.8,68.8,9,76,114,41.8,19.6,52,258,3,22.01019635
27,1,178.1,73.5,16.7,78,126,44.7,19.8,52,230,2,23.17178553
26,1,184.1,70.6,17.8,68,128,40.4,14.7,52,231,1,20.83037671
25,0,162.8,52.2,20.9,52,96,29.7,17,52,167,2,19.69525925
38,1,180.3,82.1,21,75,115,52.6,15.8,52,221,2,25.25525185
32,1,167,62.2,14.9,78,145,45.7,21.2,52,226,3,22.30269999
22,1,170.1,66.2,15.3,72,132,44.4,19.6,52,228,2,22.87964924
34,1,174.1,81.9,27.5,85,155,54.1,14.2,52,237,0,27.02006314
28,1,170,83,29.8,100,145,47.9,23.9,52,226,3,28.71972318
32,1,171.5,84.4,25.7,80,139,52.8,21.3,52,221,0,28.69552652
29,0,163.5,55.1,27.5,98,136,29.9,22.1,52,166,3,20.61180784
26,1,173.6,70.5,16.4,68,106,48.3,15.5,52,214,2,23.39320223
31,0,158.9,56.7,22,83,119,24.7,20.2,52,174,3,22.45614813
24,1,159.4,66.6,19.9,64,134,33.9,19.3,52,208,1,26.21184524
28,0,157.7,51.9,32.1,84,126,29.4,25.3,52,144,2,20.86911207
23,1,176.5,69.5,10.6,75,118,38.8,12.5,52,233,1,22.30978501
23,1,170,68.2,23,77,118,40,6.6,52,184,1,23.59861592
45,1,178.8,81.3,22.2,97,148,39.7,13.2,52,213,1,25.43053616
43,1,164,63.6,25.2,97,147,45.6,19.6,52,231,3,23.64663891
41,1,173.1,66.7,19.7,69,112,35.3,-3.1,52,206,0,22.26033512
34,1,179.6,81.4,18.1,85,141,57.9,19.4,52,234,3,25.2354899
47,1,169.7,75.7,23.1,83,138,43.7,9.7,52,206,2,26.28646553
40,0,159.1,51.9,25.2,77,141,30.4,27.9,52,182,3,20.5034526
23,1,178.4,75.4,13,66,111,55.7,20,52,248,2,23.6909047
21,1,173.9,62.3,8.3,69,131,40,13.6,52,253,2,20.60102754
23,1,181,93.2,21.3,72,129,56.8,25.5,52,214,2,28.44846006
21,1,176.7,80.9,22.9,77,125,44.7,13.9,52,219,1,25.91047786
31,1,176,78.4,20.5,75,126,52.1,20.9,52,240,0,25.30991736
23,0,160.6,55.5,20.4,70,113,25.4,15.3,52,170,2,21.5179999
30,1,171.5,85.1,30.2,82,146,41,7.3,52,192,0,28.9335226
25,1,173.8,72.8,25,96,145,48.2,12.2,52,213,2,24.10082088
22,1,185.4,91.5,19.4,85,138,52.9,-6.5,52,239,0,26.61960669
28,1,170.5,71.6,21,73,140,49.4,17,52,220,3,24.62999114
31,1,181.1,64.2,16,90,143,46.4,17.4,52,201,3,19.57483579
25,1,173.4,67.3,19.2,79,130,44.5,16.4,52,225,3,22.38292698
25,1,171.3,79.6,24.2,81,121,43.8,8,52,239,1,27.12678603
24,1,171.2,90.6,29.9,82,144,57.3,18.3,52,227,2,30.91154249
33,1,172.7,65.9,19.6,98,145,41.8,12.9,52,184,2,22.09534258
22,1,169,78.9,25.4,65,108,37.1,14.4,52,215,2,27.62508316
21,1,174.7,75.1,13.3,75,104,55.2,24.5,52,225,2,24.60674264
25,1,180.6,84.1,22.6,74,150,46.1,22,52,220,2,25.78460625
28,1,164.1,58.9,12.1,69,116,42.9,20.3,52,247,3,21.87248527
27,1,170.2,68.8,15.7,86,143,42.2,15,52,206,2,23.75031241
33,1,166.3,79.8,23.2,73,127,44.5,8.1,52,224,1,28.85482156
29,1,169.5,66.1,21.6,68,117,54.8,19,52,220,2,23.00710923
27,1,169.8,61.9,10.6,69,138,47.3,12.6,52,251,2,21.4691711
22,1,164.5,64.6,18.2,72,134,40.2,18.4,52,227,2,23.87265454
35,1,170.4,76.3,27.7,90,138,47.7,17.9,52,229,2,26.2775794
40,1,176.5,66.88,16.8,81,138,41.7,15,52,212,3,21.46875426
24,1,170.7,69.4,24.2,77,107,39.7,15.6,52,230,2,23.81729458
63,1,159.5,52,13.1,72,125,34.4,26.5,52,189,3,20.44005071
24,0,168.1,60.6,22.3,75,120,34.7,21.6,52,179,3,21.44555042
21,1,180.8,76.2,15.7,68,118,47.6,16.8,52,218,2,23.3108505
29,0,165.8,57.9,26.3,78,117,31.3,24.8,52,203,2,21.06248027
22,1,183.8,66.4,15.4,77,122,46.6,21.8,52,229,2,19.6551818
32,0,162.3,50.8,19.5,58,101,28.9,18.8,52,163,3,19.28531215
27,1,172.8,70.2,16.5,84,120,45.9,23.8,52,222,3,23.50983796
35,1,175.5,74.5,20.7,68,125,56.6,20.9,52,225,3,24.18811536
31,1,165.6,60.8,13.9,74,134,45.7,13.6,52,229,2,22.17087913
47,0,158,55.6,23.3,94,139,28.9,22.9,52,191,3,22.27207178
31,1,175.2,73.9,11.7,73,112,50.4,21,52,225,3,24.07555097
31,1,172.3,76,17.6,88,155,46.2,18.8,52,202,1,25.60018109
31,1,170.1,77.5,26,89,154,48.1,12.3,52,232,0,26.78508786
40,1,179.4,84.1,17.1,89,152,41.6,4.7,52,234,0,26.13070448
37,1,174.5,74.4,14.3,71,118,47.3,26.8,52,233,3,24.43329694
29,1,178.1,78.9,11.6,80,138,53.6,17.7,52,226,1,24.87420243
39,1,181.8,82.9,13.1,94,146,54,15.2,52,223,2,25.0822662
40,1,181.5,83.5,22.6,85,128,48,15,52,217,3,25.34738823
24,1,186.2,82.5,22.2,68,117,33.3,5,52,206,0,23.79548688
21,0,160.2,59.82,27,75,125,28.9,17.6,52,185,2,23.30887888
26,1,165.8,62,17.3,81,122,35.7,3.6,52,199,0,22.55395123
26,1,175,75.2,18.5,87,136,41.9,18.7,52,251,3,24.55510204
26,0,160,60.06,27.5,88,127,34.5,26.4,52,165,3,23.4609375
35,1,169.1,78.12,21.5,80,152,37,17.4,52,229,3,27.31964297
21,1,178.4,75.4,22,81,122,40.6,17.6,52,201,0,23.6909047
37,1,185.9,84.2,13.8,77,143,42,15.8,52,264,1,24.36426486
21,1,170,67.32,10.5,74,139,47.4,13.1,52,237,2,23.29411765
28,1,180.8,80.4,13.7,92,150,45.2,13.2,52,256,2,24.59570052
21,1,170.3,60.8,13,59,115,37.1,23,52,266,2,20.96400639
25,1,165.6,80.3,23.3,89,145,50.9,17.1,52,209,2,29.28160517
39,0,164.7,57.8,21.8,73,123,30.9,26.2,52,180,3,21.30789952
22,0,164,49.6,24.5,74,131,19,15.1,52,182,1,18.44140393
26,1,181.7,115.2,42.6,88,138,38.9,18.8,52,194,0,34.89334661
25,1,176.7,68.9,18.6,90,134,41.6,14.2,52,195,1,22.06714369
35,1,171.9,73.2,24.6,69,129,51,17.6,52,205,3,24.77190054
21,1,176.4,65.4,15.9,83,104,40.7,11.1,52,230,2,21.01747729
39,1,178.8,76.7,13.2,75,119,50.8,20.5,52,261,3,23.99166204
23,0,171.6,64,27.7,88,139,29.1,26.6,52,203,2,21.73428747
33,1,171.5,65.82,11,74,126,45.6,11.6,52,235,2,22.37843076
28,1,177.9,78.1,16.6,71,121,53,19.4,52,246,3,24.67738506
36,1,167.6,74.5,17.9,75,130,40.3,10,52,207,1,26.52212052
22,1,172.9,81.5,20.5,79,143,39.9,22,52,237,1,27.26262201
27,1,176,87.8,21.6,71,132,53.5,5.4,52,254,1,28.34452479
51,1,166.5,63.5,19,69,123,34.1,17.1,52,210,3,22.90578867
24,0,171.1,72.5,28.8,82,119,34.1,29.5,52,197,2,24.76498034
36,1,175.6,79.4,20.5,77,138,48.5,19,52,223,3,25.74965883
23,1,167.7,64.5,19.7,74,122,47.1,9,52,182,1,22.93472776
43,1,168.9,78.6,17.5,78,149,51.9,20.3,52,211,3,27.55264185
46,1,168.9,68.5,16.4,83,123,50.5,24.3,52,234,3,24.01216242
27,1,167.4,63.4,23.8,90,150,39.8,18.7,52,218,2,22.62446668
33,1,173.1,67.6,18.1,83,124,46.4,9.4,52,209,0,22.56069946
26,1,176.7,77.2,16.3,66,129,50,9.1,51,223,1,24.72544982
26,1,183.4,83.6,14.1,79,145,50.6,16,51,231,3,24.85464788
27,0,164.6,56.9,29.4,68,148,26.8,19.9,51,183,3,21.00161074
26,1,170.1,67.1,16.4,68,113,35.2,15.4,51,225,2,23.19070188
35,1,177.3,82.7,23.8,83,125,49,12.1,51,197,2,26.30801243
28,1,170,84.2,13.5,93,139,42.6,23.5,51,241,1,29.1349481
29,1,178.8,72.9,13.7,62,128,51.1,8.1,51,243,1,22.80302689
22,1,179.6,70,13.1,74,127,49.7,16.7,51,248,2,21.70128124
30,1,179.5,90.8,18.3,79,130,56.9,21.3,51,230,3,28.18103522
52,1,163.4,61.3,16.9,82,139,39.3,19.5,51,203,3,22.95917985
22,1,179.4,70.5,17.8,72,113,41.1,22.2,51,222,2,21.90504953
31,1,168.4,63.38,19.4,77,130,44.2,17.5,51,227,3,22.34951281
31,1,185.3,93.14,19,89,149,44.3,14.5,51,230,1,27.12597736
29,1,171.5,75.36,27.1,88,156,42.5,21.9,51,217,0,25.62197724
33,1,172.7,66.1,18.3,70,107,42.4,18,51,221,3,22.16239976
22,1,170.3,63.1,16.9,74,122,31.7,14.9,51,206,1,21.75705268
27,1,173.6,69.2,9,77,127,50,21,51,245,3,22.96183822
43,1,175,69.5,15.1,90,140,38.3,19.8,51,227,3,22.69387755
27,1,176.5,70,15.1,85,139,65.3,20.5,51,219,2,22.47028706
32,1,170.3,66.3,9.3,72,151,47.9,16.7,51,247,3,22.86042144
23,1,181.8,78.9,18.3,91,149,51.6,15.4,51,210,1,23.87202417
45,1,179.4,78.6,22.8,92,159,31.7,15.9,51,218,1,24.42179991
36,1,170.1,68.68,22,73,115,38.3,15.3,51,219,3,23.73677205
27,1,176.5,80.66,16.5,63,124,48.6,7.5,51,240,1,25.89219077
22,1,169.3,76,23.5,83,121,25.1,17,51,210,0,26.51549115
31,1,172.6,88.4,23.1,84,134,58.3,21.5,51,234,3,29.67363035
28,1,165.5,64.9,16.9,61,108,37.9,7.5,51,243,1,23.69456285
22,1,174.3,66.9,15.1,69,133,40.6,7.6,51,238,1,22.02071132
27,0,172.4,63.9,18,79,141,30,25.3,51,181,3,21.49939977
30,1,173.3,59,10.4,90,142,44.2,13.9,51,242,2,19.64512906
49,1,166.5,61.4,19.9,84,122,35.7,8.5,51,194,1,22.1482744
26,1,174.2,64.5,12.5,74,138,42,10.6,51,203,2,21.25511276
25,1,174,73.96,21.8,70,140,43.2,9.4,51,221,1,24.4285903
30,1,178.5,66.7,14.9,86,133,46.3,0.4,51,240,0,20.93386374
24,1,178.3,86.3,12.5,88,126,48.1,24.9,51,249,1,27.14614155
42,1,179.8,80,19.1,86,137,47.8,22.2,51,239,1,24.74631929
26,1,179,81.6,18.1,88,158,57.6,13.3,51,237,2,25.46736993
21,1,175.8,78.8,19.7,61,110,54.2,19.6,51,230,2,25.49696431
34,1,172.6,68.2,21.2,97,155,46.4,26.1,51,217,1,22.89300441
35,1,175,83,24.7,81,138,35.3,15.4,51,206,1,27.10204082
26,1,177.2,70.1,12.2,70,120,46.3,5.7,51,226,1,22.32495452
31,1,171.5,67.1,19.2,91,146,41,17.8,51,214,2,22.81362358
22,0,167.9,66.7,33.1,87,136,33.3,27.7,51,176,3,23.66052853
37,0,170.6,83.7,33.9,79,137,34.7,17.2,51,159,2,28.75857775
33,1,172.6,79.3,32.8,84,141,39.9,16.1,51,200,0,26.61899193
21,0,161.1,50.6,24,70,116,23.6,26.8,51,160,3,19.49662489
54,1,160.7,59.7,17.2,92,139,41.5,19.5,51,206,3,23.11759109
22,1,166.7,69.8,21.7,84,129,35.6,10.2,51,198,1,25.11795181
27,1,167,74.6,26.3,87,131,41.2,13.8,51,196,2,26.74889741
34,1,171.2,88.5,27.4,81,149,51.1,7.4,51,210,0,30.19504979
30,1,181.3,97.36,24.2,88,145,63.6,19.6,51,245,1,29.61999337
32,0,168,59.5,22.7,68,103,29,13.1,51,182,1,21.08134921
30,1,170.5,67.8,21.4,75,122,48.4,11,51,204,2,23.32281284
29,1,182.4,91.3,19.9,91,159,60,25.5,51,215,3,27.44233803
28,1,174.6,78.2,20,78,138,49.1,16.6,51,225,3,25.65182535
46,1,169.4,69.6,17.2,86,144,46.1,25.5,51,202,3,24.25394719
24,1,175.8,69.3,21.2,76,133,50.4,15.6,51,222,2,22.42309171
27,0,164.4,52.6,24.7,61,109,28.3,22.3,51,172,3,19.46176023
27,1,174.3,66.1,16.4,97,153,39,-4.5,51,234,0,21.75738443
48,0,161.8,55.1,17.2,67,127,31.2,23.4,51,181,3,21.04721145
22,1,172.7,72.3,16.1,94,152,51.7,19,51,240,2,24.24117251
27,0,164.6,58.8,30.9,85,127,25.1,26.4,51,171,3,21.70289475
22,1,175.5,79.3,19.7,79,142,45.8,15,51,225,2,25.74654427
40,1,189.3,93.2,16.5,93,146,62.1,22.3,51,255,3,26.0084628
34,1,174.1,79,21,65,134,41.8,18.5,51,229,3,26.06330877
27,1,171.4,67.3,22.5,93,137,34.9,15.5,51,214,1,22.90832992
49,1,174.2,74.2,19.9,88,142,47.6,20.3,51,221,1,24.45161809
34,1,179.8,79.9,19.7,71,126,50.1,10.6,51,255,2,24.7153864
40,1,169.4,68.8,19.7,88,124,44,23.5,51,232,3,23.97516619
22,1,178,72.3,13.8,83,133,42.7,8.2,51,239,1,22.8190885
23,1,173.8,66.3,12.5,84,137,45.2,12.7,51,225,1,21.94896188
27,1,178.7,65.2,11.1,92,132,37.8,20.3,51,221,2,20.41730849
23,0,156.2,55.98,33.9,69,110,24.4,23.2,51,160,2,22.94408987
24,1,177,76,15.5,77,127,40.2,16.8,51,217,2,24.25867407
28,1,173.6,72.8,23.3,99,147,51.3,18.4,51,189,1,24.15638472
25,0,164.4,57.7,24.4,78,114,30.7,14.8,51,177,2,21.34873698
23,1,174.2,75.2,16.4,68,138,53.3,15.5,51,240,2,24.78115472
22,0,170.7,67.6,24.9,55,105,33.7,19.8,51,179,3,23.19955495
33,1,167.4,76.3,19.2,85,138,48.4,13.6,51,234,2,27.22786763
24,1,181,59.4,9.7,74,125,28.8,17,51,245,2,18.13131467
43,1,169.6,79.1,25.3,79,117,48.6,15.6,51,193,2,27.49949938
21,1,174.1,61.2,7.9,90,140,43.5,19.7,51,231,1,20.19081641
25,1,174.8,62,11.5,65,133,56.7,17.1,51,257,3,20.29125146
24,1,175.6,93.38,25.4,88,144,63.6,18,51,215,2,30.28341488
23,0,164,60.3,23.2,60,105,32,26,51,205,3,22.41969066
33,1,178,90.4,26.3,80,120,60.3,17.7,51,239,3,28.53175104
33,1,169.5,79.6,20.6,83,127,47.6,14.5,51,252,1,27.70598933
26,1,166.8,64.7,19.5,59,116,40.1,18.1,51,241,1,23.25477747
25,1,183.5,89.3,17.7,69,123,60.4,19.8,51,252,2,26.5203543
29,1,160.8,49.7,11.2,58,100,36.8,-2,51,220,0,19.22136828
23,1,168.6,74.9,21.2,77,133,35.7,19,51,234,2,26.34915408
35,1,177.2,78.4,22,91,139,50.4,12.8,51,222,1,24.96828009
24,1,171,63.1,16.3,83,141,37.1,17.2,51,240,2,21.57928935
21,0,166.3,67,36,89,130,30.1,20.6,51,169,3,24.22647925
27,0,159.5,68.8,35.4,74,118,32.9,18.9,51,168,3,27.0437594
44,1,168.2,71.6,17.7,86,144,49.1,15.4,51,214,3,25.30818727
26,1,189.3,87,15.4,66,125,54.1,18.2,51,250,3,24.27828609
32,1,168.7,73.3,20.2,97,151,48.3,21.5,51,246,3,25.75572678
23,1,174.3,71.8,18.3,60,133,37.9,-1.9,51,243,0,23.63358853
24,1,183.1,77.6,16.5,78,108,48,10.5,51,231,1,23.14648414
23,1,177,80.8,17.2,79,139,54.2,8,51,235,1,25.79080086
32,1,183.8,96.2,23.6,77,147,61,7.6,51,204,1,28.47633267
31,1,171.5,61,16.8,76,130,33.3,21,51,218,2,20.7396578
56,1,168.6,73.8,25.7,75,130,43.7,16.9,51,213,2,25.96218386
36,1,174.5,76.8,25.4,77,117,38.6,6.2,51,219,0,25.2214678
25,0,157.6,59.8,32.6,60,105,27.2,19.1,51,170,2,24.0762452
26,1,180.6,80.1,7.9,72,134,57.3,21,51,261,3,24.55822783
37,1,180.9,87,24.2,64,120,48.2,16.6,51,233,1,26.58533388
21,0,165.5,60.9,29.6,68,116,29.7,19.8,51,180,3,22.23418917
41,1,172.9,72.4,21,79,138,48,-8.3,51,215,0,24.21857464
31,1,168,64.7,18.2,73,115,44.9,22.4,51,247,3,22.92375283
30,1,171.4,66,13.6,46,102,48.8,22.9,51,230,3,22.46582132
26,0,164.1,60.2,33.7,81,127,26.1,17.6,51,178,1,22.35523961
38,1,170.3,75.8,17.9,88,129,46.2,18.5,51,216,3,26.13604744
42,1,167.6,63.7,19.6,75,134,36.3,17.4,51,141,1,22.67730305
26,1,170.7,61.3,14,88,139,43.6,12.7,51,232,2,21.03746625
22,1,174.2,81.4,26.2,88,154,44.4,22,51,220,0,26.82428184
31,1,180.5,90,16.8,98,149,52.8,17.1,51,250,2,27.62409742
21,1,179.1,60.1,9.1,82,124,39.9,24.6,51,275,2,18.73627708
29,1,167.1,59.2,19.3,83,142,38.8,23.1,51,199,2,21.20160831
29,1,184.3,81.46,16.1,99,150,54.9,22,51,233,2,23.98246036
27,1,182.3,77.9,14.2,88,149,58.2,15.7,51,215,2,23.44035153
34,1,185.1,85.3,16.2,68,132,56.2,19.6,51,255,2,24.8963794
36,1,176.1,74.2,16.9,98,158,42.5,9.7,51,231,2,23.92683162
21,1,177.3,81.4,11.8,74,144,43.9,5.9,51,202,0,25.89446447
25,1,169,60.1,16,82,133,35.1,19.7,51,202,2,21.04268058
33,1,169.9,77.3,22.7,79,138,55.7,22.3,51,200,3,26.77890017
23,1,176,66.6,12.4,65,117,49.4,14.5,51,253,2,21.50051653
31,1,176.3,81.3,25.1,90,153,46.3,13,51,210,2,26.15687886
23,0,178.4,75.5,34.6,63,121,29.6,12.6,51,183,1,23.722325
34,1,178.3,72.4,12.7,83,141,48.4,7.9,51,265,1,22.7738198
46,1,172.9,75.8,18.9,77,132,40.1,16.2,51,233,3,25.35591102
35,1,184.5,98.4,28.8,73,155,40.8,-12.5,51,167,0,28.90695574
28,1,171.5,89,20.9,68,139,51.3,16.7,51,218,1,30.25950072
21,1,179.2,72.4,13.6,81,139,53.3,20.2,51,240,2,22.54563935
24,1,173.5,81.7,20.7,67,134,39,1.8,51,241,0,27.14082834
30,1,171.2,69.3,25.4,82,132,38.1,11,51,185,2,23.64425932
35,1,168.6,70.8,17.4,87,158,46.2,18.3,51,227,3,24.90681054
23,1,169.2,57.48,8.1,95,141,39.3,4.3,51,242,0,20.07779622
55,1,169.7,64.4,17.6,89,142,34.3,25.3,51,216,3,22.36259419
26,1,165.3,63.5,24.3,72,125,40.1,14.8,51,238,1,23.23956626
25,1,179.6,82.88,16.1,73,126,51.1,10.8,51,232,2,25.69431699
53,1,174,87.3,23.6,92,151,41.5,14.7,51,183,0,28.83472057
26,1,180.2,79.1,20,68,120,46.1,15.5,51,225,2,24.35941813
21,0,160.3,52,22.7,86,129,27.5,20.6,51,183,3,20.23654182
37,0,162.8,53,18.4,74,116,28.5,22.8,51,193,2,19.99710231
22,1,181.3,64.8,10.1,77,125,43.9,13.2,51,256,2,19.71421087
38,1,183.2,94.42,21.2,89,150,52.3,20.2,51,235,2,28.13280639
39,1,176.5,72.5,13.1,58,123,44.3,14.3,51,220,2,23.27279731
26,1,170.4,61.1,15.6,88,145,32.3,7.5,51,211,1,21.04272741
30,1,174.3,73.7,20.4,89,150,57.8,16.4,51,226,3,24.2589899
64,1,172,67.9,15.9,76,135,34.3,22.5,51,186,3,22.95159546
23,1,177.3,87,21.2,80,139,57.6,17.3,51,221,0,27.67590183
43,1,169.1,66.5,18.7,68,116,46.9,10.4,51,209,2,23.25596848
23,1,174,82.2,15.4,65,141,43.8,18.8,51,213,2,27.15021799
21,0,165.9,62.4,21.7,70,118,31.7,27.5,51,201,3,22.67210361
24,1,187.8,93.7,16.1,83,156,48.7,21,51,232,1,26.56736088
23,1,170.7,64.9,22.7,85,132,40.7,16.1,51,218,2,22.27294551
23,1,175.8,56.5,11,71,114,40.9,12.8,51,151,1,18.28145284
27,1,181.1,81.9,13.7,50,111,45.9,20.6,51,221,2,24.97163631
23,1,167.7,68.72,11.8,73,139,35.6,16.1,51,247,2,24.43526344
23,0,169,68.6,28.3,81,147,29,34,51,190,3,24.01876685
25,1,177.1,73.1,10.9,66,116,43.5,17.4,51,233,3,23.30667148
27,0,163.4,64.7,28.9,86,127,28.9,20.2,51,170,3,24.23260908
34,0,157.3,52.5,24.8,97,137,27.9,27,51,159,3,21.21787361
41,1,170.7,74.7,20,84,135,38,17.9,51,226,2,25.6361946
27,1,187.7,65.56,9.6,59,121,40.1,24.9,51,214,2,18.60845856
21,1,179.1,88.4,20.4,81,120,44.5,-6.8,51,218,0,27.55885015
21,1,175.5,76.3,20.5,70,119,35.8,3.8,51,201,0,24.7725262
60,1,164,58.9,11.2,83,123,34.5,18.4,51,178,3,21.89916716
27,1,168.2,72.5,19.8,73,132,39.6,6.6,51,255,1,25.62630694
24,1,173.7,61.5,17.4,62,95,40.2,21.6,51,217,1,20.38334611
26,1,174.1,73.4,15.8,77,119,57.7,23.9,51,238,3,24.21578308
25,1,181.3,70.24,15.9,85,150,45.5,14.3,51,221,2,21.36923105
24,0,171.2,56.3,15.3,63,108,34.6,30.1,51,216,3,19.20882828
28,1,165.5,56.1,14.5,69,125,35.2,11.4,51,202,2,20.48174077
47,1,164.2,75.3,18.5,85,155,42.4,26.5,51,186,2,27.92856814
28,1,181.3,73,17.1,76,121,43.8,14.5,51,234,1,22.2089104
23,0,171.4,63.8,21.4,57,111,30.6,23,51,172,3,21.71696061
30,1,168,81,18.9,87,148,62.4,21.2,51,248,3,28.69897959
29,1,173.8,77.5,24.2,99,138,44.4,16,51,228,2,25.65678047
39,1,164.7,59.4,19.9,77,126,38.5,10.3,51,202,2,21.89773757
26,1,181.7,70.1,18.6,69,121,47.7,3,51,241,0,21.23284373
23,1,171.8,64.56,13,76,119,38.9,18.5,51,242,2,21.87344572
53,1,166.9,67.9,24.6,86,133,38.8,11.8,51,187,2,24.37570026
28,1,180.8,90.6,10.2,73,134,61.6,2.7,51,246,0,27.71605059
22,1,173,70.8,16,72,125,39.1,20.9,51,246,2,23.65598583
30,1,187.4,91.2,17.9,80,124,49.9,10.1,51,234,1,25.96902624
22,1,171.1,75,20.2,71,150,39.3,8.2,51,223,1,25.61894518
27,1,172.1,73.2,21.9,86,158,48.7,18.5,51,234,3,24.7143584
26,1,164.8,60.74,16,91,136,40.6,25.4,51,226,3,22.36456075
23,0,161.7,58.4,21.6,80,123,34.7,24.7,51,190,3,22.33535231
24,1,182,88.2,18.1,70,130,44.9,28.5,51,245,1,26.62721893
29,1,174.6,71.4,14.6,92,155,46.5,19,51,233,3,23.42123184
37,1,178.5,75,15.4,66,124,60,18.2,51,240,1,23.5388273
22,1,172.8,73.8,20.5,65,124,39.6,15.2,51,211,2,24.71547068
31,1,178.8,97,27.4,84,139,44,4.9,51,222,0,30.34147611
25,0,164.5,68.5,38.7,76,123,33,21.3,51,167,3,25.31388291
50,1,178.2,88.4,23.4,85,146,54.9,19.3,51,25,1,27.83792533
49,1,172.1,80.6,17.2,89,129,49.7,15.7,51,233,1,27.21280447
42,1,176.9,77,16.4,94,146,46,13.1,51,218,2,24.60566231
24,0,164.7,56.2,21.2,75,119,35.3,17.9,51,196,2,20.71806147
29,1,171.6,84.5,21.4,91,146,48.1,6.2,51,232,1,28.69605142
64,1,169.8,69.2,18.5,70,130,53.2,27.1,51,214,3,24.00107658
38,1,172.2,79.2,24.6,96,156,47.7,21.9,51,220,3,26.70907744
25,1,172.6,63.9,16.4,82,135,44.1,17.7,51,255,3,21.44960384
34,1,173.4,70.04,19.9,63,118,42.4,13.6,51,224,2,23.29420811
28,0,167.8,61.6,24.2,77,127,30.5,25.3,51,177,3,21.877455
23,0,161.1,66.3,33.1,80,140,29.4,20,51,170,3,25.54597293
28,1,173.8,73.6,15.1,76,110,51.3,9.9,51,245,1,24.36566507
25,1,176.4,84.7,19.3,80,133,57.5,10.2,51,228,2,27.21988266
24,0,160.2,52.7,19.1,56,98,28.8,13.2,51,181,1,20.53456899
22,1,174.1,61,10.9,85,128,37.2,17.2,51,248,2,20.12483335
25,0,160,57.4,17.5,72,127,34.9,31,51,200,3,22.421875
27,1,173.7,71.3,14.2,84,125,48.8,15.7,51,261,3,23.63142403
25,1,178.9,71.4,14.2,62,117,44.8,16,51,243,3,22.30886784
26,1,167.6,71.6,16.7,68,124,48.2,23.3,51,230,3,25.48971583
36,1,180.5,78.9,18.6,85,141,47.5,8,51,212,0,24.21712541
47,1,171,76.2,17.9,83,139,50.9,27.7,51,227,3,26.0593003
21,1,171.7,65.2,18.4,70,135,37.9,23.1,51,237,2,22.1160216
21,0,165.1,55,17.5,91,140,24,20.2,51,203,3,20.17755515
27,0,164,52.1,16.4,65,110,26.2,26,51,184,3,19.37091017
40,0,158.3,55.3,23.6,91,147,32.8,20.8,51,201,3,22.06801658
31,1,168.1,73.6,19.8,77,138,45.8,19.1,51,198,2,26.04608104
41,1,172.9,71,19.8,63,131,44.8,-10.8,51,194,0,23.75025966
39,0,165.4,59.8,20.1,89,136,34,26.5,51,163,3,21.85899414
30,1,175.8,87.2,20.4,90,154,53,19,51,226,1,28.21491482
28,1,178.5,70.8,26.1,70,121,40.8,7.4,51,230,1,22.22065297
23,1,170.8,61.4,17.1,65,129,37.3,10.5,51,198,1,21.04711812
25,0,163.3,58.8,31.7,89,133,24.3,23,51,182,3,22.04981533
31,1,173,69.4,15.7,90,141,42.8,2.9,51,209,0,23.1882121
30,1,173.4,75.6,15.6,69,130,45.5,9.4,51,237,2,25.14337711
39,1,175.7,72.2,23.2,84,127,42.2,14.9,51,235,0,23.38803174
31,1,167.1,70.1,19.1,77,121,49.7,20.1,51,226,3,25.10528282
25,1,178.2,77.9,17.3,69,116,47.3,12.1,51,228,2,24.53138443
37,1,171.1,84.2,20.7,64,125,40.9,-3.9,51,210,0,28.76153578
22,1,173.2,76.7,17.3,86,136,40.9,11,51,213,1,25.56816667
47,1,173.5,66.7,19.1,91,145,51.2,25.5,51,221,3,22.15781212
23,0,157.6,55.8,31.1,66,113,16.9,16.5,51,206,1,22.46579402
24,1,178.3,74.32,15.4,63,118,48.4,13.9,51,230,2,23.3777664
25,1,165.6,62,16.5,76,115,30.9,20.4,51,209,1,22.60846227
27,0,157,49.1,30.7,70,86,27.7,19.7,51,167,3,19.9196722
23,1,180.1,82.8,20.9,75,125,45.5,12.6,51,199,1,25.52718414
27,1,181.5,98.28,23.6,82,126,53.9,11.3,51,217,0,29.83402773
29,1,170.5,60.3,12.4,78,120,41.9,21.8,51,230,3,20.74285567
27,1,172.1,74.6,25.1,81,127,37.4,16.1,51,195,2,25.18703739
25,1,172.8,71.9,16.3,72,130,44.4,16.1,51,220,2,24.07916452
28,1,173.1,77,20.9,82,130,48.6,17.7,51,241,3,25.69783814
35,1,179.9,79.3,10.5,109,158,56.3,26,51,238,3,24.50252611
39,0,159,54.9,18.9,62,116,30.6,24.4,51,198,3,21.71591314
26,0,170.3,63.1,20.6,75,119,29.6,26,51,170,3,21.75705268
26,1,178.7,74.7,16.6,71,119,61.7,16.5,51,250,3,23.39222307
23,0,166.6,57.3,24.5,78,137,25.5,26.6,51,186,1,20.64451231
22,0,163.2,59.1,26.5,62,103,23.8,21.8,51,154,1,22.18948241
32,1,167.9,58.7,15.9,80,126,45.9,12.1,51,226,2,20.82268403
43,1,170.8,72.9,16.2,79,143,42,15.4,51,190,2,24.98916793
30,1,185.2,84.5,20.8,62,126,53.8,16,51,219,3,24.63625804
43,1,166.8,75.6,28.4,79,132,42.4,14.6,51,198,0,27.1725066
57,1,166.3,67.5,17.1,90,141,44.3,15,51,177,2,24.40727387
21,1,185.5,79.2,14.6,86,134,42.9,10.5,51,208,1,23.01639773
28,1,170.4,61.7,13.5413,69,113,43.7,-5.1,51,229,0,21.24936631
24,0,169,65.1,20.2,78,129,31.9,14.6,51,234,1,22.79331956
23,1,177,70.6,14,80,120,37.3,10.3,51,205,1,22.53503144
35,1,183,86.7,18.7,88,134,55.6,14.7,51,227,3,25.88909791
43,1,178.4,79.2,22.6,75,123,41.9,17.3,51,241,2,24.88487603
22,1,167.7,64.5,13.3,75,146,40.3,11,51,269,1,22.93472776
25,1,175.9,65.4,13.1,67,117,44.2,21,51,238,3,21.13713248
25,1,171.8,66.8,14.9,82,141,41.6,10,51,220,1,22.63237568
28,1,177,82.9,32.1,87,145,53.1,17.6,51,228,3,26.46110632
22,1,173.9,61.7,20.6,76,138,38.4,15.4,51,202,2,20.40262278
23,0,157,45.84,18.2,71,119,22.6,28.4,51,170,3,18.59710333
30,1,173.7,76.8,15.2,79,120,50.6,11.3,51,249,2,25.4543249
22,1,176.7,76.2,16.6,94,157,44.8,11.7,51,165,2,24.40517197
39,1,175.8,89.2,23.1,95,145,61.8,3,51,240,0,28.86204589
27,1,173.7,76.1,9.2,61,112,44.8,24.3,51,218,2,25.22231933
27,1,173.8,74.9,9.5,72,155,48.6,10.6,51,238,2,24.79603687
22,1,163.2,62.1,21.7,80,128,30.1,12.7,51,197,0,23.31585208
22,1,180.1,77,9.7,79,138,47.6,8.6,51,273,1,23.73904805
25,1,183.5,77.6,15.1,82,134,47.8,28.1,51,236,3,23.04568302
26,1,168.9,72.6,18.4,90,137,44.4,12.7,51,219,2,25.44938674
37,1,183.6,84.6,20.4,89,136,54.5,5.1,51,215,0,25.09718484
31,1,176,78.1,22.6,99,154,49.2,17.3,51,237,2,25.21306818
32,1,169.8,75.7,17.6,68,113,58.3,17.9,51,243,3,26.25551296
22,1,174,60.4,13.9,62,118,41,20.5,51,247,2,19.94979522
23,1,182.7,91.7,28.7,88,146,49.4,-4.2,51,208,0,27.47212418
21,1,170,63.7,20.2,75,119,36.1,12.2,51,234,2,22.04152249
37,1,171.4,71.1,18.2,59,104,44.8,17.6,51,242,3,24.2018166
23,1,168.4,55.6,6.6,94,134,49.5,16.9,51,204,2,19.60607309
26,1,177.5,79.2,22.9,82,126,57.1,9.5,51,234,1,25.13786947
49,1,172.5,66.8,15.5,79,114,39.9,15.6,51,182,3,22.44906532
31,1,183.2,80.4,11.6,98,156,44.1,26.4,51,263,2,23.95549284
21,1,171.4,68.7,18.1,69,131,49.1,20.9,51,211,2,23.38487764
24,0,164.1,59.3,24.4,72,118,32.5,21,51,173,3,22.02102507
21,1,181,91.1,24.4,99,138,56.7,11,51,249,1,27.80745398
30,1,168.7,66.5,18.4,94,132,39.6,10.9,51,228,0,23.36638242
37,1,165,86.9,28.9,70,114,42.7,17.3,51,242,3,31.91919192
28,1,171.2,74.1,26.2,83,138,37.3,9.9,51,197,0,25.28195694
21,0,167.8,57.4,26.3,63,109,27.5,21.8,51,186,3,20.38581034
31,1,175.3,72.9,21.3,81,134,45.6,19,51,241,3,23.72267702
32,1,174.2,74.3,23.8,84,118,51,16.5,51,215,3,24.48457175
23,1,169.9,80.3,24.1,79,155,47.9,12.6,51,222,1,27.81818478
38,1,175.5,78.4,20.9,80,132,53,16.9,51,238,3,25.45433884
28,1,190.6,78.8,15.2,74,120,41,9.5,51,242,1,21.69104248
26,0,156.5,45.6,19.7,70,104,24.5,20.6,51,176,3,18.61813431
21,1,176.7,68.6,12.7,68,116,48.2,18.7,51,236,2,21.97106033
60,1,168.7,67.9,10.5,64,128,47,16.3,51,196,3,23.85830626
26,1,175.3,66.3,14.7,85,137,51.1,19.2,51,249,3,21.57494495
27,1,166.3,70.7,20.9,81,139,40.2,5.7,51,211,1,25.56435945
40,1,173.4,61,8.7,81,120,47.3,11.5,51,242,2,20.28764556
23,1,172.6,73.8,18.3,72,121,45.3,-3.9,51,198,0,24.7727819
23,1,179.5,74.44,10.3,86,156,44.6,23.2,51,229,2,23.10348306
57,1,166.1,63.9,14.2,75,136,40,19.2,51,211,3,23.16122861
28,1,177.5,69.4,14.5,92,149,53.9,21.3,51,234,3,22.02737552
27,1,177.9,81.4,20.4,91,141,58.7,16.7,51,226,3,25.72009147
28,1,167.2,64.5,13.6,54,104,48.4,13.4,51,232,2,23.07210229
48,1,170.4,74.8,21.6,79,145,39.5,6.1,51,197,1,25.76098217
60,1,169.2,77.5,26,83,143,32.8,9.8,51,175,2,27.07079344
36,1,176.4,79.3,20,85,130,53,18.5,51,221,0,25.48449463
21,1,175.1,63.9,22.2,81,102,31.7,10,51,195,1,20.84148048
53,0,171.8,65.2,25.3,83,124,31.3,30,51,152,3,22.09028285
23,1,181.7,91,27.8,89,144,46.6,4.3,51,219,0,27.56332067
38,1,177.4,81.6,24.6,79,129,46,16.5,51,232,1,25.92883044
59,1,165.9,64.2,12.8,60,119,40,12.6,51,186,2,23.3261066
26,0,158.9,46.8,21.3,70,122,23.9,19.7,51,189,3,18.53523338
51,1,164.6,62.1,21.9,96,157,37,20.5,51,215,3,22.92091436
29,1,165,86,34.8,93,131,37.9,3.5,51,203,0,31.58861341
26,1,178.7,80,19.9,65,127,45.2,14.3,51,200,1,25.05191226
29,1,177.4,70.6,14.5,66,125,49.7,22.1,51,227,3,22.43352242
26,1,178.7,73.04,14.2,72,122,40.1,-6.2,51,202,0,22.87239589
47,1,174.1,82.4,30.3,96,153,36,5.3,51,205,0,27.18502079
42,1,179.7,70.8,13.4,74,133,48.2,11.4,51,225,2,21.92487386
23,1,165.3,58.2,11.2,81,117,29.5,19.2,51,233,2,21.29988592
21,0,159.1,57.4,24.2,79,121,30.5,21.2,51,179,3,22.6762655
32,1,186.6,88.32,17.9,80,120,51.9,12.5,51,197,1,25.36505344
27,0,157,49.1,30.7,70,86,27.7,19.7,51,167,3,19.9196722
30,1,169.6,75.9,19.7,73,130,47.8,17.5,51,217,3,26.38700383
34,1,174.7,78.6,15.6,73,131,55,24.8,51,237,3,25.75352825
48,1,179.4,87.7,22.6,89,146,45.8,14.8,51,216,1,27.2492602
22,0,161.4,58.6,28.8,79,131,26.4,23.3,51,180,3,22.49523608
48,1,173.6,72.3,16.5,94,151,41.5,15,51,212,2,23.99047548
26,1,168.8,64,33.6,75,118,50.5,26.6,51,234,3,22.46131039
23,0,164.3,53.5,16.8,77,144,34.9,24.8,51,181,3,19.81885933
35,1,170.3,74.6,18.5,92,134,34.1,6.6,51,245,1,25.72228415
53,1,181.9,76.5,20.1,78,131,37.5,18,51,195,1,23.12043692
27,0,164.6,52.8,25.4,82,111,28.1,19.3,51,192,3,19.48831366
21,1,177.5,75.8,21,88,146,48.5,13,51,242,2,24.05871851
25,1,172.5,65.8,21,89,149,39.8,22,51,236,2,22.11300147
25,1,180.1,87.3,20,74,134,49.9,17,51,239,3,26.9145311
34,1,174,73.7,21.2,73,140,39.3,11.3,51,191,2,24.3427137
28,1,173.7,82.1,21.8,88,133,51.9,2.4,51,238,0,27.21093847
23,0,163.1,69,20.5,85,134,28.3,15.3,51,260,2,25.93827968
47,0,158.5,55.8,21.3,76,132,25.5,22.9,51,179,3,22.21138632
23,1,180.6,80.3,13.9,89,147,43,16.5,51,245,2,24.61954676
27,1,155.2,54.3,13.5,72,119,46,23.9,51,207,3,22.54324317
30,1,180,83.6,13.4,99,145,49,17,51,264,3,25.80246914
21,1,186.8,81.7,20.5,68,131,56.4,15.4,51,212,1,23.41360637
39,1,173.2,70.9,17.7,81,146,53.5,16.2,51,235,2,23.6347199
22,1,170.8,77.3,28.4,67,131,44.8,11.5,51,183,0,26.49743047
25,1,170.7,68.86,13.3,60,106,39.2,14.1,51,235,2,23.63197269
34,1,164,66.1,19.5,82,150,35.9,7.1,51,180,1,24.57614515
25,0,161.8,57.7,21.7,74,115,29.3,26.6,50,190,3,22.04036481
22,1,172.2,70.6,24.3,70,118,36.7,9.8,50,213,0,23.80884934
37,1,174,75.2,18.5,82,142,39.7,20.5,50,224,2,24.83815563
24,0,165.1,49.9,19.3,70,108,31.8,21.6,50,204,3,18.30654549
28,1,170,74,28,83,130,37.7,6,50,193,0,25.60553633
32,1,179.7,90,29.3,96,151,49.7,1.5,50,216,0,27.87060237
34,0,167.5,65.8,26,61,115,31,20.5,50,174,2,23.45288483
30,1,179.2,76.5,12.6,69,132,55.4,16.7,50,215,3,23.82239517
41,1,177.1,74.9,17,73,118,47.8,17.8,50,240,3,23.88057037
43,1,171.3,65.76,22.9,73,115,31.7,13.4,50,198,1,22.41026947
50,1,167.8,76.1,24.8,82,122,43.9,13.9,50,193,3,27.02718061
26,1,172.3,65.9,14.4,73,121,43.1,11.7,50,237,2,22.19805176
42,0,165.4,65.9,15.7522,77,118,38.5,26.2,50,184,3,24.08875775
22,1,176.5,69.88,17,79,159,43.2,16.9,50,220,2,22.43176657
40,1,180.1,82.4,15.1,88,130,54.7,20,50,210,3,25.40386441
26,0,158.2,60.9,32.5,80,120,34,26,50,173,3,24.33348623
33,1,184.5,108.3,30.2,87,152,58.7,16.7,50,224,0,31.8152775
26,1,183.3,77.7,18.3,74,132,43.6,14.3,50,218,2,23.12576398
24,0,166.6,50.5,17.7,60,105,22.6,31,50,198,3,18.19455273
49,1,176.9,73.2,17.9,75,124,53.9,17.5,50,219,1,23.39135689
22,0,164.6,54.1,27.6,65,110,28.9,18.8,50,158,2,19.96813956
40,1,173.8,73.2,12,80,148,46.9,15,50,250,3,24.23324298
21,1,173.6,69.12,16.1,89,127,48.8,10.1,50,221,1,22.93529274
43,1,168.9,79.6,19.1,78,128,52,18.5,50,221,3,27.90318436
25,1,178,67,18.2,80,123,40.2,17.2,50,230,2,21.14631991
30,1,179.7,75.7,22.8,83,142,37.6,8,50,223,1,23.44227332
24,1,169.3,65.4,20.4,71,115,38,21.5,50,246,2,22.81727791
29,1,172.6,68.5,15.7,72,136,48.4,18.4,50,212,2,22.99370677
33,1,179.4,81.5,22.5,88,140,44.6,15,50,205,1,25.32285868
24,1,175.2,88.98,22.5,86,148,50,14.5,50,221,1,28.98839682
24,0,171.8,53.9,20.1,68,104,32.1,23.3,50,162,1,18.26175223
21,1,169,81.2,28,73,125,29.1,3.2,50,243,0,28.43037709
22,0,162.4,67.8,28.6,76,121,26,27.3,50,186,2,25.70736975
23,0,166.1,62.6,25,75,117,30.7,24.4,50,180,3,22.69002991
22,1,179.7,67.98,14.8,91,132,43.9,17.6,50,240,2,21.05159499
39,1,180.8,85.9,23.4,94,142,51.4,21.1,50,221,1,26.27824223
25,0,159.9,45.7,24.1,66,107,26.2,23,50,178,3,17.87389789
47,0,163.7,56.8,30,82,137,30,27.5,50,194,3,21.19585681
26,1,168.8,74.8,24.5,80,120,37.6,7.2,50,192,1,26.25165652
39,1,179.1,86.1,24.6,76,128,42.5,21.1,50,224,2,26.84182124
27,0,162,63.1,20.3,67,127,29.3,26.9,50,185,3,24.04359092
24,1,183.1,83.6,11.6,78,143,53.9,15.2,50,262,2,24.93616074
28,1,179.1,78.6,25.1,93,159,42.3,12.6,50,223,1,24.5036835
30,1,172,73,24.1,68,114,41.6,17.5,50,200,2,24.67550027
25,1,178.9,81.4,21.1,90,154,45.6,13.9,50,230,2,25.43335913
29,1,184.5,88.1,21.3,74,118,49.4,26.5,50,250,2,25.88112602
44,1,170.4,71,19.7,79,141,51,11,50,225,2,24.45226917
31,1,175.3,96,28.2,76,138,53.4,18.6,50,226,0,31.23973929
22,1,171.4,59.9,14.9,75,136,37.8,9.4,50,199,1,20.3894348
24,0,158.5,51.5,28.9,74,130,25.9,17.6,50,153,2,20.49975619
38,1,182,91.6,27.5,76,129,54.5,15.2,50,218,3,27.65366502
21,1,173.3,74.9,25.5,82,136,41.2,0.9,50,212,0,24.93932485
23,1,172.1,75.96,20.8,70,119,39.8,16.1,50,231,1,25.64621126
36,1,169.5,70.6,15.6,94,138,45.1,23.4,50,236,3,24.5734026
30,1,167.8,74.2,21.4,77,129,44.4,25.8,50,203,2,26.35238898
26,0,172.9,65.4,20.4,77,128,31.3,29.2,50,188,3,21.87699975
22,1,168.7,75.1,21.88911,87,141,53,15.5,50,160,1,26.38820029
26,0,156.9,63.5,32.7,81,139,27.5,24.8,50,177,2,25.79454301
21,1,171.1,57.7,13.9,75,142,44.6,13.6,50,229,2,19.70950849
23,1,168,57.3,10.1,57,112,45.6,14.9,50,242,2,20.30187075
32,1,184.7,85.6,16,76,153,55.1,26.1,50,237,2,25.09227126
35,1,186.4,75.7,18.4,100,142,54.2,24,50,230,3,21.78733261
27,1,173.5,74.5,18.6,65,121,35.3,14.1,50,230,1,24.74898056
32,1,170.3,76.9,20,71,138,41.9,19.1,50,230,3,26.51533045
45,1,166.9,68.2,24.4,77,141,47.6,16,50,198,3,24.4833985
47,1,171.9,73.2,17.9,81,145,47.8,14.7,50,193,2,24.77190054
21,1,171.9,67.3,19.9,69,135,36.7,21.9,50,229,1,22.77525829
25,0,164.4,54.4,30,58,116,24.4,24.6,50,168,2,20.12775203
28,1,187.9,79.3,13.5,81,156,53.5,28,50,239,2,22.46051071
25,1,175.9,66.2,13,91,139,43.7,6.6,50,229,1,21.39569068
45,1,173.4,73.5,16.9,83,117,45.9,16,50,218,3,24.44494997
40,1,174,76.6,25.9,93,150,40.2,16.3,50,239,3,25.30056811
23,0,151.8,46.9,20.5,60,105,22.2,28.9,50,178,3,20.35304063
29,1,172.1,63.3,14.4,81,134,53.5,17.2,50,235,2,21.37184272
42,1,175.8,79.1,19,81,123,44,19.1,50,229,1,25.59403397
21,1,173.2,89.2,25.2,63,134,58,4.4,50,208,0,29.73507779
24,1,184.9,82.5,17.2,75,144,34.8,27.3,50,259,1,24.13126707
31,1,176.7,93.84,18.3,82,133,49.2,15.2,50,226,2,30.0548732
45,0,157.9,47.5,24.7,67,137,21.9,24.4,50,145,2,19.05150766
44,1,160.2,44.9,14.8,82,141,36.5,21.3,50,221,3,17.49529692
30,1,181.5,74.34,18.1,80,138,45.2,11.5,50,226,2,22.56676457
22,1,176.8,87.6,16.7,94,144,53.1,13.6,50,260,1,28.02461047
43,1,159.4,63.4,25.9,92,147,38.9,14.4,50,194,2,24.95241724
33,1,167.7,71.6,24.5,85,137,45.4,13,50,222,2,25.4593257
32,1,164.7,63.8,23,75,128,40,22.1,50,245,3,23.5197922
35,1,164,69.1,16.2,88,153,47.2,27.1,50,251,3,25.69155265
34,1,179.1,85.6,28.9,83,123,40.7,12,50,196,0,26.68594539
30,1,170.7,76.8,22.5,77,144,48.7,14.5,50,235,3,26.35689083
23,1,172.1,63.8,14.3,70,128,36,16.7,50,186,1,21.54065664
46,1,168,62.6,14.3,80,120,52.7,18.1,50,224,3,22.17970522
22,1,177.1,71.7,16.8,91,135,44.1,13.3,50,245,2,22.86030568
23,1,175.4,68.1,14.9,90,158,42.6,20.1,50,230,2,22.13542852
53,0,165.5,55.3,23.5,64,102,29,10,50,182,0,20.18966603
31,1,176.1,75.1,22.6,92,153,43.1,1.9,50,220,0,24.21704925
43,1,175.2,76.1,7.6,74,117,47,2.4,50,191,0,24.79227914
38,1,176,82.9,22.3,88,127,53.8,17.7,50,238,3,26.76265496
32,1,170.6,68,16.3,92,159,45.8,15,50,224,3,23.36419698
30,1,176.2,88.5,22.9,90,151,47.8,13.5,50,228,2,28.50568374
26,0,157.6,50.6,30.4,65,103,26.5,15.3,50,165,2,20.37220748
60,1,163.7,65.3,23.1,81,132,38.2,17.1,50,185,3,24.367772
24,1,174.5,60.9,11.4,77,125,45.9,12.7,50,235,2,19.9998358
24,0,160,49.6,23.8,62,101,25,19.9,50,176,3,19.375
22,1,183,96.4,30.6,86,137,41.9,4,50,190,0,28.78557138
52,1,163.9,66.3,20.5,72,127,32,16.6,50,204,3,24.68059476
21,1,166.5,63,13.5,76,121,36.7,13.4,50,246,2,22.72542813
22,1,172.5,56.8,12.8,76,134,33.4,13.6,50,203,1,19.0884268
39,1,177.7,81.8,20.1,86,151,40.6,9,50,184,1,25.9046929
22,1,168.5,65,18.7,85,131,39.4,14,50,258,2,22.89357131
37,1,177.8,88.9,25.5,93,153,41.8,13.7,50,183,0,28.12148481
52,0,166.4,57.38,15.6,85,130,27.1,27.8,50,173,3,20.72306074
25,0,159.6,64.3,29.4,92,123,33.8,21.5,50,188,3,25.24324596
26,0,164.1,58.1,20.5,76,136,28.5,20.3,50,183,3,21.57540567
31,1,171.4,69,12,53,120,42.8,17.3,50,234,3,23.48699501
36,1,183,106.6,21.1,97,158,49,12.7,50,233,2,31.83134761
35,1,179.3,70.1,14,72,120,45.1,18.9,50,272,3,21.80506767
36,1,175.5,83.6,25,83,116,45.1,13.6,50,221,2,27.14263683
24,1,179.7,73.8,15.4,84,146,55.8,19.2,50,234,2,22.85389394
28,1,178.5,81.4,26.7,83,144,54.4,22.9,50,229,2,25.54747389
26,1,163.3,64.2,23.2,89,145,32.2,6.1,50,198,0,24.07479837
22,1,174,80.9,23.7,77,136,37,4.9,50,195,0,26.72083498
38,1,169,72.9,22.9,94,140,41.4,8.8,50,226,1,25.52431638
22,0,151,67.6,40,84,124,30.4,21.1,50,160,2,29.64782246
37,1,173.5,80.6,19.8,68,114,54.2,21.9,50,260,3,26.77540715
25,1,171.4,69,18.3,99,130,40,10.9,50,239,2,23.48699501
36,1,180.8,79.3,19.6,72,147,55,21.4,50,227,3,24.25919218
36,1,174.3,79.9,21.1,81,104,51.6,3,50,180,0,26.29977331
36,1,172.1,77,18,69,135,38.7,13.6,50,243,2,25.99734422
33,1,172.7,87.3,28.8,83,145,40.2,12,50,212,0,29.27046141
32,1,165.1,63.6,23.2,91,135,35.4,10.3,50,202,2,23.33259104
33,1,175.5,68.6,17.9,76,141,36.2,20.1,50,218,3,22.27254649
41,1,175.6,74.1,18.1,78,135,58.3,15.6,50,234,3,24.03085289
27,0,162.5,57,21.5,59,111,26.6,29.6,50,182,3,21.58579882
29,1,166.9,75.7,24.7,79,149,33.9,6.7,50,191,1,27.17585434
34,1,169.1,74.5,21.2,68,119,47.6,16.3,50,232,3,26.05367897
40,1,170.5,74.7,25.8,76,128,43.1,20.5,50,225,3,25.69637344
23,1,173,60.9,12.8,68,142,38.9,15.9,50,217,2,20.34815731
32,1,170.5,74.6,24.8,95,159,54.1,10.6,50,192,2,25.66197401
21,1,187,81.9,11.3,84,147,47.8,21.4,50,240,2,23.42074409
24,0,163,59.5,29.2,61,109,29.4,21.9,50,174,3,22.39451993
41,0,157.5,51.8,14.2,74,137,29.8,30.4,50,194,3,20.88183422
23,1,170.6,68.5,19.5,81,134,50.6,20.2,50,221,1,23.53599255
47,1,178.6,79.1,17.5,94,134,41.8,23.3,50,216,2,24.79782406
25,1,175.3,60.6,11.9,77,128,41.3,17.5,50,225,2,19.72008543
33,0,169.4,56.6,27.3,79,135,24.8,30.3,50,138,2,19.7237559
28,1,170.2,72.2,14.8,69,134,57.1,15.7,50,215,2,24.92401971
33,1,175.1,80.6,28.3,94,138,50.2,15.5,50,215,3,26.28831497
27,1,166.4,67.7,22.2,70,134,38.2,16.6,50,211,1,24.45017798
26,1,170.9,93.7,23.3,74,124,62,13.7,50,219,2,32.08155906
35,0,164,58,29.1,80,129,26.9,13,50,145,1,21.56454491
21,1,172.9,71.4,28.6,100,152,40,25.1,50,248,1,23.88406394
25,1,177.1,76.3,23.4,90,142,49.6,2.2,50,254,0,24.32693617
22,1,179.4,90.6,30.4,79,142,41,8.6,50,199,0,28.15031897
40,1,165.2,77.9,27.1,79,128,41.8,17.5,50,222,0,28.54416688
26,1,179.5,74.7,14.1,67,106,41.8,14.4,50,253,2,23.18417765
28,1,173,80.2,27.1,73,125,52.3,20.6,50,229,2,26.79675231
43,1,177.6,69.6,12,78,129,50.4,23.9,50,227,3,22.0659849
22,1,185.8,94.1,22.7,96,149,50.4,9.4,50,190,1,27.25826467
21,1,183.8,86.2,20.63538,89,125,50.9,8.4,50,214,1,25.51621493
36,1,182,82.9,20.3,76,128,48.8,16.6,50,232,3,25.02717063
29,0,152.6,50.9,31.8,62,103,27.2,22.3,50,157,3,21.85791411
33,1,177.7,82.76,18.2,86,148,58.8,18.9,50,229,3,26.20870885
23,1,177.9,75.96,21.3,82,139,47.4,9.4,50,203,1,24.00120575
21,1,172.9,76.4,26,70,122,31,14.5,50,220,0,25.55661744
27,1,180.3,92.4,16.2,77,132,53,11.4,50,242,2,28.42369392
38,1,185,87.6,18.8,50,106,59,20,50,215,3,25.59532505
39,1,168.7,75.2,25.3,92,149,47.1,12.5,50,229,0,26.42333771
24,1,168.7,72.3,23.1,72,119,37.1,6.7,50,181,1,25.40435261
40,1,177.1,67.6,16.6,72,140,39.9,14.6,50,243,3,21.55309155
36,1,175.3,74.9,11.9,89,129,48.3,13,50,246,2,24.37350493
47,0,155.7,59,26,71,118,33.1,11.5,50,151,1,24.33743398
34,0,156.1,55,25.4,80,121,26.9,20.7,50,185,3,22.57131613
28,1,174.5,70.3,12,68,121,44.7,10.6,50,214,2,23.08683837
21,1,184.8,79.8,23.3,69,113,46.5,6.6,50,257,1,23.36678473
32,1,177,76.4,18.1,68,139,49.8,15.2,50,210,2,24.3863513
27,0,163.6,58.5,30.3,71,125,23.7,23.1,50,177,2,21.85693534
28,1,179.5,75,15.3,85,135,45,10,50,210,1,23.2772868
45,1,169.6,70.1,22.2,84,154,47.4,23.7,50,214,3,24.37060564
21,1,176.1,71.6,23.3,83,128,37.3,10.2,50,230,1,23.08842512
44,1,177.1,73.1,12,86,143,41.5,11.8,50,246,1,23.30667148
23,0,161.2,58.4,28.9,81,130,23.7,15,50,165,2,22.47412397
30,1,184.1,89.64,13.9,81,156,53.8,19.3,50,253,3,26.44808737
27,1,167.9,66.4,19,88,126,41.1,13.6,50,239,2,23.55410936
23,0,158,53.1,27.4,77,120,31.8,25,50,189,3,21.27062971
21,0,161.3,60.3,34.2,72,127,26.6,16.8,50,164,2,23.17653873
26,0,159.4,54.6,18.2,72,115,34.2,26.4,50,180,3,21.48899024
23,0,153.5,50.7,32.3,62,111,22.2,32.2,50,178,2,21.51746968
30,1,168.5,70.2,21.2,85,138,39.8,5.1,50,218,1,24.72505701
22,1,184.6,80.5,20.7,81,109,35.9,-5,50,166,0,23.62286059
46,1,165.3,70.6,19.6,85,121,47.1,14.7,50,208,3,25.83800595
55,1,180,80,17.6,70,128,50.4,18.5,50,208,3,24.69135802
45,1,171.9,67.3,28.7,87,142,32.9,7.5,50,196,1,22.77525829
24,1,173,71,11,79,139,49.2,20.6,50,254,2,23.72281065
50,1,172.2,67,13.2,72,121,48.4,15.5,50,176,1,22.59480036
26,0,162.5,60.88,32.9,80,120,29.9,29.1,50,157,3,23.05514793
24,0,152.4,42.5,23.4,57,112,27.4,14.2,50,184,1,18.29864771
32,1,169,76.8,19.4,69,132,36.2,14.3,50,224,1,26.88981478
27,1,180.2,79.9,16.5,86,129,46.9,11,50,245,1,24.60578393
26,1,173.1,77.7,21.1,82,130,49.1,9.8,50,224,1,25.93145485
23,1,167.9,66.3,23.1,73,151,35.2,16.2,50,219,1,23.5186363
33,1,179,73.8,13.7,81,141,50.1,21.8,50,225,3,23.03298898
23,1,173,68.7,10.2,61,121,34.8,23.2,50,266,2,22.95432524
59,0,153.5,52.8,28.3,79,156,26.2,12.4,50,152,1,22.40872582
30,1,185,79,14.1,73,120,51.1,23,50,220,3,23.082542
28,1,174.6,74.7,25.4,78,116,42.9,15.8,50,236,2,24.50372575
30,1,171.3,70.1,15.4,69,118,44.6,26.5,50,238,3,23.88929272
35,1,173,67.9,15.4,70,120,45.6,16.8,50,246,1,22.68702596
27,1,177.3,75.88,15.4,72,141,48,20.7,50,226,2,24.13847622
60,1,171.7,77.6,15.5,95,143,45.9,27.9,50,211,3,26.32213614
35,1,174.3,65.9,16.4,81,130,40.4,18,50,180,3,21.6915527
22,1,182.5,82,16.1,76,123,51.5,16,50,237,1,24.62000375
28,1,165.3,69.5,21.9,75,125,49.2,11.1,50,218,2,25.43543079
26,1,179.9,76.4,14.3,78,154,56.4,20.2,50,235,2,23.60646904
58,0,163.5,62,34.7,73,159,20.7,20.9,50,119,1,23.19295981
44,0,165.7,57.1,21.3,91,119,21.7,30.3,50,187,3,20.79654027
32,1,170.4,77.5,19.1,79,126,50.7,13.3,50,209,2,26.69085719
26,1,167,60,12.6,72,148,33.7,14.9,50,214,1,21.51385851
28,1,175.2,67.2,14.5,83,137,51.1,12.8,50,235,2,21.89278789
22,1,173.5,71.18,18.4,64,115,39.1,14.1,50,214,2,23.64607297
26,1,179.4,73.8,16.7,72,133,38.8,9,50,197,0,22.93039228
48,1,159.7,59.4,18.9,76,122,42.1,14.5,50,228,3,23.29038205
43,0,158.6,53.4,22.5,82,145,23,20.3,50,174,2,21.22926171
22,0,156,53,30.1,69,112,25.8,17.4,50,183,2,21.77843524
33,1,179,75.7,21.9,79,123,41.4,15,50,218,1,23.62597921
28,1,175.1,79.7,27.1,68,111,34.2,13.8,50,218,0,25.994773
27,1,175.5,63.3,12,80,128,45.5,26.2,50,230,2,20.55178124
28,1,178.8,87.1,27.9,75,123,41.1,-11.5,50,198,0,27.24476875
27,1,176.5,74.6,11.7,74,123,36.2,16.1,50,168,1,23.94690592
24,1,176.5,82.3,13.8,99,144,60.8,28.3,50,240,0,26.4186375
25,0,164.4,55.5,34.4,85,128,24.4,23.5,50,165,3,20.53474701
32,1,171.5,68.1,19,94,139,40.9,18.1,50,232,3,23.15361797
21,0,161.6,56.2,35.2,96,136,27,19.2,50,182,2,21.52056171
30,0,170.3,61.2,17.6,61,113,36.2,24.1,50,181,3,21.10192748
21,1,163.3,70.4,34.1,91,152,31.5,19,50,219,0,26.3997789
34,1,176.3,83.3,25,83,125,48.1,12.1,50,220,2,26.80034451
34,1,171.2,85,25.7,92,148,54.3,14.9,50,226,2,29.00089527
30,1,178.1,70.1,22.1,93,153,42.4,18.3,50,213,2,22.09989341
44,1,173.4,72.6,19.1,68,137,44.3,18.2,50,222,2,24.14562405
40,1,172.3,73,15.5,71,129,46.6,18.1,50,242,3,24.58964762
37,1,180.3,86.3,26.4,74,111,53.9,19.1,50,235,3,26.54723793
27,1,173.8,87,24.1,95,158,39.9,22.5,50,189,0,28.80180518
33,1,179,71.6,13.2,63,112,46.3,14.6,50,252,3,22.34636872
24,0,165.7,57,18.5,89,130,31.2,27.1,50,174,3,20.76011901
48,1,173.7,70.16,12.9,60,118,47.1,31,50,205,3,23.25358639
35,1,174.9,72.9,16,62,100,52,15,50,215,3,23.83130963
28,1,175.3,69.44,22.6,81,125,36.4,15,50,217,2,22.59674475
27,1,171,65.1,17.9,69,111,39.2,19.5,50,211,2,22.26326049
26,0,161.4,53.1,20.3,80,121,29.9,23.4,50,170,3,20.38390846
38,1,172.1,71.1,13.6,83,136,47,16.4,50,220,3,24.00533992
38,1,164,70.7,25.4,90,141,48,-3.9,50,198,0,26.28643664
21,0,161.5,57.04,28,69,137,28.3,22.6,50,187,3,21.86927892
57,1,175,76.5,18.6,80,120,47,7,50,210,1,24.97959184
24,1,186.7,84.4,21.8,86,149,44.2,10.6,50,221,0,24.2132904
55,1,165.2,64.7,16.8,76,127,37,20.3,50,205,2,23.70741459
22,0,159.1,48.9,27.4,64,114,22.3,19.1,50,172,2,19.31828193
24,1,185.7,86.6,22,78,118,48.3,-3.3,50,184,0,25.11273909
43,1,167.1,58.5,17.9,88,114,46.2,3.2,50,216,0,20.95091362
32,1,172.6,63.5,13.4,85,140,51.1,18.6,50,218,2,21.31533402
23,1,167.8,66.4,25.5,85,130,35.9,7,50,186,1,23.58219175
24,0,157.8,51.7,25.2,78,113,26.1,24.2,50,187,3,20.76235179
31,1,176.8,79.6,23.1,78,131,50.8,12.1,50,203,1,25.46528531
43,1,170,73.8,22.7,86,126,42.4,9.5,50,204,2,25.53633218
25,0,164.7,57.3,17.2,72,121,23.8,23.5,50,161,3,21.12357513
21,0,154.7,58.8,33.8,72,121,24.6,25.3,50,193,2,24.56952151
28,1,175.5,68.4,20.2,70,120,35.5,13.6,50,214,2,22.20761195
36,1,177.7,83.5,21.6,66,132,58.7,5.4,50,244,1,26.44305449
21,1,170.2,59.9,17.8,79,141,38.6,15.3,50,225,2,20.67796095
34,1,175.6,73.1,17.6,74,125,52.2,8.4,50,239,1,23.70654988
26,0,163,51.2,17.7,71,122,28.1,31.7,50,162,3,19.27057849
21,0,169.5,62.2,30.6,83,122,37.9,27.8,50,179,3,21.64965498
37,1,171.5,61.9,16.3,70,120,34.4,17.7,50,228,3,21.04565275
21,1,175.5,78.1,22.5,92,143,51.2,15.8,50,216,1,25.35693704
28,1,167.4,51.8,13.7,69,121,37.1,24.9,50,178,2,18.48497436
50,1,169.6,70.7,18.6,88,138,43.6,22,50,217,3,24.57919856
25,1,172.6,89.8,37.2,85,148,35,10.7,50,189,0,30.14357472
23,1,174.1,82.62,20.9,60,113,43.9,21.2,50,232,1,27.25760216
21,1,179,66.4,15.1,66,111,46.8,13,50,203,2,20.72344808
47,1,171.7,78.7,26.6,99,156,41.2,13.6,50,213,0,26.6952592
26,0,163.7,60.9,24.2,65,110,31.4,15.5,50,191,2,22.72583943
24,1,173.3,69.4,21.4,88,125,40.4,8.6,50,230,0,23.10799926
22,0,159.4,48.3,21.3,81,128,23.9,17.2,50,166,2,19.00949136
21,1,166.8,87.6,28.3,86,143,46.9,18,50,221,0,31.48560288
33,1,166.7,70.2,22.5,77,134,49.7,17.9,50,200,2,25.26189423
24,1,174.3,72.5,20.1,90,132,41.8,13.8,50,225,2,23.86399956
23,1,170,67.1,14.6,57,120,48,11.2,50,231,2,23.21799308
21,1,177.1,66.6,17.8,74,120,35.1,6.7,50,206,1,21.23425883
25,1,171.6,64.6,11.6,73,119,43.8,11.9,50,204,2,21.93804641
33,0,161,54.3,27.3,68,112,34.6,27.6,50,167,3,20.94826588
55,1,164,64.5,21.5,88,120,38.3,26.9,50,187,3,23.98126115
22,0,163.8,56.2,25.4,78,134,24.1,23.2,50,195,3,20.94635794
57,1,167.9,68.1,17.6,78,113,38.7,20,50,215,3,24.15715131
36,1,171.3,73.8,20.7,72,131,55.2,20.5,50,220,3,25.15021117
30,1,182.9,80.6,17.3,87,144,50.7,16.8,50,226,2,24.09392926
27,0,159.1,55.1,34.9,86,127,22.4,20.1,50,156,3,21.76763465
25,1,170.1,68.8,22.9,84,129,37.4,14.1,50,175,1,23.77824574
30,1,172.3,76.8,21.9,81,117,48.3,7.9,50,224,0,25.86965668
27,1,163.3,67.1,19.1,97,144,38.2,21.7,50,229,2,25.16228927
37,1,178,76.9,18.2,79,126,43.7,8.4,50,213,1,24.27092539
22,1,176.7,72.4,17.7,80,119,44.8,6.8,50,220,1,23.18811615
21,1,167,69.3,18.9,75,129,37.4,10.5,50,210,1,24.84850658
37,1,172.5,81.9,21,83,146,46.7,14.3,50,226,0,27.52362949
40,1,172.6,64.4,19.1,93,145,40.6,19.1,50,220,3,21.61744111
22,0,167.7,57.3,22.5,69,132,33.7,24.2,50,174,3,20.37457211
30,1,173.2,64.4,15.1,81,137,41.6,5.2,50,220,1,21.46792612
30,1,167.9,74.5,19.4,84,136,49.7,22.5,50,224,3,26.42742692
30,1,178.5,76,18.1,90,145,42.9,7,50,221,1,23.85267833
35,1,171.7,72.3,25.3,91,151,35.8,14.8,50,230,3,24.52436137
31,1,174.8,67.8,17.8,71,123,46.9,17.2,50,234,3,22.18946531
47,1,172.5,71.5,19.5,73,119,38.1,14.2,50,200,1,24.02856543
21,1,172.5,72.4,20.4,65,123,38.2,11.2,50,229,2,24.33102289
43,1,168.1,70.5,27,79,123,42.6,14.8,50,220,3,24.94903143
31,1,181.2,86.8,20.7,60,126,58.2,18.4,50,238,3,26.43646234
21,1,177,94.1,23.9,80,139,56.2,14.8,50,185,1,30.03606882
24,1,180.9,77.6,13.5,64,132,50.5,20.7,50,219,2,23.71289551
30,1,174.1,70.7,18,72,130,37.4,17.9,50,230,1,23.32501177
25,1,168.5,74.1,23,79,120,45.4,16.2,50,204,1,26.09867129
25,1,170.7,58,15.3,88,140,37.9,-1.2,50,200,0,19.9049436
21,1,176.1,90.5,20.8,89,146,38.8,8.5,50,176,0,29.18299544
44,1,163.7,58.4,10.3,77,119,50,18.4,50,221,3,21.7929232
26,0,164.6,56,28.4,63,100,28.1,21.9,50,185,3,20.66942357
30,1,174,77,13.9,84,122,50,21.2,50,229,2,25.43268596
22,1,166,61.9,11.3,79,127,39.2,0.1,50,218,0,22.46334737
36,1,173.7,65.9,9.4,85,140,47.1,14.8,50,241,3,21.84166681
31,1,166.4,64.7,13.1,60,123,50.9,11.1,50,223,2,23.36671366
49,1,177.2,83,19.7,98,158,40.2,14.9,50,203,1,26.43325571
38,1,184.3,94.1,19.3,78,132,57.9,27.4,50,244,2,27.7037751
30,0,163.8,58.1,22.91287,84,131,27.8,22.3,50,189,3,21.65450883
33,1,187.7,86.2,19.5,89,144,54.5,30.2,50,211,2,24.46688725
21,1,173.2,65.2,18,67,124,35.2,12.3,50,208,1,21.73460843
22,1,186.6,111.8,28.9,94,136,54.7,14.3,50,222,2,32.10838965
28,0,158.9,56.5,32.4,89,127,27.5,16.5,50,130,1,22.37693773
41,1,180.3,79.7,20.2,79,118,45.7,13,50,208,1,24.51697408
21,1,180.1,76.9,17.6,75,154,48.6,9.1,50,223,1,23.70821812
34,1,176,67.92,14.6,78,123,45.2,13.8,50,233,2,21.92665289
45,1,169.6,67.9,19.3,71,114,43.7,15.4,50,213,3,23.60576495
37,1,171,72.4,21.6,84,124,38.8,11,50,182,1,24.75975514
29,1,176.9,80.9,17.4,86,118,36.4,14.3,50,240,0,25.85192312
29,1,180,88.1,26.9,86,135,48.3,18.9,50,218,2,27.19135802
30,1,176.5,70.5,16.2,97,148,41.1,11.3,50,250,2,22.63078911
21,1,180.2,91,26.5,88,149,36.2,10.2,50,202,0,28.02410936
43,1,180.7,80.1,21.6,80,130,42.9,-0.7,50,214,0,24.53105414
23,1,180,84,21.9,76,126,32.5,11.8,50,211,0,25.92592593
48,1,170.9,62.2,18.4,95,155,39.3,18.7,50,208,2,21.29640313
31,1,183.8,84.9,22.9,90,123,57.7,15.5,50,221,3,25.13139963
56,1,176.3,66.5,15.6,69,140,40.4,17.6,50,218,3,21.39523301
24,1,182.1,92.8,31.8,94,139,37.2,9,50,217,0,27.98517871
23,1,179,87.4,29.3,92,157,46.8,12.4,50,211,0,27.27755064
64,1,170.8,71.2,19.8,96,143,36.4,10.4,50,194,2,24.40643013
31,1,172.5,83.4,24.6,93,148,43.8,4.7,50,201,1,28.02772527
21,0,162,50.8,23.4,76,107,23.7,24.6,50,211,3,19.35680537
29,1,181.2,100.8,22,96,155,56.3,10.6,50,242,0,30.70040788
60,1,170.8,71.1,13.5,94,152,42.8,13.3,50,182,3,24.37215144
28,1,172.1,67,17.8,78,138,41.1,13.7,50,215,2,22.62106575
23,1,179.3,76.4,17.2,69,126,46.3,-11.6,50,216,0,23.76472425
23,0,165.5,53.5,19.1,69,139,31.8,31.1,50,208,3,19.53249788
32,1,175.2,82.1,18.8,87,132,54.9,21.5,50,250,3,26.74699235
35,1,170.9,64.5,24.1,72,115,44.1,5.8,50,190,1,22.08389071
40,1,177.1,68.3,14.6,87,142,46,17.3,50,256,3,21.77627445
22,1,179.5,61.6,10.6,86,122,43.5,24,50,263,2,19.11841156
38,1,178.2,90.7,21.6,86,139,56.4,3.6,50,211,0,28.56221524
26,0,161,48.6,25.7,86,137,29.9,23.6,50,169,3,18.74927665
34,1,177.7,88.5,28.7,99,158,48.2,5,50,217,0,28.02647092
21,1,173,65.7,16,80,120,43.3,18.5,50,248,2,21.95195296
36,1,178.4,88.2,21.6,88,150,44.1,22.7,50,233,1,27.71270285
21,1,170,62,17.1,80,120,38.4,18.5,50,230,1,21.4532872
41,1,178.7,85.1,31.5,99,138,46,10,50,224,0,26.64897167
22,0,156.1,49.1,29.9,80,130,17.4,15.3,50,113,1,20.15002949
23,1,174.7,71.8,24.9,73,131,36.5,12.5,50,212,0,23.52548764
33,1,171,75.6,18.8,68,127,48.9,22.1,50,215,3,25.85410896
23,1,167.6,62.9,17.7,77,125,36.5,21.4,50,230,2,22.39250175
25,0,168,52,17.2,70,135,30.1,20.2,50,205,3,18.42403628
54,1,170.7,64.5,16.7,78,138,42.5,20.3,50,182,3,22.13567004
25,1,177.9,77.5,15.6,72,115,46.9,11.9,50,224,1,24.48780207
22,1,180.2,79.6,14.2,95,153,43,25.2,50,260,1,24.51339676
39,1,176.1,70.4,22.7,68,125,34.1,20.2,50,242,2,22.70146828
48,1,165.9,65.2,19.6,84,148,36.9,20.9,50,204,3,23.68944159
25,1,177.1,80.6,20.7,73,138,48.2,6.4,50,229,1,25.69791684
23,1,171.7,75,17.5,80,137,43.2,19.8,50,237,2,25.44020889
49,1,173.5,70.2,13.7,84,137,48.6,18.4,50,218,3,23.32051591
33,1,179.7,72.3,26.4,71,114,41.3,14.1,50,198,1,22.3893839
26,0,162.8,47.1,20.3,72,114,24.6,20.3,50,190,2,17.77100979
40,1,174.8,79.1,18.2,72,148,47.2,19.2,50,239,2,25.88770952
43,1,175.5,75.9,18,64,130,30.6,18,50,209,0,24.64265712
44,1,170,73.7,18.9,92,152,40.2,18.1,50,210,1,25.5017301
52,1,170,67.9,19.5,68,121,41.2,9.1,50,206,1,23.49480969
30,1,172.3,70.7,20.8,86,144,44.4,12.5,50,213,2,23.8149053
23,1,177.7,85.7,24.8,87,158,45.5,13.5,50,194,1,27.13975772
21,1,170.7,72.4,18.7,55,114,37.1,10,50,204,1,24.84686063
33,1,181,79,19,83,132,51.4,6.2,50,186,1,24.11403803
26,1,173.5,68.7,15.16476,78,120,44.7,-8.6,50,200,0,22.82221429
27,0,165.8,66,28,68,105,26.7,30.4,50,188,1,24.00904486
38,1,173,71.3,15.6,91,136,44.5,19.4,50,230,3,23.82304788
22,0,158,54.6,28.2,80,125,27.3,20.6,50,186,3,21.87149495
31,1,179.6,78,20.1,92,152,44.8,12,49,181,1,24.18142767
44,1,170,63.3,12.9,65,115,44.5,11.6,49,196,2,21.90311419
48,1,171,66.2,17.3,99,144,48.8,16,49,225,2,22.63944462
25,1,184.1,74.7,12.6,94,141,49.5,13,49,243,1,22.04007281
21,1,187.4,84.4,18.8,82,151,50.8,16.8,49,257,2,24.0327392
27,1,173.8,68.4,13.9,69,110,47.8,14.1,49,244,2,22.64417786
25,1,168.8,63.9,26,81,131,38.2,20.1,49,215,2,22.4262146
22,1,180.6,80,25.2,70,142,35.6,20.4,49,221,1,24.52756837
27,1,170,75.9,34.4,82,132,35.2,-6.6,49,202,0,26.26297578
27,0,169.8,64.9,26.9,83,132,31.3,12.3,49,159,1,22.5096802
22,1,172.9,76.3,20.7,89,139,56.4,13.9,49,212,1,25.52316637
24,1,179.3,86.4,22.57,71,155,44.9,16.1,49,232,0,26.87529025
33,1,186.8,117.5,28.3,78,133,64.9,19.3,49,213,0,33.6731793
25,1,171,77.4,22,84,151,44.1,17.4,49,223,2,26.46968298
28,1,169.1,64,22.6,94,144,33,12,49,200,2,22.38168395
26,1,181.9,87.3,24.8,68,125,47.7,5.8,49,193,1,26.38449861
28,1,178.8,68.3,17.4,67,120,35.1,-13.2,49,189,0,21.36415277
32,1,179.8,81.9,23.9,93,141,47.8,6.7,49,252,1,25.33404438
26,1,171,69.2,16.6,84,139,45.6,12.6,49,243,2,23.66540132
51,1,171.5,62.2,15.9,87,149,47.1,5,49,207,1,21.14765106
21,1,163,61.7,20,65,114,37,22.5,49,220,2,23.2225526
22,1,167.8,61.74,16.1,78,134,40,16.5,49,231,2,21.92717649
48,0,157.1,52.7,16.7,73,111,33.9,21.5,49,176,2,21.3529678
28,1,178.8,73.5,12.2,67,113,42.4,14,49,253,0,22.99070612
51,1,163.9,59.8,18.8,77,124,46.3,21.2,49,190,3,22.26092861
36,1,170.8,70.4,18.5,72,127,43.1,22,49,225,3,24.13220058
33,1,180.2,68.4,14.5,77,127,44,16.2,49,232,3,21.0642756
29,0,164,53.9,20.3,70,116,31.3,19.4,49,194,3,20.04015467
33,1,174,74.7,23.8,80,154,42.2,6.4,49,213,1,24.67300832
46,1,176.8,89.5,25.7,89,145,43.5,-0.7,49,211,0,28.6324502
22,1,176.8,59.66,13.2,86,147,37.2,6.2,49,198,1,19.08616736
30,1,176.9,81.6,4.7,70,126,65,14,49,234,2,26.07561096
32,1,170.4,73.6,18.9,76,131,45.8,22.2,49,217,2,25.34770438
32,1,171.1,55.4,10.06304,80,134,40.5,15.4,49,229,3,18.92386084
25,0,159.4,53.6,26.5,70,108,27.5,10.9,49,146,1,21.09541899
44,1,171.2,74.8,16.2,76,116,43,8.4,49,210,1,25.52078784
22,1,170.7,72.2,23.8,72,136,46,20.7,49,226,1,24.77822289
40,1,182.9,77.9,14.4,78,131,46.4,20.3,49,233,2,23.28681252
42,1,172.8,80.1,19.2,96,142,45,20.9,49,233,3,26.82532793
21,0,167.4,55.5,24,65,117,24.3,27.3,49,217,3,19.80532967
27,1,189.2,78,11.6,79,136,49.1,13.6,49,248,2,21.78975457
23,1,168.4,62.9,14.3,77,113,48.2,17.8,49,208,2,22.18025175
24,0,154.7,62.4,29.9,66,100,33,22,49,179,3,26.07377793
22,1,170.9,57.1,9.9,70,116,40,12.1,49,226,2,19.55023503
28,1,176.8,85.9,24.9,66,121,48.2,6.3,49,226,1,27.48075387
38,1,167,63,9.8,70,115,43.3,24.21,49,228,3,22.58955144
29,1,175.6,84.5,21.1,78,107,65.2,12.5,49,240,2,27.40360417
47,1,174,86.2,25.3,95,146,38,19.4,49,201,2,28.47139649
35,1,181.2,77.5,14.8,64,123,49,9.1,49,203,1,23.60398423
26,1,166.3,67.2,22.4,75,137,45.5,16.8,49,241,2,24.2987971
30,1,185,101.6,20,87,145,43.5,16.9,49,253,0,29.68590212
25,0,166.1,54.8,21.6,76,121,35.4,32.2,49,210,3,19.86283768
31,1,168.1,63.4,17.6,70,130,39.4,23.4,49,185,2,22.43643394
27,1,181.2,73.8,22.7,69,125,40.1,18.2,49,228,1,22.47708434
28,1,174.7,76.7,16.8,86,130,40.4,21,49,251,2,25.13098749
24,0,167.2,62.7,23.3,69,127,30.2,24.1,49,197,3,22.42822967
33,1,171.7,58.7,16.5,80,140,41.7,26.2,49,226,3,19.91120349
43,1,185.2,91.7,17.7,93,156,56.4,10.5,49,221,1,26.73544216
25,1,167.3,63.2,10.8,65,125,29.4,22.1,49,214,2,22.58006545
21,1,182.2,73,12.9,68,121,31.6,13.1,49,266,2,21.99004484
29,1,181.3,80.1,17.2,76,136,51.2,8.8,49,224,1,24.36895511
34,1,176.7,86.9,27.3,87,135,42.5,11.3,49,203,0,27.83214494
25,0,162.6,57.54,27.4,78,118,25.5,25.9,49,153,3,21.76350177
23,1,166.8,87.6,34.5,87,138,45,11.5,49,215,2,31.48560288
29,1,180.6,65.5,14.9,84,130,48.2,7.6,49,232,1,20.08194661
21,1,174.9,65.4,15.8,72,106,44.4,9.6,49,239,1,21.37952881
63,1,157,67.8,21.2,88,156,40.2,14.8,49,191,3,27.50618686
34,1,168.8,65.8,18.2,81,133,36.8,15.7,49,202,1,23.09303475
27,1,175.2,66.62,22.1,76,131,30.3,12.9,49,188,0,21.70383228
28,1,180,76.2,19.3,80,120,29.4,3.6,49,201,0,23.51851852
23,1,181.9,89.1,13.5,71,130,51.6,17.7,49,250,2,26.92850889
48,1,167,65.24,22.1,86,142,37.2,11.2,49,210,2,23.39273549
22,0,164.4,57.8,22.1,62,110,25.5,24.1,49,218,2,21.38573653
21,1,172.2,68,12.7,80,119,40.1,12.8,49,218,2,22.93203619
22,0,171.7,68.1,21.4,75,112,36.5,17.1,49,191,2,23.09970968
21,1,161.6,66.9,23.3,74,117,37.6,12.6,49,188,0,25.61789285
22,0,169,52.1,22.1,74,125,27.5,3.6,49,159,0,18.24165821
30,0,155,49.2,28.2,83,119,37.2,19.3,49,160,2,20.47866805
36,1,167,63.1,19.4,80,124,37.9,9.5,49,207,2,22.62540787
22,1,172,65,11.8,90,150,38.9,18.3,49,226,2,21.97133586
26,1,171.6,67.7,19.3,56,113,46.7,1.2,49,208,0,22.99080096
26,1,180,71.3,20,70,126,36.1,9.2,49,248,1,22.00617284
23,0,171,67.3,31.8,81,134,36.3,20.5,49,169,3,23.01562874
26,0,156,64.3,32.3,69,126,34.9,25.5,49,182,3,26.421762
21,0,162.7,49.72,21.1,65,106,21.3,22.7,49,179,3,18.78261316
37,1,166.2,75.6,14.8,73,140,47.3,17.5,49,246,3,27.36905212
32,1,165.7,76.6,26,97,153,44.3,13.4,49,199,2,27.89868625
21,1,177.3,69.9,13.3,74,147,32.3,7.7,49,215,1,22.23615561
24,0,177.4,62.7,23.4,86,139,30.8,21.5,49,213,3,19.92325575
26,1,178.5,81.2,13.9,90,140,48.7,17.5,49,234,2,25.48470369
40,1,178.9,76.9,19.5,68,119,43,16.2,49,232,3,24.02733805
25,1,175.1,64.8,6.9,65,118,42,19.8,49,252,2,21.13502246
46,1,171.2,60,15.3,71,122,42.9,13.5,49,188,2,20.47122019
31,1,185.6,84.4,15.8,70,129,50,12.6,49,228,2,24.5011519
42,1,169.3,65.1,20.8,81,122,42,25.3,49,219,3,22.7126115
29,1,172.6,66.2,13,91,136,46.7,20.8,49,254,2,22.22165531
48,1,162.1,73.82,24.3,67,100,41.2,23,49,187,1,28.09363988
30,0,168.6,56.2,23.3,89,139,28.2,13.8,49,174,1,19.77066034
49,1,165.6,68.64,23.3,86,136,47.5,21.8,49,188,3,25.02975565
23,0,158,45,20.9,80,125,27.8,17.5,49,150,2,18.02595738
53,1,174.1,72.6,19.5,73,133,37.8,7.3,49,184,1,23.95185084
23,1,173,64.2,17.8,98,151,30.2,15.3,49,235,0,21.45076681
60,1,167.9,65.6,19.1,94,152,43.4,13.5,49,187,3,23.27032491
54,1,173.4,86.9,22.8,90,152,51.7,16.7,49,190,2,28.90158031
25,1,170.3,68.3,19.2,84,136,36.7,18.5,49,209,1,23.55002691
43,1,170.1,76.7,19.2,91,148,49.1,19.5,49,210,3,26.50859663
31,1,164.7,62.9,18.3,78,129,40.6,6,49,190,1,23.1880083
26,1,183.6,83.8,21.2,78,142,47.8,12.8,49,226,2,24.85985922
22,1,185.9,94.1,15,76,131,49.2,9.5,49,225,1,27.22894683
24,1,167.2,61.4,18.8,76,117,35.1,7.6,49,240,1,21.96321055
21,1,168.6,69.9,17.4,85,146,38.5,19.1,49,223,2,24.59019854
39,1,176.8,77.9,15.7,75,129,48.1,15.1,49,217,3,24.92142872
45,1,177.6,89.2,27.2,70,125,46.8,15.8,49,225,0,28.27996916
21,0,161.8,62.28,28.6,83,140,30,34.5,49,171,3,23.78984264
34,1,170.6,75.5,16.5,58,119,53.2,18.6,49,232,1,25.94113047
31,1,180.5,78.5,26.9,67,118,49.7,15,49,168,2,24.09435164
28,1,171.5,71.8,23.4,74,126,42.1,10,49,196,1,24.41159721
23,0,155.6,52.5,25.7,67,125,29.7,18.8,49,172,2,21.68403592
29,1,171.5,71.2,27.8,92,130,41.3,11.8,49,204,2,24.20760057
46,1,172.6,89,23.3,79,130,41.3,-7.4,49,218,0,29.87503508
24,0,169,61.3,24.4,75,116,32.6,20.6,49,183,3,21.46283393
30,1,172.2,79.18,28.3,80,122,50.8,8.4,49,197,0,26.70233273
47,1,183.3,84.1,18.2,99,154,58.2,15.8,49,210,3,25.03058881
37,1,165.6,62.38,10.5,83,149,42.9,23.6,49,221,3,22.74703027
26,1,171.8,69.7,16.7,60,113,46.2,16.2,49,228,2,23.61491894
27,0,163.6,51.9,21.6,81,127,28.4,23.6,49,189,3,19.39102468
27,1,170.1,80,21.9,96,142,45.1,17.6,49,255,0,27.64912295
38,1,170.2,61.7,15.7,80,143,34.9,10.6,49,188,2,21.29933541
31,1,181.5,84.9,21.4,99,149,52.4,21.1,49,259,3,25.77237438
21,1,183.4,81.8,21.4,75,134,47.6,9.7,49,212,1,24.31949996
26,1,168.8,63.7,16.1,79,138,32.2,16.8,49,222,2,22.356023
41,1,177.4,79.2,18.1,79,133,50.1,4.2,49,218,0,25.16621778
23,0,158.2,56.5,31,70,116,29.4,25.3,49,179,3,22.57540184
23,1,175.9,74.48,16.8,78,122,55.8,9.4,49,234,1,24.071768
22,1,181.2,75.3,22.5,66,113,41.7,6.2,49,262,1,22.93393565
33,1,164.5,63.1,21.2,83,149,37.7,10,49,230,2,23.31833594
47,1,169.1,66,17.7,75,114,45.5,16.3,49,225,3,23.08111157
33,1,179,74.4,12.6,77,142,52.3,12.3,49,218,2,23.22024906
21,1,167.2,73.7,20.2,76,131,39.9,21.6,49,202,1,26.3630068
32,1,184,93.8,27.7,77,127,50.8,0.9,49,199,0,27.70557656
24,1,176.4,73.7,22.7,73,132,49.6,24.2,49,192,1,23.68483297
27,1,181.6,70.9,12.7,68,126,42.4,14.4,49,214,2,21.4988162
28,0,161.5,65.5,22,76,135,37.7,28.9,49,213,3,25.11286411
26,1,167.8,80.5,32.3,93,132,51.6,14.7,49,213,2,28.58985596
36,1,181.5,84.8,27.4,96,143,45.5,16.5,49,220,2,25.74201823
37,1,175.6,78.3,21,74,128,44,23.3,49,230,3,25.39292552
23,1,178.4,76.4,13.5,71,117,50,11,49,234,1,24.00510768
26,0,165.7,66.1,32.2,86,130,33.7,14.2,49,185,2,24.0744538
39,1,185.4,80.76,15.8,77,122,54.9,16.7,49,239,3,23.49507581
28,1,171.3,59.6,16.7,72,117,34.9,7.4,49,190,1,20.31101065
30,1,177.8,82.3,19.5,74,143,42,14.5,49,225,2,26.03372554
48,1,166.7,64,23.4,88,129,39,7.2,49,206,0,23.03078676
24,1,170.1,68.9,15.9,88,141,39.2,6.3,49,207,1,23.81280714
24,1,155.9,55.28,18.8,84,132,32.6,20.8,49,210,1,22.7444691
49,1,169.7,67.74,20.5,89,156,38.7,17.9,49,205,3,23.52239333
28,1,170.9,78.8,20.8,83,131,45.6,15.3,49,227,1,26.98000911
22,1,157.8,62.2,20,77,124,39.4,18.1,49,195,2,24.97907701
24,1,176,78.4,21.3,98,143,47.4,22.5,49,211,1,25.30991736
29,1,181.6,74.94,17.7,80,137,48.2,16.1,49,231,2,22.72385453
26,1,175.3,70,19.3,98,148,40.3,16.3,49,246,2,22.77897657
26,1,181.8,82.56,23.9,95,158,47.7,13.9,49,200,2,24.97939563
29,0,166.3,53.6,27.2,96,131,30.2,18.5,49,198,2,19.3811834
32,0,158.8,55.9,28.8,68,119,28.5,21,49,169,3,22.16719857
39,1,171.2,69.9,20.7,81,147,40.5,18.2,49,208,2,23.84897153
25,1,169.8,70,16.9,62,136,43.7,8,49,211,1,24.27854567
32,1,175.7,72.2,13.8,62,113,53.4,18.9,49,270,2,23.38803174
25,1,182.5,79.8,12.9,71,137,46.8,19.1,49,200,1,23.95946707
36,1,178.2,72.3,16.5,79,130,44.5,10.1,49,219,1,22.76789594
43,1,179,86.7,29.9,82,134,51.9,-10.4,49,172,0,27.05908055
21,1,177,70,16.4,72,133,38.9,19.3,49,222,1,22.34351559
29,0,156.1,50,18.8,64,105,24.3,23.9,49,194,3,20.5193783
27,1,175.1,68.4,17.5,60,107,52.1,22.9,49,250,2,22.30919038
46,1,171.5,72.2,19.5,72,117,48.8,12,49,209,2,24.54759496
26,1,176.8,67.3,17.8,80,124,42.9,13.5,49,224,2,21.53032288
23,0,163.9,59.14,18.5,76,107,32.6,24.5,49,210,3,22.01523943
27,1,169,68.1,14.2,71,152,39.7,13.6,49,279,2,23.84370295
32,1,171.2,70.8,20.3,75,141,38.7,8.3,49,196,1,24.15603983
37,1,174.4,78.7,23,88,135,41.9,10.2,49,242,2,25.87508417
51,1,174.5,79.9,17.8,88,134,53.7,15.8,49,228,3,26.23952184
23,1,175.3,69.3,18.8,75,131,41.8,7.1,49,219,1,22.5511868
22,0,160.1,48,21.7,69,122,22.9,24.1,49,178,1,18.72658445
47,1,173.4,67.1,20,86,151,44.5,23.3,49,229,3,22.31641011
37,1,167.6,75.6,23,94,139,48.1,13.5,49,215,2,26.9137223
28,0,162.9,63.1,27.1,91,149,34.2,31,49,176,3,23.77864979
23,1,177.4,69.7,12.77857,82,145,48.9,10.5,49,242,1,22.14754267
31,1,174.1,73.9,23.2,91,142,53.3,14.2,49,219,3,24.38074073
33,1,172.5,70.9,17.4,70,137,46.3,10.1,49,215,2,23.82692712
26,1,176.2,73.1,17.5,75,118,46.3,15.3,49,226,2,23.54537267
22,1,183,87.6,20.9,74,135,40.9,25.7,49,163,0,26.15784287
23,1,176.5,85.7,26.8,84,124,39.3,-4,49,207,0,27.51005144
23,1,170,60.4,16.4,70,120,28.4,7.8,49,225,1,20.89965398
27,1,176.8,69.7,14.5,62,111,51.5,7.5,49,211,1,22.29812043
27,1,182.1,80.8,16.2,66,127,53.2,8,49,223,1,24.3664056
22,1,172.9,62.3,12.6,60,113,34.1,22.7,49,242,1,20.84001658
24,1,180.3,79,21.1,75,120,46.7,15.2,49,227,1,24.30164307
26,1,176.9,64,15.6,68,123,40.3,20.6,49,219,0,20.45145958
36,1,176.3,70.1,15.4,72,118,57.5,18.5,49,225,3,22.55347119
37,1,172.8,79.3,24.7,79,144,38.8,5.8,49,239,0,26.55740955
25,1,174.8,73.4,24.4,78,124,44.5,20.9,49,223,2,24.0222235
34,1,169,72.7,19,80,114,47.3,20.7,49,233,3,25.45429082
21,1,169.7,62.7,18.1,86,143,40.1,24.2,49,227,2,21.77227726
21,1,181.3,93.8,23.9,65,122,43.6,10.6,49,216,1,28.5369287
28,0,161.6,56,19.2,85,149,22.3,19.2,49,152,2,21.44397608
28,1,174.5,61.7,16.2,70,111,37.2,15,49,235,2,20.26255942
60,1,165,57.9,25.3,87,144,37.9,18.7,49,197,3,21.26721763
64,1,168.6,70.96,21,89,159,41.5,16.9,49,202,3,24.96309711
36,1,179.7,86.7,22.2,80,128,45.6,6.4,49,211,1,26.84868028
36,1,176.6,75.2,17.4,71,109,49.4,20.9,49,241,3,24.11217806
38,1,176.9,68.3,17,76,124,48.1,14.9,49,230,3,21.82554202
44,1,176.9,76.92,19.7,60,150,41.7,6.4,49,240,1,24.58009798
25,0,165.7,56.2,17.34,68,122,34,20.5,49,178,3,20.46874892
25,1,177.3,78,17.3,86,144,42.5,29,49,224,2,24.8128775
25,1,171,61,10.7,88,139,43,10.3,49,234,2,20.86111966
21,0,155.5,59.7,33.5,77,125,32.4,28.8,49,178,3,24.68957103
27,0,156.3,49,27.4,69,112,25.3,14.3,49,158,2,20.05756111
22,1,179.9,81.1,18.4,86,132,52.1,10.8,49,237,1,25.05869946
48,1,174.3,76.8,20.7,98,156,41,20.1,49,243,1,25.2793816
30,1,166,65.6,21.6,99,153,43.3,16.2,49,246,3,23.80606764
27,1,169.2,75.6,20.7,82,121,53.1,11.9,49,214,2,26.40712238
26,1,181,83,17.6,96,155,58.6,23.2,49,232,1,25.33500198
27,1,178.6,80.6,15.3,76,132,44.2,10.6,49,238,1,25.26807357
28,1,172.2,70.1,16,86,126,48.6,11.1,49,226,2,23.64023142
46,1,177.4,76.2,21,82,129,43.5,19,49,227,1,24.21295196
21,1,183,72.8,21.1,66,130,38.7,-3,49,200,0,21.73848129
29,1,175.3,71.9,15.3,56,115,50.9,18.5,49,223,1,23.39726307
43,1,176.7,79.74,11.1,80,131,53.2,26.3,49,253,3,25.53895555
47,1,175.4,86.7,24.5,93,136,49.6,15,49,194,2,28.18122838
31,1,176,86.8,27.5,93,159,49.2,11.1,49,202,2,28.02169421
23,1,175.4,71.7,14.7,73,125,53.3,19.2,49,223,2,23.30558333
25,1,186.3,89.2,8.7,83,132,62.7,12.4,49,286,2,25.70035632
37,1,172.6,75.12,16.8,85,141,50.3,18,49,226,3,25.2158723
36,1,175,70.5,15.8,98,148,49.7,14.2,49,230,3,23.02040816
30,0,166.1,59.5,27.4,76,117,30,19.3,49,172,3,21.56640223
39,1,176.6,78.7,24,64,119,38.3,16.9,49,228,1,25.23442039
51,1,163,73.1,20.4,97,152,42.3,14.6,49,180,2,27.51326734
22,1,166.5,52.2,11.5,75,147,30.7,10,49,221,1,18.82964045
28,1,175.1,71.5,26.6,99,129,38.9,15.9,49,224,2,23.32027941
39,1,166.6,66,18.3,66,125,41.5,14.6,49,223,3,23.77901941
46,1,172.8,64.9,12,78,123,51.6,20,49,234,3,21.73487869
34,1,177,66.7,12.1,93,149,38.1,16.6,49,184,2,21.29017843
24,1,173.8,70,13.2,78,122,45.1,24.2,49,235,2,23.17386624
32,1,173.8,72.3,28.6,95,155,50.4,15.6,49,225,3,23.93529327
29,1,167,64,17.3,68,103,31,17.1,49,233,2,22.94811574
26,0,150.6,56.2,32,90,141,30,25.4,49,177,3,24.77914813
31,1,160.4,63.1,16.7,88,130,44.9,15.8,49,273,3,24.52565593
21,0,150.2,53.4,32.1,75,134,24.8,26.2,49,199,2,23.6701708
27,1,173.4,66.4,15.8,73,127,38.8,10.3,49,228,2,22.08360106
39,1,173.6,64.2,13.9,63,122,53.2,19.9,49,217,1,21.30274586
33,0,166.9,59.5,25.4,53,104,22.2,13.2,49,160,1,21.36014971
39,1,180.5,77.1,12.8,84,144,47.8,16.2,49,219,3,23.66464346
27,1,170.2,76.3,23.4,76,129,48.1,8,49,204,1,26.33937263
42,0,160,64.6,28.6,80,120,37.3,24.1,49,172,3,25.234375
34,1,183.7,79.8,17.6,91,146,55.6,18.7,49,255,3,23.64746431
59,1,173.5,74.8,17.6,65,123,49.7,17.9,49,198,1,24.84864088
21,1,177.6,72.4,21.9,70,123,49.3,7.8,49,250,1,22.95369694
24,0,153.7,54.9,34.2,75,117,19.6,26.8,49,181,1,23.23938386
27,1,170.9,76.9,15.4,74,138,46.2,15.8,49,226,2,26.3294759
39,1,167.4,89.3,26.6,89,130,43.9,14.8,49,218,0,31.86695386
25,1,170.8,71.4,25.7,67,129,42.6,14.8,49,231,2,24.47498752
26,1,180.1,74.1,26.1,79,128,31.9,3.7,49,198,0,22.84498001
24,1,165.7,63,21.6,77,131,36.3,19.8,49,201,2,22.9453947
25,1,175.1,71,15.8,98,158,53.1,7.5,49,227,1,23.15720054
59,1,163.7,61,17.1,83,134,43.1,19.4,49,209,3,22.76315608
25,1,182.5,75.2,11.2,85,146,53.9,23.4,49,221,2,22.57834491
23,1,164.3,65.9,25.3,80,119,36.9,16.6,49,219,2,24.41238934
58,0,159.2,48.2,21.4,74,105,30.3,23,49,189,3,19.01782783
30,1,180.6,76.5,19.5,86,147,42.2,15,49,220,1,23.45448726
28,1,176.1,80.5,19.9,78,140,44.8,19,49,216,2,25.95835506
41,1,168.2,70,19.8,72,121,42.8,7.3,49,199,1,24.74264119
31,1,187.3,87.5,17.1,78,131,53,9.6,49,223,2,24.94207026
26,1,167.4,65.4,22.2,85,123,41.8,7.5,49,209,1,23.33817226
63,1,165.4,60.6,16.8,75,125,37.7,21,49,187,3,22.15142215
44,1,169.6,69.1,24.3,84,151,39.2,2.9,49,198,0,24.02295078
26,1,177,83.6,23,84,146,58.8,24,49,209,2,26.68454148
62,1,171,70.1,19.1,86,146,35.8,10,49,176,2,23.97318833
35,0,158.9,52.4,27.4,62,103,24.6,18.5,49,175,2,20.75312455
46,1,174.5,65.3,15.3,78,123,44.8,17.3,49,243,3,21.44481572
38,1,178.7,88.2,23.1,71,123,47.1,22,49,220,2,27.61973327
29,1,166.2,82.3,18.6,77,152,51.3,21.7,49,212,1,29.79461626
21,1,179.1,64,13,54,106,34.4,8.3,49,254,1,19.9521087
30,1,182.7,75.4,10.5,70,123,47.9,16.4,49,263,3,22.58885674
26,0,157.7,51.4,19.6,71,111,30.1,19.5,49,171,3,20.66806089
36,1,183.6,100.24,18.9,85,156,48.7,6.9,49,226,1,29.73690081
22,1,178,83,23.2,60,108,48.5,10.9,49,260,1,26.19618735
58,1,175.9,78.5,18.6,74,131,53.5,13.2,49,202,0,25.37102293
48,1,169.9,79.6,24.1,99,153,42.9,4.1,49,166,0,27.57568504
24,1,171.9,68.4,24.5,90,138,39.6,7.6,49,203,0,23.14751362
39,1,179.1,81.1,13.5,87,138,51.5,15.4,49,241,1,25.28306275
40,1,173.3,66.3,11.3,75,130,33.9,11.3,49,200,2,22.07579757
21,0,160,52.1,26.8,77,120,21.9,21.9,49,178,3,20.3515625
27,1,169.2,64.5,12.3,71,125,47,17.4,49,241,2,22.52988616
33,1,170.3,68,20.3,74,135,45.7,18.6,49,222,3,23.44658609
43,1,175,77.8,27.5,97,140,43.4,16,49,220,2,25.40408163
30,1,183.1,82,25.4,77,117,40,15.1,49,214,2,24.45891365
44,1,170,70,20,76,121,43.1,21,49,194,1,24.22145329
48,1,170,72,15.5,72,141,44.2,13.9,49,224,3,24.91349481
39,1,170.3,71.4,22,77,138,42.5,14.8,49,227,3,24.6189154
23,0,166.1,51.7,20.7,66,123,26.3,22.5,49,197,3,18.73921
21,0,169.7,59.6,29.1,71,132,27.9,11.8,49,175,1,20.69581698
22,0,172.3,67.3,30.3,80,126,32.3,24,49,203,3,22.66963404
24,1,172.8,68.7,17.8,83,118,37.7,-1.1,49,223,0,23.007491
23,1,173.2,80.1,24.3,82,134,58.4,14.3,49,234,2,26.70156649
24,1,164,63.7,22.2,80,120,37.3,13.9,49,214,0,23.68381916
22,1,168.5,61.22,13.3,80,120,38,15.7,49,218,2,21.56222209
30,1,184.3,80.5,12.9,77,130,53.3,25.7,49,209,2,23.69982886
22,1,174.3,69.7,14.4,83,140,43.9,20.6,49,186,0,22.94235544
31,1,172,73.4,21.6,88,144,49.6,5.3,49,224,1,24.81070849
36,1,171.3,67.8,22.5,77,129,43.6,21.4,49,211,0,23.10547855
34,0,165.5,49.1,22.3,84,113,29,16.1,49,177,1,17.92608684
29,0,165.8,60,23,73,115,34.5,23.6,49,205,3,21.82640442
29,0,162.7,52.4,22.2,67,114,35.4,23.8,49,195,0,19.79503077
26,0,159.9,46.3,21.6,77,118,19.4,29,49,177,3,18.10856613
34,1,175.8,68.5,15.8,76,120,47.4,20.1,49,231,3,22.16423928
23,0,162.4,58.9,29.6,71,119,28.1,25.5,48,178,3,22.33280351
40,1,174.2,77.6,17.8,85,133,49.5,12.1,48,213,2,25.57204264
27,1,175.4,86.4,19.8,76,135,47.6,20.6,48,213,2,28.08371548
28,1,172.7,69.8,27.6,81,149,46.5,10,48,185,1,23.40295769
29,0,166.7,52.84,15.2,74,125,30.7,29.7,48,186,3,19.01479332
23,1,183.3,79.4,19.8,79,136,48.9,23,48,199,1,23.63173307
31,1,178,78.2,19.4,79,134,45.7,11.9,48,218,2,24.68122712
22,0,154.8,59.3,34.2,79,112,30.6,10.1,48,167,1,24.74644286
26,1,174.8,81.8,22.7,79,130,47.1,23.2,48,238,2,26.7713608
45,1,164.7,56.1,14.1,88,136,41,14.5,48,216,3,20.68119659
31,1,175.1,76.2,19.7,80,152,44.8,17.9,48,240,3,24.85322086
21,0,168.2,77.9,31.6,69,116,34.4,17.5,48,176,1,27.53502498
36,1,176.7,72.7,9.7,72,114,50.6,14.4,48,212,3,23.28419951
23,0,165.9,55.5,26.9,70,121,19.6,18.7,48,155,0,20.16509215
26,0,170.4,66.8,24.3,85,126,24.3,16.2,48,153,1,23.00579691
49,1,171.3,71.9,19.4,75,130,47.5,9.4,48,201,2,24.50271251
23,0,163.6,54.7,28.3,67,129,23,21,48,127,3,20.4371686
29,1,170.5,68.4,13.5,81,135,39.8,23.3,48,247,2,23.52920942
33,1,174.7,76,19.7,83,123,49.9,5.2,48,214,1,24.90163037
23,1,174.2,68.2,19.4,83,141,41.9,15.3,48,213,1,22.4743983
36,1,178.2,69.9,22.4,68,123,41.8,7.6,48,203,1,22.01211517
22,1,170.4,63.3,13.1,97,137,40.4,13.3,48,233,2,21.80040336
23,1,171.5,67.7,9.6,76,116,45.7,11.4,48,198,1,23.01762021
28,1,174.3,74.9,19.8,87,131,56.2,6.5,48,217,1,24.65398024
55,1,173.7,75.7,18.6,82,134,41.8,7.6,48,175,1,25.08974472
22,1,172.6,66.5,11.9,69,127,31.4,10.5,48,203,1,22.32235767
31,1,181,74.9,16.8,68,127,49.3,16.2,48,192,2,22.86254998
21,1,171.1,83,25.8,96,146,42.5,7.3,48,227,0,28.35163266
23,1,178.4,68,11.2,70,129,45.8,8.4,48,225,1,21.36580265
44,1,173.8,72,18.6,93,152,43.3,18,48,223,2,23.8359767
41,1,175.8,71.3,14.5,80,137,42.5,23.4,48,234,3,23.07022278
28,1,174.7,80.8,22.1,71,130,48.8,-0.8,48,228,0,26.47436492
40,1,176,70.7,15.9,80,129,43.5,15,48,218,3,22.8241219
40,1,169.1,74.6,22.1,65,115,16.7,7.8,48,214,1,26.08865035
23,1,170.8,74.1,20,65,116,46,21.2,48,255,2,25.40051226
37,1,169.8,63.1,22.2,76,137,46.4,6.6,48,229,1,21.88537474
21,0,161.7,55,22.4,64,109,22.9,21.6,48,190,3,21.03500646
21,1,168.7,80.3,22.6,68,131,40.3,18.8,48,244,1,28.21534599
24,1,177.5,76.4,24.1,86,159,39.7,11.6,48,181,0,24.24915691
21,1,168.4,67.5,23.2,74,122,34,13.2,48,166,1,23.80233693
24,1,172.4,60.1,18.5,75,143,32.9,-2.4,48,186,0,20.22087521
44,1,165.4,59.7,18.6,81,117,33.6,12.2,48,225,2,21.82244063
23,1,167.2,68.7,17.5,90,135,36.6,11,48,236,1,24.57447174
22,1,177.6,71.8,19.2,65,108,41.6,10.2,48,199,1,22.76347293
33,1,180.8,73.64,18.7,87,132,46.6,7.5,48,223,1,22.52770381
35,1,173.3,73.4,24.5,73,134,40.9,14.5,48,199,2,24.43987242
38,1,171,69.3,18.8,61,136,47,18.3,48,220,3,23.69959988
25,1,173.4,68.4,9.8,81,118,33.6,20.1,48,185,1,22.74876977
36,1,177.3,82.32,22,76,129,57.5,20.6,48,214,3,26.18712918
54,1,166,62.5,12.1,79,139,45.6,18.2,48,234,3,22.68108579
43,1,173.3,64.76,14.4,78,154,60.1,20,48,238,3,21.5630264
25,1,170,78.9,18.7,82,138,38.9,10.2,48,245,1,27.30103806
60,1,173.2,80.5,23.1,98,154,46.9,8.6,48,211,1,26.83490765
24,1,177.5,83.2,19.8,89,144,47.6,21.6,48,254,0,26.40745884
23,1,168.2,65.8,18.8,73,130,42.8,12.5,48,213,2,23.25808271
43,1,176.5,80.62,20.7,99,146,48.4,15.6,48,211,1,25.87935061
26,1,166,67.3,23.6,75,140,32.6,16.1,48,220,2,24.42299318
30,1,174.9,74.1,20.2,69,123,46,15.3,48,239,3,24.22359457
21,1,175,61.8,11,65,120,40.3,11.9,48,232,2,20.17959184
39,1,164.8,68.98,22.5,85,148,43.2,12.5,48,206,2,25.39854133
44,1,170.1,73.3,19.7,79,138,43.3,21.2,48,221,1,25.33350891
22,1,178.3,73.3,16.7,78,140,40,10,48,228,1,23.05691977
30,1,180.3,78.8,16.5,85,141,45.1,10,48,240,2,24.24011992
25,1,189.9,74.46,16,80,120,46.8,13.5,48,231,1,20.64776755
30,1,172.4,61.8,13.9,71,131,42.5,7.2,48,234,1,20.79284672
39,0,158.3,53.3,20,77,114,38,26,48,173,3,21.26989663
28,0,173,64.3,25.4,78,126,32.5,27,48,207,1,21.48417922
31,0,159.3,52.9,15.4,87,127,31.3,20.1,48,190,3,20.84606658
32,1,175.1,76.5,19.4,91,140,41.9,19.7,48,245,1,24.95106818
24,1,171.9,67.8,23.3,89,128,41.9,11.6,48,220,1,22.94446526
42,1,172.5,76.3,20.3,96,136,41.7,12.7,48,221,0,25.64167192
26,1,172.8,65.3,17,96,159,51.9,10.4,48,218,2,21.86883788
23,1,171.5,85.3,25.8,63,132,40.4,14.4,48,214,2,29.00152147
27,0,160.7,54.6,26.2,89,145,23.1,29.5,48,187,3,21.1427215
44,1,171.5,82.1,28.9,89,147,39.6,10.1,48,199,0,27.91353943
23,0,157,56.8,33.6,85,120,26.4,24.8,48,165,2,23.04353118
24,1,175,68,20.5,88,121,40.3,12.4,48,219,1,22.20408163
44,1,177.6,80.7,19,77,111,43,19.5,48,235,1,25.58512905
25,1,165.8,72.3,22.4,83,143,48.7,6.8,48,206,1,26.30081733
23,1,171,67.6,20.2,75,124,38.3,18.5,48,230,2,23.11822441
42,1,166.3,71.6,23.2,82,135,41.9,11.5,48,197,2,25.88978977
49,1,170.9,68.2,22.1,75,146,44.9,5.7,48,195,1,23.35071855
23,0,156.7,52,23.7,80,118,25.1,24.4,48,172,1,21.17704457
21,1,175.5,61.7,20,80,120,35.4,19.4,48,232,2,20.03230493
60,1,179.6,78.2,20.9,91,149,57,15.9,48,211,1,24.24343133
23,1,165.7,66.3,27.6,69,113,30.3,7.6,48,162,0,24.14729632
32,1,174.6,79.7,21,69,136,56,20.4,48,226,3,26.14386803
41,1,169.7,73.08,17.4,83,142,37.8,13.1,48,226,1,25.37668297
22,1,173.9,63.3,17.4,68,104,37.3,14.4,48,170,1,20.93170214
22,1,168.7,83.1,32,90,131,44.5,6.1,48,162,0,29.19919367
27,1,175,94.1,26.2,91,151,57.8,25,48,211,0,30.72653061
32,1,172.2,73.4,24.9,68,113,35.7,-9.3,48,239,0,24.75310965
21,0,167.3,63.5,26.5,71,118,35.4,29.9,48,183,3,22.6872493
25,1,175,72.54,12.3,60,120,44.8,18.7,48,212,2,23.68653061
23,0,161.5,59.2,30,81,126,28.9,22.9,48,183,3,22.69742833
34,1,169.5,70.9,18.1,96,125,55,16.4,48,244,3,24.67782216
22,1,183.3,82.22,12,60,120,44.9,19.9,48,231,2,24.47104651
57,0,154.4,52.9,25.3,83,148,30.3,24.9,48,162,2,22.19019303
35,1,171.3,77.2,10.8,99,146,56,25,48,228,2,26.30889299
22,1,171.4,56.6,17,76,114,27.9,15,48,259,0,19.26614373
58,1,163,57.5,9.963,94,138,39.5,22.9,48,180,3,21.64176296
28,1,173.9,73.74,15.7,71,139,48.7,9.1,48,234,1,24.38394495
58,1,177.8,79.2,19.6,77,123,49,13,48,202,2,25.05311133
33,1,169.1,66.1,18.6,65,123,43.4,10.3,48,235,2,23.11608295
23,0,159.1,46.72,22.8,78,120,28.5,20.6,48,163,2,18.45705791
23,0,162.7,54.4,26.9,73,122,31.5,24.4,48,140,3,20.55056629
34,0,165.1,53.5,25.7,98,133,26.2,21.2,48,178,3,19.62725819
30,0,155.6,46.3,17.7,75,119,24,30,48,184,3,19.12325454
23,1,176.7,74,24.6,83,142,39.1,24.1,48,238,2,23.70056071
21,1,186.4,92.5,25.6,85,147,42.5,-14.4,48,174,0,26.62256627
21,0,168,60.3,29.7,60,108,26,24.5,48,185,3,21.36479592
49,1,180.6,82.8,18.1,93,158,50.4,23.4,48,198,1,25.38603327
24,1,183.9,76.1,21,98,156,50.9,14.9,48,202,0,22.50200404
42,1,178.3,72.9,15.2,85,138,50.7,14.7,48,242,3,22.93109756
24,0,154.5,45.4,20.5,65,103,25.4,25.8,48,190,3,19.01949079
34,1,180.1,82.6,18.33787,88,150,56,12.5,48,218,1,25.46552427
25,1,171.6,70.1,16.5,59,122,53.4,23.7,48,243,2,23.80583674
24,0,160.6,55.3,26.7,69,114,28.4,21.8,48,206,3,21.44045756
54,1,178.9,78.9,18.1,93,151,35.8,14.6,48,221,1,24.65223631
21,1,178,64,13,80,119,37.6,12.4,48,244,2,20.19946976
31,1,172.9,69.6,16.8,69,110,44,15.5,48,233,2,23.28194468
48,1,171.1,73.2,21.3,75,132,38.9,18.6,48,221,3,25.00409049
48,1,184.4,86.1,19.8,84,138,42.7,13.5,48,223,2,25.3210271
37,1,170,74,23.1,78,133,41.5,14.9,48,190,2,25.60553633
36,1,168.6,66.8,19.8,73,112,39.6,12.5,48,219,2,23.4996461
24,1,173.4,63.9,15.5,84,136,34.9,-5.9,48,227,0,21.25214018
30,1,181.2,74.7,18.2,91,152,49.1,15.2,48,224,3,22.75119512
42,1,177,83,27.1,81,123,44.8,18.9,48,230,2,26.49302563
24,0,159.3,55,27.4,74,127,27,30.5,48,158,3,21.67360419
28,1,179.4,67.4,19.5,76,128,42.9,8.6,48,219,1,20.94184877
21,1,172.6,82.1,23.1,101,152,41.2,11.1,48,215,1,27.55888067
21,1,177.9,65.4,14.1,81,123,38.5,11.8,48,235,1,20.66454523
26,1,175.6,85.8,25.6,90,147,43.5,7.2,48,214,0,27.82519808
50,1,164.9,68.1,15.7,78,123,40.6,21,48,194,3,25.04412142
22,0,164.1,50.9,21.4,84,135,23.5,14.1,48,187,1,18.90168931
21,1,168.3,67.2,19.1,68,105,39.7,-8.4,48,196,0,23.72471702
26,0,170,62.98,28.7,66,121,34.6,24.5,48,189,3,21.79238754
26,0,160,46.86,21.3,72,108,22.8,26.9,48,173,3,18.3046875
38,1,171,74.7,21.1,89,139,47.5,22.8,48,227,3,25.54632195
26,1,181.7,65.68,12.4,80,120,38.9,4.2,48,198,0,19.89405386
25,1,175.3,63.4,13.9,69,106,41.7,11,48,220,2,20.63124449
44,1,178.6,91.2,30.5,95,157,53.8,12.4,48,208,2,28.59117009
37,0,171.7,67.6,31.3,91,138,30.7,27.5,48,185,3,22.93010828
25,1,178,80,14.8,83,145,37.4,21,48,232,1,25.2493372
22,1,170.5,64.5,12.4,62,124,44.1,28.1,48,215,2,22.18763169
36,1,189,95.9,13.5,78,136,52.3,20.3,48,242,1,26.84695277
22,0,157.5,56.7,33.3,78,123,25.6,20.1,48,163,3,22.85714286
26,1,172.8,70.34,19.8,77,126,47,20,48,219,2,23.55672368
22,1,167,71,22.6,82,132,48.5,17,48,205,1,25.4580659
30,1,184.7,91,22,84,143,48.2,-9.5,48,227,0,26.67519491
31,1,177.5,79.1,16.2,56,113,51.3,22.1,48,244,3,25.10612974
28,1,178.7,86,11.9,90,141,61,12.7,48,263,2,26.93080568
22,0,174.9,66.26,22.6,74,136,30.7,18.9,48,172,2,21.66066634
33,1,166.7,62.9,15.4,75,125,35.7,26,48,225,3,22.63494512
22,0,164,57,19.7,66,113,29.9,21.4,48,156,2,21.19274242
23,1,175.1,74.3,19.2,58,117,46.4,-4.3,48,202,0,24.23352112
27,1,167.6,70.86,26.6,93,127,36.8,19.9,48,212,2,25.22627463
28,1,170.9,85.2,26,84,143,50.3,13.8,48,206,2,29.17127889
35,1,163.4,72.3,25.4,67,125,42.8,12.7,48,237,2,27.07909793
55,1,172,59.8,14.8,60,109,40.2,8.8,48,204,2,20.21362899
27,1,172.6,72.8,26,85,141,45.5,23.1,48,201,2,24.43710734
32,1,174,78.4,23.2,91,153,45.3,14.5,48,220,1,25.89509843
34,1,177,62.8,13.2,75,120,50.7,17.5,48,232,3,20.04532542
47,1,171.6,73.5,19.4,94,157,51.6,11.8,48,221,2,24.96047076
22,1,176.8,83.8,32.8,81,136,35.8,0.8,48,178,0,26.80893102
43,1,172,69.4,21,77,127,42.7,17,48,221,2,23.45862628
26,1,175.3,73.6,21.9,86,138,43.5,7.9,48,198,1,23.95046679
24,0,160.2,57.88,24.5,75,124,31.2,23.6,48,145,3,22.55295737
22,0,173.5,69.7,27.5,71,145,39.9,19.4,48,203,2,23.15441537
22,1,190,104.7,27.1,73,136,53.3,7.6,48,188,0,29.00277008
27,0,158.8,50.7,22.9,90,140,22.9,11,48,185,1,20.10513359
33,1,169,87,22.6,65,123,58.7,7.8,48,210,1,30.46111831
22,0,176.2,68.8,26.1,70,135,29,19.3,48,172,2,22.16035075
28,1,180.2,93.9,28.4,90,150,47.2,11.4,48,191,0,28.91718537
24,1,181.6,93.5,25.7,85,142,51.3,13.7,48,216,0,28.35175338
34,1,171.8,87.6,18.5,89,141,59.4,16.6,48,285,3,29.67958248
46,1,173.6,81.4,25.5,84,122,62.4,22.1,48,219,0,27.01002357
31,1,178,87.2,32.4,89,135,50.1,16.7,48,211,3,27.52177755
45,1,170,76.4,20.6,97,150,31.7,15.3,48,191,2,26.43598616
24,1,172,68.24,21.3,89,127,37.5,23,48,253,0,23.06652244
29,1,169.7,66.6,16.3,81,138,47,18.2,48,223,2,23.12653374
36,1,172.5,72.7,21.8,80,136,46.5,28,48,225,3,24.43184205
34,1,175.7,80,23.9,74,123,46.5,19.5,48,221,3,25.91471661
31,1,173.5,88.2,22.9,74,120,48.8,22,48,210,1,29.30013537
27,1,186.7,75.8,16.2,69,125,40.1,8.9,48,223,1,21.74605939
23,1,175.1,72.7,15.8,77,143,37.5,-6.44,48,212,0,23.71166872
34,1,170.7,53.7,11.6,89,139,36.9,18.1,48,199,2,18.42923226
56,1,167,72.2,24.8,88,150,40.2,19,48,202,2,25.88834307
21,1,170,61.7,18.1,68,125,37.5,13.6,48,226,2,21.34948097
24,0,159.9,52.7,21.4,80,120,24.4,23.8,48,200,3,20.61169407
22,1,170.8,86.9,29.4,89,155,41.2,9.4,48,199,0,29.78818509
31,1,176,82.5,25.3,82,135,49.6,21.5,48,227,2,26.63352273
24,0,165.7,52.5,19.7,70,118,26.3,22.3,48,177,3,19.12116225
22,1,176.1,88.2,20.1,83,141,52.6,15.6,48,238,1,28.44132815
21,1,169,66.1,14.4,83,131,41.1,8.1,48,181,1,23.14344736
45,1,171.5,76.7,23.2,82,117,50.7,7.4,48,221,1,26.07756972
24,1,181.3,77.2,15.9,65,135,46.4,14.3,48,220,1,23.48668332
30,1,178,81.1,25.3,91,143,50.6,14.7,48,225,3,25.59651559
24,1,174.5,67.1,13.9,86,142,36.6,17.1,48,242,1,22.03594388
35,0,171.1,63.1,24.3,67,114,31.3,25.9,48,167,3,21.55407254
54,1,171.1,68.58,22.6,84,136,40.9,11.8,48,196,2,23.42596347
27,0,162.2,55.8,28.2,68,120,28.9,28.2,48,169,3,21.20960103
25,1,175.2,83.9,20.1,78,134,47.3,22.7,48,246,2,27.33340631
30,1,182.7,78.3,13.7,90,138,46,24.7,48,247,3,23.45765893
31,1,170,70.6,19.7,77,139,47.5,16,48,220,3,24.42906574
35,0,163.8,63.5,26.6,63,100,36.1,22.6,48,205,3,23.66714821
21,1,166,55.9,16.8,96,150,40.2,20.1,48,173,1,20.28596313
30,1,177.3,70.6,8.8,76,130,61.1,17.9,48,229,3,22.45883528
47,1,155,60.6,20.4,68,126,41.8,12.7,48,178,2,25.22372529
25,1,181.8,92.44,23.3,78,136,40.6,10.5,48,237,1,27.96869346
37,1,168.1,75.7,20.6,85,130,47.9,22.9,48,236,3,26.78924368
37,1,173.8,79.7,24.5,94,147,42.9,17.9,48,221,1,26.38510198
30,1,164,67.8,27.9,95,155,43.9,21,48,207,3,25.2082094
39,1,176.9,77,21.3,91,139,59.4,12.1,48,240,2,24.60566231
28,0,167.1,71.2,38.2,96,149,32.6,19.1,48,146,2,25.49923162
26,1,174.6,72.3,24,67,125,43.4,16.7,48,243,2,23.71645745
28,1,164,64.9,22.5,79,123,37.3,13.4,48,209,1,24.12998215
22,1,178.1,67.9,16.3,66,134,43.1,12.7,48,159,1,21.40631616
28,1,177.2,79.3,24,82,141,47.9,10.3,48,187,2,25.25490576
21,0,162.4,59.2,20.9,64,116,29.4,16.4,48,158,2,22.44655294
23,1,173,71.2,18.4,77,118,46.1,7.5,48,225,1,23.78963547
44,1,178.8,72.7,9.3,94,148,43.4,21.9,48,40,3,22.74046715
28,0,163,60.8,24.5,75,130,34.5,25.6,48,181,3,22.88381196
30,1,177.8,75.9,19.1,90,134,53.4,16.2,48,222,3,24.00923169
22,1,177.3,66.4,12.5,83,136,35,13.8,48,253,2,21.12275726
25,0,158.7,47.9,18.5,52,105,28.5,23.8,48,178,3,19.01873643
29,1,181,68.6,22.5,85,126,35.6,14.8,48,188,1,20.93953176
27,1,175.8,73.2,16.2,79,157,45.9,9.1,48,233,1,23.6849973
29,1,178.2,77.66,17,86,132,48.2,17.4,48,225,2,24.45580635
40,0,164.6,57.1,22.4,83,135,36,24.2,48,198,3,21.07543011
39,1,180.5,69.3,23.2,76,117,41.2,19.4,48,223,3,21.27055501
26,1,189,83,20.8,88,148,45,16.8,48,259,2,23.2356317
53,1,173.7,70,20.2,97,149,44,21.3,48,184,3,23.20055655
21,1,178.6,70,17.9,77,119,37.8,13.8,48,226,2,21.94497705
36,1,182.6,77.4,22,80,131,45.9,21.6,48,233,3,23.21343524
25,1,167.7,54.7,15.4,83,123,42.1,12.5,48,231,0,19.45007145
48,1,174.7,82,19.8,99,150,48.5,3.9,48,189,0,26.86754856
40,1,173.2,78.2,21.9,81,144,45.3,17.3,48,207,3,26.068196
55,1,174.2,65.5,18,84,140,44.4,9.2,48,207,2,21.58464939
30,1,177.4,79,18.1,82,126,53.4,12.8,48,190,2,25.10266673
22,0,164.6,66.4,32.7,62,103,25.8,21.2,48,179,1,24.50803081
29,1,172.7,76.6,24.2,85,136,44,21.9,48,215,2,25.68290199
24,0,165.7,54.3,29.6,82,112,26.6,25.5,48,164,3,19.77674495
59,1,160,55.6,13.2,112,145,32.5,22.1,48,175,2,21.71875
43,1,177,63.6,12.4,67,130,42.8,16.1,48,220,3,20.30067988
21,0,161,63.5,30.4,74,133,30.2,22.9,48,195,3,24.49751167
21,1,173.6,74.7,18.7,74,126,44,24.5,48,199,2,24.78683981
31,1,175.6,72.6,22.2,87,129,41.3,19.8,48,229,2,23.54439838
38,1,180.4,82.8,22.5,75,121,53.3,21,48,222,3,25.44235279
60,1,171.1,65.3,19.3,85,139,27.8,8.6,48,195,2,22.3055616
26,1,169,67.4,14.5,80,120,58.1,8.3,48,198,1,23.59861349
26,1,169.4,62.5,18.8,72,125,37.8,17.3,48,213,2,21.7797658
32,1,171.6,73,13.4,60,97,44.4,14.5,48,228,3,24.79067164
22,1,174.3,59.8,14,99,128,37.1,-6.5,48,193,0,19.68368515
21,1,188.1,69.2,10.3,87,137,47.6,22,48,244,2,19.55818291
60,1,170.5,72.6,20.9,85,146,49.2,20.9,48,217,3,24.97398543
28,0,162,58.3,25.2,90,132,29.4,22.5,48,170,3,22.21460143
22,0,154,51.1,26,69,113,26.3,23.9,48,190,3,21.54663518
31,1,169.4,67.3,20.5,84,132,43.8,19.4,48,247,3,23.45245181
22,1,171.6,73.4,17,78,123,44.6,21.7,48,267,2,24.92651094
22,1,177.9,81.2,21.5,93,132,44.1,11.5,48,249,1,25.65689714
30,0,164.3,56.46,26.7,72,113,24.9,20.9,48,155,2,20.9153794
22,0,162.4,54.9,28.9,99,134,20,31.8,48,170,3,20.81614453
37,1,175.3,72.8,16.4,79,127,42.9,14.2,48,165,2,23.69013563
29,1,182.3,80.5,17.6,64,120,41.8,13,48,242,1,24.22269959
23,1,178.6,69.3,20.4,66,126,37.3,7.9,48,196,1,21.72552728
39,1,166.2,68,21.5,77,123,44,17.4,48,217,1,24.61766593
23,0,163.4,65.5,29.2,69,118,29.2,24,48,190,1,24.53223948
30,1,181,91.6,21.3,76,130,58.9,15.4,48,227,2,27.96007448
23,1,167,62.68,15,62,115,37.7,13.5,48,201,1,22.47481086
25,0,154.5,43.5,25.5,80,130,22.2,11.03,48,167,0,18.22352091
27,1,184.6,78.1,9.6,66,110,48.4,11,48,263,2,22.91857655
40,1,175,76.6,25.3,82,136,43.7,14,48,238,2,25.0122449
27,0,161.3,54.08,24,74,115,32.7,18.8,48,176,2,20.78585762
25,1,174.4,69.5,14.2,79,135,48.2,10.1,48,250,2,22.85029669
37,1,173.1,77.3,20.1,75,135,44.5,17.1,48,174,1,25.79795959
24,0,159.2,55.9,28.2,73,123,27.1,26.4,48,188,3,22.05594556
51,1,167.4,59.5,15.6,61,104,37.5,10.8,48,209,2,21.23274081
21,1,174.4,64.6,17.7,59,121,41.3,21.3,48,256,2,21.23926858
30,1,184,84.6,15.8,74,131,55.1,19.5,48,245,2,24.98818526
24,1,165.3,59.8,13.8,88,127,34.1,10.1,48,221,1,21.8854498
26,1,179,69.8,17.6,66,118,33.6,-5,48,220,0,21.7845885
37,1,169.4,73.3,14.2,92,140,48.9,10.9,48,242,2,25.54330933
22,1,172.6,70.2,17.1,70,139,43,14.5,48,211,1,23.56435351
30,1,170,69.4,19.9,69,116,39.7,14.3,48,219,2,24.01384083
40,1,175.5,82.5,19.7,77,120,54.5,18.2,48,217,1,26.78549687
30,1,182.8,81.2,22.9,89,134,47.3,10.3,48,225,2,24.299853
51,1,170,71.8,19.2,99,152,39.6,8.5,48,197,1,24.84429066
26,1,179.4,85.9,19,71,136,62.3,25.2,48,256,2,26.68998234
58,1,167.7,65.4,14.8,65,108,43.9,7.8,48,180,1,23.25474722
25,1,163.2,61.8,21.2,78,126,42.3,9.6,48,199,1,23.20321511
35,1,170.6,71.36,18.7,90,134,47,30,48,241,3,24.51866318
55,1,162,57.4,15.7,86,137,37.4,12.5,48,185,2,21.8716659
30,1,172.6,102.7,28.3,96,160,57.5,11.2,48,246,2,34.47377643
23,1,174.4,82.4,23.9,93,133,48.6,13.7,48,225,1,27.09157478
27,0,162.9,58.7,27.2,79,128,31.4,31.1,48,186,3,22.12055059
24,1,177.4,73.7,19.8,70,129,39.2,9.8,48,230,1,23.41856377
22,1,179,70.8,11.6,86,120,54.1,14.4,48,229,2,22.09668862
21,1,178.5,85.3,18.7,67,113,47.4,14.8,48,222,1,26.77149291
48,1,174.1,80.1,19.6,99,134,49.4,19.4,48,204,1,26.4262156
23,0,164.6,57,20.2,68,100,34.1,22.3,48,182,3,21.03852042
23,1,168.1,64.6,23.1,57,111,38.1,13.2,48,219,2,22.8610983
21,1,174.8,66.9,20.4,74,122,38.9,16.8,48,228,1,21.89491488
28,1,172.6,73.9,22.6,72,117,30.6,14.3,48,192,0,24.80634935
22,0,172.7,64.5,24.3,69,125,27.3,26.3,48,170,2,21.62594228
21,1,171.5,62.6,18.2,84,143,36.8,17.9,48,195,1,21.28364882
21,0,157.1,69.9,35,67,110,21.6,21.2,48,165,0,28.32205786
21,1,170.4,58.6,20.6,91,155,32.5,6.8,48,216,1,20.18173202
55,1,167.4,55.8,9.8,91,129,45.9,20.3,48,219,3,19.9123855
29,1,175.4,74.4,16.1,77,124,58.4,23.5,48,245,2,24.18319944
44,1,172,79.3,26.3,84,139,45.2,11.4,48,192,2,26.80502975
23,0,160.2,56.8,18.1,69,114,28.8,28.2,48,199,3,22.13213508
26,0,160.1,56.3,27.8,69,117,26.1,26.4,48,128,2,21.96472302
22,1,171.3,67,9.6,63,114,38.5,6.6,48,217,1,22.83284754
22,1,175.4,61.7,7.6,74,122,47.1,14.9,48,242,2,20.0551533
22,1,182.9,70.5,13.2,75,126,35,11.3,48,232,2,21.0747148
24,0,158,49.6,19.4,88,130,23.3,26.9,48,176,3,19.8686108
37,1,177.7,83.4,18.2,69,115,52.2,-2.9,48,226,0,26.41138616
28,1,177.4,87,21.4,84,151,45.7,21.2,48,225,1,27.64470893
25,1,177.2,71.4,21.7,85,130,37.2,14.2,48,239,2,22.73896937
33,1,177.9,85.88,27.1,88,145,49.9,15.5,48,212,2,27.13564441
21,1,176.2,70.9,13.8,77,139,49.8,8,48,245,1,22.83675681
27,1,173.6,75.9,24.3,86,146,40.8,-0.7,48,183,0,25.18502198
24,0,159.2,49.3,17.9,67,108,28.4,26.3,48,192,3,19.45184465
45,1,174,79.1,14.5,92,154,49.3,11.5,48,184,2,26.12630466
41,1,165.5,67.8,24.4,78,131,31,14.4,48,191,1,24.75333376
28,1,180.7,73.5,15.5,73,128,44.3,18.2,48,246,2,22.50976878
22,1,174.1,71.5,17.9,70,126,40.5,15.8,48,192,1,23.58894401
27,1,181.2,68.54,9.2,80,130,46.1,20.3,48,266,1,20.87505909
60,1,167.3,55.9,8.6,63,123,39.6,12.7,48,179,3,19.97192498
27,1,173.8,69.9,24.9,96,143,44.2,12.5,48,187,2,23.14076071
26,1,167.1,67.4,18,66,117,43.9,12.5,48,229,2,24.13831757
32,1,174.1,74.4,17.2,97,153,52.5,-7.2,48,214,0,24.54569838
37,1,177.7,66.9,16.9,80,127,36.9,16.7,48,218,1,21.18611192
44,1,155.7,52.2,20.9,88,158,37.5,17.5,48,226,3,21.53244159
27,1,172.4,61.6,13,83,133,46,13.3,48,230,2,20.72555596
31,1,179.7,85.5,26.8,95,135,46.3,1.7,48,172,0,26.47707225
21,1,167.7,74.1,24.6,74,107,45.9,15.8,48,222,2,26.34826864
25,1,173.3,74.08,19.9,92,140,47.6,12.5,48,202,1,24.66629086
29,1,177.2,64.9,15.2,85,143,50.6,8.3,48,220,1,20.66889513
25,0,155.3,60,32.2,63,110,33.2,21.7,48,200,3,24.87759188
25,1,176.6,80.9,24.5,80,148,35.4,8.9,48,211,1,25.93982986
21,1,165.1,66.8,18.7,85,137,41.8,9.2,48,209,1,24.50655789
35,0,168,53.1,24.7,78,127,26.8,20.3,48,174,3,18.81377551
26,1,164.7,65.5,17.7,93,147,35.3,8.7,48,188,1,24.14649513
26,1,172.6,61.4,12.8,79,132,42.4,8.4,48,238,1,20.61041746
28,1,167,62.1,14,64,108,39.4,11.3,48,229,2,22.26684356
26,0,157.8,57.1,37.9,84,127,28.1,20,48,155,1,22.93095333
22,1,177.1,62.1,14.4,60,125,33.3,13.8,48,228,1,19.79951161
29,1,181,101.5,29.8,77,134,52.1,21.8,48,182,0,30.98196026
61,1,174.6,70,19,69,129,41.4,17.9,48,211,3,22.961992
21,1,168.7,61.2,14.1,80,142,48.7,30.8,48,295,2,21.50409931
26,1,180.7,75.5,23.8,65,122,40.3,11.7,48,211,2,23.1222795
37,1,175.8,82.6,19.5,75,133,41.9,18.7,48,223,3,26.72651335
25,0,164.7,55.5,20.65127,70,130,29.9,28.2,48,188,3,20.46000732
46,1,169.5,85.1,25.2,92,152,46.5,13,48,203,0,29.62034789
43,1,173.3,76.1,21.4,85,144,43.4,10.7,48,220,1,25.3388868
22,1,181.1,86.7,24.8,77,158,34.3,15,48,193,0,26.43517543
36,1,174.1,68.2,15.8,97,157,43.7,20.3,48,219,2,22.50022352
36,1,175.5,82.9,23.2,73,122,52.4,7.6,48,186,0,26.91536595
46,1,172.4,77.1,19.1,69,126,45.1,12.9,48,188,2,25.94059033
23,0,162.1,60.2,32.3,57,97,30.9,19.8,48,186,3,22.91028341
23,1,173.7,68.3,13.6,76,137,47.7,16.5,48,208,1,22.63711446
22,1,173.8,53.6,12.9,99,136,32.8,11.1,48,231,2,17.74456043
40,1,174,68.16,18.4,55,129,29.2,13,48,173,1,22.51288149
38,1,175.6,75.4,23.5,80,112,44.3,7.9,48,198,1,24.4524468
21,1,179.7,63.9,12.1,74,128,33,1.1,48,167,0,19.78812768
37,1,168.9,78.8,23.4,88,144,42.1,20.9,47,241,1,27.62275035
25,1,164.3,61.18,22,78,145,43.3,18.6,47,209,1,22.66388437
30,1,178.3,93.5,27.3,81,129,57,16.1,47,222,3,29.41094131
25,0,160.1,51.7,30.7,71,126,25.7,21.1,47,159,3,20.17009201
21,0,160.9,61.4,36.5,71,103,27.3,20.8,47,169,1,23.71681047
45,1,166.5,71.5,26.6,99,160,47.8,24.2,47,201,3,25.79155732
24,1,163.9,64.8,23.6,94,141,39.7,13.2,47,224,1,24.12221026
31,1,178,84.66,18.9,75,129,59.2,15.1,47,196,3,26.7201111
23,0,161.8,47.8,17.2,66,103,25.2,21.5,47,178,3,18.25874242
24,0,166.9,70,23.7,55,102,39.1,23.8,47,186,3,25.1295879
41,1,179.3,73.4,18,99,150,43.3,17.3,47,246,2,22.83155445
38,1,172.3,71.6,15.5,65,111,47.4,6.2,47,230,1,24.11806534
24,0,162.8,59.7,32.6,81,134,27.7,21.1,47,158,2,22.52503788
35,1,173.1,77.6,22.8,8,122,46.4,16.7,47,216,2,25.89808104
21,0,160.8,48.9,27.3,68,113,26.5,17,47,193,2,18.91197
28,0,167,60.5,19.5,72,127,25.2,20.8,47,210,3,21.69314066
25,1,182,93.5,22.1,94,145,53.1,21.2,47,192,1,28.22726724
24,0,164.9,55.4,20.3,69,117,28.3,24.6,47,168,3,20.37363181
21,0,164.2,64,29.7,61,115,26.5,19.9,47,175,3,23.73742844
30,1,175.2,71.5,12.6,96,145,45.2,18.1,47,224,3,23.29366569
34,1,158.3,64.1,25.5,92,158,40,18.5,47,204,0,25.57974435
53,1,170.4,68.8,23.4,96,146,41.6,13.2,47,218,2,23.69459322
26,1,172.1,73,17.8,79,141,52.9,11.6,47,214,2,24.64683283
61,1,177.8,78.1,15.1,71,127,51.9,3.5,47,140,1,24.70515145
27,1,171,63.5,14.7,96,144,35.6,2.7,47,229,0,21.71608358
21,1,179.1,70.5,12,96,154,46.5,9.3,47,240,1,21.97849474
47,1,176.5,77,15.9,98,153,40.1,19.4,47,213,2,24.71731576
34,1,169.4,77.1,22.8,90,150,51.5,25.9,47,217,2,26.86751909
39,1,169.5,69.1,17.2,72,136,44.9,16,47,236,3,24.05130481
22,1,168.6,73.9,23.4,83,133,38.7,16.3,47,209,1,25.99736297
41,1,181.3,79.2,22.4,87,131,49.2,15.5,47,253,3,24.09514662
25,1,170.6,60.02,17.1,68,115,44.3,9.5,47,191,0,20.62233975
22,1,177.7,76,23.8,72,150,48.2,4.2,47,192,0,24.06792983
21,1,176.9,60.7,21.9,79,118,33.5,7.3,47,233,1,19.39693119
59,1,168.1,71.1,17.2,94,158,42.5,17.6,47,187,3,25.16136361
25,1,175.3,82.1,17.5,75,136,51,18.2,47,211,2,26.71648537
21,1,175.4,72.4,24.5,92,140,43.8,12,47,169,1,23.53311343
22,1,168.8,60.7,16,82,117,30.4,9.7,47,226,1,21.30314908
29,1,168.4,71.9,19.9,72,124,46.4,20.4,47,223,2,25.35389667
21,1,180.1,79.2,16.8,58,136,30.4,3.2,47,183,0,24.41730657
53,1,169.9,62.8,12.8,71,118,49,17.7,47,200,3,21.75569121
32,1,175,59.7,15.2,75,131,36.8,12.2,47,214,2,19.49387755
29,1,173.7,87.5,19.8,58,105,67.1,12.5,47,240,2,29.00069569
35,1,172.3,72.3,28.3,80,120,42.8,19.1,47,215,2,24.35385648
33,1,174.4,76.8,26.9,95,155,49,17.6,47,235,2,25.2503998
23,0,163.6,64,33,81,134,28.5,18.5,47,180,0,23.91186088
23,0,164.1,58.3,29.7,89,140,27.5,22.4,47,174,3,21.64967557
33,1,174.6,77.7,20.3,79,123,49.8,14.9,47,251,3,25.48781112
21,0,153,44.7,30.5,74,115,21.1,28.3,47,152,3,19.09521979
22,1,166.8,57.9,13,96,126,33,8.1,47,225,1,20.81068958
22,1,175.3,80,17.2,80,121,47,7.4,47,237,1,26.03311608
25,1,184.3,85.1,22.6,82,128,54.5,17.2,47,221,2,25.0541048
53,1,167.3,72.96,21.5,90,138,44.2,17.6,47,208,3,26.06711353
26,1,187.9,95.4,12.4,95,150,53.2,19.3,47,227,1,27.02058918
46,0,160.6,67.78,34.1,87,145,27.1,19.8,47,185,3,26.2790997
24,0,163.2,70.2,31.8,91,137,34.2,23.1,47,165,3,26.35705017
30,1,178.3,76,14.9,81,127,38.4,20.9,47,222,3,23.90621967
27,0,164.7,61.7,35.3,62,107,25.7,14.6,47,117,1,22.74562976
26,0,157.7,52.9,26.8,76,125,32.1,19,47,173,3,21.27121442
33,1,169.9,72.1,24.6,71,133,37.4,10.5,47,194,1,24.97747351
23,1,171.7,79.7,18.8,84,145,46.1,2.4,47,222,0,27.03446199
38,1,172.2,94.5,33.4,93,149,42.3,8.8,47,202,0,31.86878559
21,1,168.7,70.3,26.6,75,117,42.4,8.6,47,196,1,24.70160427
30,1,172.2,66.68,19.4,70,121,43.5,11.2,47,205,1,22.4868849
45,1,178.8,74,11.4,71,125,47.4,28.2,47,222,3,23.14710549
33,1,171.7,71.62,21,65,116,51.3,23.8,47,224,3,24.29370348
47,1,169.2,69.2,15.4,97,141,47.3,18.2,47,230,3,24.17159879
21,0,156.4,58.1,28.5,60,124,30.6,17.8,47,177,2,23.75213401
21,0,167.8,55.2,24,73,129,24.8,19.2,47,144,0,19.60447266
22,1,184.5,74.1,13.5,93,129,45.4,14.8,47,211,1,21.76834776
23,0,163.5,59.5,29,78,111,22.1,19.5,47,197,2,22.25775982
28,1,176.2,88.5,28.4,71,127,51.9,10.1,47,212,2,28.50568374
36,1,178.2,82.4,25.7,91,157,46.6,19.9,47,240,3,25.94847339
33,1,181,88.5,19.3,77,117,53.4,19.9,47,248,2,27.01382742
31,1,168.4,84,27.4,93,146,48.6,12,47,176,2,29.62068596
33,1,167.4,71.2,23.2,87,136,37.1,9.7,47,178,0,25.40791842
24,1,182.8,76.8,19.4,93,143,47.2,12.8,47,225,1,22.9831122
21,1,167.2,59.7,19.3,78,134,35.3,3.3,47,231,0,21.35510863
24,0,163.8,52,18,78,115,29.9,25.2,47,173,3,19.38097176
27,0,155.9,50.8,23.4,71,136,27,22.9,47,186,3,20.90121256
34,1,172.5,77.2,26.9,70,120,47.3,11,47,206,2,25.94412938
25,0,166,51.5,27.4,84,119,22,23.5,47,208,3,18.68921469
44,1,173.1,78.5,20.6,75,114,34.4,11.3,47,216,1,26.19844538
25,1,168.2,63,25.9,69,141,34.7,5.7,47,193,1,22.26837707
29,1,176.5,65.8,16.3,90,151,35.4,6.8,47,231,1,21.12206983
38,1,175.2,71.8,15.5,85,119,49.1,12.3,47,205,2,23.39140135
32,1,178.9,63.2,7.5,79,132,23.6,11.1,47,213,1,19.74678498
27,1,166.2,63.2,16.7,77,124,46.1,14.8,47,241,2,22.87994833
33,1,171.1,68.7,21.6,84,147,48.5,11.6,47,217,2,23.46695378
31,1,168.3,59,13.2,66,121,39.3,9.7,47,231,2,20.82973667
41,1,175.8,90.9,31,97,156,39.7,6.2,47,196,0,29.4121073
48,1,172.9,78.9,20.4,75,121,43.1,9.5,47,217,2,26.39289419
45,1,171.1,80,26.2,90,135,43.1,19.6,47,220,2,27.32687485
35,1,175,74,19.2,84,123,46,11.5,47,217,2,24.16326531
32,1,182.9,71.5,16.4,88,154,43.2,10.1,47,221,2,21.37364692
35,1,170,71.6,29.9,80,123,35.1,12.8,47,221,2,24.77508651
38,1,168.2,72,26,81,124,44.3,10,47,189,0,25.44957379
35,0,169,59.1,23.5,79,120,27.3,18.6,47,185,2,20.69255278
36,1,168.3,64.5,15.6,65,103,46.8,20.5,47,226,3,22.77149179
26,1,176,70.6,15.6,72,121,49.2,-6.1,47,246,0,22.79183884
21,1,175.8,71.24,16,65,127,38.3,18.1,47,227,1,23.05080885
24,0,155.4,53.7,28.8,63,110,26,24.1,47,191,3,22.2367983
21,1,175.4,68.1,17.8,63,123,41.3,22.4,47,226,1,22.13542852
45,1,173,65.54,11.9,100,142,59.1,22.7,47,239,3,21.8984931
29,1,173.9,75.1,16.1,90,159,55.3,16,47,245,2,24.83366241
21,0,163.3,54.1,24.3,71,123,28,30.8,47,199,3,20.28733009
27,1,182.3,83.2,18.1,84,145,41.9,11.3,47,237,2,25.03513796
32,1,172.8,77.3,20.7,95,155,46,22.6,47,229,2,25.8876136
22,0,167.9,53.9,22.9,69,96,36.9,22.9,47,190,1,19.11997733
30,0,166.3,55.2,24.2,70,116,27.2,19.1,47,173,3,19.95972619
47,1,165.1,60.9,14.8,99,147,43,20.4,47,200,3,22.34205652
51,1,182.7,73.4,14.6,76,129,45.2,16.7,47,228,2,21.98968282
50,1,166,66.2,23.5,78,124,40.6,17.3,47,202,3,24.02380607
25,1,172,74,20,72,143,51.4,12.2,47,230,2,25.01352082
23,0,167.2,60.3,26.1,54,104,25.4,30.3,47,198,3,21.56973284
33,0,157.9,53.2,22.7,45,97,21.5,20,47,171,0,21.33768857
24,0,167,73.1,30.9,78,140,35,28.2,47,170,2,26.21105095
40,0,154.6,46.2,21.7,75,114,21,20.9,47,161,3,19.32960576
22,0,163.7,56.36,29.8,80,120,22.8,8.4,47,186,0,21.03166355
43,1,173.6,71.1,19,87,130,44.8,16.4,47,213,2,23.59229332
35,1,171.3,90.7,28,66,147,52,17.4,47,213,2,30.90954137
28,1,176.3,78,18.8,87,129,52.1,13.7,47,239,2,25.09516053
30,1,169.3,53.8,10.3,82,125,34.4,-0.3,47,192,0,18.77017663
31,0,162.7,53.58,29.3,78,142,32.8,24.2,47,180,3,20.24079673
28,1,166.1,62.7,20.1,76,124,34.4,-3.9,47,200,0,22.72627596
26,0,153,43.6,20.6,95,130,26.3,21.8,47,173,3,18.62531505
52,1,174.4,72.5,23,84,149,51.1,-1.2,47,168,0,23.83664043
22,1,178.4,78.6,15.7,81,134,41.5,12.6,47,235,1,24.69635424
35,1,184.5,109.9,27.6,67,121,68.4,12.8,47,200,0,32.2853093
42,1,169.1,75.8,9,74,134,47,17.4,47,226,3,26.50830693
21,0,167.5,53.4,25.9,79,123,26.8,12.2,47,202,1,19.03319225
29,1,176.2,74.9,20.9,85,128,38.6,15,47,223,2,24.12514929
53,1,172.3,71.6,19.6,90,141,37.9,9.3,47,203,2,24.11806534
26,1,181.7,76.1,18.8,68,115,47.7,19.1,47,175,2,23.05020553
26,1,170.7,68.9,14,65,115,44.9,14,47,233,2,23.64570024
57,1,167.7,67.9,22.1,94,144,38.5,4.6,47,225,1,24.14369016
29,1,180.4,79.1,24.1,85,142,46.4,7.2,47,234,1,24.30543606
27,1,170,69.3,27.6,68,123,25.9,10.2,47,207,0,23.97923875
27,1,184.5,81.5,21.5,91,151,36.7,11.7,47,227,2,23.94224484
27,0,168.5,49.44,15.9,70,116,25.2,21.4,47,182,3,17.41320255
37,1,174.4,83.8,25.9,92,142,45.5,12.4,47,225,0,27.55186853
25,1,177,66.4,17.3,69,115,29.9,7.5,47,227,1,21.1944205
25,0,157.8,58.5,21.6,52,99,27.6,27.3,47,167,3,23.49318336
21,1,170.1,81,37.2,79,151,39,-1,47,160,0,27.99473699
44,1,176.1,74.4,21.7,76,123,49.4,16.9,47,225,3,23.99132443
21,1,176.2,94.5,26.5,68,132,47.4,-12.3,47,183,0,30.43827247
51,1,160.9,73.44,29.2,88,131,41.3,14.3,47,172,0,28.36746842
37,1,180.8,73.3,14.1,91,117,45.6,-0.4,47,230,0,22.42369215
37,1,171.1,72,24.4,88,143,49.7,20.6,47,220,3,24.59418737
23,0,163.9,50.9,28.3,67,132,29.5,18.7,47,192,2,18.94784726
21,0,160.6,48.9,23.8,54,125,24.8,19.4,47,195,2,18.95910262
32,1,178.3,70.3,19.2,56,132,50.7,0.9,47,230,0,22.1132532
25,1,172.1,67.3,17.8,88,147,41.4,5.5,47,207,0,22.7223541
42,0,166,53.1,25.1,78,127,28.2,22.3,47,185,3,19.26985049
25,1,171.6,76,13.2,96,137,50.2,13.6,47,211,2,25.80946637
25,1,171.1,78.9,18.4,67,137,46,14.2,47,217,1,26.95113032
53,1,174.2,81.8,15.7,86,139,43.1,5.7,47,196,1,26.95609649
32,1,180.8,88.9,25.1,89,137,46.3,6.5,47,210,0,27.19599225
23,1,174.2,66,16.8,52,105,37.7,-4.9,47,189,0,21.74941771
28,1,169.2,72.7,27.3,79,133,39.6,14.9,47,212,0,25.39415075
30,1,163.1,64.4,27.7,87,126,41.3,16.7,47,209,2,24.20906103
24,0,150.8,49.1,30.2,56,105,29.3,26,47,184,3,21.59130086
31,1,179.5,78.7,22.9,72,132,44,18.3,47,214,2,24.42563295
24,0,161.2,61,26.4,71,118,31.9,20.8,47,194,3,23.47468428
24,0,161.5,54,23,72,121,26.8,23.7,47,198,2,20.7037353
36,1,169.3,54.4,16.4,90,138,36.4,18.5,47,211,2,18.97950946
21,0,156.1,52.7,23.2,78,118,26.7,15.3,47,182,2,21.62742472
50,1,171.2,67.3,18.1,68,124,36.8,24.3,47,201,3,22.96188532
23,1,168.6,70.8,25.7,90,129,43,11.8,47,133,1,24.90681054
21,0,167.3,52.9,21.9,65,140,21.9,21.1,47,189,3,18.90008643
21,0,164.9,55.9,28,86,127,26,26.6,47,207,3,20.55750936
29,1,179.6,64.5,12.9,97,132,53.5,22,47,214,2,19.99618057
22,0,157.8,59.1,26.6,72,123,32.5,15.1,47,163,2,23.73413909
26,0,157.9,52.9,23.5,61,113,26.7,20.3,47,170,3,21.21736326
26,1,185.8,101.4,21.1,93,158,53.6,11.1,47,254,1,29.37288032
37,0,162.6,54.1,28.8,94,132,28.4,25.1,47,165,3,20.46238175
37,1,177.8,88.6,29.5,88,134,43.6,10.1,47,204,0,28.02658667
26,0,170.5,63,29.9,79,123,35,17.6,47,165,2,21.67164025
42,1,163,62.1,20.1,95,151,38,17,47,244,3,23.37310399
21,0,156.5,53.8,25.2,75,116,27.8,28.8,47,172,3,21.96613214
23,1,172.7,77,18,83,136,43,18.1,47,233,1,25.81701636
42,1,165.1,54.4,14.5,82,146,36.5,16.2,47,211,3,19.95743636
37,1,179.5,76.7,19.3,94,122,53,12.5,47,236,2,23.8049053
42,1,175,78.6,25.9,93,157,43.4,24.4,47,211,2,25.66530612
21,0,160.8,54.9,26.1,84,140,22.7,21,47,176,3,21.23245712
23,0,162.4,61.52,33.3,71,116,35.8,22,47,165,3,23.32621515
30,1,174.2,70.1,15,75,121,52.5,13.6,47,248,2,23.1005179
60,1,171.3,65,12.6,91,154,38.6,12.5,47,200,3,22.15127
24,1,178.5,84.4,23.1,67,128,47.5,17,47,250,0,26.48902698
42,1,171.7,70.5,21.1,86,144,47.7,16.5,47,216,3,23.91379636
21,1,181.9,76.6,24.4,77,146,49.2,21.6,47,226,0,23.15065972
22,1,172.8,64.7,18.9,75,137,36.4,14.2,47,243,0,21.66789909
32,1,182.4,91.7,23.7,84,154,65.8,21.3,47,231,2,27.56256733
49,1,170.3,89.1,26.1,83,121,57.7,14.6,47,211,2,30.72192383
27,0,165.5,67.6,22,72,115,38,26,47,162,2,24.68031508
25,1,177.5,69.7,12.5,81,135,51.7,14.9,47,216,2,22.12259472
35,1,177.8,75.7,16.2,81,128,48.1,19.1,47,244,3,23.94596626
32,1,171.5,71.9,15.5,60,120,47.5,15.7,47,238,3,24.44559665
22,0,158.7,56.7,30.1,71,118,27.6,15.9,47,163,2,22.51278405
25,1,181.7,85.22,16.1,84,138,52.4,17,47,254,2,25.81259547
21,0,171.8,70.8,28.2,66,150,32.2,23,47,189,2,23.98760776
32,0,170.8,71.5,22.9,73,131,28,21.1,47,144,1,24.50926622
25,1,171.5,73.18,11.4,56,111,46.4,12.9,47,228,2,24.88078947
38,1,166.9,67,17.9,76,133,50.1,15.9,47,226,3,24.05260556
25,1,171.7,73.5,16.9,81,130,38.8,24,47,240,2,24.93140472
26,1,165.9,66.1,22.8,72,125,42.1,18.6,47,228,2,24.01644309
22,0,169.3,53.4,23.8,79,128,28.2,22.5,47,168,2,18.63062141
42,1,173.7,72.4,27.1,81,135,40.9,8.3,47,217,1,23.9960042
24,0,156.9,57,26.4,67,140,27.8,22.4,47,205,3,23.15415672
59,1,175.1,75.08,19.2,84,138,55.5,12.5,47,220,2,24.48792417
38,1,174.8,68,18.2,79,134,41.6,16.7,47,220,3,22.25492096
39,1,175,78.2,16.3,78,156,56.4,14.1,47,238,2,25.53469388
28,1,174.4,69,21.5,76,136,39.4,15.2,47,196,2,22.68590607
45,1,173.4,72,21.2,93,149,47.5,17.4,47,231,2,23.94607344
40,1,174.4,74.7,18,87,138,46.9,22.4,47,233,3,24.55995918
58,1,165.3,69.9,19.8,91,148,46.9,18.6,47,160,2,25.58182176
26,0,164.6,57.3,28,72,128,27.2,18.6,47,172,3,21.14924948
55,1,159.4,57.42,15.8,86,136,39,8.7,47,137,2,22.59886116
42,1,170.8,71.56,20.5,80,128,47.1,-1.4,47,217,0,24.52983343
34,1,174.1,66.9,18.4,83,126,42.9,6.2,47,222,1,22.07133363
23,1,182.3,93.9,23.3,80,144,49.5,13.8,47,234,0,28.25480113
44,0,157.5,54.9,18.1,84,131,32,16.1,47,167,2,22.13151927
26,1,171.2,67.7,23,98,140,38.4,12.3,47,203,2,23.09836012
29,1,181.3,75.9,15.3,73,121,60.7,11,47,234,2,23.09118218
31,1,179.7,81.7,16.6,86,135,42.5,18,47,211,2,25.30031348
21,1,167.6,71.1,20.29228,58,124,36.2,10.5,47,237,0,25.31171502
46,1,168.8,70.1,17.8,77,122,44.8,18.1,47,211,3,24.60215404
23,1,177.8,80.7,23.1,76,129,42.6,14,47,177,1,25.52760208
26,1,183.5,78.1,13.4,67,129,44.5,9,47,217,1,23.19417324
42,1,173.4,69.2,16.8,98,153,54.2,19.9,47,233,3,23.01483725
24,0,163.5,46.98,22.7,72,119,21.7,25.9,47,165,3,17.57427826
44,1,175.5,81,25.7,74,148,50.5,11.6,47,196,2,26.29848784
32,1,164.4,59.9,17.4,82,150,45.5,16.9,47,223,2,22.16272696
48,1,172.7,85,23.9,90,138,44.4,15.4,47,201,1,28.49930378
26,1,171.6,74.7,24.5,82,115,40,12.6,47,204,1,25.36798865
22,1,181.1,84.3,27.6,99,153,35.7,7.9,47,201,0,25.70340587
23,0,167.7,62.5,23.8,73,141,31,20.5,47,179,3,22.22357342
41,1,181.3,84.2,12.5,95,135,54.7,18.1,47,236,3,25.61630487
30,1,171.5,70.4,19.5,93,156,39.5,17.2,47,223,3,23.93560506
31,1,175,79.4,18.7,88,146,61.3,27.4,47,251,0,25.92653061
27,0,162.3,59.28,25.3,76,155,29.1,24.4,47,179,3,22.5045926
41,1,169.7,79.2,23.7,86,144,38,9.2,47,199,0,27.50182391
32,1,183,90.7,26.5,96,152,57.2,20.8,47,217,0,27.08351996
21,1,184.6,68.5,17.9,72,143,34.2,13.6,47,201,1,20.10144038
43,0,159.7,58.4,24.5,62,124,26,15.1,47,196,2,22.89828808
49,1,176,65.1,15.4,98,155,46.8,19,47,215,3,21.01627066
33,1,181.7,81.9,18.2,82,157,54.9,13.5,47,215,1,24.8069886
33,1,173.3,76.2,18.4,76,126,39.8,12.5,47,231,1,25.37218363
31,1,176.8,88.2,26.1,89,123,54.5,15,47,220,3,28.21655986
45,1,164.2,67.4,25,81,136,43.8,15.7,47,206,3,24.99847932
22,0,160.9,48.2,24,79,107,23.2,20,47,203,3,18.61808248
26,1,167.3,96.4,36.3,87,120,41.4,15.2,47,180,0,34.4417454
25,1,168.8,71.2,19.4,89,133,33.9,9.5,47,210,1,24.98820781
38,1,169.3,69.9,14.3,80,115,40.8,15,47,237,1,24.3872741
29,0,162.2,47.5,19.7,92,125,21.5,15.7,47,175,2,18.0547679
38,0,163.6,54,19.9,73,124,26,24.3,47,160,3,20.17563262
21,0,163,67,30.4,93,137,31.3,24.8,47,183,3,25.21735858
30,1,178.2,92.6,24.8,66,121,49,20,47,197,2,29.16054169
41,1,168.7,70,17.3,75,117,30.3,18.4,47,207,1,24.59619202
31,1,184,75.3,17.3,77,117,48.2,13.1,47,210,2,22.24125709
33,1,184.3,83.3,16.2,92,144,41,15.7,47,246,1,24.52417073
34,1,170.6,68.3,18.7,86,131,43.4,12.1,47,206,2,23.46727432
32,1,166,66.1,24,74,134,37.6,23.2,47,230,3,23.98751633
25,0,159,54.9,22,69,106,29.1,20.8,47,171,3,21.71591314
31,1,178.2,78.3,25.8,77,137,43.8,6.1,47,202,1,24.65734789
27,1,178.4,75.3,21.4,82,138,47.9,5.4,47,203,1,23.65948441
38,1,174.6,65.4,13.8,84,147,54.1,19,47,226,3,21.4530611
38,1,168.9,65.1,14.9,86,117,49.3,20.3,47,248,3,22.82031786
22,1,163.8,51.9,7.8,64,111,41.6,9.2,47,229,1,19.34370066
26,0,152.5,48.1,35.7,98,127,24.5,19.4,47,158,3,20.6826122
33,1,177.6,78.7,19.8,78,131,46.2,13.1,47,213,2,24.95104902
23,0,162.5,56.2,27.3,71,126,29.3,21.7,47,169,3,21.28284024
23,0,162.2,63.1,33.4,68,115,27.1,19.7,47,180,1,23.98433378
31,1,179.1,82.9,16.7,59,116,50.8,21.6,47,185,3,25.84421581
46,1,173.2,76.4,15.2,72,139,47.9,14,47,212,3,25.4681608
47,1,168.5,75.9,24.7,81,141,37.6,11.9,47,174,1,26.73264711
25,1,168.2,68.8,25.5,81,119,38.7,7.4,47,201,1,24.31848162
24,0,167.7,62.3,29.1,80,136,30.1,22,47,182,3,22.15245798
29,1,172.1,70,17.8,82,134,42.7,1.1,47,222,0,23.63394929
28,0,164.8,61.3,26.2,78,112,29.1,15.8,47,203,2,22.57075361
29,1,173.1,72.1,15.5,74,102,46,14.1,47,235,2,24.06252117
32,1,182.1,94.9,25.9,93,148,53.5,3,47,208,0,28.61846401
25,1,168.5,73,27.7,81,135,47.5,14.2,47,213,2,25.71124162
30,1,174.5,78.9,25,84,141,45.6,4.5,47,203,0,25.91111731
50,1,163.4,60.8,13.9,62,118,43.8,19.1,47,216,3,22.77191085
37,1,168,72.7,21.4,91,132,43.3,14.3,47,218,1,25.75821995
27,0,166,60.4,29.1,65,117,35.7,14,47,169,2,21.91900131
22,0,157.1,52.1,31.3,78,122,24,22.8,47,174,3,21.10986001
24,0,165.4,53.1,18.4,69,124,25.6,18.1,47,186,2,19.40990951
37,1,176,65,16,84,123,47,15,47,220,3,20.9839876
48,0,160.3,52.3,16.4,71,114,37.3,23.6,47,178,3,20.3532911
21,0,160.5,47.7,21.1,63,109,31,21.9,47,162,3,18.51690104
38,1,176.4,73.9,17.54,96,144,49.3,7.2,47,212,1,23.7491066
23,0,173.2,66.7,22.2,66,106,31.4,34.7,47,180,3,22.23463777
61,1,171.6,78.7,23.8,70,136,40.3,22.2,47,182,3,26.72638162
33,1,176.5,84.2,17.2,79,132,51.9,25.2,47,250,3,27.02854529
23,1,172.6,64.3,16.9,68,131,41.1,13.4,47,220,1,21.58387366
22,1,171.4,70,23.1,73,140,39.1,8.9,47,212,1,23.82738624
25,0,166.5,53.2,26.5,75,113,21.6,17.6,47,174,2,19.19036153
35,0,166.8,53.3,21.3,86,117,27.8,23,47,180,3,19.157336
23,0,161.9,50.6,22,78,116,36.5,25.5,47,172,3,19.30442273
35,1,166.7,71.2,21.4,87,136,39.9,20.7,47,225,3,25.62175028
25,0,160,56.2,26.6,46,99,26,23.8,47,178,3,21.953125
22,0,160.1,52.7,30.7,83,123,24.2,26.6,47,188,3,20.56022918
40,1,168.8,68.8,20.3,81,120,48,11.4,47,220,1,24.14590867
57,1,173.3,67.1,13.1,84,146,44.8,25.2,47,215,3,22.3421722
26,0,164.6,54.7,29.1,61,106,27.2,19.9,47,191,3,20.18959767
22,1,166.9,52.5,17.2,95,123,33.4,4.5,47,237,0,18.84719092
30,1,179.1,81.6,23.7,86,134,45,17.4,47,230,2,25.4389386
47,1,168.6,71.5,19.9,74,116,37.7,20.6,47,227,1,25.15306431
38,1,178.7,73.3,12.3,68,115,55.6,19.2,47,219,2,22.95381461
24,0,164.9,55.9,29.9,94,126,26.7,16.1,47,198,2,20.55750936
22,0,153.6,48.5,26.2,79,117,33.4,24.9,47,196,3,20.55697971
36,1,178.6,81.4,21,85,133,52.5,18,47,219,3,25.51887331
44,1,168.8,77.7,27.3,84,147,45,12.6,47,212,2,27.26943465
41,1,167.9,71.8,13.1,65,113,51.7,13.4,47,225,2,25.4696544
28,1,175.7,88.4,32.8,66,119,39.9,6.1,47,219,0,28.63576186
23,0,169.1,68.5,32.5,76,118,33.3,21.1,47,181,3,23.9553961
57,0,164.2,56,20.3,72,110,27,32.4,47,148,3,20.77024988
23,0,161.7,52.2,23.5,78,117,23.9,19.4,47,195,2,19.9641334
32,1,179.4,80.7,21.6,78,128,40.7,12.7,47,224,1,25.07429074
25,1,174.5,67.5,12.1,61,113,40.4,5.1,47,230,0,22.16730569
34,1,181.4,88.9,20.7,71,131,50.4,10.2,47,227,1,27.01638244
24,1,179.5,78.5,14.7,76,117,42.7,12.5,47,242,1,24.36356018
26,1,172.8,71.3,22.9,71,120,26.9,20,47,188,0,23.87822574
28,1,164.5,66.8,17.6,61,107,47.1,25.3,47,227,2,24.68565516
27,1,178.7,78.82,25.7,82,118,41.5,-8.9,47,202,0,24.68239655
29,0,168.1,55.9,23.2,92,134,29,19,47,159,3,19.78228166
21,0,162.6,64.3,36,62,117,26,9.5,47,161,0,24.3203539
39,1,166.2,54.5,15.9,89,128,30.5,27.5,47,231,3,19.73033519
22,0,157.8,57.9,30.7,72,118,28,25.6,47,203,3,23.25222764
25,1,170.4,63.4,15.7,68,114,41.5,3.9,47,196,0,21.83484317
31,1,173.8,61.9,10.9,93,154,43,13.4,47,242,2,20.49231886
21,1,175.5,73.5,21.9,92,142,44.6,16.5,47,215,1,23.86344267
31,0,162.7,47.9,18.8,61,110,21.8,21.2,47,187,3,18.09507583
27,1,180.6,75.4,18.4,81,149,46.1,5.7,47,222,0,23.11723319
21,1,176.1,68.4,17,67,129,41.7,9.7,47,219,1,22.0565402
42,1,170.6,63.8,16.3,72,120,61.4,13.9,47,216,1,21.92111422
34,1,176.9,78.54,26.8,76,116,43.7,14.8,47,221,0,25.09777555
25,1,170.8,64.1,15.8,99,149,48.4,18.6,47,244,2,21.97264286
30,1,170.7,70.3,18.8,80,130,49.5,22.3,47,224,3,24.1261644
21,0,163.6,52.1,29.6,66,114,27,15.9,47,162,2,19.46574925
22,0,158.2,55,24.5,55,114,29.8,23.2,47,185,3,21.97605489
41,1,178.7,71.6,13.7,68,121,42.3,10,47,211,2,22.42146147
26,0,162,55.9,30.8,79,127,26.9,23.6,47,204,3,21.30010669
25,1,184,83.3,16.2,72,119,48.9,12.1,47,264,2,24.60420605
26,1,165.8,65,25,94,148,31.4,4,47,187,0,23.64527145
39,0,159.1,52.6,24.6,80,114,25.2,20.8,47,174,3,20.77999242
30,1,174.2,79.3,17.2,80,120,43,0.5,47,215,0,26.13225491
22,0,166.3,66.4,27.8,75,123,35.8,22.3,47,190,3,24.00952571
22,1,172.5,70.3,12.2,80,132,41.7,12.8,47,221,1,23.6252888
21,0,164.1,60.5,27.7,63,116,30.3,14.7,47,173,1,22.46664446
21,1,185,79.94,11.8,72,125,47.3,19.4,47,266,1,23.35719503
21,0,166.3,60.9,30.1,61,93,24,28.3,47,194,1,22.02078487
22,0,163.2,60.9,29.7,84,135,28,27.3,47,180,3,22.86530421
26,1,172.2,71.9,25.9,84,132,42.4,15.3,47,221,2,24.24725591
41,1,172.2,71.9,25.5,89,141,44.6,14.4,47,207,2,24.24725591
38,1,173.5,80.5,22.2,75,137,49.4,7.2,47,224,1,26.74218705
26,0,157.4,60.8,33,89,132,31.2,26.3,47,151,2,24.54110554
32,1,174.3,75.9,20,96,143,47.2,21.4,47,261,2,24.98313885
26,1,163.3,65.48,22.9,75,129,35.9,11.4,47,173,1,24.55479435
27,1,175.4,86.7,22.2,75,133,54.7,27.8,47,214,1,28.18122838
26,1,175.8,73.7,10.7,79,135,47.2,14.7,47,256,2,23.84678007
41,1,170.7,70.6,14.1,80,139,41.6,24.6,47,237,3,24.229121
21,0,169.5,60.6,33.1,60,128,26.4,29.8,47,173,2,21.09275067
25,0,165.8,54,27.3,66,114,20.8,18,47,153,1,19.64376398
37,1,170.6,68.8,26.3,87,142,32.8,1.5,47,194,0,23.63906989
25,1,172.1,71.8,16.2,74,141,35.8,17.4,47,198,1,24.24167941
21,1,172.5,66.4,12.5,82,130,51.2,6.3,46,178,0,22.31463978
22,1,171.9,78.46,22.9,64,116,43.6,-9.3,46,219,0,26.55195788
41,0,158.1,51,21.7,86,127,23.1,28.6,46,165,3,20.40358287
35,1,179.2,64.7,12.9,88,128,49.7,22.5,46,239,3,20.14782964
22,1,178.3,73.2,23.4,93,132,42.7,11.7,46,208,1,23.02546421
38,1,171.6,66.3,20.5,92,153,46,26.2,46,204,2,22.51536342
27,1,173.5,65.3,14.3,76,137,39.1,12.1,46,229,1,21.69273061
26,1,180.2,103.4,24.7,70,128,67.6,16.2,46,219,2,31.8427792
36,1,173,72.7,19.2,91,149,45.9,7.8,46,204,1,24.29082161
46,1,173.9,69.4,17.8,88,138,43.9,14.5,46,237,3,22.94881719
22,0,166,54.9,23.5,82,155,28.1,21.5,46,167,1,19.92306576
29,1,179,79.1,5,62,118,53.9,10.3,46,209,2,24.68711963
28,1,176.2,83.7,20.5,76,109,46.2,7.8,46,211,1,26.95961276
22,0,152.9,45,20.8,72,107,24.9,22.4,46,182,3,19.24852888
35,1,164.6,66,15.7,78,135,36.4,27.3,46,198,2,24.36039207
32,1,163.5,70.4,25.6,86,132,34.8,15.7,46,196,0,26.33523179
39,1,184.4,85.7,18.5,92,138,49.8,13.7,46,223,0,25.20339166
24,1,181.4,86.8,19.3,72,138,51.8,18,46,242,1,26.37820018
41,1,176,78.4,22.8,93,153,43.8,16.3,46,205,2,25.30991736
32,1,179.3,86,23.5,84,135,52.6,10.5,46,192,2,26.75086761
24,0,161.1,48.1,21.8,63,102,29.6,24.7,46,164,3,18.53335291
52,1,174,73.2,22.2,92,137,46.1,10.2,46,198,1,24.17756639
24,0,160.4,52.2,26.2,73,134,31.8,26.3,46,161,3,20.28905293
39,1,182.7,80,17.2,92,142,50.7,14.9,46,222,3,23.96695676
57,1,162.1,54,9,70,137,32,20.3,46,194,2,20.55075256
36,1,175.9,71.3,23.4,85,134,47.3,12.8,46,221,2,23.04399917
23,1,177,73.52,15.7,84,134,51.8,19.7,46,230,1,23.46707523
28,0,168.5,56.2,22,88,127,27.9,23.4,46,189,3,19.79413396
36,1,176,80.9,31.7,95,154,38.4,3.5,46,221,0,26.1169938
22,1,180.7,71.8,18.8,60,109,40.6,11.3,46,249,1,21.98913467
22,1,171.5,83.5,22.9,66,131,46.1,-10.8,46,204,0,28.38953157
22,0,152.6,47.6,20.9,63,111,23.2,28.6,46,168,3,20.44079984
35,1,183.2,91.5,22.4,75,142,45.7,7,46,123,1,27.26278103
38,1,171.6,67.16,11.8,63,117,45.3,12.3,46,236,2,22.80741791
24,0,153.8,59.4,29.9,71,111,28.4,25.9,46,187,3,25.11156468
34,1,172.2,93.4,30.9,94,143,54.8,17,46,222,2,31.49782618
27,1,180.9,82.3,23.2,95,152,49.6,15.4,46,225,1,25.14911469
27,1,174.3,86.6,20.4,84,138,54.3,10.6,46,231,2,28.50513603
35,1,171,71.6,24.6,81,129,41,4.8,46,213,1,24.48616668
28,1,168.7,67.5,17.6,70,156,38.4,6.4,46,200,1,23.71775659
24,1,176.3,73.7,13.7,93,152,45.8,14.6,46,226,1,23.71170937
24,1,174.9,77.3,17.4,77,139,55.5,22.1,46,225,1,25.26968772
32,1,172.2,70.5,20.2,76,127,50.2,15.7,46,207,2,23.77512576
48,1,176.9,78.1,17.8,88,141,48.7,14.2,46,237,3,24.95717177
36,1,173.4,86.4,27.8,94,141,48.5,8.4,46,222,0,28.73528813
22,1,174.4,70.5,24.4,80,137,40.7,15.2,46,225,1,23.17907794
28,1,172.2,71.9,23,75,144,46.9,10.9,46,211,1,24.24725591
27,1,175.7,78.9,19.7,80,120,45.6,6.7,46,203,1,25.55838926
26,1,174.1,79.2,23.4,69,127,49.1,15,46,193,0,26.12929183
28,0,160.8,54,28.3,73,127,33.3,16.4,46,166,2,20.88438405
24,1,181.8,66.7,12.6,85,128,41.7,13.3,46,236,1,20.18078596
29,1,171,74.5,22.9,77,122,35.3,13.2,46,205,0,25.47792483
23,0,158,57,29,82,138,29.6,24,46,188,3,22.83287935
48,1,178.4,73.8,16.7,86,136,35.6,10.4,46,180,2,23.18817994
51,1,167.4,56.4,13.2,77,123,30.8,9.2,46,212,1,20.12649718
41,1,174.7,75.2,21.2,74,122,52,22,46,211,3,24.63950794
50,1,183.6,83.9,21,92,151,59.4,21.5,46,227,3,24.88952492
42,1,169,72.3,23.6,90,110,46.6,20.7,46,240,3,25.3142397
31,1,178.3,79.1,13.7,78,129,55.3,15,46,217,2,24.88134179
39,1,167.5,72.8,24.8,75,142,37.7,8.6,46,205,1,25.94787258
22,0,157.9,47.2,20.9,67,117,25.7,23.6,46,188,3,18.93118234
28,0,160.1,59.6,28.5,61,103,28.4,19.9,46,183,3,23.2521757
32,1,172.3,69.6,17.9,73,151,39.6,-0.6,46,214,0,23.44437636
30,0,152.4,47.8,20.6483,73,120,26,27.8,46,167,3,20.58059672
41,1,185.2,88.66,20.3,98,148,37.9,4.5,46,229,0,25.84911998
27,1,173.4,72.4,14.7,71,128,57.8,16.1,46,221,2,24.07910718
25,1,174.3,58.5,11,91,135,43.2,12.4,46,216,2,19.25577896
37,1,176.1,74.3,18.1,71,125,39.3,13.5,46,232,2,23.95907802
23,0,155.2,53.5,34.8,59,115,31.8,16.5,46,180,2,22.21111436
35,1,172.3,76.6,19.7,92,144,40,18.3,46,209,1,25.80228778
37,1,172.5,71.6,19.8,77,140,43,17.7,46,202,1,24.06217181
24,1,177.9,67.5,19.9,67,125,36.9,9.7,46,222,1,21.32808568
23,0,159.5,56,25.9,58,119,28.2,32,46,171,3,22.0123623
40,1,174.1,87.2,20.6,81,118,37.7,18.8,46,234,2,28.76861423
25,0,170.3,73.2,29.5,55,109,33,26.8,46,189,2,25.23956032
28,1,167.9,74.1,25.8,73,118,45.9,19.4,46,233,2,26.28553469
40,0,163.5,60.1,26.8,93,117,35.9,21.7,46,168,3,22.48220782
21,1,165.1,64.76,25,84,124,32.6,16.8,46,197,1,23.75815403
23,1,173.9,70.5,25.1,88,141,37.4,18.8,46,195,1,23.31255925
29,0,168.3,59.4,25.1,69,116,26.1,24.2,46,139,2,20.97095523
30,1,176,77,22,84,126,42,11,46,210,2,24.85795455
23,0,156,51.7,23.7,72,118,24.6,20,46,157,2,21.24424721
30,1,169,71.9,15,92,147,51.7,25.5,46,228,2,25.17418858
25,1,175.9,71.5,19.5,76,143,35.6,14.6,46,177,1,23.10863872
32,1,182.5,84.7,24.5,83,117,43.2,4.3,46,188,0,25.43066241
34,1,166.6,63.3,21,78,113,36.8,8.4,46,194,1,22.80624134
21,1,174.6,79.4,18.3,88,140,38.3,10.8,46,222,1,26.0454595
25,1,174.4,65.3,16.3,76,130,42,23.1,46,222,2,21.46941545
25,1,172,64.5,22.9,62,96,37.3,-5.6,46,193,0,21.80232558
38,0,161.4,62.5,27.5,72,113,31.9,19.6,46,194,3,23.9923593
35,1,175.1,63.3,10.9,70,111,42.2,21.4,46,224,3,20.64578583
23,0,165.8,51.4,18.1,77,118,31.6,27.8,46,179,3,18.69795312
25,0,163.1,54.5,25.1,74,112,25.4,20.8,46,173,2,20.48748177
28,0,165.5,69.6,30.3,86,134,37.5,21.9,46,159,2,25.41050191
32,1,175.8,68.44,16.6,95,145,46.6,14,46,229,2,22.14482535
26,1,174.9,64.4,24.6,90,147,36.2,-2.3,46,226,0,21.0526247
40,1,175.9,81.7,23.7,82,138,41.2,14.3,46,180,1,26.40525571
24,1,177,55.8,12.8,70,115,35.1,2.2,46,212,0,17.81097386
55,1,169.5,68.9,23.6,85,134,41.2,15.1,46,197,3,23.98169177
30,0,159.5,61.3,31.7,62,118,23.4,22.2,46,171,1,24.09567516
29,1,183.9,83.5,22.9,66,132,53.4,21.7,46,222,2,24.69010956
27,0,162.9,74.8,31.5,62,118,42.3,26.2,46,180,3,28.18768628
35,1,181.3,84.4,22.8,87,155,46.8,11.7,46,251,0,25.6771512
52,1,172.3,72.9,21.7,99,145,41.7,16.9,46,191,2,24.55596317
45,1,172.8,69.48,20.9,80,120,41.7,4,46,224,0,23.26871142
43,1,174.3,72.7,24.6,85,130,43.9,14.7,46,211,1,23.92983128
27,1,165.4,65,24.5,82,123,36.5,10.2,46,179,2,23.75977623
25,1,175.1,68.2,17.3,77,128,34.5,6.7,46,203,1,22.24395882
37,1,175,76.3,18.6,80,120,42,18,46,240,1,24.91428571
23,1,169.5,74,24.8,74,134,46.1,18.4,46,222,1,25.75682425
25,0,168.1,53.6,15.1,70,125,30.9,23.8,46,204,3,18.96834163
22,0,166.3,56.2,23.3,75,125,26.2,20.6,46,174,3,20.32131543
21,1,182.4,76.1,22.2,86,135,39.1,19.5,46,226,1,22.87362458
47,1,167.1,74.6,22.2,98,140,44,12.7,46,192,2,26.71689156
54,1,167.1,64.6,19.1,72,139,37.5,14,46,201,2,23.1355388
22,0,159.9,59.8,23.5,85,127,33.5,22,46,188,3,23.38860162
43,1,161.8,68.4,24.3,95,145,41.8,13.5,46,197,2,26.12757284
24,0,164.1,49.38,19.1,69,112,28.5,21.1,46,171,3,18.33723807
21,1,163.8,61.18,22.1,79,125,39.4,12.2,46,200,1,22.8024587
24,1,172.2,65.8,13,52,121,36.7,18,46,233,1,22.19011737
23,1,179.1,68.4,18.9,98,139,42.9,7.1,46,217,1,21.32381618
35,1,176.9,67.8,11.4,98,151,43.5,19.2,46,216,3,21.66576499
23,1,180.3,57.8,9.8,77,135,39.7,7.8,46,221,1,17.78018949
24,0,156.7,56.8,33.5,85,129,25.1,22.2,46,190,3,23.13184869
23,0,173.3,57.8,26.9,65,109,25.4,22.8,46,176,1,19.24556711
31,0,161.8,53.6,26.2,80,138,24.3,14.7,46,183,2,20.47423837
28,1,180.7,84.1,15,80,136,50.5,19.1,46,196,1,25.75607557
21,0,150.3,52,34.2,76,120,24.7,22,46,166,1,23.01894326
51,1,175.1,74.1,16.9,84,154,46.4,7.3,46,214,1,24.16828957
23,1,164.2,68.5,25.2,73,123,40.7,9.2,46,215,0,25.40646637
24,0,166.3,52.3,25.8,76,112,22.1,14.9,46,175,2,18.91111739
36,1,179.8,83,16.9,90,144,53.8,10.75,46,220,2,25.67430627
42,1,173.3,67.8,15.8,80,128,36.7,13.5,46,202,2,22.57525
24,1,177.7,100.5,27.3,85,141,47.4,11,46,218,0,31.82667037
37,1,165.3,65,19.4,78,124,38.4,15.2,46,223,3,23.78853239
30,1,168.1,67.1,22.8,94,155,45.4,2.5,46,210,0,23.74581573
29,0,159.1,51.6,22,61,125,26.9,30,46,157,1,20.38493553
34,1,166.7,56.6,21.7,83,120,40.3,-0.9,46,217,0,20.36785204
28,1,176.6,82.2,20.7,83,126,40.9,17.6,46,25,1,26.35666272
21,0,156.2,52.3,25.7,65,129,26.6,19.3,46,208,2,21.43579671
30,1,179.3,75.8,11.3,61,114,53.3,1.7,46,255,0,23.57809029
25,1,170,60.1,14.2,88,137,43.1,16,46,223,2,20.79584775
26,1,170.2,66.9,22.8,87,134,43.9,5.4,46,96,1,23.09441716
25,1,172.9,74.38,22,64,129,41.1,4.1,46,175,0,24.88090583
23,1,166.4,71.62,31.6,80,120,38.3,20.7,46,212,0,25.86590468
52,1,178.4,77.5,20.9,55,114,43.6,24.9,46,224,3,24.35073096
45,1,173.3,74.7,22.3,77,137,43.3,20.3,46,194,3,24.8727312
41,1,162,61.5,24,75,117,28.5,22,46,214,3,23.43392775
39,1,183.9,82.6,20.7,91,131,45.4,11.7,46,190,2,24.42398861
47,1,180,68.6,10.2,75,135,52.1,14.2,46,213,2,21.17283951
27,1,179.5,71.7,16,78,125,49.2,10.9,46,183,1,22.25308618
22,1,166.9,65.6,18.3,77,121,43.2,-12.4,46,230,0,23.5500138
32,0,169,65.2,31.6,80,110,36.4,12.2,46,170,1,22.82833234
39,1,170.5,77.2,27.1,81,138,46.8,13.5,46,222,2,26.55635916
35,1,164.2,75.1,18.2,91,135,41.4,18,46,218,3,27.85438868
37,1,168.6,69.14,17.3,86,143,43.5,17,46,205,2,24.32283729
21,0,155.3,54.3,24.5,66,132,23.7,19.8,46,203,2,22.51422065
24,0,167,59.3,24.7,56,125,27.9,29.3,46,177,3,21.26286349
49,1,173.7,76.2,19.6,93,142,45,11.8,46,224,1,25.25546299
27,1,171,67.6,20.4,81,147,40.4,17.5,46,240,2,23.11822441
22,0,170.2,56,23.3,81,128,29.2,31.3,46,202,3,19.33164964
23,0,167.8,51.8,23.1,97,132,31.3,23,46,191,3,18.39695079
36,0,171.4,64.4,28,51,96,30.6,12,46,191,1,21.92119535
49,1,170.8,73.2,19.2,96,142,41.6,9.3,46,178,2,25.09200401
38,1,177.4,72.1,11.8,88,141,43,21.5,46,265,3,22.91015533
22,0,164.8,55.8,31.7,76,120,27.3,13.2,46,158,1,20.54564521
45,1,174.5,68.1,19.6,82,150,44.2,17.9,46,209,3,22.3643484
31,1,169.1,67.4,22.3,84,138,48.4,12.2,46,222,2,23.57071091
35,1,176.2,73.7,15.7,64,119,47.6,18,46,226,3,23.73863155
32,1,170.7,68.6,16.7,72,136,44.1,20.9,46,226,2,23.54274364
24,0,173,62.5,19.8,74,120,36.3,24.7,46,195,3,20.88275586
21,0,165.3,58.9,25.3,76,135,21.6,24.8,46,200,2,21.55607012
35,1,177.8,81.5,18,90,141,40.1,13.7,46,160,0,25.78066381
39,1,180.6,73.2,14.9,79,119,42.8,16.1,46,226,3,22.44272506
38,0,172.7,58.22,25.9,75,128,25.6,10.5,46,184,1,19.52034666
31,1,171.2,73.4,20.8,87,142,43.6,14.4,46,216,1,25.04312604
35,1,164.7,64,22,82,119,44,15.2,46,237,1,23.59352196
25,1,178.4,78.9,15.3,71,140,54.9,19.3,46,252,2,24.79061513
28,1,173.8,73.2,20.1,78,118,40.1,10.8,46,232,2,24.23324298
37,0,178.2,74.9,23.8,77,128,44.7,22.3,46,191,0,23.58665845
60,1,176.6,73.5,22.8,89,147,40.3,8.7,46,197,2,23.56708893
29,0,158,50.28,24.1,68,113,27.7,20.5,46,158,3,20.14100304
51,0,157,54,31.4,106,158,31.4,23.5,46,156,3,21.90758246
22,0,160.5,50.8,17,57,107,30.2,35.2,46,181,3,19.72030551
24,0,158.2,47.8,22.4,66,112,22.6,25.9,46,156,2,19.09918952
23,0,155.1,58.7,30.2,93,140,28.3,20.9,46,167,3,24.4013866
44,1,175.6,64.3,17.1,81,121,41.6,-0.7,46,236,0,20.85268341
30,1,188.3,99.4,16,92,144,58.6,25.8,46,193,2,28.03404359
22,0,161.8,48,25.6,69,126,25.1,17.2,46,187,2,18.33513884
57,1,175.3,82.42,23.2,90,155,47.8,18.5,46,184,2,26.82061784
46,1,164.8,66.4,16.5,82,151,58.5,15.4,46,225,3,24.44858139
40,1,172.1,78.9,24.5,98,133,36.4,1.9,46,176,0,26.63883713
64,1,178.5,77.5,21.6,86,156,37.1,10.7,46,157,2,24.32345487
25,1,172,73.5,17.3,68,119,40.5,15.5,46,220,1,24.84451055
39,1,183,72,7.7,79,145,38.1,18.7,46,219,2,21.49959688
36,1,171.2,68.1,20.7,75,115,41.6,24.5,46,202,1,23.23483492
46,1,171.3,65.86,8.3,74,143,38.4,18.8,46,205,3,22.44434834
39,0,161.4,48.16,22.4,98,153,27.9,19.2,46,161,3,18.48755238
51,1,180.8,68.6,12.8,74,156,48.7,21.7,46,212,3,20.98588378
28,0,166.1,65.6,31.2,78,120,29,11.4,46,165,1,23.77741153
62,1,170,72.7,22.5,95,145,42.5,20.2,46,199,3,25.15570934
36,1,172.4,67.7,12.1,43,88,45.8,30.2,46,244,3,22.77792432
21,0,155.1,41.56,21.8,72,124,23.4,14.6,46,169,1,17.27634799
64,1,169.2,76.6,17.3,86,160,44.6,14.8,46,165,3,26.75642294
21,0,162.2,55.3,24.9,84,131,28.5,24.2,46,207,3,21.01955084
27,1,177.5,77.6,23.1,81,120,44.7,21,46,258,1,24.63003372
30,1,169.4,73.9,20.3,66,119,38.1,10.6,46,200,2,25.75239508
39,1,181.5,70.1,13.2,78,120,39.4,21.5,46,226,2,21.27966365
33,1,184.9,104.3,27.5,94,127,53.9,6.5,46,220,0,30.50777158
25,1,170.8,83.9,25.3,89,149,48.8,17.6,46,217,2,28.75982427
26,1,177.5,83.5,24.3,71,130,33.4,0,46,197,0,26.50267804
28,1,178.4,83.3,11.6,80,141,52,8.7,46,229,1,26.17310825
46,1,173,68.3,21.1,87,120,45.2,4.7,46,211,1,22.8206756
30,1,176.1,84.2,14.6,75,145,60.8,22.6,46,237,2,27.151472
51,1,168.2,67.6,29.3,99,153,33.1,12,46,187,2,23.89432206
34,1,172.8,73.1,19.9,95,121,51.5,10.1,46,223,2,24.4810421
55,1,176.6,62.4,4.9,72,127,40.9,13.2,46,190,2,20.00797754
36,1,169.4,66.5,17,62,118,39.4,10.4,46,182,1,23.17367081
23,0,172.3,64.3,29.5,76,120,29.6,15.2,46,177,2,21.65910058
21,0,169.3,58.8,19.7,61,105,30.1,18.9,46,182,2,20.51461684
25,1,173,79.1,22,92,156,54.6,12.5,46,210,2,26.42921581
31,1,169.3,65.04,19.7,74,128,37.9,7,46,211,1,22.69167822
39,1,172,73,16.1,92,135,51,-7,46,211,0,24.67550027
25,1,165.9,83.3,30.4,70,121,40.9,5.1,46,178,0,30.26580498
26,0,163,47.6,19.7,85,125,23.1,19.7,46,174,3,17.91561594
24,1,184.3,69.7,14,70,112,35.6,2.5,46,217,0,20.52022449
28,0,167.2,60,27.9,71,119,29.4,22.3,46,173,2,21.46242073
39,1,188.1,81.6,16.1,92,149,46.3,20.4,46,242,2,23.0628284
40,1,173.2,75.5,18,89,129,46.6,24,46,215,3,25.1681432
21,0,164.2,51.66,20.1,67,118,23.6,3.3,46,195,0,19.16055552
47,1,168.1,76.8,23.6,96,159,49.1,18,46,211,3,27.17851934
26,1,171.6,85.8,30.9,90,135,33.9,-3.9,46,190,0,29.13752914
42,1,171.5,61.1,16.9,93,136,37.3,12.1,46,199,2,20.77365723
28,0,171,63.8,26.8,78,120,23.2,32.8,46,200,3,21.81867925
32,1,171.4,57.4,13.6,62,115,39,1,46,189,0,19.53845672
24,1,177.6,78.9,24.8,84,115,40.1,16.6,46,255,1,25.01445702
24,0,154.6,51.8,26.9,66,121,25.6,24,46,150,2,21.67258828
22,1,172.1,76.6,21.4,66,125,33.3,14.2,46,186,1,25.86229308
58,1,175.3,71.2,14.9,80,123,46,20.1,46,219,3,23.16947331
21,0,155.1,52.8,28.3,86,137,20.3,18.8,46,203,2,21.94877704
21,0,162.3,52.4,23.6,72,111,28,25.8,46,177,3,19.89272355
29,1,171,66.6,15.6,62,117,56.8,8.1,46,222,1,22.77623884
29,1,179.6,87.1,22.9,86,139,46.4,9.1,46,208,1,27.00259423
38,1,177.5,79.2,26.6,98,142,53.4,16.1,46,209,2,25.13786947
26,0,162.4,52.9,25.8,85,117,25.3,18.5,46,167,3,20.05781504
28,1,174.3,67.3,18.6,99,145,44.1,5.3,46,166,0,22.15237476
31,1,172.6,73.64,22.6,80,136,43.4,13.4,46,190,2,24.71907397
21,1,181.7,84.7,24.7,70,144,41,-2.7,46,223,0,25.65509078
25,1,182.6,77.56,15.3,76,151,52.9,8.6,46,235,1,23.26142167
27,1,181.5,87.6,19.7,85,150,44.7,11.3,46,240,2,26.59199053
23,1,179.5,87.1,29.9,66,125,45.8,5.6,46,192,0,27.03268907
41,1,176.2,73.5,19.2,72,120,39.3,17.4,46,177,1,23.67421192
24,0,162.4,50.92,20,79,129,30.5,20.2,46,201,3,19.30706884
36,1,179.6,81.1,15.9,80,131,51.2,6.8,46,216,1,25.14248441
30,1,171.4,68.1,26.6,65,112,38.3,11.4,46,202,2,23.1806429
26,1,176.4,68.6,21.4,95,130,40,6.8,46,245,1,22.04585538
23,0,166.1,54.4,23,75,132,31,21.4,46,152,3,19.71785347
26,0,171.9,69.1,34.1,91,149,35,19,46,183,3,23.38440338
22,1,174.1,84.2,22.2,59,105,45.5,13,46,191,1,27.77886833
48,1,174,72.7,18.8,83,122,40.2,16.3,46,193,3,24.01241908
27,1,176.1,78.42,12.5,70,143,45.7,13.5,46,240,1,25.28762986
50,1,171.1,63.68,18.7,88,143,32.8,16.6,46,194,2,21.75219238
32,0,163.3,64.2,32.9,80,131,29.5,17.1,46,153,2,24.07479837
52,1,168.5,63.4,17.1,93,139,38.7,18.5,46,232,3,22.33003725
25,0,168.1,53.9,18.2,70,125,35.5,26.5,46,185,3,19.07450772
40,0,158,53.9,17.1,88,129,26.3,29.9,46,177,3,21.59109117
27,1,172,81.4,22.4,81,157,45.8,16.2,46,225,2,27.5148729
38,0,168.5,75.8,20.7,85,126,34.1,23.1,46,191,2,26.69742623
36,1,180.5,79.7,16.6,61,123,43.8,13.1,46,239,2,24.46267294
24,0,170.6,75.5,31.3,63,135,31.6,14.4,46,213,1,25.94113047
27,1,176.6,82.1,16.5,91,129,50,24.4,46,240,2,26.32459865
21,1,173.3,60.8,13.3,74,137,40.6,6.2,46,226,1,20.24447198
32,1,182.3,81.3,20.7,84,156,45.7,8.3,46,218,1,24.46342207
21,1,181,62,14.4,80,120,35.5,8.8,46,220,1,18.92494124
28,1,172.6,74.3,27.8,76,131,40.4,25.5,46,200,1,24.94061917
23,1,175.9,65.3,11.8,81,149,45.8,0.1,46,261,0,21.10481271
31,1,173.4,70.9,19.4,96,150,38.3,7.7,46,213,1,23.58023065
23,0,166.2,49,19.9,81,137,25.9,27.9,46,199,3,17.73920045
24,1,175.5,79.9,15.4,85,145,47.1,23.5,46,250,1,25.94134788
36,1,182.5,81.7,22.3,70,130,45.5,16,46,222,2,24.52993057
42,1,171.3,71.9,21.9,96,155,43.9,14.7,46,198,2,24.50271251
29,0,165.7,56.9,20.3,67,112,27.8,26.7,46,171,3,20.72369775
30,1,175,81.2,25.2,89,144,53,14,46,236,2,26.51428571
35,1,178.3,102.9,30.5,80,122,65.5,7.6,46,202,0,32.36776322
39,1,177.5,77,22.1,82,134,51.2,17.3,46,239,3,24.43959532
24,1,176.3,85.3,27.1,80,155,38.7,17.3,46,213,0,27.44381017
48,1,173.4,68.7,17.2,99,149,39,17,46,208,2,22.84854508
21,0,160.6,55.2,28.5,65,115,24.9,29.1,46,199,3,21.40168639
25,1,171.7,65.1,11.8,69,142,44.1,22,46,242,2,22.08210132
37,1,177.4,81.9,21.1,90,154,56.1,-8.1,46,195,0,26.02415703
54,1,165.9,64,23.4,83,123,35.9,15.6,46,179,3,23.2534396
42,1,177.1,75.5,27.1,79,129,39.6,9.5,46,212,2,24.07187
24,1,175.7,66.4,9.8,61,122,48.9,12.9,46,205,1,21.50921479
45,0,167.6,57.5,27.8,74,140,29.8,28.4,46,172,3,20.47009302
43,1,172.6,72.2,17.7,78,120,43.1,11.3,46,228,2,24.23570261
45,1,170.2,66.3,20.1,88,128,46.1,14.5,46,206,3,22.88729234
36,1,164.4,70.2,26.3,77,123,42.5,6.5,46,213,0,25.97368
34,1,167.3,76,27.6,81,135,35.5,13,46,239,0,27.15324326
42,1,172.6,75.4,14.4,64,141,48.4,19.3,46,203,2,25.30986118
25,1,168,61.4,15.4,72,125,41.7,-10.4,46,160,0,21.75453515
37,1,165,58.4,17.4,68,119,34,9.5,46,206,2,21.45087236
21,0,166.4,64.1,31.1,73,125,36.8,24,46,166,3,23.1500208
35,1,177.9,75.5,14.9,90,137,50.4,15.1,46,237,3,23.85585879
41,1,179.2,77.3,17.3,77,127,46.9,5.8,46,215,1,24.07151826
40,1,171.4,72.8,24.5,79,128,47.2,21,46,220,3,24.78048169
35,1,158,61.9,22.2,82,118,51.8,8.3,46,194,1,24.79570582
23,0,161.6,53.7,22.5,71,115,29.1,22.4,46,183,3,20.56324135
32,1,168.8,62.6,18.5,66,108,38,11.4,46,224,2,21.96996923
22,1,179.2,81.4,25.2,69,112,40.1,14,46,197,0,25.34827408
30,1,167.5,65.3,16.3,60,109,39.8,13.7,46,235,2,23.27467142
40,1,173,72.1,14.2,71,135,46.1,3.7,46,239,0,24.09034715
23,1,170.3,66.1,19.2,62,126,36.9,11.1,46,210,1,22.79146089
21,1,178.5,81,27.2,92,132,41,20.6,46,230,0,25.42193348
26,0,170.8,56.1,18.4,56,114,35.4,25.6,46,195,3,19.23034734
31,1,172.2,73.4,20.3,88,134,49,20.7,46,220,2,24.75310965
62,1,169.1,70.9,22.8,92,155,42.1,14.6,46,204,3,24.79470925
57,1,170.3,65.8,21,69,125,41.1,8.4,46,187,1,22.68802007
21,1,176.6,79.7,19.7,80,130,40,14,46,195,1,25.55506106
29,1,177.8,76.4,15.8,87,155,42.8,14.4,46,244,2,24.16739527
27,0,160.7,57.1,25,74,114,30.9,20.5,46,195,3,22.11079483
31,0,160.9,61.6,33.7,72,131,32,23.5,46,159,3,23.79406392
27,1,181.9,88.8,23,66,121,48,17.9,46,228,1,26.83784051
22,1,174.4,75.34,25.8,81,150,42.3,17.7,46,234,1,24.77037918
32,1,174.2,77.7,23.4,75,126,46.2,13.3,46,238,2,25.6049963
55,1,165.2,66.5,21.3,92,137,43.2,21.4,46,191,3,24.36697172
22,0,162.6,49.6,17.1,77,117,25.9,28.6,46,181,3,18.7603352
42,1,172,68,12,82,126,56,16,46,215,3,22.98539751
23,0,158,47.5,25.5,56,105,23.8,21.1,46,161,3,19.02739946
22,1,176,68.6,11.8,78,110,40.4,9.5,46,263,1,22.14617769
45,1,173.6,71.4,15.5,95,125,44.7,27.3,46,248,3,23.69183886
25,0,160.6,61.3,23.2,85,126,31.1,24.8,46,171,3,23.76672782
28,1,173.5,82.44,23,89,145,42.6,19.9,46,205,1,27.38665714
25,0,168.2,61,27.2,87,135,26.2,20.9,46,165,3,21.56144446
31,1,178.3,68.9,17.8,91,154,39.1,14.6,46,205,2,21.67287547
46,1,175.9,83.1,22.5,80,123,45.9,8.4,46,201,1,26.85773255
28,1,171.7,65.98,15.2,93,147,37.3,5.5,46,228,1,22.38059977
37,1,173.9,78.2,17.8,92,148,58.2,11.9,46,211,1,25.85875367
26,0,158.3,59.3,28.8,71,128,31.8,24.4,46,187,3,23.66425648
25,0,159.5,54.8,27.4,77,117,26.5,20,46,164,3,21.54066882
38,1,178,68.7,12.9,71,127,45.1,20.1,46,230,3,21.68286832
26,1,168.4,75.7,32,95,143,37,9.2,46,167,0,26.69388008
39,1,175.8,76.2,21.2,85,121,44.1,-3.2,46,228,0,24.65569391
28,1,171.1,67.4,18.9,99,142,40.7,18.8,46,250,2,23.02289206
49,1,179.4,79.1,18.2,96,145,48.7,13.6,46,208,3,24.57715487
22,1,168.6,70.5,25.2,52,121,41.8,6.5,46,215,1,24.8012732
32,1,166.5,67.8,20,90,147,41.6,11.4,46,197,2,24.45688932
37,1,173.8,68.4,14.3,81,126,43.3,12.7,46,240,2,22.64417786
26,1,174.5,62.4,13.7,70,129,34.1,6.4,46,229,1,20.49244259
28,1,182,73.1,15.8,73,127,45.1,-3.5,46,202,0,22.06859075
46,1,176.4,69.9,18.1,71,121,42.3,25.4,46,214,2,22.46363398
39,1,168.1,63.6,22.9,80,134,39.2,4.1,46,195,0,22.50721133
21,1,187.6,80.7,16.7,80,137,40.6,10.3,46,255,1,22.93020126
21,1,178.1,67.9,10.2,82,110,40.7,10.1,46,240,1,21.40631616
36,1,170.2,60.7,22,69,129,45.4,7.8,46,229,1,20.95412738
29,1,173,71.7,13,87,154,51.9,19.8,46,244,2,23.95669752
27,1,174,71.4,15.2,68,129,49.8,11,46,229,2,23.58303607
22,0,166.6,77,34.2,70,120,35.2,22.2,46,173,3,27.74218931
23,1,175.7,93,25.7,74,142,64.1,11.6,46,211,0,30.12585806
38,0,169.1,64,16.6,78,132,33.6,19.9,46,165,3,22.38168395
21,1,180.1,62.3,9.2,60,119,42,12.1,46,251,1,19.20704797
43,1,167.4,72.8,20.9,93,140,37.4,10.3,46,211,2,25.97888288
58,1,163.2,54.1,14,79,149,32.4,14.1,46,187,3,20.31219963
22,1,188.9,64.6,9.5,79,129,40.3,8.5,46,212,1,18.10375244
25,1,175.6,60.5,14.8,68,121,39,10.8,46,235,2,19.62033198
42,1,171.3,78.1,24.4,91,145,44.8,15.5,46,202,2,26.61560288
21,1,179.8,80.3,27.8,92,144,38.4,2.8,46,207,0,24.83911799
54,1,165.7,63.4,18.7,82,118,42.1,11.4,46,194,2,23.09107974
21,1,177.2,64.2,15.3,78,139,35.9,20.9,46,195,1,20.44596406
22,1,158.2,50.44,15.7,55,108,28.7,-3.1,46,116,0,20.15404016
51,1,172.8,72,15.6,76,128,42.4,13.3,46,220,2,24.11265432
30,1,168,74.8,16.3,54,124,44.8,15.1,46,219,2,26.50226757
47,1,167.6,62.8,18.6,81,141,39.6,17.7,46,200,2,22.35690159
22,0,166.3,53.8,19.7,76,128,28,21.3,46,181,3,19.45350125
60,1,166.3,60.2,14.9,93,155,40.8,15.4,46,169,3,21.7676724
28,1,174.4,73.4,26.7,81,139,39.1,7.8,46,216,1,24.13254356
47,0,162.8,53.6,19.5,89,129,35.3,28.4,46,161,3,20.2234846
24,0,165,67.8,32,81,121,28.1,27,46,152,2,24.90358127
61,1,165.9,63.6,18.3,74,144,40.9,17.7,46,211,3,23.1081056
24,1,171.7,71.6,15.2,83,122,44.6,14,46,192,1,24.28691942
31,1,168.3,73,27.2,87,152,36.3,10.03,46,229,0,25.77238605
24,0,162.4,57.9,32.9,73,122,30.6,18.9,46,180,1,21.95363877
28,1,173.8,67.7,17.1,70,127,43.5,27.1,45,217,2,22.4124392
46,1,176.8,80.9,22.7,82,141,50.1,22.1,45,206,3,25.88117565
21,1,187.9,74.7,21.06,73,123,44.7,7.7,45,221,1,21.15763115
22,1,182.9,72.4,12.3,80,133,52.6,11.2,45,225,1,21.64268583
39,1,176.9,90.1,21.5,79,134,46.4,9.3,45,225,1,28.79182044
32,1,176.3,71.8,21.2,72,126,45.3,15.4,45,209,2,23.100417
35,1,184.6,79,22.6,85,131,45.5,6.7,45,194,1,23.18268306
24,0,165.2,53.7,28.9,68,105,21.8,23.3,45,163,1,19.67678769
25,1,171.4,69.4,15.7,87,141,41.2,19,45,232,2,23.62315151
37,1,169.3,73.84,27.7,83,149,38.9,15.6,45,183,0,25.76189298
22,0,164.3,59.44,28.3,80,120,28.9,14.4,45,179,1,22.01930838
27,1,171.8,74.8,24.1,77,132,39.9,15.1,45,211,2,25.34283983
21,0,153.9,58.8,32.3,72,141,28.7,19.2,45,167,2,24.82561903
23,1,172,72,28.6,80,120,29.2,1.8,45,213,0,24.33747972
25,1,185,88.1,18,66,123,42.7,5.3,45,222,1,25.74141709
27,0,174.4,64.4,29.1,81,109,34,21.5,45,156,3,21.17351233
23,1,162.6,63.8,17.9,69,130,39.1,5.2,45,191,0,24.13123762
50,1,165.5,71.6,19.5,80,146,45.1,0.8,45,217,0,26.14068875
26,1,186,79.3,23.5,70,140,50.9,5.3,45,176,0,22.92172505
28,1,179.7,74.1,19.1,70,136,37.1,25.5,45,222,1,22.94679595
21,1,171.2,65.5,20.4,84,136,43.7,20.4,45,224,1,22.34774871
34,1,170.4,64.8,16.9,90,142,47.9,5.8,45,202,1,22.3170006
26,0,163.6,60.4,35.6,85,116,35.1,19.3,45,159,2,22.56681871
21,0,164.5,54.02,24.7,72,142,24.7,22.6,45,176,3,19.96286065
46,1,173.3,69.3,21.9,88,140,44.3,15.5,45,208,3,23.07470243
28,1,187.2,100.6,23.6,87,137,47.8,22,45,221,0,28.7068997
37,1,178.2,70,15.8,94,157,36.2,19.1,45,219,3,22.04360603
23,1,170.8,60.3,11.5,88,129,38.9,20.1,45,232,0,20.67005249
21,0,160.6,57.2,24,56,107,30.4,30,45,185,3,22.17710981
36,1,170.7,71.6,24.5,86,128,32.2,13.7,45,193,1,24.57230968
35,1,175.3,73.4,19.5,74,136,46.4,19,45,232,3,23.885384
27,1,170.8,66.5,25.8,82,143,42.3,8.5,45,208,1,22.79533152
25,1,172.7,74,26.9,87,142,34.2,14.1,45,212,1,24.81115858
30,1,174,78.8,20,80,120,54.4,17.2,45,222,2,26.02721628
24,1,175,65,18.4,73,122,46.7,12.5,45,226,1,21.2244898
35,1,177.8,77,19,76,126,43,10.1,45,246,2,24.35719157
26,1,171.2,60.4,13.6,77,124,41.3,13,45,231,2,20.607695
26,0,159.3,59.4,33.8,82,121,26.6,25.3,45,166,3,23.40749253
33,1,168.3,63.8,17.4,81,125,40.6,2.5,45,205,0,22.52435932
24,1,164.9,57.4,14.2,81,154,37.1,13.9,45,226,1,21.10914199
30,1,170.2,69.6,16.4,86,130,44.7,9.7,45,191,1,24.02647884
21,0,159.6,45.9,25.8,76,118,23.7,20.7,45,194,3,18.01967324
25,1,168.7,74,21.4,82,130,39.7,14.1,45,158,1,26.0016887
44,1,167,62,18.7,76,121,39,15.6,45,210,3,22.23098713
32,1,172,82.66,15.1,82,144,46.5,11.1,45,228,2,27.9407788
22,1,183,83.9,24.4,93,149,39.1,1.7,45,217,0,25.05300248
39,1,171.7,67.3,19.5,78,124,46.6,7.2,45,218,1,22.82834745
21,1,173.7,74.2,22.7,65,114,43.9,19.7,45,240,1,24.59258994
26,0,169.9,53.72,18.3,65,123,20,14,45,205,2,18.61012312
39,1,175.5,72.82,13.4,80,120,46.9,6.8,45,201,1,23.64266524
27,1,181.2,68.4,21.2,68,131,34.8,-2.2,45,215,0,20.83241963
30,1,175.7,69.3,15.5,76,136,45.3,16.9,45,211,2,22.44862326
33,1,165.7,78.5,23.1,73,133,53.2,9.9,45,213,2,28.59069022
37,1,179.2,89.5,20.2,95,145,49.4,21.9,45,232,3,27.87064533
24,1,179.1,70.9,20.4,70,127,37.3,16.4,45,191,1,22.10319542
25,0,162.4,55.8,26.4,76,117,33.4,23,45,172,3,21.1573928
21,1,172.9,67.9,25.7,93,143,33,-2.2,45,184,0,22.7132765
24,1,179.5,78.9,15.9,90,157,46,6.2,45,167,1,24.48770571
37,1,165.4,71.7,17.5,68,108,39.6,10.7,45,221,2,26.20886086
27,1,171.2,73.1,19.3,60,113,56.9,8.4,45,209,1,24.94076994
62,1,168.4,71.6,15.7,73,157,42.7,17.1,45,213,2,25.24810851
25,1,179.8,87.6,24.9,80,135,40.6,18,45,234,2,27.09721963
25,1,168.4,67.3,18.5,91,126,39.9,16.8,45,198,2,23.73181149
22,1,166,62.4,20.1,73,128,38.5,19.1,45,185,1,22.64479605
33,1,176.8,72.2,14.4,75,118,42.5,15.5,45,218,2,23.09790954
37,1,179.7,79.3,22.9,89,155,41.2,16.8,45,210,1,24.55709742
29,0,165.2,53,20.1,62,102,27.1,20.9,45,153,2,19.42029325
31,1,171.5,72.3,30.4,95,151,39.3,6.3,45,189,0,24.5815944
27,0,168.2,67.24,29.4,83,124,37.5,26,45,173,3,23.76707419
25,0,159.1,55.3,23.2,79,136,27.5,22,45,173,3,21.84664603
25,0,161.5,48.5,29.3,65,118,19.9,8.8,45,182,0,18.59502152
29,1,170,76.64,22.2,93,137,43.7,13.1,45,202,2,26.51903114
23,0,160.3,47.6,15,73,111,28.8,17.3,45,183,2,18.52421905
60,1,162.5,55,9.3,66,105,38.8,9.8,45,178,2,20.82840237
27,1,181.8,79.4,19.3,89,134,23.5,14.7,45,211,2,24.02330442
30,0,155.6,53.9,27.7,63,108,31.7,23.7,45,170,3,22.26227688
63,1,164.8,59,16.8,98,158,41.3,10.5,45,170,2,21.72389009
26,1,169.6,78.3,24.2,79,126,47.3,10.3,45,217,2,27.22137549
40,1,167.9,82.9,22.3,88,133,51.9,23.2,45,232,2,29.40716364
21,0,166.7,58.4,25.3,77,138,26.7,25.1,45,187,3,21.01559292
21,1,171.4,56.5,14.7,74,116,42.6,7.9,45,214,0,19.23210461
41,1,174.6,76.6,19.9,75,123,45.9,17,45,224,2,25.12697982
27,1,175.5,85,26.8,70,127,45.3,7,45,212,0,27.59717859
28,1,178.7,87.7,23.2,97,148,60.3,16.5,45,216,2,27.46315881
21,0,163.9,54,22.8,74,113,28.3,24.8,45,194,3,20.10184189
23,0,158,47.44,22.4,72,116,24.4,25.4,45,168,3,19.00336485
41,1,168.7,74.1,16.9,66,117,43.3,15.1,45,217,2,26.03682612
26,0,159.3,59.4,34.2,90,138,27.8,24.3,45,156,2,23.40749253
26,1,176.7,69.1,13.4,75,130,48.8,14,45,236,2,22.13119926
26,1,174.2,64.8,12.9,62,113,55.7,5.7,45,222,1,21.35397375
26,1,182.2,79.3,21.8,86,145,39.2,17.8,45,235,1,23.88781583
31,1,170.1,69.6,22.7,65,128,38.5,3.6,45,257,0,24.05473697
21,0,169.2,55.4,23.6,67,115,27.3,20.5,45,181,3,19.35125105
41,1,178,67.9,15,55,97,41.3,10,45,200,2,21.43037495
22,1,171.2,59.9,18.7,81,148,43.2,11.4,45,242,1,20.43710149
35,1,178.1,80.4,27.5,89,140,48.2,20,45,202,3,25.34709601
41,1,173.2,66.8,14.5,78,132,46.1,5.6,45,201,1,22.26797305
28,1,178.7,74.3,13.6,85,152,47.3,19.3,45,231,2,23.26696351
25,1,174.6,66.3,12.9,81,130,49.4,21.2,45,233,2,21.74828671
33,1,175.6,93.5,32.4,95,138,46.9,3.4,45,215,0,30.32233125
29,1,179.4,73.6,18.8,70,115,48.3,15.8,45,214,2,22.86825029
27,1,189.8,97.4,18.2,74,145,58.1,11.1,45,235,1,27.03750051
44,1,170.7,63.3,18.1,79,126,46.1,21.7,45,175,2,21.72384362
22,1,173.5,71.9,26.9,76,122,36.8,-8.3,45,194,0,23.88525775
30,1,175.2,91.5,24.3,80,134,45.3,16.4,45,212,0,29.80937637
56,1,171,76.5,25.7,85,139,39.4,10.5,45,179,2,26.16189597
33,1,170.3,70.1,22.3,83,123,45.9,9.3,45,222,1,24.17067184
21,1,169.9,65.44,23.1,84,141,36.7,-1.6,45,183,0,22.67026167
38,1,174.4,72.68,21.1,80,120,56.8,17,45,205,1,23.89582106
64,1,162.8,58.5,14.6,89,136,31.2,19.7,45,203,3,22.0722733
43,1,173,69,16.1,96,131,41.6,9.5,45,199,2,23.05456246
29,1,168.3,56.4,14.4,79,129,42.4,2.5,45,215,0,19.91181607
44,1,173.5,67.7,11.1,70,131,37.4,11.1,45,210,1,22.4900132
31,1,175.8,71.3,18.1,73,128,31.4,15,45,198,1,23.07022278
24,1,175.3,72.3,15,95,152,33.4,23,45,240,1,23.52742865
41,1,179.7,72.2,18.6,97,145,46.8,14.9,45,245,2,22.35841657
29,1,171.4,75.88,27.3,88,146,39.7,23.8,45,201,0,25.82888669
26,1,176.5,70.3,22.3,66,112,44,27,45,206,1,22.56658829
21,1,174.9,70.3,20.6,61,105,45.8,8,45,210,1,22.98135895
28,1,180.6,70.3,19.3,60,124,42.6,12,45,240,2,21.55360071
35,1,182.2,82,25.9,75,124,50.8,-5,45,184,0,24.70114625
30,1,175.5,75.1,21.6,87,118,44.3,19.8,45,228,2,24.38291897
22,0,166.8,63,25.7,62,100,30.5,24.7,45,188,1,22.6437555
28,1,185.1,83,17.2,85,154,52.4,13.8,45,214,2,24.22508195
46,1,177.7,72.2,17.4,80,117,47.8,15.7,45,215,3,22.86453334
24,1,170.9,71.8,20.3,78,143,42.7,18.2,45,218,1,24.5833078
28,1,174.4,86.3,17.8,67,135,49.4,6.8,45,220,1,28.37382165
21,1,177.9,69,15.2,66,129,42.7,-3.5,45,185,0,21.80204314
27,1,178.1,73.3,23,75,134,34.1,19.8,45,200,0,23.10873305
26,1,175.2,69.4,17.8,91,132,48.2,11.5,45,215,1,22.60951607
39,1,177.2,76.7,20.8,78,135,43.3,5.7,45,232,0,24.42687606
37,1,173.6,86,27.3,73,140,49,19.9,45,215,2,28.53638854
43,1,177.1,81.1,27.7,84,135,34.4,12.7,45,193,0,25.8573332
50,1,178.2,79.4,29.4,97,153,35.3,6.1,45,181,0,25.00374741
28,0,164.2,54.7,15.7,75,99,33.1,20.2,45,163,0,20.28808337
34,1,175,74.1,23.2,79,121,41.7,15.8,45,195,1,24.19591837
23,1,176.2,69.9,23.2,85,135,43.3,11.1,45,227,1,22.51465869
56,1,171.1,62.6,14,78,136,46.8,27.2,45,217,3,21.38327957
28,1,178.4,70.6,14.4,84,129,45.3,10.4,45,226,2,22.1827304
26,1,173.2,85.2,14.3,72,123,54.3,10.6,45,212,2,28.40166623
27,1,181.9,82.7,21.6,83,123,51.4,13.1,45,235,1,24.99425011
45,1,172.1,79.2,21.3,78,120,40.8,10.8,45,198,1,26.74012548
38,1,169,73.2,30.5,76,123,44,16.9,45,212,2,25.62935471
39,1,174.3,72.6,17.9,76,135,56.1,10.4,45,202,2,23.89691542
22,0,156.8,52.8,23.4,65,100,26,24.5,45,169,3,21.47542691
21,0,160.6,59,24.8,80,127,33.4,24.4,45,210,3,22.87499089
53,1,167.5,61.6,13.4,93,142,47.9,16,45,197,3,21.95589218
22,1,168,63.2,18.9,62,110,39.9,-9.8,45,220,0,22.39229025
60,1,169.1,67.1,21.5,81,143,37.8,19.2,45,188,3,23.46579677
37,1,173.9,76.3,22.4,92,156,46.1,14.1,45,216,3,25.23047193
33,1,165.1,59,19.1,95,126,36.7,11.2,45,233,2,21.6450137
36,1,167,73.1,24.8,72,142,38,14.1,45,227,1,26.21105095
27,0,155.8,52.4,22.3,68,125,30.1,15,45,181,2,21.58720324
27,1,168.4,65.2,14.4,64,120,25.7,-3.1,45,220,0,22.99129434
21,1,171.6,69,15.8,69,130,24.7,21,45,195,1,23.43227868
45,1,170.1,66.8,20,96,123,38.2,16,45,218,2,23.08701767
49,1,170.2,69.7,20.6,99,156,43.4,19.5,45,206,3,24.06099964
58,1,172.5,62.3,17.8,60,127,38.2,11.7,45,184,2,20.93677799
24,1,173.3,75.6,26.3,86,154,40.9,7.5,45,211,0,25.17240266
60,1,166.8,54.2,13.2,88,146,44.3,15.7,45,191,3,19.48081822
62,1,164.3,65.9,22.1,76,135,36.9,12.7,45,198,3,24.41238934
55,1,167.3,76,27.3,87,146,33.2,7,45,160,0,27.15324326
43,1,175.1,69.9,14.7,93,157,43.2,20.5,45,232,3,22.79842701
22,0,161,55.9,28.2,81,132,27.5,27.1,45,180,3,21.56552602
28,1,175.2,70.8,20.5,97,147,39.1,5.6,45,201,1,23.06561581
40,1,166.7,62.8,17.9,83,133,35.6,14.7,45,237,3,22.59895951
31,1,176.9,70.9,18.7,80,128,43.3,14.9,45,209,2,22.65638257
46,1,168.6,64.5,18.3,68,120,37.1,14.7,45,185,2,22.69052655
35,1,178.2,81.9,21.1,80,126,46,12.2,45,215,2,25.79101906
33,1,180.3,70.5,18.8,76,142,49.9,13.8,45,226,1,21.68690932
28,1,178.9,71.4,26.6,85,130,55.3,19.1,45,211,2,22.30886784
48,1,176.7,80.6,22.2,78,117,43.8,12.7,45,222,2,25.8143945
21,1,179.8,70.3,8.4,80,120,52.3,8.9,45,190,1,21.74582808
42,1,158.7,54.7,23,93,145,35,16.1,45,208,3,21.71868232
26,1,188,73.3,15.6,80,132,54.4,16.9,45,216,2,20.73902218
24,1,185,83.4,14,83,119,53,7,45,200,1,24.36815194
48,0,161.5,50.1,15,73,132,26.9,19.6,45,170,3,19.20846553
28,1,171.7,88.1,31,84,144,45.7,17.8,45,210,0,29.88376538
22,1,168.5,74.5,23.5,55,116,43.9,-8,45,205,0,26.23955481
60,1,160,65.1,17.2,91,140,43.6,12.8,45,212,3,25.4296875
28,1,180.3,76.2,16.2,81,117,44.2,16.4,45,214,2,23.44031901
34,1,168.4,71.8,17,68,133,46.1,15.2,45,233,2,25.31863395
22,0,176.4,67.1,30.8,88,143,31.6,20.4,45,159,3,21.56380315
29,1,171.1,76.6,20,62,122,36.9,11.5,45,190,1,26.16548267
23,0,166.6,57.56,25.2,69,110,35.8,18.3,45,174,2,20.73818723
37,1,175.5,81.1,22,78,126,43.8,14.4,45,229,2,26.33095511
60,1,172.8,70.18,23.6,82,140,40.7,17.2,45,186,3,23.50314
37,1,172.5,68.2,13.5,85,147,39.5,18.6,45,250,3,22.91955472
29,1,170,85.3,22.8,72,120,43.6,18,45,211,1,29.51557093
24,0,167.4,56.9,28.6,60,120,26.1,14.9,45,169,2,20.30492357
30,1,171.3,65.6,19.1,70,129,44.2,22.1,45,210,1,22.35574326
21,1,186.8,79.1,12.3,79,135,50.4,-1.5,45,235,0,22.66849772
28,1,173.9,72,16.9,82,143,46.6,21.8,45,229,1,23.80857115
48,1,175.6,73.1,17.9,83,142,45,21.1,45,220,2,23.70654988
32,0,159.5,57.8,22.9,72,125,21.6,19.1,45,174,3,22.71990252
29,1,173,86.7,31.2,85,129,45.8,11.1,45,187,0,28.96855892
37,1,174.3,78.4,16.6,70,125,46,11.9,45,236,2,25.80603539
25,0,156,44.9,28.3,78,113,23.8,11.6,45,161,1,18.45003287
33,0,161.2,51.2,23.8,57,119,26.7,27.3,45,174,3,19.70334156
36,1,185.1,73.6,16.8,93,134,45.5,10.4,45,211,2,21.48151845
50,1,173.5,73.6,23.5,91,150,42.9,14.1,45,198,2,24.44999958
21,1,175.7,65.8,15.4,74,125,41.1,6.5,45,223,1,21.31485441
49,0,164.9,60,23.2,88,144,30.6,19,45,171,3,22.06530521
29,1,172.9,70.5,17,75,143,40.4,16.8,45,201,2,23.58300431
44,1,183.7,77.8,22.1,77,124,41.2,7.4,45,211,1,23.05479603
42,1,185.3,89.6,20.2,74,148,51.3,19.2,45,210,3,26.09499218
30,1,182.5,86.2,28.3,89,130,49,1.2,45,191,0,25.88102834
27,0,167.8,60.9,17,60,114,27.9,28.5,45,182,3,21.62884756
63,1,170.8,68.3,14.6,61,97,40.8,14.3,45,204,2,23.41234801
27,0,162.5,57.3,28,79,122,19.9,1.8,45,166,0,21.69940828
33,1,178,84,27.5,99,144,48.8,-2,45,222,0,26.51180407
50,1,175,81.3,18.5,80,123,51.1,18.3,45,202,3,26.54693878
23,0,159.4,56.6,26.8,76,138,29.5,20.4,45,167,3,22.27613274
51,1,168.1,75.4,24,86,146,44.4,10.1,45,199,2,26.68307759
50,1,169.3,78.3,25.3,70,121,31.9,2.8,45,190,0,27.31793365
52,0,170.6,67.9,25.7,86,142,25.5,24.7,45,167,2,23.32983787
55,1,175.9,74.2,15.9,96,145,48.1,18,45,213,2,23.98127263
24,1,179.6,65.6,13.9,67,105,41,10.5,45,215,1,20.33720071
46,1,165.8,65,14.7,95,148,33.7,11.1,45,185,2,23.64527145
41,0,159.6,53.5,30.6,74,119,26,14.5,45,151,1,21.00332284
29,0,168.8,63.82,18.8,71,129,29.4,20,45,203,2,22.39813796
21,1,169.1,63,18.4,61,98,36.9,4.6,45,210,0,22.03197014
37,1,172.8,80.8,25.3,79,131,60.1,14.7,45,238,3,27.05975652
38,1,165.1,70.7,24,97,143,41.8,14,45,209,2,25.93732998
26,1,182.5,71.68,11,82,143,55.7,12.9,45,196,2,21.52148621
46,1,176.5,70,16.1,99,158,44.4,16.5,45,224,3,22.47028706
31,1,188.4,92.4,30.3,87,146,50.1,17.5,45,215,0,26.03215817
21,0,165.1,53.4,24.1,79,112,25.2,27.4,45,180,1,19.59057173
22,0,166.5,63.6,28.4,75,131,29.8,14.3,45,198,1,22.94186078
22,1,167,76.1,24.8,69,99,43.4,12.9,45,227,1,27.28674388
32,1,175,80.3,25.2,69,114,54.2,16.5,45,179,0,26.22040816
47,1,169.4,83,28.7,94,140,51.1,13.8,45,201,0,28.92352898
24,0,164,57,28.8,81,116,25.2,27.7,45,180,2,21.19274242
24,1,167.4,55.8,12.3,88,136,31.3,15.6,45,238,1,19.9123855
22,1,179.5,63.4,13,67,119,36.5,0.8,45,214,0,19.67706644
25,1,167.8,64.4,23.1,87,117,38.5,12.6,45,221,2,22.87188477
25,0,159.6,51.8,22.9,78,122,29.4,21.5,45,193,3,20.33592754
21,1,179.5,79.5,13.3,72,136,46,11.8,45,246,1,24.67392401
23,1,170.6,90.2,33.8,73,133,30.4,8,45,161,0,30.99192011
25,1,168.2,80.8,22.5,79,139,55.4,19.3,45,250,2,28.56007725
28,1,169.6,65.3,17.3,76,118,45.7,12.4,45,192,1,22.70186232
51,1,172,68.5,10.1,62,103,47.2,12.2,45,207,1,23.15440779
37,1,176.5,77.9,20.6,95,154,52.1,18.3,45,237,3,25.00621945
21,0,172.9,65.16,25.7,80,120,33.3,11.9,45,189,1,21.79671718
31,1,173.6,94.4,35.5,91,141,50.4,7.2,45,212,0,31.3236637
35,1,168.6,68.24,9.6,85,135,42.4,14.6,45,235,2,24.0062253
22,1,171.3,74.3,12.1,81,141,52.8,21.4,45,214,1,25.32060555
28,1,173.3,80.2,24,94,154,49.8,9.8,45,214,1,26.70405679
35,1,176.2,63.9,17.4,88,135,33.9,6.6,45,204,1,20.58206996
23,1,173.5,92.9,30.6,85,131,49.5,13.6,45,194,0,30.86148045
26,1,163,59.3,16.3,85,131,37.4,-4.4,45,191,0,22.31924423
39,0,161.1,56.9,30.2,78,116,25.8,7.9,45,151,0,21.92407028
61,1,168.9,66.5,19.1,68,127,31.4,11.7,45,190,2,23.31107739
36,1,182,83,22,87,134,50,15.9,45,210,3,25.05736022
28,1,176.3,70.94,15.6,85,147,49,17.5,45,234,2,22.82372677
25,1,171,75.6,28.5,94,153,35.7,11.9,45,212,0,25.85410896
31,1,187.7,89.7,21.2,96,156,47.9,11.4,45,230,2,25.46032234
24,0,161.6,50.4,27.2,60,119,28.3,21.5,45,172,3,19.29957847
25,0,157.2,51.2,22.1,70,118,27.4,15.3,45,180,2,20.71881333
37,1,170,75.8,24.3,80,130,46.6,9.1,45,202,1,26.2283737
25,1,176.3,63.8,9.8,95,130,39.9,23.4,45,238,2,20.52655438
22,0,160.4,52.3,34.2,79,111,0,15.2,45,165,0,20.32792085
22,1,162.9,78,33.5,91,147,32.3,4.4,45,191,0,29.3935766
54,1,176.5,75.3,18.4,85,132,50,28.4,45,229,3,24.17160879
34,1,177.3,79.1,12.8,74,130,51.4,11.2,45,197,1,25.1628027
42,1,180,68.3,17.3,91,140,43.2,14.3,45,215,3,21.08024691
21,0,158.9,53.3,30.4,64,117,21.1,14.1,45,178,1,21.10957135
56,1,176.4,73.7,22.8,87,148,34.9,7.8,45,161,1,23.68483297
26,1,174.3,75.4,18.6,74,125,44.5,25.3,45,233,1,24.81855954
29,1,183,75.5,16.6,87,130,48,21.2,45,219,1,22.54471618
37,1,173.7,76.1,21.8,74,129,41,7.2,45,201,1,25.22231933
30,0,166.7,52.1,19,68,100,27.3,19.1,45,184,3,18.74849985
31,1,164.6,62,19,72,131,39.7,16.7,45,211,1,22.88400467
32,1,172.5,73.9,20,77,137,37,10.6,45,200,1,24.83511867
23,0,163.9,61.4,36.6,84,138,25.5,20,45,189,2,22.85653874
37,1,175.1,63.3,12.1,89,151,42.3,15.6,45,219,3,20.64578583
46,1,180.9,93.1,21.6,90,158,56.7,9.4,45,225,0,28.44936304
61,1,172.6,71.1,16.7,85,135,41.2,21.5,45,181,3,23.86646061
39,0,164,64.7,34.9,80,116,33.4,19.3,45,176,3,24.05562165
32,1,183,93.3,23,80,120,54.2,16.9,45,217,2,27.85989429
26,1,175.3,67.3,20.6,89,118,45.6,-14.5,45,230,0,21.9003589
29,1,175,66.8,18.6,80,120,43.9,19.4,45,211,2,21.8122449
30,1,179,67.2,18.8,70,104,36.1,8.8,45,213,1,20.97312818
25,1,168.6,63.9,18.3,59,108,32.3,19.8,45,194,1,22.47945188
28,0,163.1,60.5,27.9,73,126,32.6,31,45,195,2,22.74298435
27,0,168.8,83.4,36.2,81,133,37.6,23.1,45,183,3,29.26989511
43,1,168,72.9,22.6,73,116,40.6,16.1,45,196,1,25.82908163
32,1,179.8,85.1,28.7,98,139,57.4,22.6,45,235,0,26.32389715
26,0,154.9,71.92,31.4,69,133,33.6,22.5,45,188,1,29.97414771
24,0,159.9,54.7,27.7,80,122,31.3,21.8,45,165,3,21.39392154
27,0,167.8,63.6,31.5,86,129,28.3,17.4,45,161,2,22.58776198
41,1,174.5,87.7,24.3,98,152,44.1,19,45,226,1,28.80107717
21,1,166.5,62.1,17,74,129,42.7,13.7,45,227,1,22.40077916
28,1,180.1,65.1,16.6,72,127,41.9,11.5,45,236,2,20.07028608
30,1,174,81.4,22.2,88,150,55.3,15.1,45,222,2,26.8859823
46,1,175.6,69,19.7,88,123,49.1,15.7,45,214,3,22.37690755
57,1,168.7,73.1,28.2,70,122,33.7,12,45,177,0,25.68545195
26,0,154.5,56.32,35,78,105,26.1,15.7,45,146,2,23.59422293
50,1,170.2,77.1,19.6,91,136,43.9,15.8,45,188,1,26.61553906
47,0,166.3,57.5,25,89,116,27.3,27,45,175,3,20.79138145
31,0,156.7,55.5,23.5,73,130,28.9,22.5,45,156,3,22.60242257
38,1,177,69.7,15.7,68,103,43,13.6,45,210,2,22.24775767
30,1,180.9,71.9,24.9,97,144,41.2,14.7,45,199,1,21.97109777
40,1,170.8,69.8,16.7,97,141,42,13.1,45,225,2,23.92652842
38,1,167.6,76.7,24.7,63,132,43.6,16,45,231,3,27.30532408
49,0,156.5,49.7,20.6,76,109,28.9,25.8,45,145,2,20.29213323
39,1,171.8,75.3,18.4,73,130,47.4,12,45,237,2,25.51224384
42,1,185.6,83,19.2,75,118,44.1,5.3,45,224,1,24.09473469
26,1,163.6,63.8,21,82,123,45.2,12.3,45,232,2,23.83713632
26,1,176.8,68,15.5,68,116,41.1,21.2,45,178,1,21.75426384
21,0,150.7,55.1,37,81,120,23.7,19.6,45,168,2,24.26191597
34,1,175,74,25,71,112,43.3,7.2,45,216,1,24.16326531
23,1,169.6,62.4,11.8,78,130,38,19.4,45,246,1,21.69366323
37,1,171.1,71.9,22.3,91,159,42.2,4.4,45,233,0,24.56002878
26,0,165.9,58,22.5,90,143,29,24.1,45,201,3,21.07342964
24,1,174,76.5,20.3,83,123,50.4,19.2,45,225,1,25.26753864
25,1,175,72.4,17.8,63,109,42.8,2.9,45,214,0,23.64081633
47,1,171,72.64,20.6,89,151,45.8,18,45,205,2,24.84183167
21,1,178.2,69.2,10.3,68,115,39.2,20.2,45,213,1,21.79167911
60,1,165.9,61.9,10.3,77,150,42.3,22.1,45,215,3,22.49043611
21,1,169.5,58.2,15.4,88,135,42,16,45,211,1,20.25739421
32,1,169.7,70.2,23.4,84,124,51.2,18.1,45,232,2,24.37661664
24,0,159.8,48.8,18.2,77,117,31.2,29.2,45,192,3,19.11024575
59,1,160.7,56.8,18.2,90,142,29.1,15.9,45,187,1,21.99462603
41,1,165.5,86,24.3,94,159,49.1,18.6,45,212,2,31.39803397
60,1,175.2,78.1,22.5,93,135,48.8,10.6,45,211,2,25.44385021
26,1,179,97.4,31.4,78,130,51.7,21.1,45,195,0,30.39855186
33,1,168.6,81.5,23.9,83,123,51.5,22.6,45,223,2,28.6709754
25,1,180.8,73.8,12.9,76,129,53.6,16.4,45,255,2,22.57665048
35,1,166.2,67.1,15.8,84,154,43.1,18.3,45,240,3,24.29184388
25,1,171.3,70.4,22.1,92,131,36.2,-8,45,196,0,23.99152935
35,1,180,76.7,20.1,95,159,53.6,21.3,45,242,3,23.67283951
21,1,175,78.5,19.5,78,142,24.6,3.8,45,217,0,25.63265306
50,0,158.1,53,26.4,84,133,24.5,19.5,45,154,3,21.20372337
21,0,164,58.2,28.9,87,141,24.4,25.7,45,173,3,21.63890541
27,0,159.6,43.5,19.4,64,99,23.7,23.4,45,155,3,17.07746811
38,0,160.7,52.7,21.2,74,131,26,23.6,45,186,3,20.40698577
28,1,174.4,74.9,22.5,67,119,48.9,19.1,45,187,1,24.62571543
23,0,161.5,56.9,25.5,82,123,31,20.9,45,188,3,21.81560256
39,1,174.8,71,11.7,75,137,46.1,16.5,45,237,3,23.2367557
50,1,176.9,70,9.8,85,143,43.5,16.7,45,201,3,22.36878391
33,1,174.2,81.1,25.7,86,133,46.3,14,45,237,2,26.72542085
48,0,168.8,59.7,26.6,70,120,26.2,25.5,45,169,3,20.9521911
43,1,164.8,69,15.3,98,158,45.3,16.6,45,218,3,25.40590536
26,1,177.2,77.8,25.6,85,134,47.5,17.8,45,250,2,24.77719632
28,1,173.2,73.7,22.7,78,130,40.7,5.3,45,202,1,24.568108
24,0,157.7,46,25.4,70,120,26.2,21.5,45,173,3,18.49670819
23,1,165.8,68.9,18.9,70,125,36.6,14.2,45,203,1,25.06398774
47,1,169.1,64.6,13.7,80,129,44.6,18.1,45,201,1,22.59151224
22,0,161.8,63.5,30.3,82,131,25.6,34.6,45,175,2,24.25586075
21,1,171.3,83.9,29.6,99,168,44.6,-7.3,45,161,0,28.59217774
32,1,174.9,96.9,28.4,87,151,49.8,20,45,211,0,31.67700828
28,0,176.3,62.7,24.1,81,124,27.1,23.2,45,168,2,20.17264827
56,1,176.3,77.2,22.5,80,146,40.1,5.3,45,175,1,24.83777427
37,0,169.7,59.7,21.6,68,126,29,26.2,45,194,3,20.7305415
47,1,172.8,72,21.5,92,159,38.6,19.3,45,227,3,24.11265432
24,0,164.8,51.5,20.4,72,117,26.6,17.3,45,174,2,18.96237864
54,1,174.5,73.7,20.8,74,133,32.1,16.8,45,165,1,24.20341377
29,1,179.6,87.8,23.8,91,142,58.4,17.6,45,220,2,27.21960705
28,1,182.8,85,15.2,69,115,47.8,8.5,45,210,0,25.43703824
27,1,172.5,63.6,14.9,81,144,44.3,13.6,45,256,2,21.373661
25,1,176,74.8,14,78,127,42.6,20.5,45,240,2,24.14772727
21,0,168.9,55.3,18.8,77,119,35.7,17.2,45,183,2,19.3850012
22,1,175.5,64.5,14.4,81,111,39.4,19.1,45,237,1,20.94138846
21,0,160.4,53.8,24.3,61,106,27.9,20.1,45,174,3,20.91093961
40,1,178.6,71.4,21.01,82,143,42.8,20,45,232,3,22.38387659
35,1,163,59.3,13.1,82,134,40.2,33.1,45,243,3,22.31924423
30,1,168.9,74,26.9,89,136,46.4,17.7,45,198,0,25.94014627
25,1,183.9,98.4,28,92,152,60.1,20.5,45,203,2,29.09588958
23,1,168.9,66.96,25.2,80,124,41.8,8.2,45,201,1,23.47232695
30,1,173,74.12,23.7,79,138,43.1,5.9,45,200,1,24.76527782
23,0,166.1,64.9,26.2,62,106,29,25.6,45,196,2,23.52368915
35,1,171,66.6,20.1,78,127,52.2,20.1,45,245,3,22.77623884
51,1,171.3,74.1,21.1,86,140,46.1,7.7,45,211,1,25.2524478
23,0,167.1,58.8,28,60,104,28.9,19.8,45,166,3,21.0583542
28,0,153.6,55.5,31.2,67,126,20,17.7,45,172,2,23.52396647
24,1,172.7,70.6,19.3,81,138,49,18.5,45,218,1,23.67118643
26,1,181.1,84.4,18,65,142,54.1,9.5,45,206,1,25.73389627
32,0,171,79.6,30.5,99,147,36.1,30.1,45,205,2,27.22205123
36,1,177.3,98,21.9,76,140,65.1,15.1,45,223,3,31.17515378
47,1,171.6,80.2,20.7,80,120,50,16,45,225,3,27.23577898
29,0,161,52.6,26.6,72,116,31.7,13.9,45,178,2,20.29242699
21,0,166.2,47.2,19.8,70,113,27.5,23.4,45,153,3,17.08755635
26,1,164.1,66.5,20,83,134,37.5,6.2,45,202,1,24.69474143
25,1,174.4,64.6,18.2,70,119,42.1,5.5,45,236,1,21.23926858
36,1,171,80.9,27.8,95,145,43.2,23.3,45,203,2,27.66663247
25,0,157.7,52.62,33.6,81,121,19.9,25.8,45,153,1,21.15862576
33,1,180.8,96.7,30.1,84,124,54.4,19.3,45,231,0,29.5821423
30,1,179,82.8,19.9,82,117,55.2,17.6,45,224,2,25.84189008
30,1,178,57.02,16.6,70,130,44.1,20.3,45,224,2,17.99646509
24,0,157.7,53.3,26,65,108,26.2,21.4,45,167,3,21.43205536
29,1,173.2,98.1,32.5,95,133,59.6,10.1,45,215,0,32.70191851
61,1,160,61.2,17.8,91,147,40.5,19.1,45,194,2,23.90625
25,1,170.4,74.1,19.9,67,123,41,12.2,45,215,1,25.51990346
47,1,166.2,77.5,22.8,84,133,52.4,11.9,45,220,2,28.05689867
23,1,172.7,71.34,16.4,57,118,50.9,7.5,45,199,1,23.91929802
22,0,160.2,47.7,17.2,80,120,36.7,25.4,45,224,3,18.58631766
30,0,165.4,57.7,24.8,73,135,30,25.9,45,188,3,21.0913706
29,1,175.1,68.9,13.8,77,139,42.9,11.3,45,245,2,22.47226925
25,1,176,83.9,24.5,77,118,37.9,-2.4,45,195,0,27.08548554
29,1,168.4,77.9,29.9,75,128,39.5,1.7,45,203,0,27.46965995
25,1,173.7,87.9,33.4,80,132,43.4,7.5,45,195,0,29.13327029
25,0,163.6,62.68,30.2,73,121,30.7,23.4,45,173,3,23.41867875
34,0,164.8,59.9,24.4,74,126,30.4,28.7,45,186,3,22.05527147
36,1,174.6,85.1,26.4,86,139,40.2,-2.4,45,208,0,27.9152217
21,1,169.2,64.6,11.3,72,125,40.2,25.7,45,252,1,22.56481621
35,1,170.5,77.7,33.2,73,118,34.6,-4.4,45,197,0,26.72835631
40,0,171,53.3,20.5,65,120,33.3,21.8,45,155,2,18.22783079
21,1,179.7,80,21.8,66,111,36.1,13,45,188,1,24.77386877
36,1,178.5,90.5,14.7,87,125,64,26.4,45,262,1,28.40351827
28,0,152.9,53,28.2,89,140,24.8,19.7,45,174,3,22.67048957
28,1,168.5,67.3,17.6,68,131,37.3,7.8,45,190,1,23.70365152
37,0,160.7,46.7,22.8,73,123,21.2,24.2,45,164,3,18.08360978
44,1,171.3,77.9,22.8,94,148,42,17.9,45,205,1,26.54744512
54,1,164.7,67.5,15.2,83,139,43.8,16,45,231,3,24.88379269
39,1,177.2,80.5,20.1,78,132,63.5,16.4,45,229,3,25.63707331
26,1,172.1,66.1,24.9,62,102,19.9,-9.9,44,159,0,22.31720069
56,1,173,70.9,19.5,83,135,47.9,11.1,44,162,2,23.68939824
29,0,162.2,51.7,29.2,83,118,29.7,23.7,44,183,3,19.65118949
23,0,164.4,54.3,21.7,61,109,27,31.7,44,186,3,20.09075248
21,0,163,62.3,32.9,75,131,33.3,12.2,44,167,1,23.44837969
21,1,170,50.1,16.3,67,124,28.5,6.4,44,210,1,17.33564014
27,1,182.5,81,17.8,66,115,42,9.1,44,233,1,24.3197598
24,1,167.5,65.66,19.1,98,154,45.3,18.3,44,241,1,23.40298507
26,1,172.9,83.3,31.5,64,133,45.2,9.2,44,174,0,27.86474127
37,1,181.2,86,23,83,137,52.8,21.3,44,222,2,26.19280831
23,0,161.8,58.7,29.6,76,124,29,10.3,44,126,1,22.42234687
47,1,177.7,87.7,28.5,82,129,40.4,12.2,44,204,0,27.77312429
54,1,176,68.9,18.9,82,149,40.2,10.5,44,182,2,22.24302686
44,1,176.9,85.2,24.7,86,143,50.4,2.9,44,192,0,27.22600556
26,1,180.6,73.4,17.5,99,152,41,11.2,44,236,0,22.50404398
30,1,185,77.9,21,89,141,42.8,15.6,44,195,1,22.76113952
35,1,168.1,67.1,17.7,81,125,40.4,14.5,44,228,2,23.74581573
22,0,164.2,47.4,22.3,67,125,21.4,22.4,44,190,2,17.58053293
42,1,172.2,70.9,20.5,81,142,39.3,17.5,44,216,2,23.91002009
51,1,163.5,53.8,17.3,76,124,35.7,16.3,44,193,3,20.12550384
24,1,174.9,75.1,18.2,79,122,39.7,15,44,200,1,24.55049868
29,0,160.7,49.24,22,84,119,29.2,19.4,44,197,3,19.06717228
23,1,175.2,70.8,15.5,66,114,44.4,11,44,196,1,23.06561581
25,0,159,50.3,20.1,60,130,29.8,20.7,44,186,3,19.89636486
21,1,171.9,61.4,17.6,99,131,32.1,8.3,44,194,1,20.77861603
23,1,179.6,67.6,17,97,137,37.8,14.9,44,175,1,20.95723732
29,0,163,58.9,28.6,82,115,26.1,23,44,165,2,22.16869284
28,0,162.8,56.8,27.9,81,119,32.6,20.9,44,186,3,21.43085681
23,0,159.5,65.6,33.8,92,130,28.1,30.1,44,172,3,25.78591012
42,1,168.7,68.5,27.7,91,156,36.5,10.2,44,203,0,24.06913076
59,1,169.3,72,20.2,96,146,41.9,21.2,44,197,3,25.11993899
39,1,178.1,82.3,24.8,83,131,49.7,-3.8,44,219,0,25.94609455
23,1,176.5,66.6,21.7,78,122,30.6,-13.5,44,188,0,21.37887312
61,1,160.7,58.9,19.1,82,153,42.9,12.4,44,185,3,22.80780763
38,0,159,49.5,15.8,93,144,25.1,23.4,44,154,3,19.57992168
54,1,177.4,88.3,22.6,91,147,48.1,3.5,44,205,0,28.05779079
22,1,176.4,60.1,12.1,70,120,38,20.6,44,251,1,19.31422607
32,0,171,67.8,28.3,79,107,33.4,23.4,44,152,2,23.18662152
35,1,183.1,70.8,12,91,156,45.7,16.7,44,235,2,21.11818398
47,0,156.1,63.4,29.5,79,121,28.9,21.6,44,171,3,26.01857168
25,0,162.8,57.9,33.6,69,148,25,20.1,44,177,3,21.84589101
22,1,175.7,69.1,8.6,72,130,46.4,18.9,44,252,1,22.38383647
41,1,172,71.02,21.3,89,131,47.2,13.3,44,225,2,24.00621958
47,1,176.4,95.9,18.9,95,146,53.4,-0.9,44,202,0,30.81920599
22,0,160.3,58.84,33.7,74,112,27.1,4.7,44,152,0,22.8984254
28,0,163,60.9,30,53,112,32.8,27.1,44,188,3,22.92144981
21,1,168.6,58.9,12.6,87,116,30.2,16.9,44,217,1,20.72049634
29,1,175.8,75.2,17.7,74,149,36.9,21.8,44,246,1,24.33212838
23,1,177.3,76.6,23.3,73,125,34.3,17.6,44,180,1,24.36751816
23,0,160.7,62.4,30.2,64,110,23.3,19.4,44,132,1,24.16311029
52,1,176.2,90.9,22.6,90,138,58.5,8.3,44,193,1,29.27871923
39,1,177,74.3,25.6,72,121,43.8,10.2,44,211,2,23.71604584
63,1,170.5,69.5,17.6,83,123,35.6,6.1,44,182,1,23.90760313
31,1,176.5,85.4,32,96,159,46.2,3.7,44,175,0,27.41375021
29,1,176.9,63.1,11.3,74,130,37.3,12.1,44,244,1,20.16386093
21,0,154.6,54.8,35.2,78,116,24.4,25.5,44,155,3,22.92775748
34,1,177.6,80.8,22.6,97,127,40.3,9.1,44,234,1,25.61683305
29,1,169.5,81.4,20.9,86,151,42.7,19.5,44,251,1,28.33250668
56,1,164,68.66,22.3,92,144,41.2,10.8,44,199,2,25.52795955
49,1,174,73.3,22.1,83,146,42,20.2,44,218,1,24.21059585
29,0,171,59.5,21.5,65,109,26.5,16.7,44,171,1,20.34814131
44,0,167.7,56.2,11.2,69,118,35.1,21.5,44,175,3,19.98343722
22,0,155.6,47.9,22,63,98,21.7,26,44,171,3,19.78410135
22,0,161.8,58,28.3,72,133,30.1,26.6,44,198,3,22.15495943
40,1,176.9,72.4,25.3,72.4,137,43.1,14.5,44,196,3,23.13571365
39,1,170.5,71.8,29.8,78,121,42.3,12.5,44,185,2,24.69879
35,1,180.3,77.3,13.6,59,115,41.5,11.1,44,210,2,23.77869632
38,1,173.2,94.1,33.1,87,154,58.1,3,44,170,0,31.36850695
51,1,159,62.3,20.4,88,152,42.4,15.7,44,198,3,24.64301254
26,1,164.1,63.4,15.2,58,129,48.2,14.6,44,223,1,23.543558
26,1,178.9,82.8,22.3,89,132,52.7,11.6,44,192,1,25.87078791
23,0,163.1,69,30.7,68,114,30,25.5,44,178,3,25.93827968
38,1,171.9,78,21,77,131,43.2,8.7,44,224,1,26.39628746
22,0,157.6,54.5,28.5,69,114,23.5,22.5,44,162,3,21.94239738
48,1,173.6,75.8,24.4,77,117,42.8,21.1,44,201,2,25.15184013
34,1,175.1,71.5,18.2,79,122,46.4,9.9,44,227,2,23.32027941
29,1,177.9,85.7,26.9,94,158,47.4,17.2,44,219,0,27.07876952
29,0,160.9,54.5,25.8,80,118,22.5,7.5,44,167,0,21.05156629
48,1,165.2,70,29.1,90,147,39.5,14.5,44,211,2,25.64944392
37,1,175.2,66.7,19.6,59,99,39.6,7.6,44,194,1,21.72989512
46,1,174,69.9,22.6,87,159,38.5,7.9,44,206,1,23.08759413
24,1,179.2,80.3,18.2,92,145,52.7,22.1,44,231,1,25.00572983
29,1,175.7,67.1,13.7,82,123,44.5,17.1,44,222,1,21.73596856
31,0,164.3,66.3,31.4,75,121,33,21.9,44,138,1,24.56056773
60,1,174.3,72.9,20.5,50,109,38.4,12.1,44,158,3,23.99566301
38,1,170.6,83.6,31.3,89,144,45.6,-1.3,44,179,0,28.72421864
36,1,161.7,74.8,29.6,98,155,39.3,17.4,44,208,0,28.60760878
31,0,156.6,58.9,38.1,83,121,32.8,20.2,44,162,3,24.0177201
28,0,173.1,61.7,16.8,84,132,37.2,20.4,44,189,3,20.59164433
21,1,171.5,80,20.6,71,128,42.6,8.9,44,243,1,27.19955121
27,0,167.6,57.6,27.9,82,131,28.4,26.2,44,170,3,20.50569318
27,1,172.9,80.5,22.9,97,151,35.6,7.7,44,232,1,26.92811131
24,0,160.6,53.7,26.1,68,99,32.1,27.3,44,157,3,20.82011883
21,1,173.1,67.36,14.4,69,147,34.2,10,44,176,0,22.4806023
27,0,163.1,61.4,31,68,106,29.4,19.5,44,165,3,23.08130974
27,1,181.6,84,15,71,122,40.1,9.2,44,211,1,25.47109395
25,0,160,57.3,27.6,60,100,29.3,19.8,44,178,3,22.3828125
21,1,173.5,68.3,22.7,80,134,44.1,16.6,44,241,1,22.68933385
29,0,164.3,53.3,18.4,82,126,29,16.3,44,199,2,19.74477014
42,0,158.5,48.9,18.1,51,100,26.1,19.5,44,181,3,19.46481704
24,1,171.9,70.1,22.9,90,149,41.2,18.7,44,198,1,23.72281732
23,0,165.5,48.62,19.9,83,127,29.6,22,44,176,3,17.750842
25,1,178.1,82.1,21.4,82,148,43.4,-2,44,194,0,25.88304207
60,1,171.4,68.4,17.1,72,110,35.6,13.4,44,200,3,23.28276027
33,0,167.9,61.6,29.7,75,123,25.4,21.6,44,170,1,21.85140266
23,1,182,85.9,12.8,90,151,43.7,20.4,44,244,1,25.93285835
23,0,163.9,52.4,23.8,73,117,27.5,29,44,125,1,19.50623176
21,0,164.3,52.1,20.8,62,108,25.7,25,44,182,3,19.30023497
54,1,173.4,56.9,15.9,87,136,46,7.5,44,181,1,18.92404971
33,1,175.3,74.2,17.6,81,149,43.5,19.2,44,237,2,24.14571516
29,0,167.8,63.5,28.3,77,123,22.7,26.5,44,133,0,22.55224663
37,0,155.3,45.22,25.7,88,137,21.6,15.6,44,181,2,18.74941175
25,1,170.1,59.6,21.2,86,156,39.6,5,44,205,0,20.5985966
22,1,165.3,61,15.7,80,136,38.3,18.1,44,219,1,22.3246227
42,1,171.1,78.3,22.2,96,151,50.4,16.2,44,232,3,26.74617876
24,0,167.6,71.9,29,65,129,42.6,24.5,44,178,3,25.59651631
26,0,166,66.1,26.7,74,141,32.7,14.1,44,172,2,23.98751633
26,0,164.9,59.5,25.6,75,123,32.9,16.7,44,198,2,21.88142767
21,0,171,64.26,24.7,74,122,24.5,14.9,44,186,1,21.97599261
24,1,181.4,88.8,17.5,86,140,45.8,7.2,44,247,1,26.98599281
41,1,168.3,63.3,14.7,73,115,45.3,17,44,215,3,22.34783613
27,1,170.3,73.1,18.4,74,123,41.6,0.8,44,208,0,25.20508005
23,1,177.8,61.7,12,71,117,41.9,11.3,44,227,1,19.51738597
21,1,168.3,72.7,20.1,90,133,48.1,13.1,44,218,1,25.66647214
35,0,160.2,57.2,30.1,92,143,27.5,21,44,150,3,22.28799519
37,1,171.9,67.4,20.8,88,153,44,27,44,211,2,22.80909968
34,0,170.3,58.2,21.8,62,118,29.9,28.5,44,195,3,20.06751927
26,0,165.9,59.3,25.4,74,123,29.4,26.8,44,211,3,21.54576513
24,0,166.2,57.1,26.5,81,122,32.9,21.5,44,169,3,20.67159889
23,1,182.9,97.4,19.7,86,144,48.7,5,44,200,0,29.11598895
31,1,173.3,70.4,25.1,72,120,36.2,6.6,44,199,1,23.44096755
27,0,165.7,51.3,20.4,83,133,29.9,25.4,44,180,3,18.68410711
21,0,170.1,65.9,25.4,64,101,21.2,25.4,44,185,1,22.77596503
29,1,163.6,63.3,22.3,77,125,35.9,19.5,44,203,0,23.6503249
30,0,165.7,47,26.9,77,117,23.6,26.7,44,205,3,17.11799287
30,1,166.1,66.4,24.1,96,154,39.9,9.6,44,227,1,24.06737996
49,1,168.8,73.3,14.7,95,132,45.9,15.4,44,203,3,25.72521956
41,1,175.3,77.2,20.6,91,151,61.4,23.7,44,219,3,25.12195701
51,1,175.5,66,13.2,68,118,47.4,17.1,44,216,3,21.4283975
46,1,166.5,58.9,20.2,66,123,41.2,13,44,220,2,21.2464717
29,1,180,108.2,34.1,83,121,48.4,12.7,44,188,0,33.39506173
54,1,170.7,57.6,17.4,89,142,33.7,11.7,44,219,2,19.76766813
45,1,172.2,71.2,24.2,85,127,39,9.5,44,194,1,24.01119083
21,1,179.6,64.6,13.4,68,123,39.2,-7,44,208,0,20.0271824
26,1,179.7,82.1,25.8,94,134,53.1,7,44,224,0,25.42418283
24,1,175.1,75.5,32.3,99,148,33.8,0.3,44,212,0,24.62491043
34,1,170.9,65.4,18.4,62,114,32.3,3.1,44,226,0,22.39203802
23,0,158.8,53.2,18.4,59,102,27.7,14.4,44,178,1,21.09651099
22,0,167.9,57.6,20.6,78,143,23.5,7.4,44,148,0,20.43248041
63,1,171.2,70.9,17.1,90,136,44.9,12.5,44,203,3,24.19015853
21,0,170.2,55.1,16,85,124,26.7,26.2,44,186,3,19.02096241
31,0,163.8,55.1,22.8,76,124,30,23.8,44,181,3,20.53637585
21,1,177.7,63.6,11.1,63,107,44.9,3.5,44,247,0,20.14105707
54,1,169.4,71.2,17.08,96,156,52.7,19.3,44,200,3,24.81150919
24,1,167.7,68.9,22.7,73,124,38.4,17.6,44,212,1,24.49926733
26,1,167.5,66,12.8,68,133,38,0.3,44,254,0,23.52417019
24,1,177.7,84.5,16.4,88,155,41.2,11,44,241,0,26.75973777
24,0,160.2,52.8,27.5,58,112,26.2,18.4,44,186,2,20.57353402
38,1,178.5,97.8,27.5,90,158,48.3,13.6,44,215,2,30.69463079
64,1,160,62.2,21.9,89,151,35.2,17.3,44,164,2,24.296875
29,0,154.2,49.3,30.7,73,130,20,17.3,44,154,2,20.733765
33,1,162.3,70.2,27.3,67,125,41.7,14.2,44,210,2,26.65017545
28,1,175,67,18.1,71,113,40.5,-10.2,44,239,0,21.87755102
22,1,173.2,73.7,20.5,71,135,37.1,7.3,44,209,1,24.568108
30,0,168.3,60.5,19.8,73,112,32.1,19.6,44,198,3,21.35930625
42,1,184.7,91.6,27.3,90,151,44.6,13.1,44,208,2,26.85107532
22,1,171.6,78,19.5,75,152,43,8.9,44,190,1,26.48866285
25,0,164.6,61.8,30.1,94,135,32,19.2,44,172,3,22.8101853
31,1,181,80.3,22.7,88,120,41.2,20.9,44,213,1,24.51085132
28,1,166.1,54.5,20.9,90,129,40.4,11.4,44,212,1,19.75409952
27,1,190,86.9,14.5,65,122,57.4,22,44,197,1,24.07202216
26,0,172.6,75.1,37,80,126,29.8,21.5,44,197,3,25.20915881
27,1,173.4,72.1,19.3,88,129,46.2,13.4,44,231,1,23.97933188
33,1,168.7,62.4,17.09819,86,133,42,20.3,44,228,2,21.92574831
22,1,175.2,62.9,12.2,94,130,39.6,7.3,44,216,1,20.49191009
37,0,160.8,54.5,24.6,66,110,24.9,22,44,171,3,21.07775798
22,1,171.3,69,18,80,120,31.5,17.5,44,259,0,23.51442508
27,0,163.1,60.7,26,82,136,26.4,21.4,44,191,3,22.81816777
42,1,179.2,84.3,23.4,85,147,46.9,16.4,44,213,1,26.25134526
24,1,181.3,80.4,21.6,83,123,36.3,26,44,232,1,24.4602246
32,1,183.6,84.3,21.6,80,122,46.9,22.1,44,200,1,25.00818773
32,1,182.4,84.9,18.2,75,134,59.2,10.7,44,243,1,25.51866921
27,1,173,85.04,25.5,80,120,45.3,21.2,44,224,0,28.41391293
54,1,169.6,63.3,15,74,123,42.9,22.5,44,174,1,22.0065526
23,0,154.9,61.24,34.2,65,114,24.1,23.7,44,145,0,25.52303679
33,1,171.7,85,29.6,72,131,45.3,8.7,44,197,0,28.83223675
39,1,178,70.9,18.2,78,118,40.4,7.4,44,224,1,22.3772251
35,1,170.7,74.1,21.7,86,145,41.2,15.3,44,230,2,25.43028139
24,0,164.7,62.5,24,70,153,36.1,24.3,44,181,3,23.04054879
30,0,164.7,54.2,22.7,72,117,31.6,28.3,44,184,3,19.98076391
63,1,162.9,64.5,20.8,75,141,37.6,14,44,185,3,24.3062268
27,1,162.3,67.66,20.9,70,130,31.4,19,44,205,1,25.68590984
25,0,166.5,60.7,35.2,69,107,28.3,19.3,44,134,2,21.89576964
38,0,157.4,52.1,15.2,68,123,36,21.5,44,197,3,21.02946709
31,1,169.9,79.5,28.9,71,120,38.1,5.8,44,184,0,27.54104222
27,1,171.2,63.74,19.6,73,142,39.6,15.4,44,201,1,21.74725959
32,1,177.8,90.7,21,78,155,39.7,12.9,44,225,1,28.69087371
48,1,166.3,67.12,16.6,90,138,40.6,22.3,44,228,3,24.26986996
40,1,181.6,78.7,21.3,85,123,42.2,0.4,44,224,0,23.86398921
42,1,187.1,92.4,23.9,99,150,43.1,28.3,44,223,1,26.39516591
43,1,166.3,73,29.2,82,126,37.9,4.2,44,219,0,26.39601471
23,0,159.2,47.7,26,91,131,23,28,44,185,1,18.82054746
59,1,168.1,66.3,15.6,97,151,40,12,44,216,2,23.46270615
28,1,168.7,86.2,35.7,81,134,38.6,1.5,44,196,0,30.2884536
40,1,185.6,79.4,15.6,73,116,50.5,17.7,44,229,3,23.04966186
54,1,161.6,59.3,17.6,69,125,32.5,16.5,44,184,2,22.70763896
27,0,166.4,53.6,23.5,60,108,23.3,20.2,44,154,2,19.35789571
25,0,160,48.9,22.1,76,125,26.9,23.6,44,200,3,19.1015625
24,1,168.4,64.74,14.8,73,149,47.4,10,44,225,1,22.82908582
28,1,175.9,80.8,25,81,120,46.7,16.3,44,239,0,26.11437774
60,0,152.9,51.3,28.8,85,140,16.9,25.8,44,156,2,21.94332292
29,1,174.6,69.4,21.9,83,141,36,15.1,44,220,1,22.76517492
21,0,160.2,56.86,16.4,80,120,30.5,29.1,44,189,3,22.1555141
43,1,163.8,72.5,22.7,63,110,39.3,15.3,44,206,1,27.02154717
21,1,168.8,58.9,16.6,70,104,40.7,10.4,44,235,1,20.67142472
25,1,171.7,73.8,17.9,87,159,36.8,19.4,44,228,1,25.03316555
29,0,163.5,52.2,22.8,61,109,26.4,25.7,44,174,3,19.52697584
25,0,163.1,53.4,25.4,66,111,24.8,19.3,44,185,3,20.07397297
44,1,181.4,100.08,23.7,90,156,52.7,9,44,214,1,30.41394325
21,1,173.9,76.7,19.3,91,156,51.3,6.5,44,237,1,25.36274177
28,1,166.9,65.6,12.7,99,145,50.1,19.4,44,230,1,23.5500138
48,1,169.6,66.1,20.8,67,125,40.5,17.3,44,215,3,22.97998621
49,1,172.8,65.2,12.8,90,140,38.6,13.9,44,181,1,21.83534808
24,1,171.2,64.9,17.1,80,123,43.7,21.3,44,208,1,22.14303651
22,1,179.6,62.8,17.6,84,135,41.4,12.9,44,201,1,19.46914946
36,1,177.1,80,19.4,77,123,40.8,15,44,237,2,25.50661721
53,1,163.9,70.8,24.8,79,135,45.7,19.9,44,208,3,26.35574825
21,0,165.3,51.1,23.1,70,100,25.9,27.1,44,192,3,18.70144623
21,0,167.3,76.1,41.2,85,118,32.5,14,44,162,0,27.18897121
28,1,174.2,62.64,11.2,67,126,41.9,7.3,44,225,1,20.64217463
29,1,171.2,73,20.2,67,119,39.9,19.6,44,211,1,24.90665124
27,1,173.1,68.4,16.7,75,119,36.2,12.2,44,240,1,22.82768999
40,1,174.4,70.2,26.4,90,145,48.5,15.2,44,215,2,23.08044357
23,0,163.3,51.8,25,65,99,26.5,28.2,44,146,3,19.42483732
28,1,173.7,75.1,18.3,60,106,39.9,5.9,44,213,1,24.89088281
23,0,162.5,51.1,28.5,78,118,19.3,28.8,44,188,3,19.35147929
22,0,160.8,53,22.8,89,129,29.1,22.6,44,179,3,20.4976362
22,0,166,59.4,28.4,83,122,30.1,12.2,44,161,1,21.55610393
31,1,181.3,110,32.6,79,149,50.9,21,44,211,0,33.46548142
43,1,176.3,69.7,25.3,91,144,39.9,20,44,196,2,22.42477806
38,0,155.2,48.6,16.8,73,126,26,15.8,44,163,2,20.17682538
24,1,167.3,56.1,15.6,76,130,44.6,23.1,44,208,1,20.04338088
26,0,161,61.9,34.3,77,124,25.9,28.5,44,153,1,23.88025153
25,1,173.8,73.7,22.6,76,134,32.1,18.6,44,218,1,24.39877059
21,0,155.9,51.1,24.8,75,115,20.8,10.2,44,173,1,21.02464492
33,1,176.4,81.6,24,74,125,39.5,-2.3,44,170,0,26.22364138
57,1,173.6,69.2,17.3,78,149,40.9,13,44,192,2,22.96183822
50,1,173.5,66.4,15.3,79,133,44.7,18.5,44,189,2,22.0581518
21,1,173.3,57.9,12.8,72,125,36.4,9.9,44,212,1,19.27886394
26,1,167.7,68.94,21.9,92,142,47.5,14.1,44,238,1,24.51349042
38,1,173.5,82.1,25.7,79,128,41.8,18.3,44,209,0,27.27370878
25,1,168.9,63.7,21.5,84,138,38.3,19.3,44,215,1,22.32955834
22,1,176.7,65.92,13.2,80,120,44,9.7,44,239,1,21.1127157
29,1,177.1,85.5,22.6,76,142,35.7,14.7,44,184,0,27.26019715
41,1,174.7,79.5,21.8,79,127,51,25,44,236,2,26.04841598
41,1,178.2,65,13,76,118,41.9,17,44,239,3,20.46906274
21,1,166.7,75.6,25.8,74,124,33.7,3.7,44,173,0,27.20511687
49,1,178.5,76,18.9,96,154,42.4,20.2,44,215,1,23.85267833
29,1,170,62.1,15.1,75,134,37.7,21.6,44,211,1,21.48788927
30,1,180.3,79.5,25.74659,93,128,48.7,7,44,181,1,24.45545094
32,1,171.1,80.8,15.4,94,155,64.7,18.5,44,263,2,27.6001436
58,1,172.4,64.7,18.9,65,118,37.2,7.3,44,174,1,21.76856283
31,1,175.1,81.22,21.7,85,149,45.5,10.6,44,185,2,26.49053278
54,1,163.5,56.88,20.5,89,135,41.5,18.3,44,205,3,21.27767023
30,1,178.4,73.6,16.4,88,128,55.5,17.5,44,252,2,23.12533934
30,0,160.2,60.4,30.7,77,134,26.3,19.7,44,183,2,23.53487604
27,0,157.7,49.7,25.8,76,118,21.2,25.5,44,172,2,19.98448689
31,1,170,72,30.1,83,121,39.2,18.4,44,198,2,24.91349481
38,1,173.2,75.8,19,91,127,51.3,19.8,44,244,2,25.26814906
22,1,167.7,71.1,26,66,128,39.7,5.6,44,200,0,25.28153712
25,0,166.7,49.9,19.1,81,136,26.2,27.1,44,176,3,17.95681656
24,1,182.5,66.7,20.2,98,138,40.3,15.1,44,222,0,20.02627135
31,1,167.1,75.2,24.7,81,148,36.2,15.4,44,200,1,26.93177272
37,1,181.1,78.4,21.8,84,137,43.1,14.6,44,240,2,23.90447236
23,1,173.3,74.6,20.9,92,142,45.9,12.3,44,212,1,24.83943437
24,1,173.9,66.9,12.2,71,148,50.5,-5.1,44,239,0,22.1221307
56,1,167.4,72.2,18.8,84,153,36.6,19.9,44,217,2,25.76477121
24,1,177.9,62.7,10.5,90,157,43.6,11.6,44,249,1,19.81142181
27,0,162.4,59.7,31.8,69,120,37.3,31,44,189,3,22.63613531
21,1,159.4,50.1,14.4,92,132,38,11,44,216,1,19.71791961
21,0,165.5,63,33.5,60,116,36.6,29.4,44,168,1,23.00088535
25,0,161.7,51.04,26.1,62,112,26.2,13.2,44,181,1,19.52048599
22,1,170,64.6,12.9,65,106,46.4,1.7,44,194,0,22.35294118
25,1,175,70.1,13.9,78,122,42,16.2,44,247,1,22.88979592
45,1,171.5,68.76,19,82,138,42.7,21.7,44,212,3,23.37801426
24,1,177.8,81.64,16.2,82,141,50,7,44,244,1,25.82494961
38,1,170.7,65.8,15.2,78,134,46.4,14.3,44,242,2,22.58181532
24,0,172.3,66.5,24.4,62,109,33.3,22.8,44,190,3,22.40015845
24,1,171,89.6,32.8,78,121,44.5,10.2,44,207,0,30.64190691
24,0,163.2,59.26,32.9,80,127,27,20.9,44,140,2,22.24955546
24,1,179.6,81.9,21.7,79,134,48.8,13.3,44,217,0,25.39049906
42,1,175.7,74.3,19.8,86,140,39.7,22,44,235,3,24.06829305
26,0,168.5,62.8,26.38361,78,132,34.6,31.7,44,184,3,22.11871197
36,1,174.8,77.9,24,76,124,49.1,12.5,44,223,2,25.49497562
41,1,175.9,89.9,22.7,81,127,51.5,13.1,44,208,1,29.05547722
25,1,173,69.6,15.2,80,120,44.1,7.3,44,188,1,23.25503692
29,1,177,88.3,25.7,64,132,45.2,16.3,44,194,0,28.18474895
35,1,171.7,65.6,13.5,89,155,54.3,27.6,44,222,2,22.25170271
37,1,164.4,67.2,18.7,61,113,39.5,16.6,44,210,2,24.86369368
23,1,175,78.7,19.6,76,127,44.6,2.4,44,193,0,25.69795918
26,0,166.9,64.8,26.8,76,130,35,23.2,44,171,3,23.26281851
60,1,167.2,72.1,27.3,99,143,39,7.1,44,170,2,25.79067558
27,1,174.9,71.4,18.7,78,139,41.4,19.5,44,234,1,23.34095347
43,1,175.7,67.3,12.1,69,124,41.3,17.7,44,217,3,21.80075535
22,0,166.1,61,20.6,74,129,33,30.7,44,209,3,22.11009304
22,0,162.5,53.8,23.6,84,134,30.8,24.6,44,201,3,20.3739645
22,1,183.5,71.4,17.6,81,125,34.7,-10.1,44,208,0,21.20440422
53,1,171.6,61.2,15.2,83,132,38.4,20.8,44,211,3,20.78341239
31,1,186.7,82.9,21.3,84,132,41.4,6,44,185,1,23.78295941
64,1,162,75.02,30.6,95,154,30.1,9,44,170,2,28.58558147
24,0,162.9,55,25.3,74,114,29,6.2,44,175,0,20.72623991
21,0,155.7,52.5,28.9,81,135,19.7,20.6,44,182,3,21.65619126
43,0,151.6,48.1,18.6,78,136,26.7,22,44,130,1,20.92891305
40,1,175,76.3,19.6,94,159,42.9,15.5,44,212,2,24.91428571
24,1,175.1,89.8,31.6,80,132,49.8,1.9,44,207,0,29.28896631
25,1,174,75,22.6,86,151,41,15.5,44,202,1,24.77209671
23,1,170.7,68.08,23.3,84,113,33.3,1.6,44,208,0,23.36428552
33,0,161.9,54.1,25.9,66,111,22.9,17.8,44,152,2,20.63970889
23,1,169.9,61.6,19.9,77,135,39.8,19.7,44,190,1,21.33997736
31,0,161.2,53.8,18.09828,76,128,34.1,31.2,44,218,3,20.70390188
36,1,176,89.8,24.7,90,152,45.2,13.2,44,213,1,28.99018595
21,0,160.6,62.9,33.9,80,122,24.4,13.9,44,180,1,24.38706656
42,1,169.3,74.72,25.1,78,137,45.3,11.7,44,198,2,26.06891446
46,1,173.2,74,25.5,93,151,40,12.2,44,193,1,24.66811386
23,1,173,63.7,15.1,84,138,44.4,21.3,44,245,1,21.28370477
23,1,177.6,74.6,26.6,75,130,40.6,14.2,44,211,0,23.65118497
39,1,174.5,66,11.5,79,125,41.1,9.2,44,222,1,21.67469889
36,1,176,67.5,20.5,91,128,36,2.6,44,197,0,21.79106405
21,0,162.2,59.8,30.4,70,108,24.4,20.6,44,192,3,22.73000254
21,0,165.9,48.5,21.7,71,117,19.2,27.5,44,173,2,17.6217472
39,1,177.7,68.6,19.1,87,147,40.4,2.8,44,240,0,21.72447351
62,1,167.9,70.3,24.2,98,157,44.7,18.6,44,195,3,24.93755855
22,0,165,51.8,27.6,74,103,28.6,20.4,44,172,3,19.02662994
37,0,170.7,57.5,23.4,84,131,29.9,19.7,44,178,3,19.73334926
39,1,180.3,79.9,14.2,87,144,48.5,13.5,44,234,2,24.57849723
63,1,177.2,66.12,14.4,89,158,39.6,12.8,44,177,3,21.05743214
49,0,154.7,55,24.1,81,123,25.3,22.4,44,151,3,22.98169529
23,1,166.6,61.1,20.2,80,149,33.9,6.1,44,230,1,22.01360736
45,0,158.7,51.8,17.2,73,117,21.5,22,44,172,2,20.56723481
44,1,170.6,62.7,14,76,115,45.7,15.3,44,191,3,21.54316398
36,1,170.7,75.1,17.3,86,134,53.3,16.6,44,240,2,25.77347007
21,0,161.7,58.7,28.7,85,127,25.1,16.9,44,165,2,22.45008871
26,1,172.3,83.9,22.5,80,130,46.5,15.4,44,254,1,28.26125254
21,1,167.1,59.9,19.5,88,143,31.7,12.7,44,218,1,21.45230301
31,1,171.3,61.4,17.6,82,127,35.6,2.3,44,184,0,20.92443043
41,1,169.1,78.4,23.1,90,140,47.1,6.4,44,177,1,27.41756284
49,1,166.2,63.2,19.3,73,117,34.5,16.9,44,207,2,22.87994833
35,1,181.8,81.3,14.5,86,150,48,11.4,44,231,2,24.59816939
30,1,169.3,71.6,17.8,75,117,52,8.5,44,220,1,24.98038377
44,1,172.6,76.3,23.4,74,114,52.3,16.3,44,204,3,25.61196827
21,0,166.5,72.3,30.5,78,140,36.9,22.8,44,185,1,26.08013419
25,1,178.4,81.6,14.5,78,127,58.2,3,44,244,0,25.63896318
27,1,177.2,77.7,21.4,71,128,35.1,11.5,44,198,1,24.74534902
22,0,153.5,49.7,25.9,61,117,29.3,22,44,168,2,21.093062
32,1,173.3,66,16.5,70,143,49.9,22.3,44,227,2,21.97590708
21,0,164.7,55.3,28,80,126,20.7,22,44,179,2,20.38627757
41,1,177.9,76,12,62,131,44.8,16.7,44,192,2,24.01384461
60,1,176,83.9,28.7,78,118,50.8,7.9,44,189,0,27.08548554
22,0,160.5,50.7,22.9,91,137,25.9,25.6,44,202,3,19.68148601
42,1,175.8,69.3,17.3,84,132,55.8,9.6,44,191,1,22.42309171
23,0,161.1,50.5,26,80,135,24,20.6,44,159,3,19.45809401
29,1,173.1,76.8,21.3,72,129,48.2,13.7,44,192,1,25.63109051
28,1,166.5,61.7,22.6,87,144,38.9,13.9,44,208,1,22.25649072
39,1,174.4,70.8,24.3,78,132,41.6,12,44,168,2,23.27771231
62,1,169,70.7,30.5,96,146,39.3,4,43,131,1,24.75403522
52,1,173.6,84.9,30.3,93,144,42,9,43,185,0,28.17138822
24,1,164.4,66.2,17.1,63,110,40.2,16.2,43,232,1,24.49369824
24,0,155.5,64.4,34.8,60,109,24.7,16.7,43,174,2,26.63330611
23,0,163.8,57.5,31.7,84,127,32.9,28.8,43,164,3,21.43088224
22,0,162.1,55.1,23.2,61,99,28.5,23.1,43,198,3,20.969379
26,0,162.6,57.2,32.6,69,116,26.9,20.6,43,128,3,21.6349027
44,0,167.8,63.8,24.3,63,117,29.1,14.8,43,170,1,22.65879268
23,0,163.7,53.4,29.6,73,116,26.6,28,43,204,1,19.92709073
22,1,175.8,73.3,17.5,83,120,50.5,7.2,43,232,1,23.71735386
23,1,178.6,83.9,17.9,76,123,48.5,16.6,43,243,1,26.30262249
48,1,166.9,69.5,26.8,95,148,40,11.9,43,189,2,24.95009084
39,0,167.8,65.7,30.1,85,127,35.9,23.8,43,174,2,23.33358431
42,1,181.6,79.6,25.6,77,144,45.5,7.6,43,229,1,24.13689379
28,0,159.5,48.8,24.3,77,141,23.6,24,43,173,3,19.18220143
29,0,158.4,57.22,27.8,59,124,27,26.1,43,142,2,22.80538976
28,1,164.3,63.2,26.2,84,131,44.3,5.3,43,221,0,23.41218523
36,0,158.5,53.56,19.5,74,122,27.1,19.1,43,185,3,21.31974644
21,0,163.4,55.92,30.9,85,116,28.3,31.5,43,186,3,20.94416537
27,0,166.3,52.3,26.5,98,129,30,20.5,43,146,2,18.91111739
35,1,173.7,68.5,23.2,87,142,43.5,13.5,43,195,2,22.70340177
21,0,169.5,83.7,42.9,73,138,21.6,20.3,43,166,0,29.13305662
21,1,177.6,85.8,21.4,79,142,43.5,20.8,43,248,1,27.20203311
36,1,178.6,98.3,31.7,79,129,52.4,17,43,209,2,30.81701777
55,0,156.4,54.3,27.5,74,100,32.1,19.5,43,154,3,22.19863816
26,0,157.2,48.32,17.5,67,102,30,26.9,43,183,3,19.55338008
61,1,167.9,77.1,27.9,90,154,40.9,12.7,43,203,3,27.34972638
21,1,184.9,72.4,18.2,88,137,34.9,17.7,43,250,1,21.17701498
26,0,169.6,59.4,22.4,82,141,26.6,21.6,43,171,3,20.65069865
54,1,172,69.2,18.9,93,143,36.7,19.5,43,183,1,23.39102217
29,0,158.5,51.3,25,73,118,25.3,26.5,43,157,3,20.42014549
40,1,178.9,77.3,26,99,159,39.8,21.9,43,221,1,24.1523177
23,1,169.1,66.1,14.4,61,108,33.8,8.5,43,225,1,23.11608295
45,1,167.2,72.48,25.6,86,138,40.1,24.2,43,219,3,25.92660424
38,1,168.2,75.4,21.2,86,150,26.4,10.9,43,221,1,26.65135922
24,1,164,63.3,20.8,72,128,40.6,8,43,203,1,23.53509816
22,1,184,80.4,11.9,60,129,42.4,15.8,43,187,1,23.74763705
36,0,162.5,57.8,27.6,99,158,29.4,19.5,43,183,3,21.8887574
23,0,163.7,58,25.6,62,103,28.5,22.1,43,182,3,21.6436566
41,1,170.3,69.2,24.4,97,151,43.1,14.5,43,217,2,23.86034937
39,1,170.6,76.54,22,80,120,48.4,13.9,43,218,2,26.29846525
26,0,154.9,58.92,31.8,99,147,30.3,19.6,43,133,3,24.5561288
46,1,171.6,55.5,14.6,88,147,45.2,14.5,43,210,2,18.84770241
23,0,163.9,53.2,25.5,76,117,31.6,21.1,43,188,3,19.80403682
29,1,172.9,78.1,21.3,80,132,44.2,12.6,43,194,1,26.12528563
25,1,171.9,71.4,26.2,91,150,35.8,5.8,43,208,1,24.16275545
25,1,174.7,59.3,12,69,113,38.4,3.4,43,219,0,19.42982475
30,1,178.3,78.7,18,73,139,48.6,15,43,233,2,24.75551958
33,1,169.3,75.4,21.7,77,136,37.6,9.2,43,209,0,26.30615833
24,0,158.3,52.3,32.8,72,120,26.6,18,43,170,2,20.87083666
23,0,163,63.9,27.9,75,125,31.5,29.5,43,174,3,24.05058527
28,1,179.8,83,15.8,80,120,44.1,24.4,43,188,1,25.67430627
21,1,180.9,77.7,16.1,92,153,43.6,9.1,43,215,1,23.74345336
24,1,174.1,86.4,23.6,74,105,51.1,18.9,43,223,1,28.50468199
21,0,157.3,48.5,25.7,69,123,27.9,28.4,43,196,3,19.60127372
29,0,158.5,53.32,23.1,78,138,28.4,19.2,43,169,3,21.2242136
23,0,161,58.9,31.1,77,127,30.3,19.1,43,203,2,22.72288878
30,1,173.7,71.5,25.2,92,140,39,17.4,43,213,1,23.69771133
40,1,170.8,68.5,23.1,79,133,28.8,-1,43,204,0,23.4809054
32,0,170,56.6,27.2,85,114,28.6,10.9,43,159,1,19.58477509
38,1,175.7,70.7,21.6,70,111,41.7,15.1,43,236,2,22.90213081
25,0,173,66.2,27.3,73,110,35.4,26.3,43,183,3,22.119015
37,1,166.8,74.2,19.9,89,129,40.3,3.1,43,223,0,26.66931203
23,0,157.1,48.6,32.8,83,124,27.1,20.4,43,162,3,19.69173122
40,1,173.8,77.6,28.9,76,121,45.6,9.8,43,198,2,25.689886
25,0,163.3,53.4,24.9,88,138,33.7,21.1,43,169,3,20.02483229
21,0,162.7,57.2,26.8,72,104,26.6,34.4,43,188,3,21.60831603
22,0,160.5,50.48,26.7,71,123,22.8,26,43,188,3,19.59608311
29,0,167.9,60.7,22,73,113,34.7,21.9,43,170,1,21.53214515
34,1,176,70.4,23.1,83,127,47.1,16.8,43,226,2,22.72727273
43,0,164.4,56.6,22.2,71,114,30.9,22.8,43,162,3,20.941742
24,0,157,52.6,24.4,74,115,21.9,20.3,43,174,3,21.3396081
23,0,171.4,57.6,24.9,74,119,32.2,17.3,43,172,2,19.60653497
45,1,173.9,64,14.7,87,157,45.6,13.5,43,211,2,21.16317436
61,1,178.5,74.6,16.4,97,156,54.5,15.2,43,155,2,23.41328688
25,1,179.6,89.3,24.8,79,137,39.1,-9.7,43,182,0,27.6846345
25,0,155.9,45.7,28.7,63,130,26.7,3.7,43,166,0,18.80286248
48,1,182.3,82.5,20.6,78,136,47.2,10.3,43,210,2,24.82450579
25,0,163,47.5,26.9,83,132,24.5,18.2,43,132,1,17.87797809
29,0,166.1,61.9,19.3,64,124,34.2,24.7,43,161,3,22.43630753
37,1,170.2,70.5,27.6,74,139,34.8,18.9,43,240,0,24.33716606
25,1,170.2,73.6,21.6,74,121,47.6,21.2,43,222,1,25.40731095
45,1,170.3,76.7,17,86,154,50.8,19.5,43,214,3,26.4463699
21,1,171,75.7,15.8,89,150,34.1,7.2,43,251,1,25.88830751
23,0,153.2,53.4,34,99,135,24.3,26.3,43,187,2,22.75221728
29,1,170.6,69.4,19,61,134,52.6,9,43,223,1,23.84522456
29,1,167,78.9,24.1,81,136,45.8,-2.8,43,219,0,28.29072394
45,1,174.5,69,16.3,78,127,53.6,13.5,43,220,2,22.65991248
28,1,176.7,76.9,22.1,71,147,42.9,15.8,43,237,1,24.62936647
22,0,157.7,46.2,20.2,82,126,24.5,24.2,43,174,3,18.57712866
26,0,165.5,63.7,26.9,89,140,31.8,16.5,43,191,2,23.25645074
41,1,186.2,85,15.8,95,141,52.9,19.1,43,228,2,24.51656224
25,0,154.3,55.7,24.7,96,137,26.2,29.7,43,175,1,23.39501581
27,0,165.5,80.38,44.3,92,129,24.7,7.5,43,115,0,29.34620896
26,1,170.3,72.3,14.8,78,130,55.9,3.6,43,229,0,24.92923786
37,0,160,52.7,18.1,67,102,35.5,18.5,43,163,2,20.5859375
27,1,186.8,99.3,30.8,74,139,49.8,-6.3,43,195,0,28.45741876
47,0,161.7,56.6,18.7,63,118,32.3,22,43,170,3,21.64693392
21,1,174.4,73.4,22.4,84,133,37.2,10.3,43,182,1,24.13254356
22,1,175.9,73.3,18.2,70,120,44.5,18.8,43,213,1,23.69039466
21,0,155.9,48.7,23.7,83,118,24.9,24,43,149,3,20.03718605
37,1,178.6,85.8,14.5,85,136,49.7,11.2,43,232,2,26.89827186
23,0,157.2,49.8,29.7,60,94,23.3,17.5,43,163,2,20.15228328
22,0,153.8,48.5,25.3,82,117,25.4,26,43,163,3,20.50355028
22,1,176.8,92,22.8,83,136,61.3,12.6,43,232,0,29.43223931
24,1,174.8,72.9,19.6,73,129,32,6.8,43,216,1,23.85858438
28,0,162.5,64.3,26.8,80,144,25.7,18.7,43,164,2,24.35029586
45,1,174,71.2,13.3,92,136,46.2,13.9,43,210,3,23.51697714
41,1,174.2,75.5,23.5,98,150,47.1,15.3,43,211,2,24.88001571
24,1,170.1,72.68,21.2,78,130,39.9,35.2,43,295,1,25.1192282
49,1,167.6,68.22,22.6,87,139,42,12.3,43,211,2,24.28643036
37,1,178.5,61.3,7,81,130,44.2,11,43,225,2,19.23906818
37,1,179.5,84.6,20.9,97,151,59.1,13.7,43,227,2,26.25677951
23,0,154.3,49,25.7,51,98,25.2,24.3,43,168,3,20.58089362
28,1,171.5,69.6,24.2,99,153,36.2,6.6,43,220,1,23.66360955
29,0,168.8,51,23.2,58,110,30.1,22.8,43,167,3,17.89885672
21,0,154.4,54.2,32.9,95,128,30.2,16.4,43,117,2,22.73550968
33,1,181.7,81.2,21.7,79,125,54.4,15.5,43,226,1,24.59496306
23,1,173.3,90.4,29.4,75,148,34.2,3.6,43,179,0,30.10033333
39,1,180.9,79.7,17.8,70,132,41.5,16.1,43,227,1,24.35461046
29,1,176.4,66.2,20.4,64,117,44.1,6.2,43,211,1,21.27457181
28,0,162.9,65.4,29.4,85,156,37.2,19.3,43,173,3,24.64538346
34,1,173.4,69.1,22.2,86,127,31,16.7,43,198,1,22.98157882
27,1,168.1,68.9,24.8,82,145,37.8,9.2,43,214,1,24.38281228
21,0,158,45.6,28.9,70,120,19.7,19.7,43,164,3,18.26630348
31,0,160.6,53.1,28.9,85,125,21,10.4,43,150,1,20.5874918
23,0,155.7,53.4,33.1,73,136,19.1,22.2,43,175,2,22.02744025
39,0,164,58.7,22.6,90,126,24.8,27.1,43,161,2,21.82480666
46,1,171,73.6,19.5,85,136,46.6,14.4,43,206,3,25.17013782
48,1,177.5,72.3,18.1,80,133,34.6,0.8,43,211,0,22.94782781
39,1,175.5,76.8,23,97,147,38.8,6.6,43,220,1,24.93486254
36,0,164.5,50.8,23.4,60,103,24.8,15.5,43,168,2,18.77292338
22,0,160.3,47.1,30.5,73,132,20.8,20.8,43,168,3,18.32963692
56,1,177,76.1,20.9,87,128,43.2,19,43,225,3,24.29059338
33,1,180.4,74.8,14.4,97,154,51.8,15.3,43,206,2,22.98415445
62,1,167.3,71.1,22.6,86,142,36,12.9,43,181,2,25.40257363
21,0,167.4,63.2,25,81,107,28.7,27.5,43,181,3,22.55309613
22,0,161.6,52.6,27.6,83,128,27.3,24.6,43,175,3,20.14202039
21,0,157.5,47.5,27.2,62,107,20.2,18.8,43,168,2,19.1484001
21,1,165,59.9,19.9,70,125,38.1,11,43,205,1,22.00183655
39,1,176.1,70.4,11.6,79,124,41.2,9.6,43,212,2,22.70146828
49,1,191.4,81.3,14.9,79,153,50.7,8.4,43,230,1,22.192523
25,1,172.3,70.9,21.3,85,129,30.2,3.6,43,192,0,23.8822742
23,1,171.9,64.7,15.2,75,130,54.1,7.8,43,212,1,21.89538204
24,1,174.5,75.7,18.8,67,128,44.2,3.4,43,173,0,24.86022282
48,1,171.1,73.2,17.2,79,140,47.1,8.2,43,205,1,25.00409049
23,0,156.7,58.1,34.7,70,138,27.1,18.6,43,166,2,23.6612748
43,1,174.7,67.5,14.7,94,158,51.1,11.7,43,199,2,22.1165796
24,1,181.3,69.2,9,89,148,51.8,19.6,43,224,1,21.05283013
41,1,172.1,77.5,20.4,98,150,55.1,16.3,43,239,1,26.16615814
31,1,179.4,103.6,23.6,83,148,50.9,9.6,43,206,1,32.18954797
30,1,176,66.1,13.9,70,120,48.3,10.1,43,205,2,21.33910124
42,1,178.8,68.6,12.9,71,118,41.2,19.1,43,246,2,21.45799238
41,1,183,90.9,26.3,99,145,36.5,0.2,43,220,0,27.14324106
31,1,164.6,66.6,25.1,87,124,43.1,6.5,43,218,1,24.58185018
26,1,167,65.7,19.1,80,135,44.9,21.8,43,223,1,23.55767507
28,0,159.2,68.7,26.22377,82,138,26.9,27.5,43,194,3,27.10632307
34,1,178.5,89.9,24.3,84,129,55.2,17.4,43,235,2,28.21520765
33,1,180.4,69.72,17.6,77,133,45.2,20.1,43,230,1,21.42319851
28,0,168.1,71.3,31.8,83,130,25.9,18.1,43,175,1,25.23214101
62,0,159.8,57.9,27.7,71,153,25.4,21.5,43,147,3,22.67383666
24,1,163.7,65.3,22.1,82,147,35.8,9.3,43,198,1,24.367772
41,1,169,74.5,24.9,93,146,52,8.3,43,230,1,26.08452085
24,1,179.1,85.8,20.8,63,135,47.3,9,43,232,1,26.74829573
23,1,175.7,63.54,11.8,83,132,42.3,-4.3,43,233,0,20.58276367
27,0,163.2,51.84,23,61,116,27.7,22.2,43,172,3,19.46366782
41,1,167.9,75.94,24.9,76,130,39.2,10.6,43,218,2,26.93823893
25,1,170,63,10.4,64,128,34.6,19.3,43,232,1,21.79930796
24,0,165.3,69.6,33.6,87,136,30.4,31.6,43,169,3,25.47202853
30,0,158.5,52.5,23.2,72,131,26.5,27.7,43,201,3,20.89780971
41,1,174.9,70.2,23.1,80,135,32,3,43,201,0,22.94866854
59,1,167.4,72.6,20,94,154,47.6,22.3,43,190,3,25.90751232
27,1,174,70.1,19,85,135,47.4,13.6,43,214,1,23.15365306
36,1,171.5,67.18,27.4,70,120,41,1.5,43,197,0,22.84082313
52,1,173.7,77.1,18.9,93,141,41.4,12.8,43,227,2,25.55375586
59,1,172.1,66,26,75,144,36.8,17.2,43,190,3,22.2834379
63,1,173.1,70.4,20.9,109,188,40,16.8,43,192,3,23.4951663
24,1,181.1,83.8,19.6,67,121,44.5,21,43,235,1,25.55095388
22,1,168.4,76.3,25.2,73,111,35.6,18.6,43,222,0,26.90545641
30,1,169.5,68.4,17.1,76,141,49.2,13.2,43,200,1,23.80765917
50,1,170.7,69.4,17.1,95,159,43.9,20,43,214,3,23.81729458
42,1,169.6,71.6,30.2,80,127,38.3,3.7,43,211,0,24.89208793
28,0,160.9,62.4,34.9,73,121,23.9,10.1,43,163,1,24.10307774
45,1,172.5,76.8,22.7,91,134,42.5,5.5,43,214,1,25.80970384
30,0,172.3,60.4,30,64,117,28.7,16.4,43,176,2,20.34540707
21,1,174.8,65,21.7,80,145,34.8,1.3,43,195,0,21.27308621
30,1,173.4,83.34,26.7,85,128,31.3,2.7,43,196,0,27.71758001
29,1,174.3,75.94,18.8,77,127,52.2,13.3,43,213,1,24.99630519
27,0,166.2,78.5,36.3,85,119,32.7,22.4,43,166,0,28.41892317
54,1,171,75.4,26.7,94,154,43.6,21,43,220,3,25.78571184
27,0,164.1,52.3,26.6,70,120,29.3,25.2,43,190,3,19.4215786
27,1,189.5,72.5,11.8,82,152,46.3,14.8,43,272,1,20.18922174
24,1,186.7,71.8,20.4,89,156,46.7,15.6,43,256,1,20.59851008
35,1,173.8,97.6,31,97,155,49.4,15.2,43,220,0,32.31099064
43,0,167.5,51.4,18.3,72,132,28.2,21.8,43,172,3,18.32033861
23,1,180.5,85.78,22.7,89,151,45,17.5,43,182,1,26.32883419
30,1,180.7,86.6,17.7,73,128,49.7,23.9,43,239,2,26.52171396
31,1,182.2,72.9,20.3,78,134,36.2,0.7,43,180,0,21.95992149
38,1,171.3,65.1,15.8,62,114,35.2,21,43,202,2,22.18534888
46,1,167.2,68.8,24.5,77,119,46.7,11,43,213,2,24.61024244
41,1,170.1,60.6,14.4,96,142,38.6,13.7,43,222,2,20.94421064
23,1,169.5,77.1,24.7,73,125,47.1,16.2,43,193,1,26.83582635
62,1,168.1,73.9,17.5,97,151,46.9,22,43,194,3,26.15224713
28,1,169.6,69.6,28.75584,95,144,40.6,13,43,202,0,24.19677821
21,0,170.3,63.2,21.5,71,111,38.1,31.8,43,230,3,21.79153296
52,1,157.8,62.9,22,76,119,36,18.4,43,216,2,25.26019203
39,0,162.2,54.4,19.1,77,136,29.4,26.7,43,179,3,20.6774605
53,1,173.7,64.7,12.8,80,127,40.5,19.4,43,215,3,21.44394298
36,1,166.6,64.3,18.5,78,129,45.7,15.4,43,220,2,23.16652952
43,1,177,81.2,24.2,89,122,51.7,2.5,43,193,0,25.91847809
26,0,162,50.4,31.7,92,120,27,17.4,43,162,1,19.20438957
25,0,157.2,58.1,30,83,128,20.6,15.8,43,193,0,23.51099716
22,0,164.4,57.7,27.7,80,120,31.3,21.2,43,180,3,21.34873698
44,1,169.2,80.8,30.9,91,147,45.3,12.4,43,185,0,28.22348529
51,1,168.6,77.8,23.8,87,155,45.9,24,43,210,1,27.3693483
23,1,174,78.1,22.5,69,135,43.3,19.1,43,212,1,25.79601004
40,1,175.7,70.8,14.9,86,137,35.8,14.6,43,211,1,22.9345242
24,0,166.8,53.5,24.5,71,113,24.3,23.6,43,158,3,19.22922094
29,1,174.3,78.8,19.2,87,124,49.2,9.8,43,232,1,25.93769883
43,1,172.8,76,22.1,89,144,37.9,13.5,43,212,1,25.45224623
54,1,169.7,66.6,18.6,75,147,47.2,21.7,43,213,3,23.12653374
33,1,179,86.8,25.8,91,137,52.9,14.8,43,212,0,27.09029057
22,1,171.8,72.6,24.3,80,156,29.4,18.5,43,195,0,24.59746219
34,0,157.5,46.1,23.3,69,112,22.7,6.7,43,173,0,18.5840262
24,0,159.6,62.9,30.9,85,128,29.2,26.5,43,177,3,24.6936263
42,1,176,84.6,17.4,81,122,55.5,12.7,43,223,0,27.31146694
22,0,157.1,45.4,19.8,82,111,26.9,21.8,43,190,3,18.39515632
21,1,167.9,69.1,21.4,81,133,39.4,12,43,200,1,24.51188188
27,0,167,55.6,24.1,70,105,28.4,26.4,43,173,3,19.93617555
60,1,165.4,67.7,18.2,90,159,43.4,25.6,43,201,3,24.74672079
23,1,176.6,55,4.9,77,123,46.4,15,43,244,0,17.63523661
35,1,180.5,73.1,15.1,84,144,37.9,25.6,43,185,2,22.43690579
46,1,170,75.2,22.8,89,147,41.9,20,43,219,2,26.02076125
51,1,160.9,66.22,22.2,80,149,44.3,21.2,43,202,3,25.57861872
53,1,167,61.4,17.8,89,154,30.2,21,43,210,3,22.01584854
23,0,163.3,63.38,33.7,70,144,27.6,27.9,43,167,2,23.76730095
51,0,161.6,55.6,21.1,89,142,21.8,20.1,43,167,3,21.29080482
23,1,181.2,89.8,23.9,90,150,51,15,43,240,0,27.35016495
24,1,169.5,59.3,16.5,83,127,36,9.8,43,210,1,20.64026592
26,0,166.3,52.1,24.8,73,136,26,20.1,43,170,3,18.83879954
33,1,175.5,59.14,7.1,64,127,30.8,7.5,43,227,1,19.20114285
23,0,160.9,58.14,28.1,73,129,26.7,15.2,43,153,2,22.45757916
47,1,177.9,76.3,17.1,90,139,53.9,16,43,236,3,24.10863611
36,1,176.6,86.7,29.8,87,137,34.3,-1.2,43,192,0,27.79954572
42,1,172.9,64,12.8,90,125,52.6,10.4,43,234,2,21.40868477
26,1,164.5,56.1,8.1,71,117,39.1,27.5,43,241,1,20.73151578
50,0,167.2,55.6,18.4,98,121,29,23,43,174,3,19.88850988
22,0,164.4,56.8,24.6,83,109,31,23.6,43,181,2,21.01574109
22,0,162.9,55,33.9,65,108,21.8,3.8,43,117,0,20.72623991
33,1,178.7,77,24.3,74,131,35.5,7.4,43,209,0,24.11246555
34,1,173.2,69.3,20.5,69,124,47.2,4.7,43,230,1,23.10135528
51,1,183.3,84,16.8,79,130,40.6,19.3,43,197,2,25.00082592
21,0,167.6,68.9,32.2,71,129,32.3,24.9,43,199,3,24.52851146
38,1,170.4,69.5,23.1,84,139,42.7,14.5,43,208,2,23.93567193
21,1,188.2,96.4,20.9,62,106,55.9,-3.9,43,229,0,27.21684599
27,0,168.9,59.2,22.7,73,133,27.1,24.7,43,188,3,20.75211701
60,1,169.1,60.5,10.6,92,148,55.9,20.6,43,198,3,21.15768561
53,1,174.9,86.3,23.6,84,137,48.6,13.8,43,215,1,28.21182471
30,1,177.5,69.38,24.1,86,123,43,6.6,43,213,1,22.02102757
29,1,179.5,89,24.2,84,141,46.7,21,43,255,0,27.62238034
24,1,175.6,79.6,26.3,86,131,40,8.1,43,212,0,25.81451943
31,0,168,58.9,24.1,80,132,31.5,4.1,43,165,0,20.86876417
30,1,171.5,75.6,18.3,90,136,38.5,14.7,43,221,1,25.70357589
28,1,172.5,69.2,22.1,63,110,37.1,11.4,43,186,1,23.25561857
41,1,173.6,86.4,24.5,100,135,62,23.2,43,241,2,28.66911593
60,1,172.8,73.4,23.2,82,128,47.3,20.5,43,173,3,24.58151149
27,1,187.4,76.6,18.7,75,133,45.4,13.4,43,202,1,21.81170406
45,1,172.4,56.7,9.3,72,127,0,9.4,43,213,2,19.07693219
55,1,170.6,59.9,14,94,148,43,17.6,43,198,3,20.58110881
23,0,159,54.3,31.4,79,117,24.5,16.7,43,185,2,21.47858075
60,1,165.4,64.3,18.7,84,157,33.8,12.2,43,181,3,23.50390172
24,0,164.3,52.9,24,69,127,27.8,21,43,172,3,19.59659175
34,1,169.8,75,22.2,76,130,52.6,21.9,43,216,2,26.01272751
22,0,174.2,61.12,28.7,91,134,25.2,25.8,43,178,1,20.14127894
30,0,164.4,61.3,18.7,83,118,36.2,23.7,43,199,3,22.68072057
48,1,182.8,75.7,27.7,90,138,48.6,11.8,43,182,1,22.653927
57,1,157.4,48.42,19.9,83,133,36.2,19,43,204,3,19.54408438
29,1,179,105.6,30.7,88,120,49.2,8.6,43,187,0,32.95777285
23,0,160.8,60.2,21,70,122,24.9,22.3,43,158,1,23.28222074
32,1,166.8,75.9,21.7,85,122,45.6,14,43,204,2,27.28033401
54,1,172.5,75.92,21.4,99,146,43.6,19.1,43,190,1,25.51396765
25,0,160,57.9,28.2,77,117,33,23,43,171,3,22.6171875
23,1,182.3,82.4,18.3,74,132,48.5,22.7,43,249,1,24.79441548
27,1,158,49.7,25.9,83,116,23.7,8,43,147,1,19.90866848
22,0,163,57.44,21.1,83,129,28.7,32.4,43,195,3,21.61918025
21,1,173.9,74.08,23.5,80,130,32.7,20.6,43,222,1,24.49637432
24,1,178,63.4,10.9,78,120,47.6,5.6,43,254,0,20.01009973
63,1,166.1,64.6,17.9,92,156,39.1,13.7,43,185,3,23.41495099
21,0,159.6,49.1,29.9,74,127,22.5,25.2,43,173,3,19.27594676
34,1,171.6,65.6,21.3,78,140,43.6,18.3,43,120,1,22.27764466
22,1,185,89.3,24.7,79,138,39.3,18.1,43,224,1,26.09203798
27,1,183,62,12.2,78,126,46.5,7.6,43,235,1,18.51354176
26,1,177.8,74.4,17.4,77,131,40.3,9.4,43,234,1,23.53474095
39,1,180,77.7,18.7,99,155,50.8,25,43,227,1,23.98148148
28,1,179.5,73.3,19.6,59,100,40.8,4.5,43,225,0,22.7496683
21,0,159.2,58.3,32.6,65,114,26.6,28,43,164,3,23.00289134
23,0,163.7,54.5,29.5,76,131,29.1,15.2,43,167,2,20.33757387
28,1,182.4,88.2,14.1,88,140,55.3,28.4,43,214,0,26.51056094
62,1,169.4,65.9,15,77,143,39.3,16.7,43,195,3,22.96458506
46,1,168.3,60.6,20.3,80,127,42.5,6.6,43,189,1,21.39461089
60,1,170.4,64.5,25.9,79,120,42.2,18.8,43,210,3,22.21368115
42,0,162.4,60.7,24,66,100,37.4,21.5,43,172,3,23.01530006
48,1,171.9,72.6,24.8,98,145,41.4,15.1,43,212,2,24.56885218
51,1,167.2,71.2,20.2,83,130,39.4,10.6,43,171,2,25.46873927
41,1,173.3,64.1,21.8,81,127,34.7,11.3,43,221,1,21.34326733
28,0,162,56.6,27.6,60,116,32.2,20.8,43,190,3,21.56683432
50,1,166.5,71.2,24.7,85,125,44.5,18.3,43,208,1,25.683341
27,1,165.6,65.6,10.8,60,123,37.1,14.5,43,210,1,23.9212117
32,1,173.1,70.7,14.6,79,126,51.3,4.2,43,243,0,23.59528775
36,1,176.3,73.2,27.8,87,147,40.7,21.1,43,213,2,23.55084296
26,0,162.3,54.3,31.5,74,128,23.7,18.7,43,166,3,20.6140246
24,0,163.9,70.5,34.1,85,129,27,20.6,43,156,2,26.24407135
31,1,169.3,72.9,25.5,97,155,38.5,18.5,43,210,2,25.43393822
53,1,172.3,71.8,17,90,135,48.7,24.9,43,211,0,24.18543424
38,1,180.1,71.1,18.5,85,114,49.9,5,43,207,1,21.92008203
21,0,161.8,50.3,25.4,76,116,24.6,23.9,43,180,3,19.21369757
57,1,165.9,65,14.1,79,123,37.8,11.9,43,162,2,23.6167746
31,1,177.7,106.4,36.8,93,147,49.7,-10,43,201,0,33.69510176
22,1,179.5,73.3,19.9,84,122,42,7.7,43,210,1,22.7496683
39,1,171,75.5,24.3,78,138,44.8,14.6,43,205,2,25.8199104
38,1,171.1,69.2,18.2,86,147,48,9.5,43,220,2,23.63774675
29,1,182.3,85.5,17.7,76,122,49.5,12.2,43,254,0,25.72721509
23,1,180.9,77.1,25.4,86,139,41.2,10,43,224,1,23.56010623
24,1,175.8,81.8,20.8,59,106,49.9,6,43,209,0,26.46766092
30,0,161.8,59.4,24.4,84,130,30.7,24.6,43,164,3,22.68973431
47,0,156.3,48.6,28,85,132,27.5,18.8,43,141,2,19.89382591
26,1,176.2,83.6,24.9,75,140,51.8,5.9,43,206,1,26.92740295
37,1,181.1,67.8,9.5,64,103,41.6,15.9,43,231,2,20.67249013
38,1,172.3,80.4,25,71,126,41.2,15.6,43,226,2,27.08229683
23,0,164.4,64.3,27.7,72,130,29,23.4,43,199,3,23.7907069
44,1,175.1,63.4,13.1,87,138,50,19.9,43,214,2,20.67840161
28,0,164.9,52.2,29.1,82,121,26.7,8,43,180,0,19.19681554
23,1,170.5,60.4,14.2,96,138,36,14.2,43,232,1,20.7772551
38,1,174.5,89.7,29.5,69,135,53,6,43,200,0,29.45788622
64,1,173.9,62.5,15.3,77,123,34.6,12.5,43,170,3,20.66716246
24,1,172.2,62.6,13.8,70,126,41.6,8.7,43,213,1,21.11096273
29,1,182.7,70.5,12.9,83,123,43.6,5.5,43,201,1,21.12088064
46,1,170.7,79.2,23.5,79,123,44.3,14.8,43,198,2,27.18054367
34,1,178,88.4,32.7,88,142,61.6,17,43,188,0,27.90051761
21,1,173.4,66.2,17.7,74,125,35.2,12.5,43,211,1,22.01708419
56,0,152.3,46.7,18.4,79,128,30.2,24,43,140,3,20.13339777
40,1,177.5,86.6,24.8,90,142,51.6,16.1,43,237,2,27.4866098
24,1,183.1,73.9,17,70,131,50.9,18.9,43,241,1,22.04285023
27,0,166.1,63.1,27.1,71,122,33.7,20.9,43,154,3,22.87126018
26,1,187.5,78.3,16.8,86,140,42.5,13.6,43,199,1,22.272
22,0,158.9,54.9,27.3,72,125,22.4,9,43,153,0,21.74325454
45,1,177,72.6,22,90,159,40.7,10,43,215,2,23.1734176
49,1,175.9,83.8,19.6,89,130,45.4,3,43,225,0,27.08397098
30,1,174,75.9,17.8,82,118,49.5,10,43,230,2,25.06936187
28,1,180.8,78,16.5,87,132,62,9.2,43,181,1,23.86150051
31,1,175.3,84.2,25.6,78,138,52.8,0.2,43,219,0,27.39985467
23,1,168.2,61.3,19.8,85,148,44.2,15.5,43,253,1,21.66748435
33,1,170.1,69.1,20.3,94,137,39.2,27.6,43,203,1,23.88192995
51,1,164.2,62.8,24.4,98,137,48.4,7.6,43,220,1,23.29235165
37,0,161.4,60.5,32.2,94,126,27.5,29,43,171,2,23.2246038
24,1,167.3,65,25,93,133,43.5,-2.9,43,199,0,23.22316858
51,1,176.8,77.8,21.1,87,137,47.3,15.4,43,188,3,24.88943715
21,0,157.9,51.9,31.5,60,125,22.5,23.4,43,178,1,20.81627889
25,0,161.9,49.5,24,72,125,31.8,13.3,43,168,1,18.88476137
28,0,162.2,64.42,31.6,88,140,32.2,21.8,43,162,3,24.48606628
23,0,166.5,57,28.2,99,145,26.4,22.7,43,187,3,20.56110164
49,1,170.8,77.8,22.1,92,140,41,6,43,220,1,26.66882394
28,0,157.3,67.44,27.8,61,125,32.2,27.4,43,157,3,27.25587422
33,1,174.9,77.2,36.9,84,137,45.9,12.3,42,234,2,25.23699731
30,1,178.4,82.5,30,97,139,39.3,1.9,42,200,0,25.92174586
21,1,175,84.7,28,61,133,50.9,11.6,42,156,0,27.65714286
30,1,163.7,65.5,23.6,84,116,43.5,14.5,42,230,2,24.4424053
59,0,158.2,54.34,29.6,74,133,25.1,28.6,42,148,3,21.71234223
23,1,180.4,90.5,26.8,70,120,46.1,4.5,42,185,0,27.80836869
21,0,166.3,47.6,25.3,73,112,23.8,10.1,42,172,1,17.21164795
41,1,175.7,81.2,22,80,117,43.7,14.3,42,199,2,26.30343736
54,1,163,75.5,23.1,77,138,46.7,3.3,42,207,0,28.41657571
33,0,162.7,53.9,33.4,73,133,27.6,30.4,42,175,3,20.36168241
24,0,164.8,52,22.1,63,101,26.2,24.7,42,153,2,19.1464794
46,1,176.1,69.2,11.3,81,151,48.1,16.3,42,238,3,22.31451143
21,1,175.8,66.26,9.9,85,133,42.2,14.6,42,182,1,21.43945248
22,1,169.3,62.3,17.2,70,116,40.9,3.7,42,217,0,21.73572498
62,1,172.1,71.52,23.7,64,106,37.2,3,42,185,1,24.14714362
26,0,160,62.4,31.3,69,118,32.5,21.9,42,177,3,24.375
32,1,167.1,69.5,26,51,117,46.5,8.6,42,201,1,24.89040165
44,1,167.1,59.9,18.8,85,121,42.1,14.9,42,206,2,21.45230301
38,0,166.6,64.6,20.3,95,145,30.8,23.6,42,168,3,23.27461597
41,1,170.2,85.4,21.3,89,130,49.1,13.4,42,225,2,29.4807657
34,1,175.6,89.5,25.9,89,135,44.8,16.5,42,206,0,29.02511921
21,1,174.4,72.8,17.7,66,110,49.9,17.8,42,229,1,23.93527481
59,1,178.9,83.6,20.5,79,127,46.9,8.6,42,180,0,26.12074722
21,0,172.9,68.36,34,70,115,21.9,24,42,178,0,22.86715142
27,1,174,70.5,18,75,145,39.9,10.7,42,246,1,23.28577091
51,1,163.1,67.7,23.6,96,145,41.8,5.3,42,197,1,25.44958745
27,0,164.7,68.1,38.6,91,123,28.4,13.8,42,140,2,25.10498196
21,1,180.4,89.1,21.1,76,140,45.4,9.5,42,234,1,27.37818398
22,0,170.6,68.1,28.9,87,120,33.4,22.9,42,201,3,23.39855609
24,1,170.7,89.7,34.3,85,141,38.4,4.2,42,187,0,30.78402484
56,1,172.3,71.7,18.9,87,137,44.3,21,42,201,3,24.15174979
21,0,167.4,64.62,32.1,64,116,29.5,20.7,42,187,3,23.05982708
21,0,158.1,56.3,27,74,122,30.3,20.6,42,191,3,22.52395521
45,1,175,79.1,20.2,86,131,44.3,5.3,42,190,1,25.82857143
60,1,172.6,65.2,19.6,99,158,38.4,22.3,42,162,3,21.88598075
37,1,176.9,79.6,28.2,79,127,44.9,14.5,42,193,2,25.43650285
22,1,171,67.9,15.5,82,141,32.6,9.8,42,230,1,23.22082008
32,0,160.6,50.9,22.4,67,111,23.1,27.6,42,191,3,19.73452604
32,1,170.2,69.5,26.1,79,120,25,-10,42,190,0,23.99195803
24,1,166.5,66.3,22.7,80,134,42,15.3,42,203,1,23.9158077
26,1,170.5,86.7,33.1,65,114,31.6,14.8,42,175,0,29.82430492
47,1,176,71.6,16.1,75,117,44.1,15.4,42,212,3,23.11466942
37,1,180.1,76.4,19.4,75,134,47,14.5,42,224,2,23.55406846
26,1,177.1,77.9,18.4,93,152,43,-5.1,42,239,0,24.83706851
43,1,175.1,74.4,18.8,85,127,41.2,10.2,42,224,2,24.2661369
22,1,172.8,65.4,15,77,117,45.1,21.2,42,222,1,21.90232767
21,1,176.5,78.4,22.4,77,157,39.6,17.6,42,221,1,25.1667215
35,1,167.2,70.2,26.5,74,141,38.8,-6.2,42,197,0,25.11103226
27,1,169.3,71.02,23,83,135,37.3,13.6,42,198,1,24.77802871
48,1,174.8,74.4,20.5,68,130,42.6,9.6,42,193,1,24.34950175
34,1,176.3,79.1,20,86,140,43.2,12.8,42,207,2,25.44906664
21,0,159.5,48.4,24.5,73,120,23.4,25.1,42,180,1,19.02497027
57,1,174.3,78.1,17.9,74,137,48.1,10,42,199,2,25.7072878
26,0,158.3,53.1,26.5,87,139,19.1,22.2,42,161,3,21.19008464
30,1,173.9,64.92,14.5,61,123,39.1,14.8,42,204,2,21.46739499
21,0,176.2,56.9,21.1,84,126,29.1,30,42,180,3,18.32738311
23,0,158.3,61.2,31.9,85,129,33.6,28.5,42,180,3,24.42247043
44,0,161.2,54.4,22.4,74,150,27,18.9,42,159,1,20.93480041
41,1,178.3,86.1,22.3,78,131,42.7,8.5,42,223,1,27.08323045
21,0,165.7,51.94,19.1,80,120,37.5,19.7,42,196,3,18.91720318
21,1,170,56,16.1,80,120,43.6,24,42,230,1,19.37716263
23,1,171,85,23.3,97,150,51.2,8.2,42,241,1,29.0687733
21,0,149.9,48.4,31.2,65,117,22.5,23,42,162,3,21.5398213
44,1,167.1,71.2,20.2,89,144,44.9,16.5,42,202,2,25.49923162
48,1,171.6,58.5,11.3,75,127,42.6,16,42,202,3,19.86649714
25,0,160.7,59.2,29,72,134,26.3,14.6,42,197,2,22.92397643
30,0,169.3,66.2,34.2,96,140,29,14.8,42,186,1,23.09638835
32,0,158.9,49.2,21.8,71,118,24.3,30.5,42,202,3,19.48575817
48,1,180.2,87,22,78,129,51.3,16.8,42,227,3,26.79228037
28,0,164.9,54.18,22,72,118,29,17.7,42,175,2,19.92497061
37,0,173.5,58.7,19.3,87,153,30.8,23.8,42,189,3,19.50020347
29,1,181.4,81.12,25.2,78,131,43,8.1,42,178,1,24.65206911
35,1,176.4,66.3,20.5,79,141,46.7,14.7,42,238,2,21.30670862
56,1,173.8,89.3,24.8,98,147,40.3,17.5,42,219,0,29.56323221
25,1,176.4,96.96,29.4,93,152,43.2,11.9,42,214,0,31.15985623
26,0,167.8,60.2,26.5,67,124,27.6,16.3,42,160,2,21.38024011
32,1,176.7,77.1,24,93,140,53,14.7,42,252,1,24.69342204
24,1,177.1,70.4,13.5,54,121,42.7,11.3,42,203,1,22.44582315
61,1,172.5,69.8,21.8,65,114,45.2,18.7,42,189,3,23.45725688
32,0,160.4,58.7,30.6,65,109,34.2,21.4,42,158,3,22.81546757
24,1,175.5,94,38.4,83,146,50.5,10.1,42,189,0,30.5192328
30,1,171.8,79.7,31.9,88,133,27.8,5,42,171,0,27.00299913
43,0,162.2,57.7,20.5,62,114,24.6,20.1,42,190,3,21.93179175
28,0,152.6,48.1,26,87,130,26.9,24.5,42,129,3,20.65551412
49,1,167.6,64.9,22.8,90,141,42.5,14.1,42,195,2,23.10450499
22,1,180.6,63.2,7.8,74,122,45.3,13.2,42,220,1,19.37677902
29,1,173.2,72.7,20.9,90,126,43.4,-3.6,42,188,0,24.23475511
32,1,173.5,79.5,33.7,90,153,49.2,16.7,42,222,2,26.40998596
27,0,165.7,68.5,27.3,64,122,32.1,24.4,42,188,3,24.94856407
25,0,155,54.4,22.6,78,117,28.6,22.7,42,171,2,22.64308012
30,0,166.2,55.1,30.7,88,134,25.4,20.3,42,143,2,19.94754989
26,0,165.4,59.1,21.9,68,119,28.9,18.5,42,151,3,21.60311962
22,1,178.4,62.8,16.9,69,121,34.5,-8.1,42,229,0,19.73194715
25,1,166.5,60.5,19.1,86,143,42.3,11.2,42,220,1,21.82362543
30,1,167.5,61.7,19.1,81,133,39.7,13.1,42,217,2,21.99153486
28,1,168.9,74.7,24.7,80,137,39.3,10,42,225,1,26.18552603
44,1,177,78.28,22.1,6,145,47.4,10.5,42,215,2,24.98643429
26,0,168.1,70.2,26,70,120,28.1,17.9,42,167,2,24.84286534
23,0,157.5,50.8,24.2,86,121,29.3,21.7,42,185,3,20.47871
35,0,169.5,73.2,25.1,85,135,41,17.3,42,174,2,25.4783721
29,0,157.8,57.4,27.2,63,102,28.1,23.1,42,181,3,23.0514312
60,1,166.5,60.9,22.5,103,140,37.3,17.4,42,205,3,21.96791386
26,0,161.2,47,18.5,74,124,24.5,25.4,42,168,3,18.08705183
35,1,168.4,71.9,19.1,109,138,53.6,16.2,42,232,2,25.35389667
31,0,163,53.6,30.5,69,106,27.1,29.9,42,219,3,20.17388686
21,0,160.6,47.96,27.7,75,118,20.7,19.9,42,162,2,18.59465361
21,1,186.5,73.2,14.6,79,130,43.6,16,42,237,1,21.04521703
25,0,166.1,54.5,29,74,119,25.2,22.4,42,168,2,19.75409952
24,1,174.5,71,21.8,66,125,38,9.6,42,220,1,23.31672154
25,1,182.5,71.1,15.6,77,119,51.2,18.6,42,224,1,21.34734472
31,1,177.2,101.1,32,99,155,45,9.5,42,213,0,32.19761629
44,1,173.8,76.6,19.9,88,157,34.9,10,42,214,1,25.35883077
30,0,164.4,52.7,19.9,88,120,27.1,29.3,42,183,3,19.49875978
46,1,164.4,63.6,23.4,70,115,36,42,42,210,3,23.53171009
31,0,168.1,59.3,16.3,73,118,28.5,22.5,42,174,3,20.98549736
60,1,160.8,53.8,19.8,92,133,24.4,5,42,150,1,20.80703448
55,1,171.2,68.3,19.6,93,144,40.2,19.5,42,208,2,23.30307232
32,1,177.1,78.4,20.7,92,137,43.5,16.6,42,214,2,24.99648487
46,1,169.7,75,23.4,98,159,48.4,14.1,42,193,0,26.04339385
29,1,170.4,64.7,23.1,83,124,38.1,20.2,42,182,0,22.28256078
22,1,168.8,68.1,29.1,75,154,33.6,19,42,230,1,23.90023809
58,1,176.1,78.5,20.9,84,148,48.3,16,42,205,0,25.31342698
42,0,156.1,51.3,26.3,73,118,35.1,23.5,42,186,3,21.05288213
24,0,155.2,60.1,31.3,65,116,20.6,24.8,42,177,2,24.95117706
30,0,162.6,59.6,24.2,67,133,31.1,24.6,42,177,3,22.54266085
23,1,170.9,72.5,29.2,88,138,30.3,8.4,42,211,0,24.82297793
40,1,177.3,75.3,18.1,88,138,42.9,14.4,42,208,2,23.9539702
36,0,159.1,54.6,28.8,96,151,25.3,16.2,42,174,2,21.5701062
55,1,174,80.9,22.9,81,147,55.3,16.6,42,209,3,26.72083498
45,1,173.6,79.3,24.2,85,127,58.1,15.1,42,224,2,26.31320478
23,0,164.5,46.4,26.3,77,108,24.4,24.9,42,163,1,17.14692215
37,1,166.5,70.8,25.4,86,140,47.2,16,42,224,2,25.53905257
27,1,167.9,62.3,18.1,80,120,30.1,8.8,42,217,1,22.09971405
62,1,167.2,67.4,23.6,72,122,37.2,21.1,42,187,3,24.10945262
35,1,163.1,58.42,17.3,77,125,35.1,16.3,42,214,2,21.96107679
37,0,155.2,46.4,22.3,102,159,24.8,29.1,42,192,3,19.26347114
35,1,174.1,65.4,17.4,84,143,44.4,6.9,42,218,1,21.57646068
40,1,178.4,80.3,26.9,97,148,9.4,15.3,42,206,0,25.23049931
63,1,164.9,61.3,22.2,79,140,32.1,7.3,42,178,1,22.54338683
42,1,180,78,21,84,128,52,12,42,230,2,24.07407407
23,1,179.9,78.9,15.6,98,140,44.8,10.9,42,222,0,24.37893203
47,1,167.3,64.3,20.2,59,122,41.3,9.7,42,195,2,22.97307291
28,1,171.6,69.8,21.3,82,131,45,7.1,42,211,1,23.70395727
30,0,163.1,63.3,33.7,70,117,28,13,42,121,1,23.79555222
31,0,167.5,56.2,26.1,86,125,26.5,19.4,42,151,3,20.03118735
24,0,163.1,48.4,21.1,68,115,18.9,22.7,42,178,2,18.19438748
21,1,173.4,60.4,14.2,92,129,38.8,12.8,42,212,1,20.08809494
22,1,183,72.9,16.3,64,128,48.9,2.1,42,212,0,21.76834184
25,0,166.4,58.04,27.4,55,107,31.6,20.1,42,175,3,20.96142289
21,1,184.7,66.8,20.1,82,138,36.1,-1.1,42,208,0,19.58135187
27,0,162.1,70.9,35.7,97,148,30.6,11,42,157,0,26.98237697
28,1,163.4,59.7,15.8,82,128,37.3,10.8,42,211,1,22.35991904
26,1,181.1,72.12,19.4,87,133,49.4,9.5,42,214,1,21.98967534
37,0,156.1,53.8,31.1,81,122,23.7,21.1,42,160,2,22.07885105
31,1,175,95.7,36.6,81,128,52.6,6.5,42,204,0,31.24897959
26,1,170.4,66.9,17.2,78,122,39.1,9.1,42,199,1,23.04023673
21,0,160.9,48.04,18.4,69,102,25,21.5,42,170,3,18.55627972
25,0,169,55.7,19.4,74,115,23.5,18.8,42,183,3,19.50211827
21,1,182.8,68.9,16.4,77,135,24.9,-7,42,188,0,20.61896394
40,1,172,67.8,20.7,84,132,43.6,17.1,42,197,2,22.9177934
46,0,157.9,50.7,30.3,89,149,22.8,17.6,42,163,2,20.33497765
22,1,180.4,76.4,11.7,62,113,44.3,13.3,42,243,1,23.47579412
31,0,163.6,60.2,29.4,62,109,29.3,18.5,42,174,3,22.49209414
48,1,167.2,70.4,24,83,144,44.7,16,42,196,3,25.18257366
24,1,171.7,78.1,21.1,88,141,50.2,21.6,42,239,1,26.49173753
28,0,165.6,58.9,30.4,86,127,25.9,18.9,42,165,3,21.47803916
38,1,178.9,78.1,22.6,76,124,46.8,13.2,42,235,2,24.402277
53,1,170.2,84.2,24.5,99,156,48.5,20.3,42,193,0,29.06651606
29,1,174.6,73.2,16.8,79,115,40.8,8.5,42,218,1,24.01168306
21,1,178,85.4,30,97,128,47.8,15.2,42,198,0,26.95366747
22,0,163.8,51.9,27.1,73,132,24.8,22.2,42,176,3,19.34370066
22,1,165.8,69.4,26.8,68,112,28.8,6.8,42,131,0,25.24587445
23,1,175.8,73.5,23.1,66,123,34,-8.2,42,203,0,23.78206696
51,1,164.5,72.6,23.6,98,157,41.2,21.6,42,195,2,26.82902043
41,0,154.8,45.3,17.6,64,102,26.6,19.6,42,170,3,18.90411233
30,1,169.1,66.4,24,68,117,42.1,-6.9,42,194,0,23.2209971
21,0,161.6,57.4,27.3,46,89,24.9,15.5,42,168,2,21.98007548
29,1,174.6,92.1,28.8,76,135,50,15,42,192,0,30.2114209
33,1,170.5,68.8,21.1,87,144,43.8,10.4,42,184,2,23.66680713
48,1,170.3,80.4,23.6,82,143,43.7,13.3,42,223,2,27.72214003
31,1,168.7,70.6,23.7,102,145,52,11.3,42,212,2,24.80701652
37,1,170.7,85.8,31.9,78,141,44.4,5.6,42,224,0,29.44558898
46,1,174.8,67.6,18.8,81,133,43.8,14.1,42,192,1,22.12400966
27,1,181.4,71.6,20,82,139,42.4,13.6,42,248,0,21.75897619
28,1,183.6,88.2,20.7,77,137,55.8,7.1,42,266,1,26.16515016
37,0,167.5,67.5,28.2,85,138,33,17.4,42,179,2,24.05881043
28,0,162,60.4,31.9,71,106,32.4,13.9,42,175,2,23.01478433
23,1,172,72.4,21.4,75,133,46.3,22.8,42,212,0,24.47268794
51,1,168.9,67.5,18.9,99,151,46.7,12.7,42,182,2,23.66161991
27,1,173.7,77.2,10.1,75,128,51.1,13.4,42,246,1,25.58689951
26,0,163,52.7,30.8,62,112,27.2,19,42,170,3,19.83514622
41,1,163.2,61.9,11.9,63,127,32.4,10,42,198,1,23.24076077
38,1,170.8,78.3,34.3,91,150,43.5,16.9,42,192,2,26.84021741
23,1,178.8,80.8,20.5,83,153,47.7,13.9,42,222,1,25.2741368
51,1,166.2,70.84,22.3,83,121,48.2,15.7,42,209,3,25.6458155
21,1,173.9,72.4,22.4,80,136,46.3,10.7,42,184,1,23.94084099
48,1,170.5,66.5,23.2,81,138,45.6,15.6,42,212,3,22.87562026
32,0,163.2,55,27.6,76,124,27,25.9,42,186,3,20.65011053
24,1,177.7,82.04,25.8,99,152,42.8,10.3,42,195,0,25.98069689
54,1,169.1,65.3,23,90,150,40.3,11.2,42,208,2,22.8363119
27,1,180.7,86.5,22.9,71,129,55.4,19.5,42,241,1,26.49108843
27,0,162.6,51.5,20.8,75,112,24.4,28.5,42,168,3,19.47897708
24,1,170.9,63.1,11.7,62,115,40.2,8.4,42,229,1,21.60455045
44,1,182.2,79.44,17.3,79,152,45.8,0.2,42,180,0,23.92998852
21,0,157.3,57.9,29.8,73,114,27.1,19.9,42,199,3,23.40028347
45,1,187.5,108.1,27,89,140,45.5,6.7,42,220,0,30.74844444
43,0,158.3,54,19.1,69,107,26.6,23.1,42,154,3,21.54923861
50,0,163.7,58.2,25.6,65,119,26.8,28.1,42,158,3,21.7182899
29,0,163.8,46.7,21.8,74,122,22.4,16,42,170,2,17.40560349
30,1,170.6,70.7,21.4,93,144,38,8.7,42,217,1,24.29189304
32,1,172.7,68.34,15.3,85,142,38,23.2,42,224,2,22.91344024
57,1,174.1,68.9,18,71,108,40.3,14.1,42,207,3,22.73116423
39,1,170.7,71.7,18.1,72,138,43.5,18.7,42,222,2,24.60662855
36,1,172.5,71.8,16.4,76,130,45,21.4,42,221,2,24.12938458
24,0,166,64.4,32.3,78,128,25.1,18.8,42,154,2,23.3705908
24,0,162.9,49.6,17,73,116,22.6,28.8,42,162,3,18.69129999
22,0,157.7,50.2,25.6,68,113,25.1,24.1,42,185,3,20.18553807
25,1,161.3,59.7,27.1,60,112,39,-4.5,42,151,0,22.94592641
38,1,179.4,78.2,19.3,74,123,44.8,11,42,225,2,24.29751594
27,0,160.6,62,31.6,70,128,33.8,21.9,42,161,3,24.03812602
46,1,173.9,72.5,16.4,95,149,52.1,13.8,42,219,3,23.97390845
34,0,162.7,53.3,20.2,74,111,24.8,19.1,42,158,2,20.13502175
28,0,157.1,52.5,28.3,74,127,25,21.6,42,165,3,21.27193187
25,0,170.1,62.1,30.1,71,103,29.5,19.8,42,193,3,21.46263169
26,1,174.9,86.2,20.2,75,127,48.5,7.6,42,191,1,28.1791343
21,1,177.5,74.1,17.8,82,133,34.7,8.2,42,202,0,23.51914303
57,1,170.6,64.52,17.3,97,156,40.2,10.1,42,181,1,22.16849984
40,1,183,74.9,15.1,79,139,55.5,16.9,42,220,2,22.36555287
36,1,172.7,70.1,17.2,75,128,36.5,9.3,42,231,2,23.50354347
23,1,169.9,69.4,16.4,61,132,37.4,8.2,42,201,1,24.04211736
45,1,170.3,72.54,20.9,77,126,43,14.5,42,209,2,25.01199052
62,1,175.5,72.4,14.6,83,134,39.4,11.7,42,188,2,23.50630271
22,1,168.6,69.2,19.4,95,152,36.8,7.3,42,199,1,24.34394476
21,1,168,56.2,19.4,88,141,32.6,6.6,42,199,1,19.91213152
22,0,164,61.9,29.9,70,117,21.2,17.6,42,161,1,23.01457466
24,1,163.7,57.6,22.8,70,115,28,14.5,42,182,1,21.49439
27,1,179.5,72.7,12.1,78,135,46.4,12.2,42,232,1,22.56345
57,1,159.1,60.8,20.6,89,140,39.2,16.2,42,199,3,24.01945892
32,1,167.6,63.8,18.7,74,130,26.9,5.5,42,188,0,22.71290321
34,1,174.5,93.8,32.9,89,150,35,2.3,42,194,0,30.80434479
27,0,163.5,53.8,32,75,107,25.6,20.8,42,175,3,20.12550384
43,0,162.3,54.7,26.4,81,123,31.7,23.5,42,195,3,20.76587745
47,1,173,72.8,17.4,80,120,44.6,14.9,42,178,1,24.32423402
49,1,175.9,74.4,19.3,85,132,40.5,10.1,42,218,1,24.04591218
25,0,157.2,43.2,22.4,80,120,28.8,18.5,42,160,3,17.48149875
42,1,172.1,84.62,28,90,145,54.5,23.6,42,206,2,28.57006841
58,0,158.3,54.6,24.5,92,148,27.1,20.6,42,142,3,21.7886746
50,1,181.1,86,23.1,88,138,38.8,17,42,191,0,26.22174264
34,1,173,75,27,83,121,52,12,42,210,2,25.05930703
38,1,170,78.6,23.4,91,145,43.7,4.5,42,208,0,27.19723183
21,1,172.7,109.7,35,96,145,43.5,-8.3,42,148,0,36.78086617
23,1,171.9,65.9,15.5,67,115,52.1,16.3,42,250,1,22.30147877
28,1,181.8,114,33.1,79,137,44.9,12.7,42,225,0,34.49189803
28,0,162.5,60.8,30.8,75,106,25.6,22.2,42,172,3,23.02485207
25,0,166.7,68.1,29.3,72,106,27.4,26.9,42,186,3,24.50619654
22,1,174.5,79.4,24.1,76,134,41.7,7.8,42,195,0,26.07531958
28,0,171.8,63.6,23.3,98,139,27.5,33.4,42,189,3,21.54819002
29,1,174.3,84.12,26.5,94,145,32.3,-4.4,42,156,0,27.68882266
35,1,169.8,70.82,25.1,76,115,45.2,12.6,42,219,2,24.56295149
22,0,168.8,52.1,21.7,71,127,22.8,23.7,42,182,3,18.28491049
22,1,180.2,72.7,15.8,81,143,47.9,14.4,42,212,1,22.38849176
28,1,179,64.2,18,80,119,30.7,8.6,42,189,1,20.03682781
24,0,166.6,51.3,19.43861,72,118,26.9,19.2,42,184,2,18.48278327
21,1,171.8,78.1,15.1,66,124,37.2,14.8,42,228,1,26.4609063
28,0,167.2,71.1,32.3,72,136,26.3,20.1,42,128,0,25.43296857
21,0,162.2,54.1,28.5,82,117,23.8,11.5,42,178,1,20.56343039
22,0,161.4,60.4,36.2,72,115,27.6,9.6,42,162,0,23.18621602
27,1,172.6,72.3,12.4,89,138,50.2,8.3,42,180,1,24.26927007
24,1,173,72.8,20.4,81,120,47.3,13.6,42,230,1,24.32423402
35,1,178.3,61.12,19.2,89,148,46.2,3.9,42,200,0,19.22563351
31,0,168.3,53.2,23.1,88,127,28.7,20.7,42,156,3,18.78206764
45,1,172.5,77.8,27.6,76,126,47.5,15.6,42,203,2,26.1457677
23,1,171.2,67.4,15.2,81,134,47.8,7.6,42,239,1,22.99600402
33,1,187.3,85,19.2,89,134,51,6.5,42,201,1,24.22943968
38,1,166.9,65.8,23.4,79,130,38.3,15.8,42,225,1,23.62181263
38,1,171.5,66.3,19.4,85,150,47.2,10.9,42,214,2,22.54162806
26,1,179,81.72,24.4,80,131,42.9,10,42,189,1,25.50482195
47,1,173.9,77,21.2,82,130,54.8,5.6,42,199,1,25.46194415
26,0,156.5,50.8,30,77,118,27.8,25.2,42,194,3,20.74125489
22,0,156.5,44.5,25.3,64,107,21.7,17.7,42,155,2,18.16901265
26,1,163.1,64.8,30.4,92,129,31.2,14.8,42,182,1,24.35942787
41,1,168.1,60.1,18,86,142,41.7,12.2,42,195,2,21.26860693
24,0,166.9,54.3,20.7,86,122,28.8,19.9,42,190,3,19.49338033
28,0,166,59.1,23.4,82,120,30.8,23.6,42,186,3,21.44723472
30,1,182.1,80.34,13.8,96,158,51.3,17.9,42,244,2,24.22768597
41,0,165.7,50.1,20.5,90,128,30.6,20.6,42,190,3,18.24705197
26,0,164.7,61.1,26.7,70,108,32.9,22.2,42,197,3,22.52444049
36,1,170,73.5,19.5,64,116,41.7,24.7,42,213,2,25.43252595
25,0,156,46.8,20.2,77,128,22.1,21.9,42,179,3,19.23076923
26,1,176.4,64.4,16.1,83,133,32.8,6.7,42,226,0,20.69610913
47,0,158.2,53.9,25.1,73,143,25.8,17.3,42,167,2,21.53653379
23,0,168.8,56.1,20.6,82,134,34.1,24.3,42,181,3,19.68874239
21,1,171.1,65.5,15.2,69,148,36.8,16.4,42,203,1,22.37387879
55,1,170.1,59.3,15.3,79,150,28.4,14.2,42,162,0,20.49491239
31,1,169.8,72.5,20.8,85,148,45.7,17.6,42,211,2,25.14563659
32,0,151.6,54,31.1,73,120,33.3,21.3,42,160,3,23.49607703
40,1,166.7,64.7,25.5,82,128,37.3,21.2,42,221,2,23.28268599
28,1,161.9,68.32,28.9,80,120,38.8,12,42,190,0,26.0647858
43,0,158.7,65.4,28,87,142,33,25.2,42,182,2,25.96712657
24,1,174.7,72.1,16.5,79,132,46,15.8,42,217,1,23.62378355
21,1,179.5,84.9,19.6,88,138,45.5,19.8,42,253,1,26.34988866
58,1,166.7,73.5,29.3,82,121,35.6,19.7,42,190,0,26.44941917
30,1,178.4,84.9,23.4,88,140,45.2,16.7,42,192,1,26.67583301
31,0,168.8,62.9,25.9,92,136,30.7,25.1,42,186,0,22.07525662
46,1,175.9,78.9,20.9,65,116,47.6,8.6,42,200,1,25.50030203
21,1,169.7,65.6,20.2,84,131,39,18.7,42,208,1,22.77928849
60,0,152.4,45.3,20.1,83,147,25.3,25.2,42,139,2,19.50420568
28,0,158.1,55.52,29.1,65,118,25.2,16,42,162,2,22.21190041
26,0,161.5,56.5,23.6,66,120,35.6,22.9,42,166,3,21.66224156
21,0,158.6,55.9,29,74,117,26,10.2,42,166,1,22.22314101
34,1,172.8,69.28,13.6,68,116,45.2,19,42,217,2,23.20173182
28,1,177.2,73.6,24,70,130,38.9,8.3,42,210,1,23.43960988
61,1,174.5,81,19.5,86,152,59.1,10.2,42,168,2,26.60076682
22,0,165.6,52.58,29.2,80,111,25.1,20.9,42,178,3,19.17343462
36,0,157.8,57.5,32.3,78,125,30.6,23,42,160,2,23.09159048
25,1,171.4,74.5,16.6,84,130,43.3,15.3,42,140,1,25.35914679
24,0,163.5,68.1,35.3,79,112,30.7,12.8,42,152,0,25.4748478
23,0,166.5,57.5,34.1,86,126,25.8,18.8,42,178,2,20.74146218
43,1,173,70.3,23,90,120,32.1,10.6,42,192,2,23.48892379
59,1,165.2,57.8,10.1,74,131,36.5,21.8,42,199,3,21.17911227
27,1,180.4,86.5,24.2,66,123,44.3,3.1,42,214,0,26.57926952
30,1,169.9,76,24.3,70,123,43.1,13.7,42,222,1,26.3285435
30,0,166,59,25.1,73,114,24.2,18.7,42,186,2,21.41094498
28,0,164.5,48.9,15.7,82,124,30.8,23.2,42,186,3,18.07078649
60,1,173.8,76.1,21.7,99,158,49,14,42,190,2,25.19330315
27,0,167.5,70.48,29.1,81,110,28.7,25.3,42,167,2,25.12096235
24,0,156.7,45.7,21.9,87,119,24.2,18.5,42,168,1,18.61136417
24,1,167.7,63,20,70,128,38.9,9.2,42,197,1,22.401362
29,1,169.1,71.3,24.5,79,134,42.6,5.8,42,217,1,24.93459477
29,0,160.7,47.5,22.2,81,107,19.5,18.3,42,170,2,18.39339325
48,1,163.1,60.8,17.9,78,126,38.2,14.3,42,232,3,22.85575948
31,0,153.3,42.1,18.7,75,129,21.6,14.7,42,162,2,17.91421516
21,1,179,79.4,20.1,77,118,34.7,8,42,207,1,24.78074966
22,0,161.4,54.2,27.5,73,142,29.6,25.4,42,206,3,20.80617398
62,1,170.8,76.9,20.9,64,121,42.8,20.3,42,194,1,26.36031569
60,1,174.6,72.4,19.6,78,123,46.4,21.7,42,200,3,23.7492603
47,0,168.7,54.9,11.9,72,111,32.3,24.8,42,190,3,19.29044203
46,1,170.9,68.8,22.9,94,151,31.8,9.5,42,180,1,23.55615009
52,0,147.3,57.7,29.6,81,135,18.8,14.2,42,152,0,26.59318284
27,0,174.8,71.2,28.3,56,93,28.1,13.8,42,190,2,23.30221135
26,0,161.3,49,22.1,69,116,18.5,10.4,42,166,1,18.83333993
35,0,161.4,52.6,23.4,72,101,31.1,21,42,183,3,20.19196958
22,1,179.8,82,12.4,79,142,50.1,14.2,42,201,1,25.36497728
51,1,179.8,78.56,21.9,94,156,47.2,13.9,42,196,2,24.30088555
25,0,156.3,48.6,26.5,73,138,22.8,29.8,41,155,3,19.89382591
21,0,164.4,48.1,16.9,63,112,26.5,29.4,41,215,3,17.79678074
42,1,180.2,73.3,20.4,95,140,53.7,26,41,211,1,22.57326611
23,0,164.7,62.5,31.4,77,121,23.2,14.7,41,165,1,23.04054879
62,1,165.6,67.6,25.7,84,152,40.5,9.8,41,188,2,24.65051693
60,1,172.5,76,23.1,86,154,47.3,16,41,206,3,25.54085276
27,1,168.6,67.2,23.7,77,123,45,11.6,41,223,1,23.64036254
22,0,163.8,54.2,28.4,96,151,23.6,19.4,41,155,2,20.20093595
51,1,174.5,71.2,21.2,92,136,40.7,13,41,203,1,23.38240244
56,0,149,46.7,23.2,95,157,25,28,41,186,3,21.03508851
21,0,158.4,48.9,22.7,81,128,25,21.4,41,163,3,19.48940159
28,1,171.4,76.8,25.1,84,130,47.8,23,41,217,0,26.14204662
35,0,158.3,70.1,32.8,72,124,29.1,21.4,41,149,0,27.9741042
29,0,161.4,61.8,29.8,57,118,24.6,18.7,41,168,2,23.72364487
59,1,165.7,57.6,13.6,60,124,33,13.5,41,186,3,20.97864658
26,0,164.5,63.2,28.2,83,131,35.9,18.6,41,166,3,23.35529051
30,0,167.2,61,34.3,69,97,29,20.5,41,170,3,21.82012774
21,1,157.5,45.5,11.2,80,133,31.1,4.6,41,216,0,18.34215168
44,1,185.6,87.1,19.5,99,159,51.6,14.2,41,225,2,25.28495652
23,0,152.7,48.08,27,66,126,29.3,21,41,182,3,20.61989193
46,1,168.4,75,19,74,119,44,16.4,41,195,2,26.44704103
26,1,171.1,72.7,26.3,84,145,38.9,7.2,41,199,1,24.83329752
25,0,163.5,54.5,25,79,112,26.1,25.4,41,175,3,20.38735984
30,1,167.2,60.6,22.3,87,141,44.9,9.6,41,193,2,21.67704494
27,0,163.2,53.8,23.3,88,148,29.1,20.1,41,201,3,20.19956267
49,1,167.7,72,24.9,86,129,43.1,21,41,209,2,25.60155657
56,1,178,71.9,17.6,76,133,29.6,4.9,41,175,1,22.69284181
37,1,178.8,86.1,22.1,92,150,36.8,16.7,41,209,0,26.93197003
21,0,171.5,52.5,22.7,74,120,32.8,20.7,41,185,3,17.84970548
21,0,159.6,65.9,33.8,78,128,27.2,15.7,41,174,0,25.87138272
28,0,163.7,51.4,21.5,63,103,22.6,7.8,41,158,0,19.18075774
64,1,155.6,59,28.8,87,158,34.1,-0.5,41,171,0,24.36872609
39,1,174,82.1,24,90,132,41.5,7,41,223,1,27.11718853
55,1,165.3,72.16,14.1,70,116,37.7,14.5,41,212,1,26.40893073
42,1,176.9,69.5,20,77,123,37.3,13,41,188,1,22.20900689
49,0,157.6,46.9,22.8,55,101,24.1,20,41,155,3,18.88254013
33,0,159.5,48.7,19.1,61,100,28,10,41,191,1,19.14289364
45,1,172.5,85,31.1,84,135,41.6,8.5,41,195,0,28.56542743
29,0,164.6,53.6,21.3,60,114,29.5,23.3,41,162,3,19.78359114
24,1,167.2,58.1,16.7,86,143,26.8,5.9,41,151,0,20.78277741
32,0,156.3,61.7,29.7,88,124,27.7,21.7,41,165,3,25.25615348
21,1,173,81,26.4,70,130,47.2,6.1,41,195,0,27.06405159
28,1,175.5,73.1,23.4,78,128,46.1,12.6,41,227,1,23.73357359
25,1,181.8,80.9,31.1,92,130,33.5,14.5,41,245,0,24.47714518
46,1,171.8,55.8,11,76,118,38.6,14.1,41,216,3,18.90548747
51,1,170.8,70.1,24.1,85,122,38.9,18.4,41,213,3,24.0293645
35,1,180.7,74.5,19.2,81,117,30.9,8.4,41,185,1,22.81602414
56,1,154.9,55.6,26.1,94,156,24.5,8.5,41,163,1,23.17245012
34,1,176.7,83.6,25.6,81,129,44.6,-12.5,41,215,0,26.77522805
25,1,177.8,68.5,17,98,146,40.9,19,41,191,1,21.66841068
36,1,172.3,87.5,29.6,80,137,40.6,12.5,41,200,2,29.4738927
28,0,159.8,62.68,34.3,96,130,29,22,41,164,3,24.5457009
25,0,173.8,61.9,23.5,60,115,27.9,24,41,163,3,20.49231886
59,1,173,67.4,20.9,86,160,40.5,14.9,41,208,3,22.51996391
21,0,161.7,63.3,32.8,86,116,30,23.7,41,180,3,24.20938016
21,0,162.4,62.2,33.9,69,121,29.3,22.2,41,185,2,23.58404717
22,0,176.6,54.8,23.7,78,128,27.9,20,41,195,3,17.57110848
21,0,166.6,65.42,30.9,70,130,29.4,25.9,41,181,2,23.57005227
41,0,170.4,63.8,27.2,87,127,27.5,25.8,41,168,2,21.97260244
45,1,176.6,58.88,11.2,86,147,41.8,27.4,41,209,3,18.8793224
37,1,175,63.7,17.1,76,113,40.7,9.1,41,220,1,20.8
38,1,178.4,83.02,14.6,64,118,44.8,20.7,41,226,2,26.08513141
59,1,171,66.2,15.6,96,129,37.1,15.6,41,184,3,22.63944462
64,1,164.3,66.82,15.8,78,141,43.3,19.3,41,178,3,24.75319963
23,1,169,86.22,33.9,68,124,42.8,5.4,41,198,0,30.18801863
44,1,170.5,71.6,22.5,71,117,52.1,11.3,41,195,1,24.62999114
40,1,172,77.3,21,79,118,55.1,16,41,186,1,26.12898864
21,0,166.2,74,35.7,66,125,36.8,14.8,41,186,0,26.78981292
44,1,170.2,70.4,20.4,92,132,39.4,9.8,41,224,2,24.30264526
31,0,164.5,51.84,19.9,75,124,24.2,21.2,41,196,3,19.15725095
40,1,171.3,75.2,20.7,64,111,44.4,15.4,41,220,2,25.62731545
60,1,168.8,66.7,19.2,83,131,50.3,18.6,41,198,3,23.40889693
22,1,168.4,80.2,25.6,66,141,44.3,17,41,209,0,28.28070255
24,1,184.6,82.4,21.2,78,120,43.5,-0.8,41,224,0,24.18041879
30,1,176.6,92.3,24.5,87,130,54.7,13.9,41,227,1,29.59513344
30,1,182.5,77,24.3,83,125,40.8,0.3,41,204,0,23.11878401
23,1,169.6,55.3,14.4,80,147,34.6,3.1,41,236,0,19.22531372
44,0,156.2,49.8,23.7,60,115,22.4,26.6,41,128,1,20.41114104
40,0,158.6,51.7,32.5,70,128,20.4,11.5,41,154,1,20.55342379
23,1,168.1,84.8,34,92,143,36.7,-7.9,41,183,0,30.00961511
40,1,170,71.9,25.4,85,134,44.6,5,41,195,1,24.87889273
60,1,190.9,70.3,19.1,90,156,40.3,12.9,41,198,3,19.29049928
52,1,182,80.7,22.3,98,153,43.2,8.6,41,185,1,24.36299964
45,1,173.7,60.4,16.4,60,114,42.9,19.7,41,196,2,20.01876594
54,1,170.5,72.3,24.5,87,156,36.4,13.8,41,180,2,24.87078714
47,0,159.6,53.5,23.2,95,154,29.2,28.8,41,157,3,21.00332284
28,1,182.4,97.3,29.8,75,139,49,1.9,41,204,0,29.24577755
27,1,179,69,13.2,61,107,41.6,13.2,41,207,1,21.5349084
21,0,160.3,58,26.2,80,109,24.4,31.2,41,226,1,22.57152742
57,1,160.5,66.62,24.6,93,135,47.6,15.8,41,196,3,25.86155026
56,1,167.7,65.66,18.4,74,110,41.9,15.6,41,184,2,23.34719729
45,1,174,80.8,21.5,75,123,51.4,9.1,41,200,2,26.68780552
34,1,168.8,65,19.5,91,134,48.7,12.3,41,225,1,22.81226837
25,0,158.3,48.22,24,73,119,27,21.1,41,171,3,19.24267196
35,1,176.4,77.7,21.2,74,129,34,11.7,41,213,1,24.97030558
28,0,162.6,53.5,23.4,77,123,25.5,19.9,41,176,3,20.23544221
58,1,162,62.7,24.6,70,130,34.4,15.5,41,191,3,23.89117513
36,1,165.2,55.4,11.4,74,119,38.8,12.9,41,219,2,20.29970276
26,1,169.3,67.9,18.8,81,144,44.8,17,41,234,1,23.68949802
23,1,177.1,81.1,16.2,62,112,40.9,19.2,41,223,0,25.8573332
55,1,164.3,56.8,18.4,79,117,34.1,9.7,41,201,2,21.04133103
27,0,164.8,50.4,16.8,61,110,26.5,25.5,41,181,3,18.55735696
24,0,154.1,42.1,22.2,88,128,20.7,23.4,41,179,2,17.72869703
21,0,165.4,63.5,33.6,90,138,28.8,19.8,41,172,2,23.21147371
55,1,173.5,74.4,24.6,85,132,39.4,13.7,41,195,1,24.71576045
48,0,167,61.4,18.6,85,134,26.1,24.4,41,178,3,22.01584854
38,0,162.1,64.1,20.8,80,148,30,17.8,41,210,2,24.39450442
27,1,171.9,94.7,37.5,97,146,42.1,-4.6,41,184,0,32.04780029
56,1,168.6,68,17.6,69,129,44.3,20,41,178,3,23.92179543
49,1,179.3,75.8,15.7,90,149,43.8,14.2,41,220,3,23.57809029
27,1,164.7,59.1,30.5,81,144,26.8,24.1,41,151,0,21.78714293
41,1,170.6,70.3,20.1,95,145,48.2,14.2,41,189,2,24.15445658
51,1,165.9,59.9,16.7,60,111,35,18,41,181,3,21.76376613
45,1,175.1,71.7,19.7,82,129,46.6,14.8,41,206,2,23.38551096
25,0,168.8,62.1,22.5,62,115,28.8,23.8,41,196,3,21.79449024
23,0,159.1,69.88,32.3,65,109,27.9,20.1,41,169,2,27.60657548
44,1,172.8,74.32,20.6,66,142,50.1,18.1,41,224,2,24.88961763
29,0,162.9,57.9,31,85,137,28.6,24.7,41,159,2,21.81907801
38,1,169.9,73,23.6,97,140,44.4,10.7,41,189,1,25.28925889
22,0,156.3,49,25.3,75,115,22.2,23.3,41,179,3,20.05756111
53,0,170,58.4,18.4,99,124,25.4,28.5,41,157,3,20.20761246
21,0,170.9,62.7,21.3,75,121,24.9,19.8,41,198,3,21.46759608
22,1,176.1,71.2,14.7,80,134,37.7,6.8,41,168,0,22.95943951
22,1,191.9,92.8,24.8,87,136,42,-11.2,41,220,0,25.19985412
29,1,169,73.5,28.7,61,115,47.7,18.8,41,204,0,25.73439305
32,1,177,72.6,16.5,83,146,48.2,14.7,41,237,2,23.1734176
34,1,179,96.1,30.8,74,125,34,3.4,41,193,0,29.9928217
31,0,162.1,64.7,35.9,72,118,26.7,18,41,139,1,24.62284612
22,0,160.2,56.9,26.5,64,111,28.6,23.4,41,174,2,22.17110011
24,0,170.4,63.4,27.6,72,126,29.4,21,41,157,3,21.83484317
30,1,192,99.5,26.9,73,135,50.5,-8.2,41,138,0,26.99110243
40,0,168.5,58.4,22.1,82,153,28.8,25.7,41,217,3,20.5689933
26,1,171.3,78,23,96,152,43.5,20,41,227,1,26.581524
31,1,167.8,61.36,27.3,80,115,40.6,10.9,41,203,0,21.79221816
45,1,178,71.6,19.9,82,126,36.4,13.5,41,212,2,22.5981568
23,0,160.7,45.2,17.6,67,107,17.7,19.9,41,155,3,17.50276579
35,1,168.8,72.7,21.7,68,118,39.1,19.6,41,197,2,25.51464477
38,1,179,79.6,15,81,145,48.3,19,41,226,1,24.84316969
37,1,181.2,95.1,27.6,83,130,51.9,16.4,41,208,2,28.96437291
48,1,168.5,61.6,20.1,86,117,32.9,9.1,41,226,1,21.69606143
59,1,178.2,78.8,23.8,98,152,37.4,19.9,41,182,0,24.81480222
31,1,173.8,67.6,17.1,99,131,37.4,14,41,227,2,22.37933368
44,1,180.5,78.7,24.1,81,131,51.5,10.2,41,221,1,24.15573852
26,0,157.9,49.5,21.6,77,117,31.4,21.2,41,165,3,19.8536764
28,0,157.1,52.1,25.2,73,116,22.6,14.7,41,167,2,21.10986001
37,1,172.5,70.3,18.3,81,141,41,20.4,41,220,2,23.6252888
45,1,174.9,81.1,25.7,86,133,51.3,8.5,41,215,0,26.51192334
28,1,184.1,72.98,17.7,83,121,45.5,15.5,41,247,1,21.53259054
28,0,164,56.3,25.1,73,123,28.3,23.7,41,139,3,20.93248067
34,1,190.5,101.1,20,76,140,50.7,-0.5,41,227,0,27.85872238
23,1,172.6,63.1,15.5,79,136,40.6,-1,41,234,0,21.1810642
43,1,177.2,76.3,12.2,94,139,37.7,9.7,41,198,2,24.29948688
57,1,170.9,63.68,13.5,83,140,39.6,18.4,41,198,3,21.80313427
39,1,181.4,84.9,21.2,72,125,51.7,17.3,41,203,1,25.80079718
32,1,173.5,85.3,30.3,86,133,49.1,13,41,198,2,28.33675224
24,0,163.7,70.2,27.3,67,120,31.5,24.2,41,153,2,26.19628781
51,1,170.5,67.9,15.6,95,144,45,21.6,41,225,3,23.35721227
21,1,172.7,73,16.4,62,126,41.6,11.2,41,231,0,24.47587266
48,1,169,63.5,24.6,99,150,44,19.1,41,214,3,22.23311509
39,1,165.7,69.6,13.4,88,140,53.3,19.2,41,206,2,25.34919795
31,1,181.2,85.2,23.3,80,116,37.5,15.3,41,205,1,25.94915428
28,0,158.4,55.4,26.6,61,116,31.6,26,41,190,3,22.08001735
47,1,177.3,71.9,19.4,67,132,40,0.8,41,207,0,22.87238324
26,0,164.9,62.6,28.8,76,122,32.6,11.1,41,156,1,23.02146844
40,0,155.8,51.9,26.3,86,124,26.2,20.3,41,176,3,21.38121847
48,0,162,46.8,20.3,87,122,25.4,29.6,41,170,3,17.83264746
25,1,174.4,68,9.2,72,153,50.5,26.5,41,228,1,22.35712482
21,1,173.3,69.2,23.3,66,126,40.3,-11.4,41,169,0,23.04140561
24,1,173.5,80.7,24.6,96,140,37.2,9.7,41,222,0,26.80862726
24,0,153.8,51.3,31.9,57,111,23.3,19.7,41,161,2,21.6872604
62,1,166.3,63.7,23.9,80,123,39.7,9.6,41,178,2,23.03323475
28,0,162.1,45.48,20,73,124,23.4,13.8,41,178,2,17.30830049
30,1,173.4,83.6,27.2,85,147,45.8,18.7,41,226,2,27.80405194
28,0,162.1,52.9,22.7,75,130,31.4,25.5,41,160,3,20.13212612
38,1,174.9,90.9,36,90,140,48.7,11.3,41,183,2,29.71558362
30,1,165,75.6,27.5,91,136,39.3,3.5,41,200,0,27.76859504
21,0,168.2,55.7,22,65,115,25.2,26.3,41,190,3,19.68807306
26,1,175.6,71.1,20.7,74,116,41.2,7.9,41,195,1,23.05794387
52,0,152.1,49.5,30,79,130,19.7,25.5,41,110,1,21.39669868
43,1,173.8,85.5,28.6,98,153,44.6,9.6,41,208,0,28.30522233
32,1,174.2,77.9,20.3,93,159,44.4,13.4,41,223,1,25.67090363
49,1,168.1,64.1,18.9,90,157,40.3,16.9,41,198,2,22.68415482
30,0,161.9,46.8,19.4,66,112,25.3,20,41,188,3,17.85468348
23,1,173.6,85.7,23.7,91,146,51.3,9.1,41,249,0,28.436843
47,1,172.8,81.7,24.8,77,122,43.6,7.5,41,189,1,27.36116469
50,1,179.3,85,21.1,78,135,53.5,18.8,41,217,3,26.43981101
38,0,168,63.6,25.7,87,146,27.3,24.5,41,175,3,22.53401361
28,0,165,61.44,30.6,85,143,31.9,17.6,41,171,2,22.56749311
30,1,167.1,76.92,25.6,84,145,36.9,14.9,41,217,2,27.5477654
43,1,169.4,69.7,25.7,87,149,38.5,15,41,222,2,24.28879482
31,1,175.9,68.8,11.9,73,151,56.9,15,41,230,2,22.23600481
27,0,164.1,48.9,27.6,74,123,22.7,20.8,41,163,2,18.15899032
43,1,176.6,59.6,9.3,87,137,43.6,20.6,41,229,2,19.11018368
40,0,160.4,78.1,35.5,82,119,34.3,18,41,170,0,30.35584356
26,1,175.7,69.8,22.1,94,136,46.2,12.8,41,238,1,22.61059024
28,0,166.6,63.1,34.4,83,117,32.4,23,41,171,2,22.73418371
26,1,167,61.2,25.7,80,121,36.1,17.5,41,223,1,21.94413568
49,0,158.5,63.8,36.5,79,145,25.9,18,41,127,0,25.39581447
29,1,187,88.2,21.4,76,132,43.9,17,41,232,0,25.22233979
30,0,157.7,54,34.7,72,119,26.7,13.4,41,148,1,21.713527
47,1,165.1,71.8,25.5,94,144,41.7,11.1,41,211,2,26.34088108
21,0,162.4,49.2,21.3,92,124,22.8,28,41,186,3,18.65490548
28,1,176.2,70.3,18.7,54,110,40,-10.6,41,222,0,22.64349793
22,1,180.3,73.6,27,83,123,37.7,-2,41,163,0,22.6405181
24,0,157.1,60.3,30.6,86,130,31.9,20.2,41,186,2,24.43233317
21,0,172,74.3,25.9,62,129,32.6,19,41,200,2,25.11492699
22,0,162.3,64.6,27.5,72,101,34.5,23.9,41,200,3,24.52423553
46,1,177.8,83,20,94,144,46.4,13.5,41,182,1,26.25515455
28,0,157.3,53.8,26.1,83,143,28.4,21.1,41,165,3,21.74326858
21,1,172.3,62.8,16.2,87,127,42.1,7.6,41,205,0,21.15383385
47,1,174.8,77.4,18.2,79,126,18,14,41,205,3,25.3313365
24,0,166.4,60.4,30.7,74,119,31.2,14.1,41,165,1,21.81374815
35,1,175.4,73.9,24.9,85,119,45.7,15,41,223,2,24.02067794
40,0,155.9,56,23.6,92,128,25.9,26.1,41,183,2,23.04070676
41,1,173.2,67.5,13,83,130,49.9,18,41,227,2,22.50132008
47,1,164.8,81.9,33.3,94,156,45.9,16.5,41,185,0,30.15570506
62,1,162.4,61.7,23.1,74,112,36.9,8.6,41,169,2,23.3944648
35,1,175.1,74.2,25.5,81,138,38.8,7.1,41,198,1,24.20090535
53,1,174.8,84.1,18.4,81,140,50.7,6.3,41,186,1,27.52410077
56,1,175.2,73.5,15.8,87,149,42.6,18.3,41,172,2,23.94523675
39,1,172.4,68,21.2,92,138,38,17.8,41,230,1,22.87886047
43,1,172.6,67.9,20,97,146,40.2,14.7,41,225,2,22.79230204
33,0,159,45.1,15.2,90,119,22.7,23.2,41,166,3,17.8394842
40,0,158.2,55.9,24.9,60,106,31.3,23.7,41,163,3,22.33566306
21,0,163.7,56.3,21.9,83,116,30.3,17.3,41,172,2,21.00927356
59,1,175.4,60.3,10.1,75,107,39.2,16.1,41,195,3,19.60009309
57,1,158,58.4,22.2,65,118,39.9,23.3,41,187,3,23.39368691
28,1,173.9,64.7,15.1,79,123,41,5.4,41,237,1,21.39464658
21,0,155.9,42,21.9,60,84,19.9,17.2,41,177,2,17.28053007
23,0,161.3,63.7,27.8,74,121,28.1,25,41,171,2,24.48334191
23,0,167,52.1,15.3,49,88,29.1,19.9,41,175,3,18.68120047
29,0,164,60,32,81,120,32,21,41,207,3,22.30814991
22,0,158.4,49.6,25.8,76,121,22.5,21.9,41,163,3,19.76839098
27,0,159.3,50.9,28.3,58,124,27,6.5,41,118,0,20.05793551
28,1,169.7,65.2,24.4,79,130,36.5,9.9,41,179,1,22.64039039
40,1,179.8,80.3,24.3,92,150,49,19.5,41,228,2,24.83911799
25,0,163.5,66.62,30.1,83,128,26.4,17.9,41,162,2,24.9212094
28,0,159.1,49.1,21,71,118,27.3,11.3,41,135,1,19.39729331
22,0,159.1,49.5,21.5,64,104,24.3,26.6,41,162,3,19.55531606
31,1,170.3,76.3,16.3,81,138,37.3,11.6,41,212,1,26.3084488
23,1,174.8,89,26.9,89,145,45.1,9.1,41,228,0,29.12776419
21,1,176.2,86.72,30.3,92,157,35.5,-4.5,41,185,0,27.93234909
56,1,169.2,64.7,16.7,77,131,38.7,15.7,41,200,2,22.59974627
21,0,160.1,53.8,26.8,64,112,23.7,21,41,177,3,20.98938008
23,0,162.7,53.8,20.1,70,130,35.1,26.5,41,196,3,20.32390564
37,1,170.5,69.3,23.8,80,120,40.1,4.3,41,186,0,23.83880428
36,1,180.7,78.9,22.2,64,123,40.5,6,41,198,1,24.16354771
62,1,164.7,66,20.5,68,150,32.7,10.8,41,195,2,24.33081952
24,0,167.5,58.5,26.4,95,133,36.1,29.1,41,209,3,20.85096904
45,1,171.6,72,24.9,99,147,46.2,12.2,41,206,2,24.4510734
60,1,172.4,65.8,20.7,84,151,39.4,16.8,41,175,3,22.13866204
22,0,157.5,57.4,31.4,63,127,26.3,16.1,41,191,2,23.13932981
33,1,179.4,65.9,17,64,120,41.6,17.8,41,231,1,20.47578389
56,1,172.8,67.5,20.8,78,144,35,16.6,41,199,2,22.60561343
29,1,174.3,74.4,15.7,85,159,52.2,15.7,41,232,1,24.48940093
26,1,174.9,86.9,29.1,92,142,34.6,13.1,41,219,0,28.40796718
50,1,163.9,57.8,15,76,143,42.3,17,41,221,3,21.51641595
57,1,168.5,69.3,17.9,88,144,31.9,21.2,41,203,1,24.4080691
46,1,172.2,77.4,24,85,144,42.2,23.8,41,205,1,26.10205296
25,1,168.8,70.6,22.1,84,148,45.2,13.5,41,200,1,24.77763303
21,0,163.8,58.2,23.1,80,143,24.6,19.6,41,175,2,21.69177993
34,1,172,61,15,60,106,38.6,15,41,230,2,20.61925365
27,1,175.8,81.1,24,89,129,45.9,14.1,41,201,1,26.24116504
24,1,164.3,58.3,22.9,77,107,26.9,1.1,41,183,0,21.59699998
38,1,171.1,68.3,19.8,92,136,35.1,10,41,222,1,23.33031941
42,0,157.9,48.5,19,60,116,31.7,24.3,41,186,3,19.45259203
32,1,178.6,86.4,25.4,83,133,51.9,17.9,41,205,2,27.08637167
24,0,163.7,55.3,27.3,85,112,23.8,15.3,41,158,2,20.63610707
60,1,173.6,57.9,13.7,87,147,38.3,13.5,41,189,3,19.21228949
21,1,187.9,114.8,24.5,74,132,49.5,9.1,41,182,0,32.51534211
32,0,157.4,50.4,19.6,77,133,29.6,26.8,41,166,3,20.34328486
39,1,172,74.8,13.4,80,118,51,22.3,41,247,2,25.28393726
22,0,156.3,54.9,29.4,78,127,26,26.4,41,183,3,22.4726552
29,1,180,83.9,25.5,77,129,47.6,4.4,41,183,0,25.89506173
33,1,176.2,73.6,25.8,89,133,43.1,16.8,41,219,2,23.70642173
62,1,170,78.9,27.4,87,142,42.5,7.7,41,185,2,27.30103806
27,0,153.6,53.9,33.3,78,135,23.1,23.3,41,160,3,22.84579807
54,1,172.7,78,19.6,94,124,42.7,9.7,41,215,2,26.15230229
51,1,165.7,68,24.7,65,129,39.7,25,41,212,2,24.76645777
50,0,170.2,58,23.2,75,112,28.2,18,41,170,2,20.0220657
53,1,169.3,76.7,21.8,85,140,44.6,14.3,41,211,2,26.75971278
24,1,171.9,80.1,27.5,89,135,45.9,13.9,41,173,0,27.10695674
21,0,167.3,82.3,31.7,52,127,42.7,21.9,41,172,3,29.40410421
25,0,163,67.9,34.9,70,112,28.3,26.2,41,175,0,25.55609921
22,1,169.1,59.08,12,80,120,37.1,15.1,41,246,0,20.661092
25,1,174.4,67.6,16.3,84,139,53.7,24.7,41,231,1,22.22561232
43,1,173,83.1,29.3,88,135,43.6,7.4,41,207,0,27.76571219
49,1,178,78.7,29,92,147,40.3,19,41,232,1,24.83903548
29,0,167.8,72.9,29.3,76,120,27.6,20.2,41,191,2,25.89068944
64,1,171.5,72.8,13.6,79,137,42.9,11.8,41,190,2,24.7515916
29,0,153.6,46.2,30.5,77,135,26.3,24.3,41,163,3,19.58211263
25,0,162.1,73.6,36.7,85,131,34.8,14,41,168,2,28.0099146
30,0,157.7,54.3,30.3,87,135,25.1,15.2,41,157,2,21.83415771
21,0,158.4,46.4,29.3,88,150,23.6,23,41,154,1,18.49301092
32,1,170,71.6,26.5,97,155,45.5,20.5,41,183,1,24.77508651
34,1,164.4,67.3,19.4,83,134,44.7,10.6,41,216,2,24.90069322
21,1,180.6,86.5,22.9,79,123,37.2,9.2,41,227,0,26.5204333
37,1,184.8,84.4,15.3,87,130,58.7,18.4,41,278,1,24.71374225
38,1,189,79.2,14.9,88,130,42.2,8,41,258,1,22.1718317
22,0,156.9,54.2,24.9,77,115,27.1,18.3,41,178,2,22.01675955
26,0,166.9,75.54,34,93,135,26.9,19.5,41,164,0,27.11841529
22,0,159.5,55.3,30.8,73,117,25.7,22,41,173,3,21.73720777
23,0,161,52.5,28.7,88,114,21.9,24.8,41,184,2,20.25384823
21,1,164.2,58.5,17.2,91,145,42.8,21.5,41,197,0,21.69749318
31,1,172.1,84.8,25.6,76,126,50,15.3,41,242,2,28.63084143
44,0,169.4,55.6,10.9,79,116,29.7,26.8,41,182,3,19.37527965
21,0,160.4,53.8,27.5,60,108,25.1,21.7,41,184,3,20.91093961
21,0,163.1,54.1,25.8,88,113,24,10.5,41,182,1,20.33711493
60,0,161,55.1,26.6,69,106,22.3,17.1,41,117,2,21.25689595
42,1,168,74.9,23.3,99,149,40.1,10,41,211,2,26.53769841
62,1,174.6,66.6,28.5,87,139,34.8,17.7,41,179,3,21.84669524
22,0,159.6,52.9,25.8,66,110,27.6,22,41,170,3,20.76777156
23,1,179.1,65.5,12.2,71,111,38.6,6.5,41,252,0,20.41973625
23,0,164.6,49.3,25.2,66,104,22.4,10.7,41,137,1,18.19647468
33,0,160.8,64.9,36.6,97,142,26.9,18.4,41,176,0,25.09993565
41,1,176.4,75.1,23.7,94,131,40.1,8.9,41,196,1,24.13474838
21,0,164.7,55.6,22.9,94,125,23.8,15.7,41,172,2,20.4968722
22,0,163.4,56.8,29.9,69,128,24.6,28.3,41,164,3,21.27375882
46,1,182.5,80.8,23.2,95,147,42.2,8.8,41,222,1,24.25971102
24,1,172.8,84.8,26.1,86,147,48.4,3.2,41,218,0,28.39934842
37,1,177.5,83.1,29.7,77,113,41.7,7.2,41,167,0,26.3757191
30,1,172.1,79.5,26.7,91,148,34.7,-2,40,192,0,26.84141384
56,1,170.1,61.5,22,89,148,37.7,20.5,40,195,3,21.25526327
34,1,181.1,70.5,19.4,70,131,34.1,12.7,40,217,1,21.49573089
40,1,169.8,84.1,25,93,132,57.9,19.8,40,220,2,29.16893844
29,1,172.7,72.6,27.5,82,121,35,3.3,40,213,0,24.34175829
22,1,169.5,65,20.1,60,110,38.1,16.2,40,151,0,22.62423752
62,1,174.7,71.9,23.6,74,130,41.2,16.6,40,205,3,23.55825294
36,0,166.5,53.7,25.9,84,130,27.4,18.9,40,186,3,19.37072207
55,1,170,75.5,20.6,67,114,45.4,12.5,40,216,2,26.12456747
37,1,174.1,80.2,28.2,66,122,35.6,-7.7,40,193,0,26.45920713
45,1,160,59.3,20.2,78,118,31,11.5,40,220,2,23.1640625
26,0,161.9,53.9,20.7,68,110,30.3,26,40,173,3,20.56340683
43,0,166.2,51.8,16.5,91,141,35.9,15.8,40,165,2,18.75286904
28,1,167.8,65.5,17.5,88,149,53.6,16.2,40,220,1,23.26255361
24,0,166.6,66,30.2,53,128,31.3,22,40,165,2,23.77901941
27,1,180,92.6,29.2,91,151,38.5,3.2,40,207,0,28.58024691
22,0,163.2,52.4,22.7,85,131,27.5,29.1,40,185,3,19.67392349
26,0,163.5,52,19.3,68,119,27.9,25.5,40,184,3,19.45215984
23,0,175.1,70.8,34.2,93,136,31.3,24.4,40,179,1,23.09196899
31,1,168.1,74.4,25,81,156,40.1,17.6,40,195,0,26.32919061
44,1,185.3,82.7,19,71,111,39.1,8.5,40,220,0,24.08544479
33,0,166.2,57.4,23.7,72,117,28.9,30.2,40,158,2,20.78020624
60,1,167,69.7,17.2,80,120,45.2,8.3,40,195,2,24.9919323
49,1,174.8,74.5,21.7,83,117,43.1,2.9,40,178,0,24.38222958
31,1,178.8,84.9,24.3,69,136,41.8,-2.8,40,160,0,26.55661156
58,1,172.7,70.56,20.8,61,157,42.9,23.3,40,186,3,23.657775
57,1,171.9,78.1,24.7,79,138,43.6,15.2,40,185,3,26.43012886
29,0,153.2,53.3,22.1,77,138,30.5,17,40,180,2,22.70961013
22,0,161.6,61.3,19.2,75,133,37.9,24.2,40,190,3,23.47349525
34,1,168.5,87.1,29.4,85,148,53.2,19,40,176,0,30.67738555
33,1,168.9,69.9,20.3,65,100,39.1,-10.7,40,233,0,24.50292195
22,0,165,63.86,35.3,76,129,29.4,23,40,161,2,23.456382
25,1,181.2,70.1,23.8,63,125,41.7,13.4,40,220,0,21.35018445
30,0,163.6,56.3,13.9,75,116,28,21.1,40,185,3,21.03496512
59,1,169.1,57.2,10,62,120,35.3,7.5,40,197,1,20.00363003
23,1,167.3,53.5,16.4,75,122,34.5,9.2,40,182,0,19.11445414
42,1,172.4,69.9,23.2,85,137,42.6,18.5,40,215,2,23.51812275
60,1,168.5,79.6,24.3,88,143,40.7,15.7,40,170,3,28.03581963
34,1,179.7,78.5,18.6,85,121,42.8,9.7,40,232,1,24.30935873
27,0,170.8,59.72,23.2,79,136,29.2,20.9,40,167,3,20.47123606
25,0,163.1,60.9,31.2,72,119,25.8,24.9,40,163,2,22.89335119
34,1,173.6,72.3,19.8,78,138,52,16.2,40,208,1,23.99047548
23,1,177.1,66,20.4,80,139,36.9,8,40,190,0,21.0429592
21,0,157.9,58.7,32,76,131,30.7,29.1,40,177,3,23.54365262
46,1,169.2,69.9,23.6,98,153,30,12,40,192,1,24.41610918
29,1,175.6,96.7,32.9,85,140,51.6,5.3,40,227,0,31.36010087
22,0,165.7,57,20.1,61,113,21.3,12.7,40,194,1,20.76011901
23,0,167.8,59.42,21.3,65,115,23.6,23.7,40,176,2,21.10322039
29,0,161.6,56.1,28.2,81,140,30.5,13.3,40,181,1,21.4822689
32,1,175.9,77.9,20.7,63,123,54.6,14.9,40,226,1,25.17710428
28,1,174.3,81.2,20.8,74,118,44.5,11.6,40,186,1,26.72767951
22,0,158,53.5,28.5,89,127,22.4,22.8,40,153,2,21.43086044
38,1,179.8,82.5,24.6,94,134,42.2,-2.1,40,204,0,25.51964177
24,0,172.4,65.16,29.3,65,115,32.6,19.8,40,177,3,21.92333159
24,0,158.4,53.7,33.9,81,142,22.8,19.9,40,162,3,21.40247169
26,0,162.7,51.4,22.5,57,106,22.7,15.7,40,191,2,19.417263
48,0,164,65.6,35.6,91,146,23.7,24.1,40,142,1,24.3902439
50,1,172.5,81,22.8,88,128,50.2,20.9,40,214,3,27.22117202
22,1,166.2,78.7,28.6,77,120,42.5,7.4,40,204,0,28.49132807
22,0,164.5,54.6,21.9,84,130,31.9,23.3,40,185,3,20.17719718
33,1,172.8,70.2,28.9,68,103,39.8,7.8,40,199,1,23.50983796
24,0,165.6,53.3,21.6,69,113,25.8,26.5,40,185,3,19.4359845
28,0,169,69.1,30.4,66,113,35,22.1,40,166,3,24.19383075
27,1,175.3,63.5,18.1,77,120,40.5,26.9,40,227,1,20.66378589
55,0,163.7,52,29.4,64,127,25.2,17.6,40,151,2,19.40465764
31,1,171.7,79.7,23.2,77,136,51.1,15.1,40,240,1,27.03446199
32,1,170.7,73.4,19.1,87,140,48.1,8.4,40,190,1,25.19004931
35,1,186.2,80.5,16.1,76,110,54.8,11.8,40,254,2,23.21862659
27,0,159.2,56.7,28,61,104,27.8,24.1,40,181,3,22.37159415
33,0,168,48.7,21.1,50,90,23.1,23.1,40,144,2,17.25481859
21,0,167.9,63.2,35.3,91,156,31.2,20.6,40,168,1,22.41897156
59,1,172.8,76.3,22.9,82,117,38.8,17.3,40,187,1,25.55271562
22,1,176,75.3,31.3,89,128,29.1,19.3,40,189,0,24.30914256
53,1,168.8,70.66,27.6,85,125,39.9,17.5,40,177,2,24.79869051
21,0,162.5,59.8,31.3,81,131,26.5,21.9,40,195,3,22.64615385
43,1,173.2,75.6,15.9,78,137,48,14,40,206,2,25.20147849
29,0,157.3,50.9,21.4,65,120,22.7,21.4,40,185,3,20.57123366
44,0,160,62.4,27.6,77,125,24.9,12.6,40,161,1,24.375
22,0,164.3,61.6,28.3,82,117,27,17.7,40,151,2,22.81947168
25,0,163.7,61.6,31.8,63,108,29,25,40,161,2,22.98705597
21,0,168.7,56.4,29.9,99,147,26.1,24.4,40,150,3,19.81750328
23,0,162.3,49.4,26.1,66,121,21.4,22.4,40,165,3,18.75382717
36,1,174.7,76.6,18.7,80,141,55.2,23.2,40,249,0,25.09822219
26,0,166,59.2,30.5,66,130,29.3,17.6,40,143,2,21.48352446
38,1,167.6,61.8,16.9,64,121,46.8,5.9,40,198,1,22.00089997
43,1,169.2,57.2,11,78,132,41.5,9.3,40,226,1,19.97999206
21,1,182.4,60,15,91,150,35.1,15.9,40,204,0,18.0343952
37,0,156.2,52.9,26.1,94,156,26.4,26.3,40,165,3,21.68171408
38,0,168,74,24.4,96,110,31.2,17.4,40,178,1,26.21882086
27,1,171,71.5,23,62,122,48,-0.1,40,206,0,24.45196813
60,1,169.1,63.7,23.6,86,156,33.3,10.7,40,178,2,22.27676981
38,1,180.2,74,17.5,72,131,45.5,10.9,40,213,2,22.78883618
26,0,167.1,59.2,22.4,50,93,33.7,26.9,40,180,3,21.20160831
23,0,160.6,48.8,20.2,76,121,33.3,17.3,40,203,2,18.92033145
38,0,162.1,51.7,23.5,83,118,27.9,30.6,40,166,2,19.67544273
58,1,168.1,69,21.5,98,150,42.2,19.6,40,183,3,24.41820097
27,0,166.1,58.2,26.1,61,118,29.1,28.6,40,187,3,21.09520352
50,1,171,85.9,29.1,97,148,43.5,11.6,40,225,0,29.37656031
22,1,174.3,85,26.2,60,107,50.4,16.6,40,240,0,27.97848224
21,0,167.3,55.1,34.9,83,117,20.8,21.5,40,160,1,19.68610136
26,1,173,83.8,20.2,87,139,37.9,11,40,232,1,27.99959905
29,0,165,50.5,21,76,122,34.3,31.3,40,200,3,18.54912764
25,0,156.3,53.3,26.8,50,96,28.4,12.9,40,190,1,21.81771443
21,0,154.8,49.16,18.1,69,113,23.2,16.7,40,194,2,20.51492632
21,0,161.5,57.2,32.3,68,103,29.4,12.6,40,157,1,21.93062332
42,0,160,56.8,39.4,66,98,24.9,-4.1,40,137,0,22.1875
53,1,169,67.8,18.9,74,138,37.6,7.3,40,194,1,23.73866461
21,0,170.2,65.8,27.1,77,117,26.9,19.8,40,177,1,22.71468833
32,0,157.6,49.44,22.3,74,120,32.4,15.5,40,125,2,19.90517663
41,0,156.3,52.7,31.2,63,101,20.7,26.8,40,149,2,21.57211164
25,1,167,88,26.8,65,117,45.7,8.4,40,198,0,31.55365915
33,0,169.2,67.3,31.2,70,122,25,19.6,40,155,2,23.50792773
35,0,156.8,55.3,24.4,65,118,29.7,10.5,40,194,1,22.49225583
63,1,170.6,78.26,22.1,86,143,46.5,7.9,40,211,2,26.88944199
34,1,173.3,74,20.4,91,149,50.6,24.4,40,229,1,24.63965339
37,1,170.5,76.7,29.2,92,135,40.6,15.4,40,177,0,26.38436202
44,1,175.6,72.1,15.5,85,150,44.6,12.5,40,228,2,23.38224688
22,0,167.3,55.3,21.3,89,134,35.1,24.7,40,176,3,19.75755727
53,1,164.5,63,19.6,83,127,41,17.7,40,213,3,23.28138136
57,1,170.5,73,22,97,152,45.6,8.5,40,198,0,25.11158315
51,1,164.1,70.9,26.2,70,112,39.6,14,40,211,0,26.32867921
23,1,181,97.2,25.7,45,128,48.7,-4.9,40,201,0,29.66942401
32,1,169.5,76,25.7,63,109,43.1,6.3,40,225,0,26.45295464
59,1,175.4,68.1,21.3,74,122,36.2,40,40,174,2,22.13542852
21,1,168.3,64.8,17.8,77,135,39.2,-10.7,40,212,0,22.8774057
36,1,179.1,96.2,26.6,83,123,54.7,17,40,200,0,29.9905134
57,1,175.4,79.9,24.3,85,137,42.1,18.8,40,223,2,25.97093595
28,0,171.9,61.2,26.5,82,127,32.5,19.5,40,191,3,20.71093324
24,0,171.7,57.7,21.5,91,139,30.6,12.2,40,194,1,19.57200071
21,0,167.5,50.98,24.8,75,132,24.8,20.2,40,168,2,18.17063934
25,1,171,62,15.8,68,132,45.3,6,40,235,1,21.20310523
21,0,166.4,67.6,31.3,75,123,31.5,27.1,40,180,2,24.4140625
24,1,174.7,72.6,26,64,122,32.5,19.5,40,191,0,23.78761006
23,1,176.9,71.8,12.9,95,136,36.7,8,40,204,0,22.94398122
41,0,155.2,45.6,18,76,121,24.8,28.2,40,161,3,18.93134233
25,0,169.2,53.1,22.3,66,123,26.3,14.2,40,162,2,18.54785977
54,1,173.4,94.1,31.4,92,155,51.1,12.1,40,204,0,31.29618765
56,1,164.7,66.8,17.6,77,123,44,14.2,40,214,3,24.62573854
61,1,167.1,62.4,17.2,88,158,39.7,16,40,202,3,22.3476412
44,1,183.4,88.9,25.3,99,145,51,6.2,40,233,0,26.4303612
31,1,169.2,65.1,15.9,84,151,49.8,22.4,40,226,1,22.73946649
25,1,180.3,75.2,17.8,69,121,27.5,10.9,40,218,1,23.13270327
28,1,183,70.88,14.4,76,124,58.1,17.9,40,216,1,21.16515871
21,0,156.3,70.4,37.6,59,124,23.7,17.1,40,164,0,28.81739392
52,1,177.8,77.8,14.4,89,132,47.2,6.9,40,220,1,24.6102533
33,1,178.8,83.3,21.9,75,110,47.9,0,40,225,0,26.05613361
41,0,157.4,54,23.5,65,111,25.1,16,40,190,2,21.79637663
39,1,178.2,73.9,12,85,135,48.3,32.8,40,219,2,23.2717498
29,1,183.9,75.7,18.9,89,151,40.7,8.9,40,206,0,22.38372806
23,0,161.9,57.1,23.8,74,119,28.6,18.9,40,195,2,21.78423988
58,1,165.6,70,17.8,77,136,40,10.8,40,200,2,25.52568321
61,1,168.4,72.1,21.5,89,153,39.1,4.1,40,158,1,25.42442211
48,1,172.6,71.2,17.8,87,142,53.4,13.2,40,215,2,23.90002806
42,1,178,74.6,22,90,148,35.7,7,40,215,0,23.54500694
36,0,157.3,52.2,30.1,90,145,23.3,19.2,40,156,3,21.09662862
21,1,169.8,74.8,28.2,65,146,29.8,-1.4,40,177,0,25.94336023
45,1,165.7,63.3,16.7,78,121,37,12.2,40,216,2,23.05465848
48,1,167.4,73.1,26.1,93,148,35,9.3,40,213,0,26.08593872
39,1,170.7,74.3,25.4,76,109,45,15.7,40,205,2,25.49891913
28,0,169,56.1,24.4,86,112,26.3,20.4,40,166,2,19.64216939
23,0,159.5,52.8,29.9,93,127,24.8,13,40,135,0,20.75451303
34,0,157.2,43.9,20.7,71,117,23.1,24.4,40,183,2,17.76476377
39,1,175,65.5,10.8,76,116,39.4,9,40,189,1,21.3877551
48,1,165,59.3,28.7,90,128,32,23,40,185,2,21.78145087
54,1,164,66.7,21.9,68,146,41.3,20.9,40,210,3,24.79922665
59,1,178.1,76.3,20.7,77,129,39.7,13.8,40,192,1,24.05452022
21,0,158.7,60.7,29.7,78,117,28.7,21.8,40,174,3,24.10098751
29,0,158,48.86,35.1,48,92,17.4,-10.9,40,118,0,19.57218394
27,0,166.5,71.92,37.7,78,133,28.1,26.6,40,161,3,25.94306018
52,1,174.8,86,24.2,80,129,39.3,21.2,40,195,1,28.14592944
55,1,162.5,66.4,28.1,89,134,38.9,12,40,188,2,25.14556213
21,0,157.2,56,26.8,80,129,24.8,23.8,40,160,2,22.66120208
22,0,154.1,44.8,18.6,61,117,26.3,21.6,40,181,3,18.86569186
41,1,169,76.3,27.3,82,130,48.7,15.5,40,220,2,26.71475088
27,0,172,58.7,25.6,81,130,29.6,20.9,40,175,3,19.84180638
27,0,169.6,56.2,29.3,70,119,29.1,20.5,40,168,2,19.5382031
35,0,162,53,24.7,68,107,29.1,21.4,40,155,2,20.19509221
48,1,167.3,67.4,19.3,84,122,42.6,14.1,40,180,2,24.08063942
44,1,169.3,75.6,23.1,99,156,50.3,10.6,40,227,2,26.37593594
63,1,169,74.5,24.7,98,156,44.2,11.9,40,168,3,26.08452085
26,1,163.6,54.5,17.8,87,117,43.9,16.1,40,186,1,20.36244403
50,0,161,58.2,24.7,96,149,29.9,22.4,40,157,3,22.45283747
46,0,163.1,59.16,28.5,84,127,27.2,30.7,40,161,3,22.23925544
25,1,178.5,94.1,24,80,145,44.4,11.7,40,221,0,29.53338198
52,1,167.8,67.4,26,93,167,39.1,10,40,200,2,23.93734524
36,0,157.1,53,30.7,72,99,25.9,24,40,155,3,21.4745217
60,1,164.9,66.3,19.2,86,155,40.2,17.9,40,181,3,24.38216226
61,1,171.9,71.4,23.4,96,158,41.6,8.4,40,174,1,24.16275545
50,1,165.4,68.7,24.5,85,135,40.4,13.5,40,206,1,25.1122558
37,1,177.1,76,18.9,65,111,44.9,12.3,40,207,2,24.23128635
60,1,171.8,73,20.5,86,153,43.5,14.9,40,191,3,24.7329854
22,0,167,68.8,26.6,62,106,31.4,23.8,40,171,3,24.66922443
64,1,164.2,70.7,22.6,83,121,36.8,13,40,181,3,26.22244047
22,0,161.9,63.8,32.7,76,122,24.5,14.5,40,127,1,24.3403591
27,0,158.4,50.4,28.3,68,99,23.5,30.8,40,155,3,20.087236
24,0,161.9,50.8,22,72,113,23.8,21.1,40,171,3,19.3807248
30,1,174.4,62.14,17.7,94,133,33.4,14.4,40,205,1,20.43046671
48,0,162.2,60.9,20.4,79,119,34.4,25.9,40,173,3,23.14811295
26,1,178.3,86.1,23.1,94,157,51.7,16.5,40,218,0,27.08323045
56,1,174.9,71.3,15.8,80,123,43.1,21.9,40,198,3,23.30826306
58,1,167.4,65.52,16.7,81,158,43.9,19.2,40,181,3,23.38099459
32,1,173,68.9,32,80,147,34.3,19,40,165,1,23.02115006
26,0,165.6,48.6,16,78,111,26,22.4,40,161,3,17.7221172
28,1,177.7,84.9,13.7,80,139,52.3,17.7,40,237,1,26.88641109
22,0,156.9,49.2,21.1,78,106,24.5,29.5,40,165,3,19.98569317
61,1,169.7,65.1,21.3,94,157,36.5,15.6,40,221,2,22.60566586
28,1,169.7,78,32.7,78,137,32.1,13.1,40,169,0,27.0851296
29,0,157.2,47.9,22.7,66,113,28.6,19.5,40,157,3,19.38342106
27,1,176.9,98.8,27.3,99,140,45.3,16.9,40,202,0,31.57194073
60,1,169.4,68,15.9,81,137,43.3,14.1,40,207,3,23.69638519
28,1,176.7,85.8,25.7,80,138,41.8,9.2,40,240,0,27.47983931
60,1,171.6,73.5,20.7,88,153,46.7,17.4,40,211,3,24.96047076
24,1,179.6,80.9,28.6,82,129,41.3,-8.3,40,187,0,25.08048075
58,1,174,69.6,19.3,75,133,35.6,10.1,40,191,1,22.98850575
60,1,169.8,77.5,29.3,90,146,39.9,11.9,40,168,2,26.87981842
21,1,179.7,73.6,32.7,67,159,34.9,11.1,40,227,0,22.79195927
38,1,176.5,77.9,17.5,86,141,46.1,15.9,40,211,2,25.00621945
31,1,164.3,62.9,22.8,66,109,32.7,5.9,40,191,1,23.30105144
49,0,162.5,63.3,28.6,63,119,30.9,23.7,40,161,3,23.97159763
52,1,175.2,65.1,18.2,69,113,34.7,18.5,40,215,3,21.20863827
56,1,164,73.8,24.3,95,129,48.7,18.6,40,188,2,27.43902439
38,1,181.3,71.2,5.8,71,106,46.6,17.2,40,240,2,21.66129343
23,0,167.1,67.4,30,85,143,31,26.6,40,155,2,24.13831757
46,1,176.1,75.2,15.6,81,120,49.6,18.5,40,233,2,24.24929566
37,1,181,76.1,14.8,68,127,47.1,15.3,40,217,2,23.22883917
24,1,177,76.7,16.1,65,113,33.1,-3.5,40,236,0,24.48210923
35,1,165,82.7,28.8,79,133,46,17,40,197,0,30.37649219
55,1,164.2,62,16.6,80,122,41.3,18.5,40,200,3,22.9956338
48,0,158.1,62.3,34,95,149,27,26.5,40,163,2,24.92437672
38,0,166.5,58.2,27.2,56,126,33.3,20.9,40,162,3,20.99396694
37,0,168.5,73.7,34.9,62,130,33.1,16.6,40,169,2,25.95778778
24,0,155.4,51,21.6,70,118,37.5,19,40,155,2,21.11874699
24,0,161.8,50.7,20.3,75,110,24.7,20.2,40,169,3,19.36649039
22,0,165.7,53,19.8,89,145,30.6,22.3,40,197,3,19.30326855
61,1,178.2,83.1,19.2,82,154,45.4,13.1,40,178,1,26.16890945
21,1,170.1,63.5,25.7,71,126,27.3,18.4,40,211,0,21.94649134
60,1,168,72.8,25.9,76,126,39.1,19,40,172,3,25.79365079
22,0,156.3,55.1,34,68,124,25.7,28.3,40,189,3,22.5545228
47,1,173,57.6,16.2,69,107,35.3,6.5,40,175,1,19.2455478
48,1,165.6,55.2,13.3,76,111,33.9,12.7,40,190,2,20.12882448
63,1,167.4,67.1,27.1,81,154,36.7,22.2,40,187,2,23.94482199
23,0,172.8,62.4,24,64,101,36.7,14.8,40,193,1,20.89763374
51,1,162.6,66,31.6,83,130,30.9,-4,40,182,0,24.96334926
24,1,170.4,72.2,14.9,73,131,51,14.5,40,250,0,24.86554696
22,0,154.5,49.5,22.2,48,101,23.4,24.1,40,166,2,20.73711
51,0,153.9,54.4,26.1,89,134,22.4,28.8,40,137,3,22.96791964
43,1,172.5,90.5,33,99,143,41.7,18.7,40,216,0,30.41377862
46,1,174,64.4,16.2,78,151,52.1,13.3,40,230,2,21.27097371
44,0,159,57.4,33.9,99,137,26.3,16.2,40,144,1,22.70479807
24,1,172,71.9,24.32,87,146,49.7,6.2,40,152,0,24.30367766
60,1,171.9,74.7,21.7,81,121,43.5,16.4,40,197,3,25.27952146
43,1,164.3,59.4,8.8,78,119,38.9,22.5,40,201,2,22.00449055
29,0,161.5,59,28.1,85,142,30.4,25,40,174,1,22.62074783
26,0,168.6,53.2,23.1,75,120,28.6,29.9,40,165,3,18.71528701
34,0,164.7,64.4,23.3,69,118,39.3,27.1,40,152,3,23.74098147
23,0,162.8,53.3,18.6,73,107,28.5,27.7,40,196,3,20.11029345
23,1,165,54.2,12.3,70,111,34,14,40,205,0,19.90817264
36,1,173.5,79.2,24.5,75,135,48.6,0.3,40,199,0,26.31032564
34,0,160.4,54.5,27.1,61,122,32.3,27.7,40,181,2,21.18301503
38,1,180.9,85.1,14.7,64,129,56.5,17.8,40,245,2,26.00473463
52,1,166.3,74.3,26,79,131,47.1,40,40,194,2,26.86608072
27,1,178.8,71.5,13.7,87,137,44.1,14.8,40,253,0,22.36510868
43,1,173.2,79.56,28.5,72,118,33,-0.6,40,188,0,26.52155593
26,0,159.8,48.8,26,80,142,22.2,15.6,40,184,2,19.11024575
39,1,170,76.9,30.1,91,145,45.1,11.4,40,202,0,26.60899654
44,1,169.4,70.72,19.6,70,111,44.3,14.3,40,221,2,24.64424059
36,1,179,73.4,15,72,113,40.4,13.9,40,239,1,22.90814893
22,0,160.2,53.6,26.4,87,143,29.3,25.9,40,171,2,20.88525423
25,1,187.5,78.6,13.5,88,137,42.2,17.1,40,234,1,22.35733333
36,1,181.5,76.8,21.2,65,120,39.9,17.7,40,211,1,23.31352594
40,0,156.1,50.2,25.7,75,137,23.9,14,40,163,1,20.60145581
61,0,152.2,46.5,16.6,83,125,22.9,29.6,40,140,3,20.07352522
39,0,165,52.8,19.1,58,102,32.7,18.6,40,148,2,19.39393939
38,0,162.9,60.4,30.7,67,113,25.3,15.2,40,156,1,22.76117983
37,0,160.7,49.4,24.6,80,119,25,24.4,40,161,1,19.12912898
41,1,167.7,60.8,20.3,66,123,30.3,5.6,40,182,1,21.61909222
36,1,179.5,74.16,21.3,92,142,48.8,9.5,40,179,0,23.01658119
47,0,164,58,31,80,120,30,19,40,160,3,21.56454491
21,0,169.1,65.1,35.3,61,104,28.3,21.9,40,196,1,22.76636914
22,0,158.3,51.6,27,82,145,21.3,19,40,138,1,20.59149468
58,1,168.6,57.3,22.1,68,114,38.7,24.3,40,187,1,20.15763056
57,1,169.1,62.9,16,66,135,35.3,17.9,40,184,3,21.99699876
31,0,164.3,52.2,25.4,71,114,24.1,20,40,171,3,19.33727957
28,1,168.3,64,18.3,62,126,30.5,7.1,40,225,1,22.59496859
27,0,166,62.3,30.4,57,113,30.6,24.6,40,165,3,22.60850631
25,0,169.2,66.5,29.2,68,118,24.7,24.3,40,176,3,23.22848728
35,1,168.3,57.5,12.2,74,126,37.4,13.2,40,220,2,20.3001671
61,1,166.6,65.4,18.4,83,135,46,18.9,40,200,3,23.56284651
33,1,166.7,66.9,25.1,94,126,39.2,-12.4,40,220,0,24.07436929
47,1,176,74.4,15.9,92,159,42.1,7,40,191,1,24.01859504
38,0,161.5,53.3,23.9,80,117,27.9,24.1,40,184,2,20.43535355
42,1,175.6,75.12,23.3,86,142,37.4,11.9,40,189,2,24.36164196
21,0,159.5,65.6,34.1,69,137,26,17.4,40,175,0,25.78591012
23,0,158.2,54.1,35.5,81,126,21.4,19.7,40,162,1,21.61644672
37,1,175.1,89.14,20.3,89,156,51.8,22.9,40,203,2,29.07370219
41,0,160.7,53.4,24.7,53,99,22.7,10.4,40,157,1,20.6780463
39,1,173.1,69.4,23.6,82,137,49.7,9.5,40,215,1,23.16142815
25,0,163.3,52.36,29.2,70,114,21.5,20.4,40,145,0,19.63483556
48,1,167.1,63.6,17.4,99,145,43.7,16.1,40,199,1,22.77740353
24,1,178,65.6,11.9,83,122,50,12.5,40,250,0,20.70445651
23,1,182.5,93.8,26.9,90,154,40.8,15,40,245,0,28.16288234
28,0,158.1,49.4,27.2,68,103,29,32.6,40,167,3,19.76347047
25,0,168,68.4,28.9,66,107,30.5,19.9,40,175,2,24.23469388
24,0,159.3,60.32,32.5,86,117,33.9,26.8,40,176,3,23.77003281
30,0,162.9,52.3,18.7,69,113,35.7,12.4,40,170,1,19.70876995
54,1,174.1,71.2,20.7,91,158,42.6,13.4,40,203,2,23.48996942
57,1,167.6,75.8,21.1,89,152,40.5,27.2,40,178,1,26.98492262
41,0,158.4,54.8,24.7,70,119,24.9,18.6,40,159,2,21.84088358
57,1,165.7,63.9,25,82,134,37.8,13.6,40,183,1,23.27318605
39,1,183,75,15.7,69,112,38.3,11.3,40,207,1,22.39541342
31,1,174.6,72,15.7,60,106,46.6,21.9,40,219,1,23.61804891
47,1,177.1,77.9,23.4,97,157,43,16.1,40,207,1,24.83706851
51,1,163.3,69,22.8,82,122,45.1,5,40,180,1,25.8747833
23,1,178,74.4,21.9,91,133,35.9,15.2,40,235,0,23.4818836
37,1,178.3,72.4,17.5,81,131,43.1,18,40,249,2,22.7738198
43,1,179.7,65.3,11.4,81,137,34.4,8.8,40,186,1,20.22167038
21,0,161,45.2,17.4,75,126,27.2,22,40,187,3,17.43759886
41,1,183.8,76.8,16.9,74,129,50.6,11.2,40,217,2,22.73370426
22,1,176.4,73.3,17.8,80,120,43.8,12.5,40,235,0,23.5562857
26,1,174.2,84.9,31.5,83,129,39.7,7.7,40,201,0,27.97766005
22,1,178.4,92,31.9,74,129,29.9,-5.5,40,188,0,28.90667417
27,0,164,59.2,34.3,80,120,26.1,10.3,40,166,1,22.01070791
23,0,160.8,59,30.5,59,108,19.6,13.7,40,194,1,22.81812331
29,1,170.9,63,14.5,83,123,44,18.8,40,227,1,21.57031186
21,0,164.2,59.3,31.7,54,108,26.4,24.5,40,164,3,21.99421103
23,1,173.2,68.9,10.4,84,136,44.6,11.8,40,242,0,22.96801412
29,0,164.1,52.54,21.4,73,116,32.6,31.3,40,172,3,19.51070248
43,1,162.6,70.4,27.4,92,132,27.6,5,40,190,0,26.62757255
50,0,163.6,63,30.4,71,136,28.4,17.9,40,185,1,23.53823805
64,1,173.5,68.4,18.7,83,147,36.4,18.2,40,178,3,22.72255396
52,1,172.6,76.4,20.3,80,133,36.4,16.3,40,184,1,25.64553573
22,1,171,70.6,14.4,86,125,40.7,5.7,40,230,0,24.14418112
26,1,176.8,85.9,28.5,97,140,36.1,12.6,40,212,0,27.48075387
34,1,178.1,74,12.1,74,127,46.6,4.7,40,262,1,23.32941672
41,1,174.7,72.6,17.8,74,120,35.8,18.5,40,201,1,23.78761006
23,0,166.3,68.1,33,71,111,25.9,25.2,40,190,2,24.62422742
22,0,168.9,57.68,29,80,146,22.7,20.9,40,171,3,20.21929239
37,1,167.9,70.7,24.7,94,125,29.9,8.8,40,206,1,25.07945078
21,1,179.4,103.3,26.1,95,157,51.6,5.9,40,218,0,32.09633499
25,1,175.2,58.1,18.2,81,125,54.8,9,40,208,1,18.92813953
28,0,165.7,69.3,31.7,61,113,33,21.1,40,192,3,25.23993416
25,0,176,76,35.8,86,124,38.7,10.2,40,179,1,24.53512397
40,0,157.2,58.4,30.6,77,112,24.6,13.3,40,160,1,23.63239645
28,1,188.1,93.7,21.1,68,120,46.2,20.8,40,221,1,26.48268408
23,0,157.5,47.1,20.1,72,141,29.8,16.4,40,186,2,18.98715042
31,0,157,49.3,22.4,61,100,26.9,22.4,40,171,3,20.00081139
24,0,165.9,54.7,22.4,57,115,29.8,28,40,182,3,19.87442416
25,0,160.1,53,26.03511,70,146,28.9,21.3,40,170,3,20.67727034
25,0,175.1,59.8,27,81,120,27,29.1,40,200,3,19.50423369
41,0,159,52.4,23.2,71,113,22,21.5,40,174,3,20.7270282
26,1,172.2,70.9,20.4,85,133,47.2,8.8,40,214,1,23.91002009
21,0,159.7,54.4,27.7,71,112,32.1,21,40,165,3,21.32991218
58,1,171.3,74.2,25,95,144,36.2,18.8,40,177,2,25.28652668
32,0,163,51.6,15.6,87,120,39.7,26.2,40,191,2,19.42112989
45,1,171.4,71.3,18.3,89,127,44.4,13.9,40,231,2,24.26989485
55,1,173,77.8,24.7,89,139,37.8,14.2,40,205,1,25.99485449
56,1,176.9,72.3,18,96,159,38.9,15.4,40,220,2,23.10375824
49,0,156,53.1,21.3,86,148,33,32.4,40,183,3,21.81952663
52,1,162.9,63.7,20.9,68,117,28.4,16.4,40,204,2,24.00475422
27,1,180.7,81.1,20.7,82,149,50.5,11.4,40,199,1,24.8373095
46,1,174.5,67.5,14,65,114,41.9,15,40,227,2,22.16730569
26,0,168.4,54.3,26.1,78,119,26.9,23.9,40,167,3,19.14765771
22,0,163.9,56.2,28.2,77,120,26.2,21.3,40,177,3,20.92080582
27,1,172.3,71,20.2,76,135,43.1,24.7,40,207,1,23.91595865
26,1,168.6,56.78,16.3,80,120,34,8.5,40,180,1,19.97469918
58,1,161.1,73.1,28.6,81,129,31.2,6,40,165,0,28.16607271
45,1,176,98.5,25.7,84,129,46.9,8.9,40,190,0,31.79881198
36,1,169.6,81.3,34.1,90,150,35.6,7.2,40,183,0,28.26434007
36,1,173.9,89.2,25.8,77,120,51.2,16,40,206,0,29.49617426
21,0,164,56.4,25.9,77,117,24.1,24.4,40,165,2,20.96966092
29,1,169.3,76.8,20.8,80,120,52.6,21.2,40,212,1,26.79460159
62,1,168,66.9,20.6,66,116,37.2,7.7,40,152,2,23.70323129
39,1,176.7,83.4,25.3,91,143,50.9,20.7,40,213,0,26.71117248
22,0,162.9,76.1,37.9,99,143,33,29,40,207,2,28.67757922
34,1,174.9,83.3,29.4,97,138,47.9,15,40,211,0,27.23111238
25,1,171.4,85.7,28.7,79,131,41.1,3.6,40,215,0,29.17152859
21,0,168.9,74.8,34.6,70,137,32.7,15.9,40,182,2,26.22058028
31,0,162,48.9,22.5,88,138,22.7,18,40,164,2,18.63283036
34,1,171.1,68.5,23.4,88,124,36.4,21.9,40,225,1,23.39863659
21,0,168.7,62,30.1,79,134,29.4,22.1,40,188,3,21.78519864
22,0,154.2,50,21.6,64,109,32.7,17,40,112,2,21.02815923
47,1,175.5,79.8,31.1,99,146,39.5,-1,40,171,0,25.90888061
21,0,165.7,56,18.6,95,132,32.9,17.8,40,191,1,20.3959064
34,0,157.6,55.2,26.6,60,105,24.5,22.9,40,158,1,22.22422634
26,0,153.2,58.1,26.4,89,130,29.3,19.8,40,211,3,24.75475325
24,1,163.1,69.76,26,80,120,41.1,5.3,40,192,0,26.22397667
60,1,173.8,75.3,21.8,93,158,38.5,18,40,153,2,24.92845896
26,0,160.3,52.1,26.7,70,119,26.3,19.8,40,160,3,20.27545825
63,1,159.5,66.9,25.6,95,181,37.8,11.1,40,165,2,26.29691139
37,1,170.1,67.6,24.3,75,115,43.6,9.9,40,180,0,23.36350889
41,1,164.5,74.6,25.7,75,136,39.1,13.1,40,205,2,27.5681119
32,0,173.6,63.8,22.3,83,128,34.4,18.2,40,175,3,21.17001848
28,1,168.6,76.9,29.6,85,131,33.8,9.9,40,212,0,27.0527363
25,0,164.2,66.6,30.2,82,120,25.7,22.9,39,178,1,24.70176147
25,0,161.7,63.36,31.3,89,128,25,10.7,39,160,1,24.23232744
49,0,151.5,52,27.6,77,144,23.8,21.3,39,154,2,22.65573092
21,0,161.3,50.6,23.5,69,127,27.5,29.4,39,175,3,19.44830613
49,1,170,66.2,18,82,130,39.5,20,39,156,1,22.90657439
36,1,172.1,65.64,19.9,86,142,47.3,15.4,39,215,2,22.16189188
22,0,167,50.3,18.9,77,120,27.9,23.3,39,168,3,18.03578472
21,0,169.2,64.9,35.3,68,125,29.9,22.3,39,174,2,22.66960638
23,0,163.5,58.5,27.9,85,133,35.7,26.8,39,168,1,21.88367982
41,1,177,81.7,24.2,95,126,46.3,7.8,39,213,1,26.07807463
21,0,170.5,67.8,30.7,54,102,29.7,9.8,39,166,0,23.32281284
23,0,167.2,54.8,24.5,80,110,29,19.5,39,175,1,19.60234427
48,1,168.6,71,22,98,147,49.7,7,39,225,1,24.97716876
27,1,173.9,79,27,80,139,31.6,0.2,39,206,0,26.12329335
23,1,182.7,67.6,11.6,91,150,45.4,-11,39,234,0,20.25207846
27,1,165.8,73.8,29.1,84,143,35.3,6,39,197,0,26.84647744
28,1,171.6,62.2,10.8,75,118,40.9,11.4,39,235,1,21.12301063
24,0,168.2,54,15.9,66,102,24.1,27.5,39,159,2,19.08718034
38,1,173.5,77.7,24.7,96,151,46.9,13.1,39,215,2,25.81202402
21,0,172.8,54.8,25,77,110,20.9,18.8,39,172,1,18.35240912
37,1,173.4,70,22.5,97,137,46.1,6.8,39,228,1,23.28090474
59,1,174.5,72.4,20,88,135,42,15.8,39,194,2,23.77648788
23,0,168.8,59.3,18.7,82,106,30.1,24.2,39,216,3,20.81180791
30,0,161.9,67.9,16.5,81,127,44.1,25.1,39,222,2,25.90455146
27,1,178.8,66.4,11.2,78,144,43.9,8.9,39,268,1,20.76983519
28,0,165,76.5,21.7,56,107,39.6,23,39,185,3,28.09917355
36,1,179.1,72.3,16.3,93,125,44.2,9.7,39,217,2,22.5396478
33,0,165.2,61.9,29.9,92,143,30.4,20.5,39,186,3,22.68143684
39,1,174.9,68.8,24.9,70,107,36.4,7.8,39,190,1,22.49100278
28,1,176.2,70,23.6,83,123,30.3,2.5,39,201,0,22.5468685
37,1,172.2,66.9,17.6,86,128,46.2,14.9,39,224,2,22.56107678
53,1,185.6,92.1,22.8,86,135,50.7,11.3,39,210,1,26.73644657
23,0,157.6,57.3,26.4,62,111,27.3,15.9,39,142,1,23.06971321
23,0,166,79.5,34,81,132,34.7,24.4,39,200,2,28.85034112
43,1,182.5,66.2,11,74,126,39.7,5,39,194,1,19.87614937
29,1,175,73.6,15.8,75,143,51.5,14.9,39,246,1,24.03265306
37,1,175.2,73.5,24.2,86,140,46.1,-3.9,39,220,0,23.94523675
25,1,168.7,76.2,27.7,78,120,38,3.7,39,192,0,26.77471188
25,0,166.7,58.5,31.3,70,122,28.2,17.2,39,162,2,21.05157853
46,1,166.2,51.1,8.6,88,135,49.5,20.9,39,197,2,18.49945189
61,0,159.8,53.3,23.8,80,128,33.5,29.5,39,169,3,20.87246104
40,0,167.8,51.7,18.9,74,122,29,23.4,39,182,3,18.36143545
43,0,167,54.9,17.4,66,109,28.4,21.5,39,180,3,19.68518054
31,0,162.3,46.2,26.2,97,131,21.6,14,39,163,2,17.53900435
27,1,179.2,78.26,21.6,79,140,46.9,-3.2,39,199,0,24.37046596
47,1,173.7,66.6,16.5,94,158,38,7.7,39,207,1,22.07367237
28,0,157.4,48.6,19.6,71,120,32.3,18.5,39,169,3,19.61673897
27,1,172.6,64,19,87,148,29.9,6.3,39,199,1,21.48317129
46,1,170.9,74.36,19.6,96,135,51.4,7.3,39,209,1,25.45981571
30,1,185.5,76.4,12.6,74,129,41,8.7,39,183,1,22.2026867
24,0,159.3,72.4,42.1,88,131,1.6,16.4,39,139,0,28.53034443
25,0,161.5,67.5,30,85,122,28,11.7,39,112,1,25.87966912
38,1,166.5,59,14.4,71,124,41.5,13.8,39,213,2,21.28254381
48,1,169.5,70.2,24.3,80,126,41.1,5.3,39,222,1,24.43417652
24,1,175.1,81.8,27,85,137,40.4,9.5,39,192,0,26.67970428
21,0,162.8,53.9,27.5,71,118,22.5,20.8,39,190,2,20.33667574
62,1,171.2,51.7,16.5,69,128,34.7,15.2,39,178,3,17.63936807
21,0,169.8,67,30.1,76,115,28.6,30.2,39,183,3,23.23803657
26,1,174.2,70.3,24.7,107,149,36.7,23.1,39,215,1,23.16642523
41,1,178.8,82.6,22.5,91,146,55.1,17.36,39,236,1,25.8371745
27,0,158.4,51,26.3,75,118,25.9,13.1,39,148,1,20.32636976
50,1,168.8,76.8,23.2,82,132,43.1,5.5,39,197,1,26.95357247
25,1,185.9,78.76,18.3,72,119,49.3,5,39,219,0,22.79013658
48,1,190,85.9,6.2,90,120,56.9,16.8,39,219,1,23.79501385
21,0,164,66.5,31.4,95,148,30.1,24,39,185,2,24.72486615
21,0,157.4,55,23.1,63,110,28.3,22.8,39,167,3,22.20001324
64,1,174.5,89.8,31.6,80,140,43.6,13.6,39,175,2,29.49072668
31,1,180,69.8,19.1,84,129,51.5,14.7,39,194,1,21.54320988
31,0,171,58.8,26.6,69,112,24.2,10.3,39,170,1,20.10875141
22,1,176.8,80.2,21.6,86,127,28.2,-9.9,39,194,0,25.6572347
30,0,160.4,57.3,31.5,66,118,24.2,14,39,139,2,22.27131672
52,0,155.3,56,22.33,77,130,34.6,23.3,39,154,3,23.21908576
37,1,173.3,66,16.5,68,119,42,12.2,39,229,2,21.97590708
61,1,167.2,68.6,20.1,90,150,39,13.9,39,165,3,24.53870104
21,0,168.9,57,25.2,77,121,27.6,28.7,39,197,3,19.98092348
25,0,153.1,54.6,30.9,74,123,25.1,13.8,39,143,1,23.29390293
25,0,170.2,58.3,24.3,87,138,28.2,22.7,39,169,3,20.12562811
57,1,161.9,61.58,26.9,75,124,34.1,12.3,39,186,2,23.49340617
36,0,160.4,49.1,17,55,114,26.2,24.9,39,166,3,19.08414749
21,0,162.3,58.9,31.7,78,117,27.6,17.5,39,180,2,22.36033239
42,1,184.9,85.9,26.2,99,147,39.2,-1.3,39,196,0,25.12576778
36,1,180.6,78.2,26.1,86,134,49.8,12.2,39,207,2,23.97569809
22,0,167.5,53.6,23.4,69,119,25.3,23.5,39,165,3,19.10447761
61,1,175.2,73.8,12.7,62,103,46.3,15.2,39,207,3,24.04297242
28,0,160,60,28,80,120,30.6,20.6,39,213,3,23.4375
47,1,174.9,58.5,16.7,63,100,37.8,5.6,39,207,1,19.12389045
46,0,158.4,56.7,27.4,72,121,25.6,25,39,165,3,22.5981405
23,0,167.7,60.7,28.5,84,129,27.1,18.8,39,155,1,21.5835345
22,1,176.8,84.8,28.5,71,141,42.7,6.5,39,183,0,27.12884667
21,0,161.3,51.6,23.4,80,120,24.6,24.1,39,176,3,19.83266001
34,1,165.8,63.1,20.2,92,153,47.8,-7,39,235,0,22.95410198
28,1,181.1,89.3,32.8,79,130,34.6,-8.3,39,187,0,27.22792579
57,1,164.6,64.2,25,86,124,42.9,16.4,39,192,3,23.69601774
44,1,177.4,69.9,9.5,74,130,42.4,-15,39,222,0,22.21109373
62,1,171,64.9,16.5,68,138,38,9.4,39,197,2,22.19486338
53,1,173.1,73.5,21.9,87,144,41.7,5.5,39,198,1,24.52975459
33,1,179.6,75.9,18.7,75,108,47,16.4,39,243,1,23.53038923
23,0,160.6,58.3,29.3,69,124,33.4,20.9,39,175,3,22.60359269
38,1,168.3,64.68,24.1,93,152,41.6,7.8,39,208,1,22.83504014
27,1,165.5,59.3,12.2,70,127,40.9,16.1,39,229,1,21.6500397
25,0,153.4,51.1,23.9,60,110,27,23.9,39,179,3,21.71551737
31,0,161.5,63.9,25.5,76,119,30,31.4,39,177,3,24.4994201
21,1,174.4,55.4,11.8,97,132,33.5,13.8,39,210,0,18.2144811
21,0,156.1,52.5,31.9,87,125,18.4,20.2,39,182,1,21.54534721
45,1,177.1,75.8,22.5,84,145,45.2,19.4,39,194,2,24.16751981
21,0,160,62.26,33.5,75,114,27.5,21.3,39,147,3,24.3203125
55,1,171.8,69.1,16.1,71,126,36.9,17.3,39,178,2,23.41163413
49,0,156.7,63.28,33.9,86,149,26.2,19.8,39,159,3,25.77083424
27,0,167.3,71.1,30.5,88,141,29.2,27,39,188,2,25.40257363
42,1,166.8,66.5,16.8,76,143,39.2,16,39,232,2,23.90174192
28,1,177.6,72.5,17.5,79,140,46.7,4.3,39,221,0,22.98540094
60,0,161,63.2,28.2,70,124,33.1,21,39,127,3,24.38177539
30,1,174,72.3,27.5,99,143,32.2,-5,39,171,0,23.88030123
21,0,165.9,69.2,37.8,84,127,25.2,22.2,39,163,2,25.14278157
42,1,171.9,75.2,20.3,77,120,44.6,1.2,39,198,0,25.44872843
33,1,171.6,62.2,19.6,61,103,45.5,6.3,39,207,1,21.12301063
61,1,166.9,69.3,20.1,72,160,46.2,17.9,39,222,3,24.87829202
28,1,168.4,70.7,27.8,64,110,46.6,18,39,200,1,24.93074402
21,1,162.5,53.3,17.1,72,114,34.8,28.8,39,232,0,20.18461538
21,0,156,55.7,33.6,83,121,29.3,33.2,39,187,3,22.8879027
27,1,170.5,72,22.9,78,134,46,12.2,39,230,1,24.76758886
51,1,166.7,78.4,30.5,99,154,52.4,15,39,215,2,28.21271379
22,1,169.3,90.3,28.9,86,150,47.2,-2.6,39,192,0,31.50459015
40,0,158.7,52.8,23.9,69,113,24.7,22.4,39,174,3,20.96428567
37,1,166.3,63.72,22.6,81,145,40.6,11.6,39,186,2,23.04046654
62,1,170.8,76.4,28,99,156,42.8,12.3,39,194,3,26.18892222
28,0,161,47.8,22.3,69,134,28.4,24.3,39,186,2,18.44064658
46,1,170.7,80,24.1,89,150,42.8,14.3,39,218,0,27.45509462
26,1,177.2,77.2,23.2,75,117,48.8,15.9,39,223,1,24.58611254
39,1,170.2,80.1,28.4,87,142,49.4,9.9,39,179,0,27.65116314
22,1,166.7,62.3,29,91,147,43.1,16,39,186,0,22.41903149
34,1,153.1,70.2,35.3,73,126,25.4,13,39,108,0,29.94930376
44,0,165.5,56.5,18.59,78,131,26.8,22.7,39,169,3,20.62777813
55,1,167.4,69.2,26,78,132,36.2,14.9,39,209,3,24.69421285
60,1,167.2,75.9,22.8,83,150,42.1,15.9,39,195,2,27.14996223
48,1,166.1,68.1,21.6,71,126,43.2,19.1,39,208,2,24.68356289
40,0,165,70.5,35.6,76,114,39.1,16.7,39,154,2,25.8953168
43,1,167.9,87.3,28.9,97,154,43.6,18.7,39,208,0,30.96797812
60,1,164.5,55.6,9,69,118,32.2,18.6,39,173,3,20.54674292
42,1,177.4,58.7,12.4,67,129,36.7,12.3,39,207,2,18.65223465
49,1,158.9,58.7,23.4,85,132,33.9,12.7,39,177,2,23.24825212
28,1,176.6,79.6,22.2,93,150,40.8,8,39,196,1,25.52299699
22,0,155,48.4,30.8,90,117,22.5,25.8,39,167,3,20.14568158
21,1,178.9,69.44,23.1,65,112,37.1,13.7,39,195,0,21.69646754
21,0,160.9,51.2,22.1,53,101,25.8,18.6,39,176,2,19.7768843
44,1,174,77.1,18.8,75,128,52.9,3.7,39,183,0,25.46571542
23,1,184.3,71.2,23,75,128,27.2,-11.2,39,166,0,20.96183621
51,1,172.7,77.12,19.9,89,146,52.1,19.4,39,218,2,25.85725068
26,0,157.7,51.1,20.3,69,110,25,23.1,39,207,3,20.54743018
27,1,172.9,84.2,27.1,92,154,46.3,9.5,39,217,0,28.1658009
23,1,175.5,93.9,27.3,93,148,37,1.6,39,189,0,30.48676553
41,1,167.5,73.5,25.8,89,151,38.7,3.1,39,165,0,26.19737135
32,1,167.8,66.1,23.3,61,111,33.8,8.3,39,178,1,23.4756457
58,1,175.5,66.6,15.9,95,154,43.2,19.2,39,208,3,21.62320111
60,1,169.7,78.1,30.8,92,150,43.7,17.2,39,162,2,27.11985413
28,1,175,61.1,17.2,89,137,41.3,-0.2,39,210,0,19.95102041
50,1,170.9,90,31.8,91,146,33.7,15.2,39,213,0,30.81473122
33,1,163.5,54.8,18.5,77,122,42.9,18.3,39,209,1,20.49958384
41,1,179,85.5,24.3,89,136,50.3,6.5,39,255,1,26.68456041
29,1,170.5,66.8,19,75,124,49.8,8.9,39,230,1,22.97881855
43,0,157,54,23.2,70,114,21.6,14.5,39,140,1,21.90758246
26,0,168.7,59.1,24.3,72,113,26.4,29.8,39,191,3,20.76621355
53,1,172.2,59.5,22.2,88,135,37.7,18.4,39,196,3,20.06553167
22,0,153.2,58.6,22.7,66,103,24.2,27.9,39,161,2,24.967789
44,1,172.6,75.9,20.6,81,123,51.8,6.1,39,220,1,25.47769845
64,1,172.1,72.88,21.8,86,155,34.1,15.2,39,153,1,24.60631749
52,1,166,73.3,20.6,84,131,41.6,20.2,39,158,2,26.60037741
40,1,176.4,72.4,13.4,89,140,58.5,10.8,39,241,2,23.26705437
30,1,170,50.3,13.9,99,152,39.9,5.3,39,225,1,17.40484429
24,0,169.3,60.9,18.2,83,112,31.6,18.2,39,183,2,21.24728173
64,1,172.1,70.6,22,71,127,41.6,3,39,215,1,23.836526
24,0,168.3,61.3,24.5,72,110,30.1,35.2,39,182,1,21.64174336
26,0,162.2,64.8,30.9,70,137,29.1,17.6,39,160,2,24.63050442
35,1,176.9,81.5,18.5,88,137,50.5,20.6,39,210,2,26.04365556
21,0,159.9,53.1,25.9,75,116,25.5,27.3,39,122,3,20.76813956
24,0,153.7,54.72,30.6,74,129,27.2,28.8,39,148,2,23.16318915
30,0,167,52.1,27,67,108,21.1,-1.4,39,140,0,18.68120047
33,0,171,57.9,22.5,69,104,29.7,23.8,39,155,3,19.8009644
26,0,162.4,49.5,24.3,73,123,27,24.7,39,167,2,18.76865491
64,0,150.8,43.9,20.8,82,130,21,27.2,39,142,3,19.30464578
25,0,164,61,23.5,69,131,33.3,32.7,39,182,3,22.67995241
54,1,172.5,70.9,21.5,92,142,38.2,8.6,39,182,1,23.82692712
26,0,166.5,61.48,30.2,97,124,19.2,30.8,39,140,0,22.17713209
23,0,166.2,52.6,19.5,63,106,29,21.6,39,151,2,19.04248864
40,1,167,80.4,31.3,88,128,41.4,19.7,39,221,0,28.8285704
26,0,166.8,58.6,25.6,71,121,27.8,22.1,39,175,3,21.06228686
40,1,178.7,91.5,27.8,84,137,50.5,10.8,39,195,2,28.65312465
51,0,154,50,21,86,152,17.6,23.1,39,151,3,21.08281329
33,1,171.1,66.3,18.8,88,124,36.2,3.3,39,221,0,22.64714754
37,1,172.2,69.4,19.4,74,129,34.1,-1.9,39,214,0,23.40416635
34,1,174.9,86.9,25.8,90,149,51.7,10.4,39,182,0,28.40796718
30,1,172.9,77.7,17.3,68,118,49,15.3,39,233,1,25.99148135
27,0,145.4,46.8,29.3,75,128,22.6,21.5,39,163,3,22.13691207
31,0,160.6,54.4,25.6,65,115,24.5,-1.8,39,169,0,21.09151702
24,0,165.7,60.5,22.6,77,117,22.8,14.2,39,140,1,22.03486316
29,1,175.3,67.5,14.4,68,128,39,7.6,39,191,1,21.96544169
34,1,170.7,67.4,23,80,123,48,6,39,215,1,23.13091722
21,1,179.9,70.5,16.1,71,121,38,13.5,39,199,0,21.78345638
21,1,171.3,94.86,33.4,95,158,49.9,12.5,39,200,0,32.32722265
26,1,176.1,89,31.1,85,132,53.4,4.5,39,206,0,28.69929938
64,1,176.1,72.7,16.4,83,132,47,9.3,39,186,2,23.44313556
21,0,160.9,48.5,24.3,60,121,23.8,20.1,39,169,3,18.73396267
34,1,172.4,74.4,18.6,66,131,46.3,22,39,218,1,25.03216499
27,1,174.3,79.6,20.5,60,136,42.8,14,39,248,1,26.20102572
51,1,164.2,58.8,18.9,79,136,39.1,19.6,39,212,2,21.80876237
41,1,168.8,64.08,23.1,73,114,39.9,7.3,39,165,1,22.48938703
55,0,154.7,43.2,19.6,78,139,23.3,18.1,39,155,2,18.05107703
36,1,179.8,90.8,25,95,150,21.5,14,39,229,0,28.0870724
27,1,175.2,74.7,20.3,78,124,43.1,21.8,39,199,1,24.3361794
24,1,175,69,25.6,56,119,29.6,-9.9,39,153,0,22.53061224
30,0,160.5,54.46,25.5,94,139,32.3,21.9,39,163,3,21.14109917
25,0,163.4,59,34.2,96,148,29.4,18.5,39,136,2,22.09774243
45,0,158.1,65.8,26.1,68,118,31.1,17.5,39,187,2,26.3246226
21,0,158.9,50.04,22.8,74,147,27.9,21,39,185,2,19.81844184
59,1,175,75.9,20.2,97,130,42.2,16.6,39,197,2,24.78367347
24,0,162.4,52.9,22.5,64,107,30.7,22.6,39,142,3,20.05781504
59,1,171.4,70.7,26.1,73,125,38.7,16.8,39,186,3,24.06566011
57,1,163.4,71.5,26.4,75,115,41.3,18.4,39,210,2,26.77946753
38,1,171.7,83.5,20.2,92,138,50.3,14,39,202,2,28.32343257
27,1,178.2,73.2,24.4,94,139,31.7,6.2,39,189,0,23.05131374
51,1,162.4,72.2,20.5,90,135,37.9,24,39,186,1,27.37569463
23,1,174,92.7,34,80,130,40.6,-5,39,200,0,30.61831153
22,1,165.6,76.1,26.4,84,146,36.5,21.9,39,214,0,27.75006418
25,1,165,57.9,19,95,136,37.7,9.5,39,207,1,21.26721763
38,1,175.6,77.4,24.7,72,124,53.4,17.3,39,215,2,25.10105282
59,1,172.3,78,24,86,150,31.8,12.7,39,184,0,26.27387006
32,0,160.2,57.4,27.6,77,125,27.4,15.5,39,163,2,22.36592524
26,1,171.6,64.9,18.9,77,134,46.6,3,39,185,0,22.03992589
31,1,183.8,90.1,24.4,84,139,40.8,18.6,39,226,0,26.67066085
35,0,159.2,46.8,18.2,83,134,20,16.5,39,153,2,18.46544279
23,0,165.6,64.8,25,79,127,30.6,19.6,39,205,2,23.6294896
33,1,175.2,83.3,28.1,99,155,45.5,18.1,39,193,0,27.13793499
50,1,167.2,67.3,16.1,83,138,50.6,21.2,39,210,2,24.07368192
29,0,165.6,51.6,22,67,104,27.9,15.8,39,157,2,18.81607505
34,0,167.6,60,25.2,71,101,20.1,20.3,39,137,0,21.36009706
54,1,161.4,63,18.2,78,130,39.7,17.7,39,205,3,24.18429817
54,1,164.8,69.1,22.8,96,123,40.3,12.3,39,190,2,25.44272552
23,0,163,49.6,24.6,56,109,30,27.4,39,187,2,18.66837292
29,0,159.5,47,27.2,99,141,30.5,19.1,39,166,3,18.47466122
25,1,166.3,57.7,16.1,66,134,47,-3.2,39,214,0,20.8636993
55,1,166,62.7,21.5,86,141,39.6,19,39,185,3,22.75366526
27,0,156.4,47.3,20.9,62,110,27.9,26.3,39,172,2,19.33693526
60,1,161.5,59.5,19.6,75,149,42.3,10.6,39,175,2,22.81244908
50,1,162.7,59.3,18,84,130,41.9,15.9,39,158,2,22.40162833
35,1,188.5,87.3,16.5,77,143,44.2,6.9,39,217,1,24.56922936
26,1,183.6,91.6,24.4,67,132,52.7,14.7,39,209,1,27.17378406
26,0,155,46.2,28.2,64,112,26,23.2,39,180,3,19.22996878
27,0,165.6,58,26.2,69,115,32.2,26.5,39,171,3,21.14985181
34,1,177.7,68.1,24.3,64,131,37.1,7.3,39,189,0,21.56613186
29,1,172.5,74.9,19.9,87,134,51.8,11.3,39,235,1,25.17118252
21,0,166.1,98.7,43,73,125,35.4,19.7,39,180,0,35.77485546
44,1,172.3,69.3,22.9,75,130,39.7,15.4,39,221,2,23.34332302
25,1,173.5,97.6,33.4,89,138,36.6,12.3,39,222,0,32.42282554
23,1,174.8,73.8,21.3,72,126,33.9,-0.9,39,191,0,24.1531348
51,1,180.6,75.9,13.6,96,155,62.9,12.1,39,215,2,23.27053049
57,1,169.2,73.5,21.7,77,128,49.5,14.8,39,206,3,25.6735912
59,1,166.9,73.8,23.1,70,120,43.9,15.5,39,215,3,26.49376553
21,0,157,56.1,28.8,69,115,28.3,15.2,39,162,2,22.759544
60,1,172.1,70.5,20.2,78,126,45,16.5,39,181,3,23.80276321
55,1,171.4,75.2,22.1,80,142,50.1,10.8,39,197,2,25.59742065
55,1,163.5,69.5,22.3,93,147,44.4,7.8,39,190,1,25.99855979
28,1,179.5,73.9,22.9,88,140,37.7,23.3,39,217,1,22.93588659
32,1,168.8,62.7,17.8,92,142,38.4,14.9,39,230,1,22.00506503
35,1,181.3,78.6,21.4,91,137,41.4,21.5,39,235,1,23.91260763
28,1,177,79.9,24.7,89,151,44.7,11.5,39,244,1,25.50352708
21,0,161.2,49.8,20.7,75,118,31.8,17.9,39,169,2,19.16457832
55,0,165.7,65.8,34,87,130,30.8,12.8,39,115,1,23.96519002
37,1,175.4,79.3,25.9,83,132,46.6,10,39,229,0,25.77591015
54,1,173.9,75.2,25.9,92,141,37.8,2.1,39,185,0,24.86672987
24,0,162.6,58,27,65,107,31.3,25,39,172,3,21.93748875
31,1,175.5,87.08,23.5,85,130,35.2,12.3,39,193,0,28.27249779
23,1,166.6,80.1,28.7,90,141,52.5,19.6,39,210,0,28.85908265
22,0,163.4,75,33.2,61,121,31.5,16,39,172,0,28.09035055
38,0,159.6,52.2,28.9,73,127,34.3,19.3,39,157,3,20.49296173
25,1,181.3,78.2,18.3,99,142,49.2,6.2,39,193,0,23.79091497
39,1,178.7,65.1,18.2,71,120,48.3,15.7,39,208,1,20.3859936
27,1,178.2,68.6,14.7,91,133,40.7,19.3,39,223,1,21.60273391
52,1,171.4,67.1,20.3,65,119,43.8,5.4,39,200,1,22.84025167
22,1,163.5,68.1,19.8,75,139,41.4,-2.7,39,220,0,25.4748478
27,1,187.1,101.7,26.9,84,154,39,27.4,39,187,0,29.05182222
30,0,162.8,52.82,19.5,54,95,34.6,20,39,205,3,19.92918762
34,1,180.6,67.6,18,83,126,39.1,10,39,206,1,20.72579528
58,1,168.6,75.6,27.4,74,120,40,12.1,39,181,2,26.59540786
64,1,164.5,67.1,22.3,99,156,48.1,1,39,202,0,24.79651888
42,1,174,72,24,86,127,56,10,39,217,2,23.78121284
32,0,157.1,49.96,23.9,80,120,28,14,39,165,2,20.24277555
51,1,157.6,61.4,22.8,83,138,31.3,11.2,39,186,2,24.72042567
46,1,180.6,73.6,17.7,82,117,43.6,0.8,39,206,0,22.5653629
29,1,163,80.6,29.6,91,145,38.6,9.6,39,212,0,30.33610599
38,0,168,65.7,27,95,138,30.9,22.1,39,170,3,23.27806122
26,0,167.9,62.1,26.7,89,136,33.3,22.6,39,154,2,22.02876794
58,1,174.5,83.4,22,77,157,45.7,19.5,39,170,2,27.38893769
23,0,168.2,54.3,31.5,83,125,21.8,14.3,39,142,1,19.19322023
26,0,157.9,56.58,29.6,69,113,20.1,18.9,39,157,1,22.69335375
30,1,161.7,52.48,11.7,88,125,33.7,17.4,39,211,1,20.07122071
25,1,170.9,70.7,15.7,80,127,36.4,26.4,38,246,1,24.2066833
39,1,173.3,69.8,23.8,76,137,40,18.2,38,227,1,23.24118658
58,1,164.2,64,19.8,93,150,36.8,18.3,38,205,2,23.73742844
28,0,166.2,59.7,21.9,72,118,32.1,15.6,38,165,2,21.61286259
34,1,177.8,76.4,28.9,82,130,41.1,5.3,38,194,1,24.16739527
22,0,156.9,46.9,23,98,155,20.5,16.5,38,155,2,19.05140263
41,0,160,50,20.6,62,106,27.4,22.6,38,178,3,19.53125
31,1,174,67.6,15.6,82,140,39.3,5.1,38,225,1,22.3279165
63,1,172.4,71.66,18.9,79,152,43.1,15.8,38,173,3,24.11028149
24,1,176,77.5,24.7,75,114,35.6,9.3,38,200,0,25.01936983
22,0,166,68.8,31.3,84,146,33.5,27.8,38,181,3,24.96733924
50,1,165.2,67,28.4,96,143,39,13.3,38,205,2,24.55018204
24,0,156.1,49.4,25.1,70,110,21.7,23.8,38,137,1,20.27314576
46,1,168,58.7,23.2,86,155,32.9,17.4,38,182,1,20.79790249
29,1,170,66,20.6,95,145,39.6,6,38,185,1,22.83737024
25,1,174.3,79.68,20.5,84,142,54.7,28.5,38,217,1,26.22735841
56,1,173.7,76.3,20.3,77,140,45.5,16.5,38,215,3,25.28860664
46,1,172.5,78.7,22,99,139,52.3,9.1,38,218,2,26.44822516
22,0,167.4,66.2,34,62,110,28.5,11.2,38,25,1,23.62365449
37,1,172,73.1,14.1,88,137,56,14.3,38,242,1,24.70930233
35,0,156.4,48.5,18.2,77,129,29.7,28.6,38,168,3,19.8275129
28,1,169.1,70.8,28,74,125,38.3,12.3,38,205,1,24.75973787
23,0,166,55.8,26.4,63,108,27,21,38,165,2,20.24967339
28,0,153.6,54.7,39,74,117,22.5,16,38,137,1,23.18488227
56,1,167.3,54.7,18.7,64,116,36.6,20.5,38,205,2,19.54318956
25,1,162.9,60.3,27.4,69,108,35.1,9.5,38,195,1,22.72349576
33,0,163.7,49.1,25.8,81,117,21.6,13.9,38,191,2,18.32247481
44,0,164.5,63.6,28.3,93,123,28.6,19.9,38,138,3,23.5031088
30,1,182.5,94.4,27.8,72,157,53.4,12.6,38,167,0,28.34302871
25,0,168.6,55,19.8,73,126,30.3,20.1,38,178,3,19.34851101
41,1,162.9,62.1,22,78,132,41.3,13.2,38,219,2,23.40180906
41,0,160.7,60.8,32.3,66,108,26.6,23,38,157,3,23.54354336
59,1,170.7,64.4,9.485012,90,126,47.2,20.4,38,192,1,22.10135117
21,0,167.1,62.3,30.3,81,140,25.2,21.1,38,146,2,22.31182767
44,1,177.5,84.2,28,91,150,36.2,9.6,38,185,0,26.72485618
25,1,167.6,59.6,19,57,115,50.2,17.7,38,218,1,21.21769641
58,1,165,61.6,19,78,121,37.6,17,38,173,2,22.62626263
28,1,175.1,69.6,24,85,128,41.7,16.3,38,210,1,22.70057968
29,1,161.9,57.6,21.4,80,129,38.8,9.8,38,195,1,21.97499505
47,1,166.3,67.4,24.1,83,131,44.6,6,38,181,1,24.37111495
49,1,173.3,70,14.2,75,134,51.2,12.3,38,199,2,23.30778024
59,1,176.9,80.8,24.3,73,129,44.1,13.2,38,194,2,25.81996772
40,1,170.5,70.4,21.6,79,134,39.7,10.3,38,230,2,24.21719799
37,0,164.8,72.7,31.4,52,101,32.2,25,38,155,3,26.76825101
26,1,173.3,72.1,24.1,77,129,38.1,16.6,38,191,1,24.00701364
25,0,159.9,54.1,24.4,70,117,25.3,21.9,38,161,3,21.1592533
34,1,171.3,69,10,67,125,35.3,16.4,38,212,1,23.51442508
26,1,176.4,87.56,26,80,120,50.1,12.6,38,239,0,28.13899558
60,1,166.2,76.28,27.2,75,143,43.1,13.9,38,187,2,27.61522878
21,0,158.6,47.3,21.2,72,104,18.5,20.2,38,173,3,18.80419624
23,0,162.2,60.9,28,57,100,27.4,20,38,157,1,23.14811295
50,1,174.7,65.9,17.6,86,147,32.9,17.6,38,212,2,21.59233475
23,0,165.4,51.2,26.4,71,115,21.9,25.5,38,140,0,18.71539297
25,0,157.8,44.8,26.8,80,127,20.6,18.9,38,162,3,17.99136093
28,1,175.8,93.3,33.5,80,137,42.6,11.5,38,215,0,30.18866459
37,1,169.1,81.6,32.5,95,159,38.1,-6.3,38,161,0,28.53664703
22,0,156.5,54.2,27,79,123,31.6,14.2,38,121,1,22.12944911
40,0,162.9,51.3,21.7,82,123,27.9,16.4,38,167,2,19.33192922
28,1,179.6,66,23.6,85,139,40.8,5.6,38,213,1,20.46120803
44,0,162.2,60.3,20.2,85,141,31.5,31.2,38,188,3,22.92005273
33,1,180.9,66.2,15.6,74,118,41.4,9.6,38,235,1,20.22930003
51,1,170,63.8,18.1,83,146,29.1,16,38,215,2,22.07612457
33,0,166.6,59.92,26.1,75,116,22.3,28.2,38,179,1,21.58846732
25,0,164.8,53.5,22.4,93,131,27.7,20.1,38,163,2,19.69878169
34,1,173,73,20.3,81,133,49.3,12.2,38,235,1,24.39105884
44,1,170.3,73.1,26,89,130,45.1,20.5,38,210,2,25.20508005
50,1,166.9,68.4,27.5,79,133,37.8,25.4,38,175,1,24.55519732
34,1,176.7,73.1,14.4,68,117,46,0.4,38,230,0,23.41231065
62,1,172.4,75.5,24.3,97,159,41.7,12.1,38,181,3,25.4022642
29,0,163.3,57.3,25.7,91,138,27.8,19.1,38,173,3,21.48732004
27,1,184.4,84.4,18.4,78,131,45.3,15,38,239,0,24.82107651
57,1,169.2,74.5,23.7,83,151,29.6,16.7,38,194,0,26.02289176
27,0,170,63.8,29.3,62,103,24.9,16.9,38,160,1,22.07612457
23,1,181.9,106.9,23.2,72,125,55.2,13.5,38,223,0,32.30816611
23,1,183.2,89.5,17.5,97,138,51,22.4,38,264,0,26.66687325
28,0,153.4,54.8,25.4,64,114,27.6,16,38,173,2,23.28787382
22,1,177.8,90.5,27.1,72,126,37.3,-1.2,38,206,0,28.62760828
27,0,162.7,64,28.3,76,119,33.3,25.5,38,175,3,24.17713682
21,1,177.9,84.3,21.6,71,124,49.4,15.8,38,231,0,26.63640922
32,1,185.6,113.9,30.2,92,137,57.8,11.2,38,215,0,33.06494315
40,1,173,68.5,14.9,90,129,46.3,18.4,38,229,2,22.88750042
51,1,179.1,83.5,28.9,94,150,55.8,14.6,38,205,0,26.03126682
60,1,173,76.5,24.6,92,158,44.2,19.6,38,200,3,25.56049317
39,1,176.8,66.02,20.3,77,145,46.4,14.5,38,222,1,21.12083086
24,1,167.9,58.8,13.9,83,125,40.3,1,38,225,0,20.85815708
36,0,162,54.9,23.8,87,138,25.1,25.1,38,170,3,20.91906722
62,1,173.6,71.64,26.1,90,159,36.9,1.4,38,181,0,23.77147529
38,1,176.7,67.7,22.4,90,139,42.4,7.7,38,195,1,21.68281027
57,0,161,50.02,15,76,119,22.3,20.5,38,153,3,19.29709502
51,0,160.3,56.4,28.4,83,119,21.1,22.5,38,134,2,21.94886459
35,1,179.1,91.6,23.5,60,135,48,12.8,38,213,1,28.55645558
45,1,167.4,67.46,15.8,71,114,40.4,13.6,38,219,2,24.073289
42,1,173.6,75.5,16.1,93,158,57,15.9,38,231,2,25.05229459
49,1,178.9,81.9,20.4,82,134,51.4,19.5,38,217,2,25.5895837
46,1,170.3,69.6,21.1,70,130,45.3,12.4,38,193,1,23.99827047
34,1,171.7,81.1,24.1,77,126,40,10.3,38,236,1,27.50934588
22,1,178.4,86.8,24.4,79,152,44.7,-6.9,38,233,0,27.27281868
52,1,178.1,76.5,21.1,80,117,52,15.4,38,200,3,24.11757269
62,1,172,65.2,19.7,99,181,32,2,38,187,0,22.03893997
22,0,163.5,60.4,34,80,125,22.4,10.6,38,173,1,22.59443182
44,1,174.6,75,18.5,80,142,48,12,38,218,2,24.60213428
27,0,159.8,54.8,24.4,55,104,27.5,22.7,38,191,3,21.45986613
27,1,169.5,56.52,16.6,88,127,35.3,-0.3,38,202,0,19.67264469
38,1,174.2,59,8.1,91,133,48,13.2,38,246,1,19.44266129
21,1,172,74.9,26.6,70,105,35.9,0.9,38,191,0,25.31773932
25,1,173,69.5,14,80,130,55.1,12.5,38,180,1,23.22162451
59,1,167,64.9,18.7,83,134,37.5,9,38,176,2,23.27082362
59,1,166.4,64.5,22.3,91,155,36.6,17.6,38,189,2,23.29448271
61,1,173.5,71,17.6,90,149,51.2,11.7,38,174,2,23.58627677
39,0,166,58.5,27.4,69,129,24.3,19,38,180,2,21.2294963
43,1,168.1,75.8,24.5,91,129,40.8,18.4,38,206,1,26.82463237
44,1,174.3,74.2,13.5,76,125,51.3,14.5,38,217,2,24.42356921
21,1,174.4,69.7,11.5,75,131,40.7,3.1,38,199,0,22.91605294
44,1,172.5,69.6,27.9,99,131,43.9,10,38,210,1,23.39004411
22,1,183,65.9,12.7,62,104,40.3,4,38,197,0,19.67810326
43,1,169.7,64.7,15.7,70,131,41.8,10.9,38,206,2,22.46676776
54,1,165.7,73.6,27.7,85,138,41.2,5.3,38,182,0,26.80604841
27,1,164,61.7,20.3,77,131,31.1,22.3,38,224,1,22.94021416
23,0,166.5,55.6,23.7,68,106,23.6,18.8,38,137,2,20.05609213
22,0,160.1,57.18,33.2,68,108,21.6,-4.9,38,164,0,22.30804373
21,0,165,51.8,12.2,67,117,29.7,22,38,170,1,19.02662994
36,1,170,72.1,24.2,66,106,42.6,6,38,186,1,24.94809689
51,1,172.3,104.5,30.7,99,148,56.7,2.7,38,210,0,35.200249
25,1,172.3,92,35.8,79,144,37.5,17.1,38,182,0,30.9896929
26,1,175.3,76.4,20.8,76,124,40.2,3.3,38,192,0,24.86162585
40,1,166.8,59.54,15.3,95,130,45.7,15.5,38,219,2,21.40014607
60,1,166.7,68.6,25.7,63,120,42.1,17.6,38,187,3,24.68612456
31,0,162.3,64.1,30.6,77,107,33.1,13.6,38,179,1,24.33441946
24,1,167.5,69.4,16.1,73,124,47.3,23.1,38,220,0,24.73602139
38,1,164.2,61,18.2,63,113,38.1,10,38,233,1,22.62473648
32,1,166.6,68.1,17.4,86,156,41.9,13.9,38,203,1,24.53562457
62,1,164.3,65.86,18.5,69,112,34.3,11.8,38,169,3,24.3975715
24,0,161.1,51.2,24.8,90,135,30.7,22.4,38,173,3,19.72781016
28,0,156.8,57.3,26.8,76,114,22.4,26.5,38,153,1,23.30571897
37,1,168.3,72.6,21.2,74,116,41.1,7.5,38,220,1,25.6311675
24,1,171.8,63.8,16.6,79,108,44.9,5,38,215,0,21.61595162
23,0,163.9,46,25,56,106,21.7,15.6,38,181,1,17.12379124
41,0,159.4,53.1,21.1,68,105,23.3,11.1,38,164,1,20.89863336
21,0,170.2,64.2,25,70,130,37.2,20.3,38,162,3,22.16235548
45,1,171,82,27,104,147,42.3,24.5,38,205,0,28.04281659
62,1,176.7,69,23.8,85,130,33.7,2.8,38,179,1,22.09917147
50,1,176.3,80.4,19.1,90,137,44.4,13.3,38,198,0,25.86731931
60,1,163.7,72.7,28.1,83,180,40.5,23,38,185,3,27.12920405
34,1,170.8,80.2,33.2,91,124,33.7,7.8,38,185,0,27.4915126
31,0,165.1,51.1,21.1,61,106,28.6,27.8,38,188,3,18.74678306
29,0,157.7,45.66,20.5,92,129,22.6,19.3,38,175,3,18.35999339
53,0,153.3,52.3,23.8,83,144,26.6,21,38,166,3,22.25447632
39,1,176.2,81.5,24.8,78,134,43.6,6,38,216,1,26.25099689
45,0,161.8,56.9,26,67,116,18.3,17.5,38,135,1,21.73477916
28,1,169.8,75.9,24.1,81,130,45.1,12.7,38,239,1,26.32488024
30,1,171.2,69.3,22.9,94,135,36.5,-2.7,38,160,0,23.64425932
39,1,173.8,80.7,32.3,80,128,51,14.9,38,215,0,26.71615722
25,0,161.9,57.1,36.9,95,143,28.7,23.6,38,161,3,21.78423988
53,1,168.7,59.3,21.1,88,144,30.9,12.2,38,208,2,20.83648838
40,1,176.3,76.7,25.9,77,117,47.6,7.2,38,220,1,24.67690785
51,1,173,65.9,15.1,61,139,42.6,11.4,38,197,2,22.01877777
21,0,168.8,53.5,20,72,121,30.3,24.7,38,185,3,18.77625166
22,1,165.8,68.5,27.4,83,123,38.9,7.1,38,200,0,24.91847838
61,1,172.1,76,29.9,97,154,41.7,13.2,38,199,3,25.65971637
23,1,170.1,70.9,30.4,71,128,31.4,7.6,38,190,0,24.50403522
46,0,159,53.4,25.6,71,130,21.7,25.3,38,150,2,21.12258218
64,1,175.6,64.3,17.5,80,123,42,17.8,38,223,3,20.85268341
60,1,169.8,66.6,29.7,75,128,47.2,15.2,38,220,3,23.09930203
46,0,167,58.04,19.6,61,116,29.2,18.1,38,200,2,20.81107247
42,0,167.9,54.3,18,91,134,28.4,28.5,38,157,3,19.26186955
46,0,162.3,61.2,21.7,78,123,31.3,22.5,38,163,3,23.23348629
62,0,150.2,47.7,27.4,80,146,20.9,23.3,38,115,2,21.14357953
56,1,174.2,71.3,32.3,86,146,42.4,13.3,38,208,3,23.49596186
25,1,177.1,85.48,22.4,84,139,38.2,4.5,38,201,0,27.25382049
22,0,158.7,50.6,27.4,56,106,21.4,25,38,170,3,20.09077377
48,1,167.6,66.4,16.1,94,140,43.4,14.4,38,235,2,23.63850741
53,1,174.5,69.2,18.8,84,140,38.7,4.2,38,179,0,22.72559339
52,1,167.2,79.2,28.5,84,149,40.2,3.5,38,181,0,28.33039537
34,1,182.4,90.3,17.7,71,123,52,13.8,38,213,1,27.14176477
29,0,157.6,48.8,32.1,81,122,23,20.7,38,160,3,19.64750444
28,0,167.5,58.7,21.9,68,134,30.4,17.6,38,195,2,20.9222544
22,0,160.3,49.5,27.2,92,132,19.9,27.4,38,144,2,19.26363116
28,0,162.2,55.3,30.2,88,135,26.5,24.4,38,160,2,21.01955084
60,1,162.1,66.3,24.2,72,125,33.7,15.9,38,158,2,25.23175731
26,0,168.9,59.9,30.1,79,127,24.8,13.8,38,171,2,20.99749678
24,1,181.6,75.82,3.5,65,126,45.1,8.3,38,254,0,22.99069456
43,1,175.4,81.8,24,80,119,42.7,8.3,38,209,1,26.58851766
27,1,181.1,60.9,10.8,72,128,38.5,7.3,38,228,1,18.56865264
29,0,161.3,52,19.3,71,128,30.9,30.3,38,164,2,19.98640156
26,1,170.7,61.5,12.4,69,127,36.9,7.4,38,215,1,21.10610399
61,1,171.8,83.1,25.9,93,149,45.5,18.3,38,193,3,28.15494639
64,0,158,61.9,34.2,68,123,24.5,23.5,38,126,3,24.79570582
60,1,166.1,72.7,22.6,81,119,40.9,17.3,38,180,3,26.35088138
28,0,168.8,60.1,23.4,87,139,32.9,20.5,38,171,3,21.09257429
47,1,169.6,70.2,22.1,84,141,38,21.1,38,218,1,24.40537113
37,1,175.8,80.74,30.7,86,138,41,13.2,38,193,0,26.12468145
41,1,169.5,65.3,15.7,86,148,38.8,6.8,38,185,1,22.72865708
26,1,174.4,67.9,22.8,80,115,33.3,-1,38,198,0,22.3242467
31,1,169.4,78.4,38.1,80,129,37.7,14.3,38,151,0,27.32053821
39,0,159.9,49.8,32.9,62,116,17.1,9,38,137,0,19.47746422
34,1,171.7,74.22,22.6,86,138,56.1,11.4,38,229,1,25.17563072
22,0,165.6,47.3,26.6,81,136,23.1,23.6,38,167,2,17.2480688
33,0,157.2,50.8,32.6,67,127,22.6,18.8,38,141,1,20.5569476
42,0,162.8,60.1,27.4,82,129,28.2,19.5,38,156,3,22.67595941
58,1,175.6,67.7,18.2,66,132,40.4,22.8,38,241,3,21.95531364
25,1,170.4,70.7,25.9,78,133,50,1.6,38,193,0,24.34894972
48,0,162.5,60.4,28.1,69,128,29,24.2,38,164,3,22.87337278
34,1,176.3,75.5,21.9,94,148,41.7,20.8,38,196,1,24.29082846
51,0,154.9,63.7,29.7,90,154,19.1,20.6,38,118,1,26.54829268
35,1,178.3,78.3,25.2,75,126,46.4,5,38,215,1,24.62969738
48,1,180.7,76.2,22.2,92,126,47.2,21.3,38,218,2,23.33665825
45,0,159.4,44.3,9.4,66,103,24.3,34.3,38,154,3,17.43520637
27,0,161,53.5,26.1,93,134,22.3,22.3,38,178,3,20.63963582
44,1,167.6,68.2,24.6,76,116,36.3,15.2,38,220,2,24.27931033
22,0,158.5,45.8,25.7,68,125,26.3,30.1,38,151,3,18.23085114
23,0,165.7,55.1,24.7,60,122,30.7,22.1,38,166,3,20.06811504
50,0,165.5,53.1,26.7,93,158,22,17.1,38,149,2,19.38646051
25,1,170.7,83.1,26.4,67,124,43.2,14,38,199,0,28.51897954
46,1,175.3,67.5,21.9,87,144,43.2,17,38,203,2,21.96544169
25,0,168.6,61.7,28.8,89,139,31.1,20,38,178,3,21.70551144
63,1,172.9,69.5,25.9,85,144,39.6,17.2,38,208,1,23.24849361
60,1,174.3,72.6,21.8,88,151,36.8,7.5,38,167,1,23.89691542
43,1,171.6,64.8,21.4,90,123,34,9,38,203,1,22.00596606
31,0,162.8,60.5,29.7,71,130,29.1,23.5,38,179,3,22.82688093
60,1,175.5,81.5,22.4,84,142,43.2,22.9,38,186,1,26.46082418
21,0,162.6,55.1,32.1,75,120,25.8,25,38,170,3,20.84061431
58,1,175.9,77.64,19.2,89,127,37.5,7,38,200,0,25.09307287
62,1,167.6,67.8,23.7,96,158,41.4,7.8,38,172,1,24.13690968
39,0,162.1,48.9,15.3,81,125,29.4,32.5,38,183,3,18.60984815
62,1,173.6,81.1,23.9,82,143,47.3,14.8,38,202,3,26.91047803
50,1,162.4,61.9,24.4,76,122,37.1,12.3,38,188,2,23.47029775
23,0,157.4,55.9,27.4,73,118,26.3,29.4,38,200,3,22.56328618
23,1,182,84,21,97,139,56.4,0,38,235,0,25.35925613
21,1,173,83.4,28.6,81,126,32.2,-3.4,38,223,0,27.86594941
29,0,169.6,51.8,24.6,73,119,26.2,15.8,38,178,2,18.00852172
22,0,166.7,68.92,32.8,75,119,32.2,20.6,38,189,3,24.8012785
50,1,170.8,74.7,24.6,99,147,43.9,22.7,38,187,1,25.60618442
23,0,164.4,60.6,28.5,74,133,28.2,21.3,38,171,3,22.42172376
33,0,160.7,49.3,24.7,74,133,28.2,25,38,160,3,19.09040604
24,0,169.5,58.8,22.3,88,137,30.6,22.9,38,182,3,20.46623333
32,1,180.5,74.3,15.7,83,130,41.9,22.5,38,241,1,22.80522709
26,1,175,63,15,77,125,38,17,38,195,1,20.57142857
43,1,162.4,66.4,20.3,66,126,41.2,13.2,38,178,2,25.17653911
25,1,186,89.8,20.2,80,130,44.1,8.5,38,198,1,25.95675801
28,1,185.5,74.3,9.7,95,150,49.8,12,38,238,1,21.59240343
62,0,155.4,60.2,28.4,83,131,23.8,18.6,38,149,1,24.92840331
34,1,180,72.5,16.5,81,144,40.8,8.5,38,237,1,22.37654321
61,0,157.8,59.8,40.3,93,152,26.7,23.7,38,150,3,24.0152541
36,1,171,67.8,25.3,76,124,29.4,12,38,171,1,23.18662152
38,0,169.9,68.8,34.1,80,133,28.7,24.6,38,177,0,23.83426043
44,1,170.7,71,23.8,91,141,43.1,16.6,38,205,1,24.36639647
42,0,162,52.6,19.3,73,114,25.5,24.6,38,158,3,20.04267642
26,0,163.3,62.7,24.3,82,132,32.6,20.3,38,167,2,23.51230308
32,0,166.2,58.5,25.7,71,117,37.4,20.2,38,163,3,21.17843319
23,1,180.7,69.4,13.4,60,120,38.5,3.6,38,219,0,21.25412181
58,0,156.2,47.1,23,97,153,24.7,23.4,38,135,3,19.30451291
44,1,178.1,77.9,18.8,76,130,47.5,12.9,38,194,1,24.55894004
36,1,167.5,66.7,17.9,78,120,40.5,9.6,38,210,1,23.77366897
27,0,160.9,64.4,26.5,70,125,27.7,27.9,38,167,3,24.87561228
54,1,174.5,71.6,14.5,82,140,34.4,23.2,38,212,1,23.51376425
25,0,162.6,63,31.2,75,129,32.8,21.6,38,164,3,23.82865157
25,1,179.8,83.5,27.9,98,144,35.7,11.1,38,195,0,25.82897076
44,1,169.5,75.6,24.6,99,147,38.1,7.6,38,205,1,26.31372856
43,0,165,51.9,24,93,141,32.1,21.7,38,175,3,19.06336088
38,0,166.4,52.4,27.6,80,115,31,25,38,181,3,18.92450999
37,1,171.1,69.6,22.2,85,134,46.8,6.6,38,230,1,23.77438112
22,0,162.4,46.9,16.8,76,125,27.6,15.4,38,163,2,17.78282657
42,1,181.4,90.3,16.1,82,136,49,14,38,213,2,27.44183728
25,1,181,79.88,22.7,81,153,44.5,13.8,38,194,1,24.3826501
41,1,170.7,73.6,23.6,75,137,42.9,11.9,38,193,2,25.25868705
61,1,163.5,65,27.6,76,111,29.4,3.6,38,147,1,24.31519981
40,1,166.9,71.2,22.1,91,145,41.5,13.9,38,187,2,25.56038084
43,1,174.9,63,16.5,68,99,45.6,15.9,38,231,2,20.59495894
23,1,187.3,76.8,14.05,62,106,48.9,0.3,38,237,0,21.89201138
40,0,175.6,60.4,17.8,76,146,28.7,13,38,195,1,19.58790168
26,1,173.8,81.5,33,86,143,37.7,0.8,38,196,0,26.9810014
22,0,162,58,29.3,79,130,30.2,22.1,38,153,3,22.10028959
36,1,178.6,86.4,29,82,140,51.6,0.7,38,192,0,27.08637167
60,1,166.6,59.2,20.3,80,121,32.3,13.5,38,185,2,21.32905984
21,1,180.2,90.9,31.2,92,156,36.7,-1.3,38,223,0,27.99331363
38,1,171.8,94.2,34.4,96,154,42.5,0.4,38,169,0,31.91571541
24,1,173.9,58.4,16.5,77,122,31.2,12.8,38,210,0,19.3113966
45,1,166,57.6,15.5,68,133,36.7,12.5,38,199,2,20.90288866
51,1,179.7,84.4,18,75,124,49.5,8.9,38,199,1,26.13643155
36,1,174.2,80.4,22.2,78,121,41.6,17.6,38,217,1,26.49474521
42,1,173.4,71.1,25.8,72,118,51.9,12.1,38,220,2,23.64674752
30,1,178.3,77.8,18.2,54,110,50.1,6.9,38,217,1,24.47241961
28,0,165.8,56.4,21,76,127,33.2,17.2,38,187,2,20.51682015
52,0,162.2,57.4,24.2,60,111,27,22.2,38,147,3,21.81776163
48,1,168,65.8,23.7,88,119,41.2,6.5,38,170,1,23.31349206
61,1,166.8,62.7,20.8,98,154,35.7,12.1,38,188,3,22.53592809
30,1,166,63.3,21,79,131,35.1,7.7,38,220,1,22.97140369
46,1,176.6,68.4,18.2,78,140,43.4,17.3,38,205,2,21.93182153
22,0,167.1,55.5,28,89,122,23.2,13.6,38,179,1,19.87650779
28,1,178.1,65.5,18.8,99,159,33.8,12,38,150,0,20.64968642
33,0,151.2,47.1,21.4,70,111,27.9,24.6,38,159,3,20.60237675
31,1,171.7,70.9,20.7,88,142,45.2,16.4,38,188,1,24.04947748
44,0,159.9,52.7,26.4,69,108,19.3,14.8,38,108,1,20.61169407
45,1,169.3,74,22.1,91,136,44,12.7,38,204,2,25.81771507
23,1,181.4,102,25.8,82,147,52.5,16.1,38,252,0,30.99742417
21,1,187.4,104.9,30.1,80,139,43.9,5,38,222,0,29.87007514
32,1,180.2,58.44,9.4,86,124,43,22.9,38,196,0,17.99702144
38,0,151.3,46.6,22.3,77,113,30.3,19.3,38,160,1,20.35673207
51,1,173.8,68.7,17.8,91,138,38.3,11.2,38,223,2,22.74349443
32,1,170.3,93.5,36.4,95,144,43.9,10.6,38,189,0,32.23905587
46,1,177.1,79.2,24.6,86,122,41,16.2,38,213,2,25.25155104
23,0,155.5,48.46,32.7,71,123,23,18.4,38,165,2,20.04114929
41,1,170.5,69.7,20.6,86,130,50,18.6,38,187,2,23.97640199
26,1,174.5,73.5,21.2,81,130,43,11.2,38,210,1,24.13773286
64,1,170.3,77.7,26.5,92,159,44.6,12.5,38,223,3,26.79117264
44,1,178.2,101.2,29.2,98,159,48,1.4,38,211,0,31.86875615
64,1,168.5,66.5,28.3,88,135,29.6,17.5,38,160,1,23.42188449
50,1,163,58.3,18.9,93,149,38,15.4,38,203,3,21.94286575
27,1,168.3,71.5,23.2,79,118,40.9,8.4,38,229,1,25.24281648
46,1,172.2,71.1,23,77,117,44.1,7,38,223,1,23.97746725
48,1,180.7,95.7,19.5,81,139,42,1.6,38,208,0,29.30863772
51,0,161.5,57,26.7,87,130,27.3,21.1,38,155,3,21.85394282
37,1,183.6,83.9,13.8,88,142,49.4,3.3,38,237,0,24.88952492
21,0,162.1,49.6,21.2,65,114,21.3,28.2,38,166,3,18.87624679
59,1,173.6,74.6,21.4,71,110,35.6,17.7,38,172,0,24.75365797
47,1,172.2,82.9,22.9,79,135,46.3,10.2,38,190,2,27.95685
22,1,163.9,67.7,32.6,98,133,27.2,5.1,38,152,0,25.20175363
44,1,185,83,11,80,132,53.3,28.5,38,241,2,24.25127831
28,0,174.4,69.2,20.3,53,123,36.9,27.8,38,175,3,22.75166232
23,0,166.5,61.2,23.1,75,124,33.4,30.4,38,181,3,22.07613018
31,1,171.3,65.4,23,79,139,39.9,9.4,38,195,1,22.28758551
24,0,167,61.8,23.3,83,121,28.4,26.9,38,172,3,22.15927427
44,1,176.2,70.9,25,78,116,44.1,11.3,38,196,2,22.83675681
27,0,167,60.9,30.7,80,128,20.5,21.3,38,163,2,21.83656639
21,1,182.2,73.5,18.2,68,129,35.5,10,38,203,0,22.14066158
60,1,166.6,68.1,21.2,77,128,36,19.9,38,170,3,24.53562457
41,1,175,75.2,23,93,142,54,5.4,38,181,1,24.55510204
34,0,157.1,55.9,27.8,75,114,25.2,2,38,177,0,22.64954269
22,0,154.5,57.1,34.3,79,119,19.8,21.9,38,175,0,23.92098952
49,0,157.5,48,22.3,78,120,22.3,22.6,38,180,3,19.34996221
58,0,157.7,59.8,31,94,159,30.3,19.9,38,170,3,24.04572065
48,0,168.6,53.96,22.8,72,118,29.1,2.8,38,144,0,18.98264826
22,0,154.3,58.5,34.4,90,140,28,14.2,38,159,1,24.57106688
42,0,164.2,56.2,23.7,98,151,28,18.2,38,160,2,20.84442934
49,0,158.2,53.1,31.6,77,125,24.8,24.4,38,175,3,21.21688209
37,0,170.7,71.3,34.7,76,121,31.1,15.5,38,175,2,24.46935308
28,0,159.5,51.54,24.5,82,123,37.2,23,37,145,3,20.25923487
31,1,169.9,73.1,19.2,97,145,45,14.5,37,249,0,25.32390171
51,1,167.7,72.7,29,90,148,36.3,6.1,37,180,0,25.8504606
27,0,160.3,47.8,19.5,60,111,27.3,28,37,173,3,18.60205191
31,0,166.9,64.1,30.5,77,133,27.5,21.5,37,150,2,23.01152263
33,1,178,74.66,19,96,135,43.1,18.6,37,198,1,23.56394395
22,0,162.2,60.4,27.1,74,115,34.9,22.6,37,148,3,22.95806277
27,0,152.3,55.5,37.5,81,126,16.6,16.1,37,113,0,23.92727144
25,0,160.9,63.7,36.1,99,144,26.4,23.6,37,179,2,24.60522519
26,0,158.8,56.9,27.6,60,93,21.8,20.8,37,172,2,22.56374953
35,1,169.9,61.7,22.2,85,136,38.1,14.3,37,216,1,21.37462018
24,1,179.4,78.1,23.9,76,121,37.9,-13.1,37,217,0,24.26644494
48,0,161.5,49.4,22.4,59,112,19.9,11,37,157,1,18.94008377
38,0,163.1,61,26.5,77,123,32.4,21.8,37,170,3,22.9309429
32,1,164,65.8,20.6,93,143,36.3,4.8,37,191,1,24.4646044
54,0,164.6,67.1,29.9,85,135,30.9,23.6,37,168,3,24.7663986
26,0,162.1,56.9,25.14121,73,119,33,24.2,37,147,2,21.65440408
61,1,161.1,66.1,28,82,142,42.7,4,37,173,0,25.46891117
26,0,170,58.9,18.3,71,123,33.3,25,37,161,3,20.38062284
39,1,175.5,88.1,31,97,159,50.1,27.3,37,194,0,28.60366393
27,0,151.5,49.8,31.1,73,117,25.7,18.7,37,165,3,21.69721923
21,1,172.5,71.3,20.6,69,143,37.3,16.2,37,222,0,23.96135266
22,0,170.8,66.5,32.6,84,138,27.5,22.7,37,166,3,22.79533152
44,0,156.3,62.1,35.2,54,122,26.9,13.3,37,155,0,25.41988867
26,0,168.5,57.58,26,77,123,27.8,22.1,37,159,3,20.28018209
24,0,163.7,53.4,27.5,83,122,25.7,12.1,37,181,1,19.92709073
23,1,175.3,77.5,20.1,80,139,43.9,11,37,208,0,25.2195812
58,1,168.6,100.4,30.3,82,141,43.1,0.1,37,171,0,35.31982737
37,0,166.4,58.2,24.4,72,123,29.1,21.7,37,170,3,21.01920766
31,1,172.2,64.1,15.7,68,103,33.3,10.8,37,200,1,21.61681647
61,1,169,72.4,26.7,78,120,30.7,23.8,37,187,0,25.34925248
36,1,178.1,74.7,22.2,78,133,38.6,8.4,37,217,1,23.5501004
21,0,156.4,48.7,27.8,65,91,19.9,21,37,160,3,19.90927584
21,1,186.1,91,22.1,79,139,45.3,5.9,37,258,0,26.27535825
40,1,179.4,119.6,32.6,87,146,50,-2.6,37,164,0,37.16090673
24,0,161.7,61.5,27.5,77,117,30.6,24.9,37,190,2,23.52096177
22,0,168.2,56.2,19.45304,94,153,29.7,32.7,37,193,3,19.86480621
44,0,166.5,58.5,24,70,130,30,22.7,37,155,2,21.10218326
44,0,156.9,53.9,24.6,79,130,30.4,24.3,37,141,1,21.89489556
22,0,172,60.5,20.7,76,117,31,30.2,37,198,3,20.45024337
22,0,166,52.1,30.1,60,120,22.5,11,37,150,1,18.90695311
26,0,155.5,54.66,24.7,57,107,25.4,27.8,37,169,3,22.60522534
55,1,173.3,84.9,23.6,88,145,39.5,12,37,179,0,28.26900774
51,1,175,68,19,87,129,42.6,13,37,215,2,22.20408163
61,1,169.1,79,35.5,82,142,34.7,-12.8,37,161,0,27.62739112
35,1,174.1,75.9,20.7,87,143,41.3,7.2,37,183,1,25.04057133
29,0,172,54.3,20.5,78,122,26.5,18.2,37,185,1,18.35451595
61,1,162.1,71.7,27.8,87,144,36.2,22.8,37,200,2,27.28683256
41,0,160.6,58.8,24.4,79,139,34.4,22.1,37,161,1,22.79744855
62,1,161.2,63.8,25.9,95,158,36,15.8,37,162,2,24.55221078
28,1,172.2,71.52,17,78,126,44.3,4.8,37,214,0,24.1191063
33,1,172.1,65.3,19.1,87,142,37.9,-12.1,37,183,0,22.04709841
28,0,175,70.5,30,75,131,33.2,25.9,37,163,3,23.02040816
52,1,162.4,58.3,17.4,83,144,38.3,9.8,37,198,2,22.10530467
25,1,171.7,61.6,11,70,135,44.6,0.7,37,207,0,20.89489157
21,1,170.4,107.9,42.1,85,136,49.5,5.9,37,200,0,37.16056118
60,1,172.7,78,21.2,81,120,43.7,16.8,37,190,1,26.15230229
31,1,174.5,74,22.3,87,129,40,23,37,211,1,24.30193512
45,1,170.4,80.8,25,94,143,54.5,4.9,37,229,0,27.82737111
60,1,168,59,21.1,84,158,37.2,15.9,37,191,3,20.90419501
25,0,148.7,51,38.6,83,117,25.6,23.6,37,168,1,23.06472278
37,1,170,74.4,19.4,87,133,46.3,17.4,37,224,1,25.74394464
48,0,160.5,58,29.8,60,109,25,15,37,140,2,22.51530944
21,0,160.7,59.38,31.5,72,137,26.1,28.5,37,155,3,22.99367771
47,1,173.2,80.4,24.9,68,113,39.6,-1,37,182,0,26.80157236
57,0,167,56.4,21.8,82,126,27.9,23.1,37,165,3,20.223027
59,1,166.5,67.6,28.6,77,136,36.1,4,37,149,1,24.38474511
24,1,182.1,80.1,20.2,84,147,50.7,8.2,37,168,0,24.1553105
48,0,159.7,60,26.7,61,110,31.8,20.4,37,188,3,23.52563844
32,0,152.7,47.3,27,90,145,27.2,21.1,37,160,3,20.28537622
34,1,171.3,63.3,23.4,85,129,33.2,12.9,37,195,1,21.57192909
45,1,163.2,53.9,15.3,79,112,36.9,16.2,37,211,2,20.23710832
52,0,161.5,54.2,23.5,76,153,27.5,24.6,37,175,3,20.7804158
31,1,171.4,77,28.6,92,128,40.5,5,37,205,0,26.21012487
46,1,172,79.5,21.2,90,110,42.5,22.6,37,229,2,26.87263386
53,0,163.3,50.76,18.4,63,108,24.6,22.4,37,126,3,19.03484058
38,1,175.6,74.5,22.5,83,134,42.7,4.6,37,235,1,24.16057409
23,0,162.2,58.48,28.8,75,119,22.9,26.2,37,182,3,22.22827004
31,0,157.9,60.96,35.2,66,113,20.5,20.5,37,138,1,24.4501033
50,1,165.1,74.1,27.7,80,120,39.6,6.5,37,200,0,27.18466975
63,1,167.6,65.4,18.3,76,152,40.3,11.9,37,195,3,23.2825058
34,0,160.8,51.5,30.3,57,102,23.3,20.9,37,153,2,19.91751442
39,1,180.1,73.8,28.1,80,133,47.9,9.5,37,198,1,22.75249021
21,0,173.5,54.5,19.4,67,133,23,23.1,37,163,3,18.10495893
33,1,182.6,89.4,26.9,72,126,47.7,6,37,193,0,26.81241745
44,1,171.4,87.1,28.5,75,143,44.7,0.5,37,180,0,29.64807631
29,1,171.9,66.7,18,77,127,41.6,7.7,37,217,0,22.57220992
44,0,152.4,50.9,26.6,95,184,23.6,20.3,37,192,3,21.91532161
49,0,156.1,50.6,16.3,95,147,27.6,23.7,37,152,3,20.76561084
23,0,162.1,48.2,25.1,89,139,23.9,7.8,37,171,0,18.3434495
30,0,165.8,53.4,15.7,75,122,34,15.8,37,154,2,19.42549993
21,0,165.5,54.72,19.9,95,132,31.5,19.3,37,188,2,19.97791185
56,1,179.9,84.2,24.7,91,135,48.7,17.3,37,198,3,26.01655357
40,0,162.7,55.5,29,64,112,28.4,29.4,37,134,1,20.96611083
31,0,159.1,45.5,22.2,72,111,18.6,18.3,37,151,1,17.9750885
32,0,160.1,51.8,18.1,73,120,30.3,23.8,37,180,3,20.20910572
52,1,170,79.5,24.1,97,140,42.2,14,37,190,0,27.50865052
49,1,167.4,64.1,21.4,82,121,37.4,22.7,37,215,2,22.87426363
26,0,167.7,60.9,24.2,69,111,28.8,28.1,37,203,3,21.65464994
23,1,178.3,87.2,27.1,82,140,38.3,7.4,37,220,0,27.42924152
48,1,174.3,74.3,23,73,126,44.1,9.6,37,196,2,24.45648507
62,1,169.5,72.1,21.3,87,113,45.4,16.7,37,142,3,25.09550039
48,1,173.8,85.6,25.6,97,141,59.8,13.4,37,206,0,28.33832785
40,1,175.6,67.7,17.2,79,115,35.7,-1.4,37,202,0,21.95531364
21,0,156.2,57.7,32.5,68,115,26.8,25.5,37,152,3,23.64905297
25,0,168.9,66,30.2,90,145,28.9,20.5,37,146,2,23.13580613
61,0,161.2,59.2,22.8,92,140,33.4,26.2,37,178,3,22.78198868
57,1,168.6,75.6,24.4,81,132,34.2,14.4,37,211,2,26.59540786
63,1,173.3,75.9,29.6,93,159,41.4,8.8,37,161,2,25.27229314
34,1,167.4,70.56,26.7,95,145,33.7,10.6,37,181,0,25.17953264
25,1,170.9,58.4,18.4,87,137,44.5,1.6,37,223,0,19.9953367
22,0,166.8,54.6,23.9,68,102,28.9,25.5,37,175,3,19.6245881
25,0,169.5,57.56,25.3,92,132,23.4,24.7,37,182,2,20.03463249
52,1,186.6,103.26,26,83,143,44.7,3,37,184,0,29.65574522
30,0,153.3,54.6,26.7,75,127,25.7,19.1,37,152,1,23.23316266
22,0,165.2,48.3,16.2,78,130,30.1,25.6,37,189,3,17.6981163
25,0,154.3,47.2,25.3,67,110,27.3,22,37,190,3,19.8248608
21,0,157.2,48.5,26.4,54,130,19.2,30.3,37,177,2,19.62621966
42,1,160,64.2,19.4,72,107,36.1,11.9,37,194,1,25.078125
25,0,162.5,51.6,23.1,71,119,22.3,15.9,37,156,2,19.5408284
26,0,163.8,74.1,35.4,75,134,33.2,23.6,37,152,2,27.61788476
34,0,161.9,57.3,31.7,66,103,21.8,24.8,37,158,1,21.86054195
40,1,177.3,85,21.4,93,144,38,3.4,37,171,0,27.0396742
24,0,160,62.5,34.3,76,119,29,20.6,37,145,2,24.4140625
30,1,184,81.6,21.6,80,143,26.6,12.2,37,213,0,24.1020794
28,0,161.1,49.96,23.5,78,125,21.5,28.5,37,161,2,19.25002726
60,1,179.3,82.1,23.2,87,138,50.9,16.4,37,194,2,25.53774687
27,0,161.3,72.6,33.6,86,141,33.9,27.3,37,148,2,27.90409141
46,1,164.5,71.14,32,78,126,36.7,-1.9,37,177,0,26.28948365
21,0,168.8,63.38,24.3,68,109,30.2,27.5,37,186,2,22.24371645
24,1,178.6,91.6,26.6,63,127,54.9,10.8,37,198,0,28.71656996
23,0,159.6,56.5,30.6,59,100,35.9,29.1,37,172,3,22.18107926
22,0,157.4,56,24.7,82,143,22.4,23.1,37,162,3,22.60364984
24,1,171.7,78.1,30.9,65,122,37.2,-14.5,37,136,0,26.49173753
26,0,167.6,52.3,22.4,69,122,23.4,19.9,37,154,3,18.6188846
22,0,161.3,54.3,22.2,85,135,23.7,31.1,37,180,2,20.87041548
60,1,174,67.7,21.4,77,126,39.1,10.8,37,190,2,22.36094596
49,0,158.1,51.9,24.9,83,130,24.3,19.5,37,178,2,20.7636461
32,1,170,75.9,34.4,78,124,34.1,7.3,37,211,0,26.26297578
28,1,175.5,89.6,19.6,96,152,36.1,0.3,37,208,0,29.09067297
53,1,167.6,69.6,25.5,91,149,39.9,17,37,211,2,24.77771259
64,1,166.2,67,21.2,74,134,48.1,13.6,37,188,3,24.25564143
56,1,170,74,26.4,74,140,38.6,12.2,37,166,0,25.60553633
61,0,148.3,41.7,22.9,81,146,23.2,22.3,37,136,3,18.9606732
32,0,158.6,57.5,28.9,80,122,23.8,9.8,37,169,1,22.85922376
45,1,172.4,71,19.9,83,119,40.6,12.3,37,203,2,23.88822196
26,0,171,61.9,28.7,80,127,21.5,16,37,158,2,21.16890667
22,0,170.3,67.9,32.8,68,119,23.3,20.1,37,131,1,23.41210582
33,0,160,50.7,20.2,98,146,20.6,-9,37,128,0,19.8046875
40,1,183.5,77.4,19.8,98,148,37.5,22.3,37,213,1,22.98628693
45,1,173.5,77.9,17.1,72,143,49.4,9,37,230,1,25.87846423
22,1,174.4,56.2,9,80,120,35,-4.3,37,221,0,18.4775061
36,1,183.2,83.8,19.3,95,157,50.5,13.9,37,219,1,24.96853607
24,0,158.4,54.34,29.5,80,129,26.6,15.6,37,169,2,21.6575477
28,1,181.5,68.94,13.6,90,125,51.6,16.1,37,201,0,20.92753227
40,0,166.1,51,18.5,82,126,25.4,22.8,37,181,3,18.48548762
25,1,172.8,66.3,13.9,72,131,48.3,20.6,37,243,0,22.20373585
56,1,175.1,81.5,22,99,137,50.3,17.7,37,209,2,26.58185695
22,0,160.1,54.4,25.8,64,98,23.4,18.2,37,166,2,21.22346238
25,1,175.8,84.6,28.8,84,146,36.8,15.2,37,162,0,27.37364442
61,1,172.9,75,23.7,69,136,36.8,14.8,37,175,1,25.08830246
51,1,174.3,59.1,14.4,84,136,53.2,9.7,37,211,2,19.45327412
41,0,152.8,48.62,23.2,68,111,27.3,20,37,173,3,20.82419616
56,1,167,65.9,24.8,94,156,38.8,20.5,37,175,3,23.62938793
21,1,171.2,71.8,25.8,76,116,36.5,8,37,175,0,24.49722683
29,0,157.3,45.3,23.6,68,109,23.9,25.2,37,196,1,18.3079938
40,0,161.5,54.1,22.9,82,119,26.2,28.5,37,168,3,20.74207555
24,0,169.3,75.2,25.3,86,132,40.8,21.4,37,193,3,26.23638072
22,1,175.1,76.2,25,82,153,38.7,5.4,37,226,0,24.85322086
39,1,186.9,82.3,20.1,83,143,42.3,-4.2,37,212,0,23.56032258
24,1,178.9,90.4,31.4,81,132,32,2.8,37,176,0,28.2454013
55,1,168,65,21.7,82,135,45.7,16.1,37,188,3,23.03004535
22,0,154,57.08,34,73,131,22,19.1,37,151,1,24.06813965
39,0,164.9,60.6,26.6,63,111,27.3,31.6,37,177,3,22.28595826
62,1,164.6,56.4,12.1,77,137,35.9,14,37,187,3,20.81706231
36,0,160.5,53.6,22.3,67,135,26.7,27.1,37,155,3,20.80725148
21,0,160.8,49.4,23.6,82,119,22,22.1,37,177,3,19.10534393
23,1,184.5,70.5,16.4,62,103,39,10.9,37,181,0,20.71077621
48,1,163.8,70.6,25.3,97,152,50.9,14.6,37,198,2,26.31339628
50,1,177.8,69.9,19.6,79,133,35.8,10.3,37,205,2,22.11126871
28,0,164,53.2,21.6,64,111,27.3,14.9,37,193,2,19.77989292
40,0,167,54.3,20,60,122,26.7,19.5,37,157,3,19.47004195
29,0,161.6,47.6,20.3,73,125,29.9,21.2,37,176,3,18.22737967
63,1,164,67,25.1,97,157,41.1,3.9,37,137,1,24.9107674
47,1,169.1,71.2,24.7,77,117,41.2,12.2,37,210,2,24.89962339
24,0,175.5,58.7,17.2,76,140,30,17.2,37,155,2,19.05828686
32,0,159.2,56.7,25.9,71,105,21.7,27.5,37,175,0,22.37159415
34,1,173.4,85.6,28.8,83,123,34.1,-0.8,37,157,0,28.46922065
41,1,169.4,79.3,23.6,84,140,47.3,9.5,37,190,0,27.63416684
60,1,168.3,66.2,18.2,78,130,34.1,22.6,37,165,2,23.37167064
43,1,172.2,87.8,28.5,96,151,31.8,-2.1,37,185,0,29.60930555
36,1,174.3,65.4,20.6,82,131,40.2,9.4,37,218,1,21.5269734
28,0,156.9,51.5,23.4,88,139,28.4,23.4,37,164,2,20.9199837
23,0,164.3,56.1,20,73,108,28.8,25.5,37,158,2,20.78201885
21,0,159.6,51.2,24.7,60,119,25.1,32.8,37,207,1,20.10037625
60,1,167.7,71.86,23.6,68,149,36.6,17.4,37,151,2,25.55177577
61,1,172.6,73,20.4,72,114,40.9,15,37,188,3,24.50424225
41,0,158.7,62.1,33.4,97,145,30.5,21.7,37,160,3,24.65685872
24,0,175.1,69,25.4,81,109,36.6,20.6,37,181,1,22.50488503
61,1,169,68.1,25.5,76,137,33.3,15.1,37,190,3,23.84370295
42,0,163.2,78.4,38.9,65,120,22.9,10.5,37,166,0,29.43579393
21,0,165.7,65.3,33,98,145,28.8,27.2,37,187,2,23.78308371
39,0,168,61,22.4,74,119,27,23.5,37,152,3,21.61281179
54,1,171.3,59.8,12.6,69,122,38.1,9.4,37,194,1,20.3791684
51,1,173.6,69.1,17,96,158,47.3,14.5,37,222,2,22.92865637
25,1,175.6,75,30,92,137,39.6,9.1,37,193,0,24.3227256
25,0,172.3,61.1,37.9,82,135,25.1,17.1,37,162,1,20.58119822
27,1,188.2,87.8,17.4,75,136,49.8,-5.2,37,237,0,24.78878711
32,1,167.8,80,27.3,94,143,50.4,10.4,37,214,0,28.41227922
30,0,151.5,44.7,27.9,66,107,25.6,20.4,37,162,3,19.47521485
21,1,178.6,72.8,22.2,72,111,38.1,20.7,37,178,0,22.82277613
41,1,165.4,57.8,15.8,79,124,30.2,20,37,224,1,21.1279241
24,0,160.3,57.2,22.7,60,110,28.1,19.9,37,192,3,22.26019601
42,0,158.7,62.6,32.8,78,115,26.1,18.5,37,150,1,24.85538415
49,0,162.6,56.7,25.9,63,109,30.4,26.3,37,159,3,21.44578641
22,0,160.3,55.48,28.3,67,111,33.6,16.7,37,179,2,21.59083347
39,1,165.5,74.8,26.9,82,141,37.6,13.3,37,200,0,27.30898769
41,1,175,73,25.9,89,129,51.5,10.5,37,207,1,23.83673469
28,1,176.3,86.2,27.5,94,156,51.8,1.5,37,205,0,27.73336971
48,0,159.6,57.7,29.9,96,150,26.1,16.8,37,148,1,22.65218183
35,1,166.9,75.8,33,95,156,41.2,15.7,37,208,0,27.21175375
34,0,167.6,54.88,23,74,137,28.3,24.8,37,168,3,19.53736878
43,1,171.1,69.4,23.6,88,136,48.7,15.5,37,213,1,23.70606394
32,1,176.6,76.4,19,82,127,41.7,16,37,200,1,24.49694686
26,0,161.6,63.9,32.1,77,125,33.3,21,37,171,3,24.46910842
25,1,175.1,72.7,20.1,95,155,46.2,9,37,230,0,23.71166872
21,0,165.3,51.8,28.6,67,105,25.3,18.5,37,165,1,18.95763043
22,1,182.5,80.04,17.9,63,123,46.6,13,37,230,0,24.03152561
37,1,169,74.3,24.2,97,154,47.3,17,37,206,1,26.01449529
37,1,169.8,66.9,24.2,70,110,37.8,15.5,37,213,1,23.20335294
46,1,170,71,21,76,120,54.2,11.7,37,212,2,24.56747405
23,0,170.2,68,32.8,65,110,34.3,20,37,181,3,23.47414599
54,1,178.3,77.6,22.1,72,121,54.1,-1.9,37,167,0,24.40950851
25,0,168.4,52.06,26.2,70,110,22.1,14.3,37,151,2,18.35777275
34,1,175.5,96.6,34.9,98,149,44.8,4.9,37,214,0,31.36338179
35,0,158.6,49.5,24.7,71,117,23.3,24.1,37,177,3,19.67881002
34,1,182.9,91.28,23.8,89,153,64,8.9,37,219,1,27.28652435
58,1,168.6,64,19.2,94,145,40.4,20.1,37,209,3,22.51463099
40,1,171.4,73.9,16.4,81,141,42.9,15.8,37,202,1,25.15491205
60,1,165.7,70.4,21.9,90,140,43.2,14.5,37,210,3,25.64056804
48,1,169.6,69.6,15.9,86,142,37.8,15.8,37,202,1,24.19677821
22,0,164.7,49.8,23.7,85,130,29.5,22.7,37,164,3,18.35870927
26,0,155,51.9,31,77,134,22.9,12.3,37,141,1,21.6024974
60,1,171.7,58.2,12.8,83,123,43.4,13.5,37,202,3,19.7416021
24,1,169.5,68.3,27.4,74,119,34.2,-1.7,37,185,0,23.77285266
23,1,181.8,87.3,18.2,86,153,44.4,1.2,37,129,0,26.41353244
32,0,163.1,60.5,30,79,135,31.3,27.3,37,190,3,22.74298435
50,0,155.2,61.2,32.7,93,145,28.2,23.1,37,140,3,25.40785418
25,0,161,58.3,32.8,67,107,25.3,25,37,147,3,22.49141623
48,1,175.7,91.4,21.8,99,159,47.7,2.7,37,172,0,29.60756373
42,1,173.2,65.8,25,77,142,37.5,4.8,37,176,1,21.93462016
31,1,178.5,93.3,28.3,91,152,31.7,23.2,37,198,0,29.28230116
59,0,163.6,62.8,32.5,80,121,25.3,26.4,37,176,3,23.46351349
22,0,164.8,65.4,28.2,65,115,31.4,18.8,37,170,2,24.08037987
21,0,153.9,59.5,23.4,87,137,26.7,22.6,37,162,3,25.12116211
49,0,161.2,54.6,25.9,84,126,31.1,15.2,37,130,0,21.01176659
61,1,160.7,67.5,28.9,95,141,38.4,13.7,37,187,3,26.13797988
30,1,172.3,78.3,24.9,84,132,27.4,-2.6,37,162,0,26.37492341
42,1,169.5,77.5,22.8,76,116,41.6,11.2,37,191,1,26.97505243
52,1,165.9,71.8,24,92,151,36.3,5.6,37,173,1,26.08745255
63,1,175.2,76.4,26.7,96,142,47,11.2,37,192,1,24.8900148
56,1,169.6,67.6,17.7,91,155,47.7,19.7,37,190,3,23.50146849
60,1,167.8,69.3,24.3,93,148,41.7,13.7,37,189,3,24.61213687
26,0,158.9,52.1,26.7,73,102,23.1,15.4,37,173,2,20.63430895
22,0,164.6,71,36.4,60,103,31.5,15.6,37,174,2,26.20587632
58,0,154.2,52.98,23.6,62,128,28.3,21.9,37,153,3,22.28143752
23,0,161.5,62.9,25.6,68,113,26.2,14.3,37,153,1,24.1160176
42,1,180,75.4,16.8,77,116,47.2,19.3,37,217,1,23.27160494
28,1,176.4,83.1,25.2,89,144,41.7,-0.3,37,186,0,26.70569362
47,1,169,78.3,17.3,112,181,39.2,37,37,197,1,27.41500648
28,0,162,62.6,30.7,71,126,31.3,23.4,37,192,3,23.85307118
28,0,166.7,58.1,18,60,100,37.9,24.4,37,198,3,20.90763611
28,0,165.3,55.7,26.6,77,129,25.1,15,37,157,2,20.38494237
37,0,165,55.8,21.7,88,128,24.9,20,37,157,3,20.49586777
26,0,160.6,53.4,32.4,71,127,24.8,24.4,37,128,1,20.70380531
21,0,167,56.9,22.6,78,108,29.4,22.3,37,179,3,20.40230915
27,0,159.9,59.9,31.8,75,128,31.6,28.2,37,180,2,23.42771299
22,0,165.8,56.5,33.8,67,125,17.2,-3.6,37,172,0,20.5531975
32,0,163.7,48.9,20.1,61,113,22.1,13.8,37,155,2,18.24784151
31,0,162.5,56.7,29.8,92,132,37.2,18.9,37,151,3,21.47218935
23,0,162.4,62.1,26.8,64,116,28.6,16.2,37,156,2,23.5461307
45,1,173.5,86.2,23.5,73,144,49.4,14.7,37,231,2,28.63573321
63,1,169.3,69.1,16.9,83,121,41.9,16,37,190,3,24.10816367
44,1,169.3,70.5,22.5,97,148,30.9,12,37,235,1,24.59660692
46,1,172.8,67.5,24.1,89,137,37.1,19.7,37,213,1,22.60561343
21,0,165.3,50.9,30.4,56,98,26.9,17,37,162,2,18.62825075
29,0,158.7,47.2,20.4,74,113,23.3,19.9,37,171,2,18.74080083
23,1,173.2,80.3,33,75,142,34.4,8.3,37,204,0,26.76823707
21,1,169.9,76.6,27.8,72,140,34.1,17.1,37,237,0,26.53640042
27,0,161.1,55.7,33,82,114,28.2,22.6,37,170,3,21.46169973
21,0,162.7,47.2,18.9,78,133,25.4,20.5,36,137,2,17.8306384
22,1,180.3,91.7,32.1,75,134,28.6,-6.9,36,210,0,28.2083629
45,1,170,70,20,73,137,34.2,8.5,36,219,0,24.22145329
39,0,159.2,45.3,19.6,64,105,20.8,18.7,36,161,2,17.87360168
40,0,162.5,51.4,22.5,91,143,26.9,26.3,36,174,3,19.46508876
33,1,179.2,76.3,23.8,85,126,32,8.7,36,188,0,23.7601144
32,0,163.5,55.6,25.5,68,108,28.2,24.5,36,183,3,20.79884783
25,0,154,57.9,33.1,62,112,30.2,18.7,36,158,1,24.41389779
63,0,175.1,81.2,26.3,87,143,40.2,24.4,36,167,0,26.48400963
49,1,181.9,73.4,16.4,74,133,40.7,-7,36,200,0,22.18353033
56,1,171.4,75,23.5,80,154,44.9,18.7,36,180,3,25.5293424
24,1,165.7,63.5,20,83,121,36.4,19.1,36,273,0,23.127501
28,0,159.6,50.8,27.3,77,120,21,17.6,36,174,2,19.94334206
60,1,172.5,73.9,21.2,76,137,40,13.5,36,189,2,24.83511867
56,1,168.9,72.28,21.6,98,146,38.5,16.8,36,182,3,25.33721314
28,1,178,82.2,29.3,80,123,32.5,23.6,36,214,0,25.94369398
39,1,178.3,80.3,21,73,126,49.7,8.9,36,201,1,25.25880842
29,0,162.5,57.2,33.5,78,114,24.7,19.8,36,167,3,21.66153846
52,1,169.3,68.8,23.5,92,132,44.1,11.3,36,182,2,24.00349725
58,1,177.4,73.2,15.8,72,144,20.5,17.9,36,194,3,23.25968613
61,1,167,62.92,19.5,78,129,31.5,2.6,36,181,1,22.56086629
39,0,159.8,53.7,26.3,91,146,30,20.9,36,185,3,21.0291024
28,0,171.5,64,18.5,85,135,31.4,18.5,36,198,3,21.75964097
44,0,162.3,55.1,26.8,85,132,25.2,17.8,36,145,2,20.9177303
39,1,167,69.1,19.4,67,117,41,6,36,220,1,24.77679372
27,1,179.2,86.6,23.8,63,124,43.5,8.3,36,198,0,26.96757414
31,1,167,69.7,29.4,94,148,45,5.5,36,205,0,24.9919323
41,0,154.2,46.5,23.8,99,138,22.3,19,36,142,2,19.55618808
29,1,172.5,72.7,26.1,91,132,41.1,11.5,36,225,0,24.43184205
35,0,158.1,65.26,38.8,92,141,29.2,21,36,146,3,26.10858467
27,0,166.1,52.6,20.8,72,132,25.5,27.5,36,188,2,19.06542449
45,1,173.7,74.2,19.2,87,149,42.9,19.1,36,208,2,24.59258994
37,0,166.2,59.6,16.1,71,129,33,25,36,180,3,21.57666014
47,1,172.2,72.7,27.1,82,138,42.1,14.7,36,213,1,24.51704457
21,1,166.4,93.3,35.9,93.3,108,46.8,20.3,36,218,0,33.69574011
27,1,171.4,74.9,24.4,76,137,51.4,16,36,212,0,25.49530328
37,1,167.4,84.5,35.4,82,108,38.8,2,36,200,0,30.15406049
27,0,164.6,60.5,28.1,79,127,28.7,18.8,36,151,1,22.3303594
24,1,171,75.6,25.5,92,145,36.8,-11.4,36,190,0,25.85410896
45,1,182.5,80.5,19.8,86,139,48.3,6.2,36,235,1,24.16963783
26,0,167.2,58.16,20.9,87,126,32.6,20.5,36,155,3,20.80423983
23,0,165.4,47.4,18.4,56,99,25.7,20.8,36,202,3,17.3263599
39,1,176.1,73,19.8,99,155,42.9,17.8,36,217,1,23.53987477
22,0,163,54.2,19.2,69,115,31.6,30.9,36,170,3,20.39971395
62,0,161.7,58.3,30.7,91,155,24.9,19.2,36,145,2,22.29710685
62,1,170.8,79.88,27.9,74,124,32.2,15.2,36,154,0,27.38182077
59,1,167.9,64.9,21.9,75,116,41.2,14.4,36,201,2,23.02201351
32,1,177.3,77.4,20.9,85,142,51.2,24.2,36,193,1,24.62200921
43,0,161,65.8,38.2,95,141,27.2,18,36,100,0,25.38482312
26,0,160.9,51.5,29.5,82,124,26.3,29.7,36,168,2,19.89276448
50,1,175,76.9,24.9,88,138,42.5,13,36,198,1,25.11020408
23,0,161.6,52.4,30.4,84,137,26,13,36,185,1,20.06543476
56,1,166.8,64,21.4,75,132,50.7,13,36,197,2,23.00318019
21,0,157.6,55.3,33.6,63,102,26.3,21.4,36,172,3,22.26448762
21,0,158.5,48.8,22.5,61,102,29.1,21.7,36,169,3,19.42501169
28,0,167.2,53,21,66,111,20.2,13,36,165,1,18.95847165
24,0,155,49.7,33.5,76,130,23.2,18,36,155,1,20.6867846
45,1,182,91.4,22.6,97,153,55.3,9,36,243,1,27.59328584
25,1,186.1,97.4,25.6,64,135,66.8,-14.6,36,199,0,28.12329553
24,0,177.3,63.3,25.3,83,149,26.8,22.8,36,176,3,20.13660443
27,0,164,51,20.4,75,122,25.3,19.4,36,163,3,18.96192742
51,1,168.2,73.1,24.4,61,144,41.1,7.6,36,213,1,25.83838672
27,1,172.8,66.4,30.2,63,113,29.1,1.8,36,177,0,22.23722565
55,1,166.6,56.8,16.5,92,155,32.6,15.9,36,178,2,20.46436822
61,1,167.9,64,22.7,98,146,45.3,14.1,36,212,1,22.70275601
26,0,169.3,63.4,31.8,70,119,26.6,33.8,36,179,2,22.11950183
50,1,170.5,68.1,17.1,88,144,45.2,18.2,36,182,1,23.42601113
49,0,164.3,58.2,26.9,59,109,30.4,19.2,36,167,3,21.55995538
60,1,175.7,83.5,24.8,87,150,47.4,-0.6,36,190,0,27.04848546
25,0,163.2,54.4,26.8,85,119,27.7,24.8,36,164,3,20.4248366
60,1,160,51.8,8.6,77,136,39,17.9,36,195,3,20.234375
27,1,171.3,85.7,31.9,96,153,47.4,-3.7,36,191,0,29.20559752
36,0,158.8,50.8,28.4,60,109,24.7,18.2,36,147,1,20.14478869
42,1,174,70.8,21.5,98,151,54.2,11,36,216,1,23.38485929
52,1,170.8,55.7,14.4,92,139,47.3,5.8,36,213,1,19.09323256
60,0,155.2,48.9,26.8,71,120,20.6,27.9,36,150,3,20.30137368
21,0,161.9,48.2,25.3,69,119,15.2,10.1,36,192,0,18.38879794
24,0,169.6,58.7,26.9,83,124,25.4,20,36,195,2,20.40734025
25,1,178.8,74.5,21.5,85,136,35.3,25.5,36,218,0,23.30350485
26,0,167.7,63.4,27.6,78,133,34.5,17.3,36,182,2,22.54359287
21,0,161.9,62.4,33.5,86,141,28.3,23.7,36,167,2,23.80624464
25,1,164.6,92.5,32.2,97,150,44.5,14.2,36,222,0,34.14145858
26,0,164.1,53.5,16.8,72,115,29.8,23.7,36,180,2,19.86719799
53,0,155,52.5,26,76,131,17.4,14,36,150,1,21.85223725
50,1,170.4,69.5,25.1,84,129,37.5,14.9,36,205,2,23.93567193
21,0,159.9,53.5,27.9,62,103,24.2,18.7,36,154,2,20.92458506
37,1,171.5,89.2,30.2,83,145,47.6,11.8,36,199,0,30.3274996
32,1,183.9,87.6,29.3,96,146,46.6,10.4,36,201,0,25.90243829
31,0,168,58.9,27.4,76,118,28.7,21.1,36,175,3,20.86876417
51,1,169.4,72.6,23.7,99,152,38,15.7,36,189,0,25.29937595
30,0,160.8,63.3,35.5,78,126,33.7,21.7,36,161,3,24.48113908
57,1,173.7,67.7,19.4,93,158,40.7,16.3,36,220,2,22.43825255
50,1,169.5,82.8,30.3,90,145,40.9,0.9,36,169,0,28.81979795
31,0,165.7,57.86,26.4,70,112,27.7,27,36,171,3,21.07334186
36,1,177,87.1,27.7,76,141,48.2,6,36,204,0,27.80171726
48,1,176.2,73,25.2,82,133,40,-5.6,36,208,0,23.51316286
52,1,167.3,95.6,33.4,83,123,53.1,8.2,36,156,0,34.15592178
38,0,151.5,49.6,32.4,77,132,11.8,19.5,36,102,0,21.6100818
50,1,165.4,67.9,21.7,94,150,37.2,13.7,36,213,2,24.81982779
31,1,172.4,61.8,17,81,123,38.4,15.4,36,236,1,20.79284672
24,0,160.1,56.2,28.3,75,115,27.4,21.7,36,182,3,21.9257093
64,0,156.3,55.5,32.3,67,107,21.8,22.9,36,137,3,22.71825799
26,0,162.1,57,25.8,84,131,25.9,21.5,36,162,3,21.69246103
22,0,150.8,41.3,30.8,59,107,19,27.9,36,157,1,18.16131824
56,0,154.4,53.3,24.6,65,115,24.6,12.8,36,146,1,22.35798276
21,0,154.3,48.1,21.9,81,135,29.7,18.7,36,199,2,20.20287721
45,0,157.4,56.4,27.4,79,128,28.8,19.4,36,158,3,22.76510449
33,1,184.6,85.4,25.4,78,122,48.4,1.6,36,211,0,25.06077384
31,1,179.9,78.4,17.8,86,129,39.3,5.7,36,205,1,24.22443943
47,1,164.4,72.9,25.3,85,135,46.4,7.6,36,192,0,26.9726677
22,0,155.2,63.2,32.3,80,130,24.3,21.2,36,155,2,26.23817621
22,0,161.4,54.5,30.2,73,129,25,17.1,36,137,2,20.92133731
33,1,163.4,72.6,28.2,61,117,39.7,-1.4,36,168,0,27.19145933
58,1,166.3,73.6,24.2,89,158,39.4,8.6,36,183,1,26.61296825
46,0,162.3,68.2,36.3,94,137,24.1,4.6,36,168,0,25.89091119
24,0,169,55.6,28.1,88,139,25.7,26.9,36,169,3,19.46710549
27,1,176.4,85.5,32.9,88,148,41.2,7.9,36,200,0,27.47697719
43,1,170.2,83.6,29.5,98,150,43.4,-0.2,36,210,0,28.85939125
39,1,173.8,70.9,19.7,86,148,40.9,3.1,36,207,0,23.47181594
50,0,160.1,57.7,21.5,92,149,26.4,21.3,36,151,3,22.51091506
59,1,165.3,60.8,22.1,81,118,36,14.7,36,200,3,22.25142722
47,0,157.7,59.6,31.4,61,118,31,16.9,36,175,2,23.96530018
42,1,175.2,83.6,22.8,99,151,46.3,11.8,36,232,1,27.23567065
48,1,165.1,79.2,30.3,97,136,40,2.9,36,173,0,29.05567941
57,1,173.5,74.8,23.5,76,120,40.9,4.1,36,175,1,24.84864088
34,1,167.1,62.9,19.2,82,132,37.7,5.3,36,221,1,22.52670883
64,1,174.9,73.2,17.6,86,152,51.6,20,36,211,3,23.92938087
39,1,172.1,71.5,21.7,75,132,33,-9.9,36,201,0,24.14039106
21,0,159.9,52,24,57,109,26.8,26.4,36,218,3,20.33791445
50,1,160.2,61.6,20.2,97,157,43.1,25.6,36,208,2,24.00245636
47,1,171.3,73.8,23.8,85,130,49.6,13.9,36,231,2,25.15021117
39,0,153.2,47.5,23,64,105,21.9,24.5,36,180,3,20.23839552
34,1,180.1,69.5,13,79,136,52.6,15.3,36,235,1,21.42680311
62,0,148.9,43.4,23.5,72,130,18.6,20.7,36,129,3,19.57493524
58,1,168.7,74.7,20.6,89,139,47.5,3,36,191,0,26.24765062
26,0,167.5,55.66,29.7,83,123,27.7,16.8,36,157,1,19.83871686
39,1,170,70.1,28.5,87,124,36.2,10.6,36,201,1,24.25605536
28,0,168.3,55.3,19.7,75,123,27.2,24.6,36,182,3,19.52346505
48,0,154.2,52.2,26.6,86,125,31,16.9,36,141,2,21.95339823
25,1,176.6,78.6,24.2,75,120,45.6,19.8,36,209,0,25.20235632
63,1,170.4,67.2,21.6,78,124,37.9,14.3,36,183,3,23.14355617
49,1,166.5,69.1,18.1,89,159,45.8,15.8,36,189,2,24.92582673
48,1,164,54.5,16.8,94,158,35.9,11,36,197,2,20.26323617
44,0,158.5,66.9,31.3,84,125,34.8,24.6,36,200,3,26.62978037
57,0,161.3,57.4,28.2,79,114,22.3,27,36,160,3,22.06191249
29,1,162.2,73.2,20,94,154,50.8,14.5,36,210,0,27.82334759
49,0,158.3,55.3,20.5,76,129,30.1,20,36,154,3,22.06801658
62,1,163.3,59.84,17.9,67,113,31.1,23.2,36,201,2,22.43981207
57,1,168.1,68.2,23.3,88,142,33.9,1.4,36,181,0,24.1350914
22,1,176.1,70.1,11.7,83,139,50,12.9,36,247,0,22.60472906
62,1,166.1,76.5,29,85,154,43.9,16.9,36,204,2,27.72823144
40,1,173.3,78.3,24.2,77,123,39.2,8.7,36,190,1,26.07141704
38,0,162.9,49.22,21.8,80,122,23.8,23.9,36,170,3,18.54810052
21,1,184.7,80.2,19.9,67,126,38.1,1.6,36,240,0,23.5093476
60,1,157.1,47,15.7,86,141,31.1,15.8,36,173,2,19.04344377
47,1,168,63.2,12.7,81,118,33.6,10.7,36,210,2,22.39229025
58,1,168.7,69.4,27.2,87,158,38.6,13,36,191,1,24.38536751
40,1,173.3,74.9,22.8,97,149,48.9,19.8,36,215,1,24.93932485
22,0,161.5,54.7,26.7,69,110,23.4,19.9,36,205,2,20.97211705
30,0,172.8,68.7,27.3,72,121,33.1,32.2,36,165,1,23.007491
43,0,156.4,47.2,22.3,76,130,26.8,18.7,36,167,2,19.29605379
59,1,173.3,67.5,17.2,80,140,37.9,11.5,36,190,2,22.47535951
44,1,170,76.7,29,92,142,38.3,1.5,36,194,0,26.53979239
47,1,172.3,70.7,30.5,91,147,40.2,-9.6,36,188,0,23.8149053
22,0,162.6,54.9,26,77,117,24.2,29.8,36,192,3,20.7649678
45,1,170.5,88.1,30.7,91,149,51,21.1,36,212,2,30.30589692
40,1,163.3,76,26.5,94,140,43.8,-8,36,215,0,28.49976131
44,1,167.5,70,19.4,72,118,39.9,14.3,36,217,1,24.94987748
59,1,157.1,60.3,22.5,83,137,42.2,16.5,36,192,2,24.43233317
36,1,169,77,30,80,120,34.3,5.3,36,189,0,26.95984034
37,1,179,80.7,21.2,74,126,51.9,5,36,240,1,25.18647982
21,1,163,83.3,38,88,139,33.6,-2.8,36,155,0,31.3523279
59,1,171.4,67.8,21.4,88,135,47.6,11,36,177,2,23.07852553
59,0,153.7,49.7,24.3,77,130,23.9,23.3,36,140,3,21.0382036
21,0,160.5,60.1,32.2,63,114,28.5,20.2,36,170,3,23.33051892
43,1,171,76.4,22.6,94,140,45.4,15.7,36,195,1,26.12769741
56,1,176.7,77.5,29.5,85,125,43.3,15.7,36,203,1,24.82153318
48,0,165.3,53.3,20,80,125,25.9,19.2,36,171,3,19.50659656
44,1,174.7,76.2,23.8,73,133,39.8,16.5,36,195,1,24.96716097
52,1,175,72.9,18.6,77,132,43,19.6,36,233,2,23.80408163
30,1,178.4,87.5,32.2,86,134,45.1,7.6,36,177,0,27.49276076
62,1,171.1,55,12.5,69,121,40.1,15.2,36,183,3,18.78722646
22,0,162,57.4,30.9,56,120,18.8,18.6,36,128,0,21.8716659
41,1,171.4,68.2,22.3,71,149,42.8,14.2,36,210,0,23.21468203
51,1,171.7,66.3,21.4,69,134,48.8,14.5,36,211,2,22.48914466
55,1,179.7,74.6,20.5,84,144,47.6,3.8,36,216,0,23.10163263
21,1,180.4,94.9,30.9,80,140,40.9,7.5,36,163,0,29.16037778
60,1,165.3,67.7,18.9,90,148,37.5,3.6,36,162,1,24.77667143
50,1,177.4,82.8,22.6,85,143,43,0.5,36,217,0,26.31013677
32,0,164.5,59.6,19.5,95,142,31.1,27.6,36,170,3,22.02492586
27,0,163.6,51.3,20.9,62,109,24.8,15.8,36,188,2,19.16685099
60,0,159.1,54.8,25.3,80,150,30.2,25.8,36,152,3,21.64911758
28,0,153.1,50.4,29.3,89,125,23.4,22.5,36,159,1,21.50206424
23,0,164.3,61,35.4,84,123,26.2,28.9,36,154,1,22.5972041
25,0,160.1,55.1,25.4,82,132,28.5,22.3,36,167,1,21.4965584
41,1,170.4,66.72,12.8,91,142,42.4,6.2,36,193,0,22.97824506
49,0,163,46.6,18.6,85,151,21.9,19.5,36,170,2,17.53923746
21,1,168.4,66.7,22.9,70,119,27.5,-6.4,36,213,0,23.52023516
46,1,168.9,73.1,28.1,85,133,33.8,6.4,36,233,0,25.624658
25,1,177,75.2,24.9,76,123,27.1,-2.3,36,175,0,24.00331961
64,1,172.7,81.3,26.3,84,154,47.2,22.2,36,177,0,27.25874585
21,1,176.1,82.2,21.4,85,150,42.9,9.3,36,191,0,26.50654392
21,0,170.7,61.3,31.2,74,131,28.1,25.4,36,182,2,21.03746625
60,1,174.1,61,7.4,96,140,39.3,17.9,36,210,3,20.12483335
35,1,178.4,71.7,19.4,98,159,43.7,17.1,36,233,1,22.52835368
23,0,158,53.1,26.4,75,126,25.3,26.2,36,172,3,21.27062971
60,1,175.3,76.3,19.4,81,141,44.7,13.8,36,177,1,24.82908446
43,0,159.1,57.3,27.6,88,124,25.3,15.4,36,139,2,22.63675981
32,1,172.3,77.6,22.6,83,140,43.9,8.9,36,208,1,26.13913227
59,1,160.3,56.1,18.4,93,137,37.8,16.8,36,185,3,21.83211531
52,1,173.6,84.1,30.2,86,129,32.9,4.2,36,195,0,27.90593345
22,0,154.1,48.6,29.3,66,116,23,25.9,36,165,3,20.46590679
51,1,169.3,73.2,23.1,85,143,37.3,15.2,36,204,2,25.53860464
56,0,164,51,25,78,127,32.6,27.8,36,165,3,18.96192742
21,1,172.1,71.3,23.6,81,121,43.9,17,36,215,0,24.07286549
62,1,165.6,64.9,15.7,94,154,38.9,12.9,36,200,3,23.66595486
24,1,174.6,91.12,29.4,80,120,43.9,3,36,195,0,29.88995301
61,1,160.7,63.9,22.7,94,152,37.2,20.9,36,193,3,24.74395429
32,1,173.2,71,24.1,64,120,47.6,11.2,36,205,1,23.66805519
26,0,162,60.4,29.9,68,103,26.5,26.5,36,175,2,23.01478433
29,1,173.6,102.8,35.5,90,126,54.6,1.8,36,203,0,34.11093886
35,1,172,87.1,26,80,120,31,3.4,36,188,0,29.44159005
62,0,154,55.1,34.1,84,143,16.7,18.4,36,93,1,23.23326025
31,1,171,72.2,22.4,78,141,39.5,13,36,202,1,24.69135802
46,1,174.6,65.3,21.5,75,112,36,13.2,36,176,1,21.42025825
21,0,160.2,59.4,32.8,78,125,25.7,20.2,36,165,3,23.14522577
49,1,178,76.6,16.7,88,135,49.5,18.1,36,170,2,24.17624037
21,1,176.9,78.76,31.2,86,132,35.1,-5.1,36,182,0,25.16807744
41,0,157.5,50.8,19.9,86,126,26.1,22,36,171,3,20.47871
24,1,185.9,73,15.3,76,136,39.1,9.8,36,218,0,21.12341252
27,0,168.7,53.7,20.2,60,109,27.9,18.8,36,156,3,18.86879302
54,1,171,77.5,26.5,90,146,36.5,8.2,36,176,0,26.50388154
56,1,168.1,78.9,28.5,91,143,42.8,6.3,36,207,0,27.92168198
64,1,172,72,21.9,85,127,40.8,5.5,36,167,1,24.33747972
38,0,162.6,59.6,25.7,77,126,30.3,20,36,164,1,22.54266085
25,0,165.9,50.1,17.4,53,108,26.4,24.5,36,183,3,18.20308319
51,1,172.7,72.5,17.5,78,140,49,16.8,36,206,2,24.30822969
60,1,171.8,74.7,24.9,91,151,48.6,17.6,36,210,1,25.30895903
59,1,174.9,68.7,19.9,87,151,43.5,21.1,36,188,1,22.45831237
57,1,167.4,64.8,18.3,78,122,34.3,23.5,36,215,3,23.12406059
57,1,169.3,67.7,22.8,99,149,30.3,12.3,36,203,0,23.61972041
28,1,174.3,79.9,29.1,69,118,38.3,5,36,199,0,26.29977331
52,1,164.9,65.9,19,75,126,44.5,8.7,36,177,1,24.23506023
34,0,155.2,57.7,32.5,82,129,25.8,26.4,36,168,2,23.95479063
41,1,178.9,69.2,16.4,74,115,36,19.1,36,223,1,21.62147975
34,1,172,69.8,18.8,82,127,39.9,12.1,36,218,1,23.59383451
50,0,162.4,55.7,28.9,90,149,27.2,20.3,36,167,3,21.11947633
27,1,173,90.5,41.3,85,131,34.5,17.4,36,184,0,30.23823048
31,0,161.1,52.2,25.9,57,107,26.4,19,36,164,2,20.11311896
40,0,162.1,52.7,25.9,62,119,22.5,18.3,36,145,2,20.05601222
26,0,164.2,50.9,15,76,129,25.3,16.2,36,167,2,18.87867355
44,1,169.5,66.48,23.9,93,134,41.9,8.9,36,202,1,23.139374
30,1,180.4,74.3,19.1,93,136,56.7,18,36,240,1,22.83051706
61,1,170.5,71.3,24.6,89,148,39.1,10.4,36,176,1,24.52679286
21,0,164.5,66.7,31.4,67,125,27.9,16,36,162,2,24.64870058
46,1,169.7,62.6,12.1,73,114,39.3,10.3,36,210,2,21.73755273
29,0,160.7,53.8,32.5,64,118,19.8,23.5,36,138,1,20.83293804
27,1,169,83,26.5,79,129,43.2,15.8,36,223,0,29.06060712
26,0,158.4,54.7,25.8,58,108,21.3,20.4,36,184,2,21.80102796
59,1,172,73.1,25.4,86,153,34.9,5.8,36,165,1,24.70930233
52,1,161.7,64.5,20.8,84,137,38.1,20.7,36,204,2,24.66832575
59,1,174,63.3,12.4,75,117,39.2,11.2,36,194,2,20.90764962
30,0,164.6,57.9,26.1,75,135,25.1,25,36,158,3,21.37070759
50,1,172.7,73,20.3,80,122,44.7,16.2,36,208,2,24.47587266
22,0,157.1,57.5,30.6,77,140,26.8,24.8,36,173,2,23.29783014
37,1,177.6,76.1,20.8,70,131,46,16.3,36,176,1,24.12674499
25,0,160.2,49.52,30.4,66,120,20.9,12.1,36,138,1,19.29548115
30,0,159.6,49.24,22,81,118,24.8,23.9,36,162,1,19.33090873
50,1,169.5,87.8,29.7,95,156,53.6,17.4,36,204,2,30.56012391
58,1,175.7,81.5,24.4,98,156,41.8,18.8,36,210,2,26.40061755
45,1,171.8,91.18,31.1,88,150,48.2,13.7,36,185,0,30.89251519
50,1,171.9,66.7,20.2,76,124,43.6,19.2,36,195,2,22.57220992
49,0,161.2,60.3,28,68,117,33.5,15,36,164,2,23.20530266
29,1,184.6,82.6,23.3,77,132,34,-8.1,36,196,0,24.23910913
31,1,172.5,69,26.5,88,132,36.4,16.8,36,184,1,23.1884058
24,0,159.1,57.3,24.6,59,114,27.4,27.4,36,163,3,22.63675981
22,1,181.2,123,42.7,82,123,41.6,5,36,177,0,37.46180723
27,1,175.7,82.1,24.2,91,128,50.4,1.4,36,234,0,26.59497792
56,1,171.1,69.8,19.7,92,147,39.6,4.9,36,154,1,23.84269831
42,1,171.9,67.7,22.9,54,108,43.7,6.2,36,199,1,22.91062386
29,1,174.2,77.1,24.2,97,137,37.6,3.1,36,190,0,25.40727432
38,1,181.4,102,31,87,124,47.8,11,36,242,0,30.99742417
25,1,172.5,64.8,21.4,74,126,32.7,4.3,36,175,0,21.77693762
21,0,159.3,49.3,21.3,63,109,26.7,21.8,36,180,3,19.42743067
27,0,158.6,50.2,27,66,100,18.4,20.6,36,149,1,19.95709622
22,0,159.4,61.3,37.2,60,106,26.2,11.3,36,154,1,24.12591761
54,1,174.9,76.8,20.6,98,152,47.9,12.6,36,220,2,25.10623566
44,1,171,82.6,30.6,93,146,45.2,15.4,36,185,0,28.24800793
25,0,165.2,61.4,32.6,67,117,24.4,13.2,36,135,1,22.49822652
22,1,173.7,64.9,14.9,75,135,45.5,7.4,36,238,0,21.51023029
40,1,171.2,73.7,23.6,82,149,42.3,7,36,201,0,25.14548214
35,0,168.4,61.88,22.7,96,150,31.2,24.2,36,179,3,21.82057199
54,0,161,51.86,29.9,88,154,22.1,23,36,148,3,20.00694418
44,1,185.2,86.4,24.5,100,145,48.8,-4.4,36,233,0,25.19020941
61,1,165.5,75.4,23.8,88,167,46,12.8,36,171,2,27.52804374
64,1,176.2,73.4,20.1,85,137,44.1,14,36,190,3,23.64200211
24,0,163.1,51.5,23.6,67,111,27.2,21.2,36,182,3,19.35973048
44,0,160.2,56.9,22.5,83,130,33.3,12.3,36,182,1,22.17110011
51,1,177,68.7,18.3,84,140,39.3,11.3,35,220,2,21.92856459
27,0,160.2,54.5,20.7,77,130,22.2,22.5,35,171,1,21.23593947
23,1,165.7,62.7,23.2,70,123,37.7,25.5,35,237,0,22.83613091
54,0,148,53.4,27.9,97,159,27.9,23,35,145,3,24.37910884
37,0,149.5,38.1,17.3,66,110,16.2,23,35,167,3,17.04678919
56,1,168.8,66.4,23.8,91,143,34.3,20.2,35,186,1,23.30360953
45,0,159.2,59.1,30.7,75,106,25,21.7,35,137,3,23.31853994
37,0,170,63,25.9,58,112,33.4,20.4,35,190,3,21.79930796
46,1,163.5,71.1,28.6,85,144,37.9,14.9,35,204,0,26.59708779
37,1,170.8,60.5,11.5,79,117,42.8,14.1,35,233,1,20.73860988
31,1,177.8,89.3,24.9,78,145,55.5,9.5,35,185,1,28.24801568
45,1,174.5,87.7,31.9,99,146,48.9,3.3,35,182,0,28.80107717
29,1,166.8,69.2,26.5,78,129,34.6,10,35,183,0,24.87218858
21,1,173.7,73,16.4,64,117,47.2,2.2,35,211,0,24.19486611
60,1,169.7,73.9,28.1,80,130,41.2,11.1,35,165,2,25.66142407
57,1,168.2,74.5,20.2,96,158,46.8,5.8,35,197,1,26.33323955
25,0,163.8,54.2,35.8,72,107,26.6,19.3,35,156,3,20.20093595
41,0,165.2,67.5,30.4,72,123,27.4,19.9,35,177,1,24.73339235
32,1,175.7,61.3,19.6,75,128,41.1,-2.5,35,198,0,19.8571516
21,1,177.2,70.4,21.1,70,114,35.5,14.1,35,213,0,22.42049641
23,0,168.1,55.9,26.3,65,97,28.2,15.5,35,160,1,19.78228166
32,1,191.4,93.3,14.6,71,149,58.7,15.5,35,235,0,25.46817216
57,0,155.4,53.8,23.7,77,124,27.6,21.8,35,140,3,22.27820761
26,1,177.8,71,17.5,57,112,48.3,-6,35,190,0,22.45922859
29,0,171,71.8,33.2,90,149,30.3,27.3,35,174,2,24.5545638
21,0,161.6,59.1,32.7,67,108,24.1,21.4,35,183,2,22.63105333
39,1,170.7,108.8,35.3,68,123,50.8,12.8,35,199,0,37.33892868
22,0,164.4,52.4,29.1,80,125,24.2,21.7,35,148,2,19.38776114
27,0,161,51.9,26.2,61,100,23.3,22.3,35,169,2,20.02237568
25,0,156,50,18.2,80,138,30.1,30.5,35,190,3,20.54569362
21,1,160.9,63.5,20.9,73,135,36.4,-8.9,35,183,0,24.52797174
32,0,162.4,53,23.1,82,135,28.1,9.4,35,171,1,20.09573151
45,0,162,51.4,27.9,79,128,24.3,27,35,135,3,19.58542905
27,1,175.2,75.2,27.6,83,132,41.5,6,35,172,0,24.49907216
41,0,165,52.4,19.7,83,132,21.9,29.3,35,170,2,19.24701561
25,0,156.1,49.7,18.1,67,118,31.7,20.4,35,152,3,20.39626203
34,1,182.1,79.1,22.9,75,125,40.8,9.9,35,204,1,23.85374608
27,0,158.6,56.52,30.9,74,117,32.8,19.2,35,180,3,22.46962307
39,0,163.3,61.8,23.5,79,134,30.7,22.8,35,175,3,23.17480591
50,1,178.5,89.4,22.5,77,126,42.3,9.9,35,209,1,28.05828214
56,1,172.1,65.7,22.5,90,140,40.1,18.2,35,170,2,22.18214955
40,1,174.5,77.7,29.3,82,123,29.3,8.4,35,159,0,25.51703188
60,1,165.3,66.8,22.3,84,155,33.9,12.8,35,174,2,24.44729175
23,1,177.2,68.5,20.5,78,138,49.7,8.8,35,193,0,21.81539779
28,0,163,48.02,20.6,64,108,22.9,15.5,35,170,2,18.07369491
21,1,179,91.4,24.3,70,126,44.8,17.8,35,180,0,28.52595113
43,0,165.3,66.8,27.8,77,130,32.6,17.9,35,164,1,24.44729175
40,1,164,79.1,31.1,85,142,29,3.2,35,181,0,29.40957763
60,1,164,59.4,21.8,74,119,32.1,5,35,165,1,22.08506841
49,1,171.9,76.8,19.3,93,145,55.5,13,35,205,1,25.99019073
21,0,155.7,44.7,19,73,122,28.8,22.6,35,184,2,18.43869999
25,0,164.9,67,32.4,72,118,28.6,15.4,35,149,2,24.63959082
33,0,159.7,51.9,33.1,93,135,25.7,16.7,35,144,1,20.34967725
27,0,158.9,58.9,33.9,76,122,23.2,14.4,35,165,2,23.32746252
58,1,175.9,77.3,20.9,85,154,44.4,7.4,35,190,1,24.98318564
36,1,167.7,64.7,18.8,71,117,38.3,4.8,35,210,1,23.0058432
38,1,169,74.8,19.2,85,129,31.7,9.1,35,204,1,26.18955919
21,1,185.3,76.9,17.5,74,120,43.1,21.3,35,179,0,22.39626003
30,0,162,55.2,27,98,141,24.1,27.8,35,167,2,21.03337906
62,1,167,61.8,10.2,70,119,40.9,12.9,35,195,3,22.15927427
58,0,155.7,53.4,26.6,92,139,28.2,21.2,35,153,2,22.02744025
54,1,172.2,75.6,20.9,83,158,48.1,19.2,35,210,1,25.49502847
26,0,158,47.9,27.4,79,117,25.3,4.5,35,144,0,19.18763019
59,1,160.3,59.1,22.9,81,153,31.4,14.5,35,166,2,22.99960811
42,0,163.2,54.3,25.5,73,102,31.9,24.2,35,164,3,20.38729095
62,1,176.7,79.1,18.4,97,155,52,12.3,35,200,3,25.33397773
38,0,157.4,54,28.6,75,113,28,27.3,35,175,2,21.79637663
40,0,160.4,64.5,31,72,114,25.8,20.9,35,165,3,25.06980678
57,1,170.6,64.9,17.7,62,104,40.1,16.9,35,194,3,22.29906447
21,1,175.9,91.5,28.7,91,142,37.8,2.6,35,182,0,29.57259361
54,1,171.4,65.7,21.7,90,154,32.1,14.8,35,210,1,22.36370395
48,0,159.8,64.3,30.4,91,128,30.7,18.2,35,164,2,25.1800984
60,1,181.2,78.5,19.6,79,129,45.4,15.3,35,197,3,23.90855177
28,0,165.2,54.1,27,91,120,32.8,19,35,158,3,19.82335594
60,1,175.7,72.1,26.5,74,137,47.2,13.4,35,200,3,23.35563835
24,0,174.5,62.8,26.3,84,130,27.6,24.7,35,176,1,20.6238044
47,0,171.9,61.2,19.5,85,144,27.3,16.6,35,187,2,20.71093324
29,0,161.3,51.2,24.2,67,112,27.1,25,35,221,3,19.67891846
47,1,173.1,73.25,21.4,89,151,46,19.7,35,206,1,24.44632005
63,1,162.4,64.7,22,64,116,31.2,19,35,175,2,24.53195904
60,1,170,73.6,23.04889,90,153,41.8,35,35,182,2,25.46712803
55,1,163.8,68.58,23,95,149,35.6,13.5,35,181,1,25.56052007
60,1,180.4,84.5,19.9,91,142,40.3,17.5,35,207,2,25.96471994
27,0,154.6,43.3,22.9,67,109,21.7,20,35,167,2,18.11627553
47,0,166.7,55.7,17.1,95,145,25.5,24,35,180,3,20.04398161
31,0,160.2,57.4,29.3,75,129,29.7,18.2,35,181,3,22.36592524
59,1,165.2,67.62,20.1,93,141,38.6,15.8,35,195,1,24.77736283
42,0,164.2,64.5,26.8,67,113,27,20.6,35,164,3,23.9228771
29,1,171.8,67.16,21.7,78,120,32.7,13.2,35,200,0,22.75434657
32,0,154.4,55.8,32.2,90,135,26.1,23.2,35,163,1,23.40666864
43,1,169.5,67.9,15.6,78,135,43.1,16.4,35,226,1,23.63362658
58,1,170.6,73.6,25.9,99,151,30.2,14.2,35,176,0,25.28830732
33,1,183.1,75.3,20.7,94,140,31.3,2.5,35,194,0,22.46044144
24,0,154.4,49.52,32,55,118,22.9,20.4,35,178,2,20.77236973
23,1,185.7,108.9,29.2,97,151,46.6,6.2,35,208,0,31.5794144
39,1,176,67.9,18.1,93,141,41.7,5.5,35,237,1,21.92019628
52,1,167.8,69.5,20.5,89,147,43.1,19,35,197,2,24.68316757
63,1,172,68.7,26.3,81,123,40.7,18,35,151,1,23.2220119
31,1,168,64.1,23.1,83,138,36.3,13.9,35,225,1,22.7111678
53,0,153.9,58.34,27.6,71,103,23.8,23,35,159,2,24.631405
23,1,174,75.4,18.2,81,133,32.4,-7.4,35,208,0,24.90421456
26,1,162.4,64.4,25,78,113,38.4,7.3,35,198,0,24.41820961
60,1,171.8,68.3,21.2,92,154,39.7,16.5,35,183,3,23.14058771
47,1,155,57.1,18.3,79,115,42.6,14.8,35,202,1,23.76690947
60,1,167.3,77.5,23.5,83,158,36.1,5.3,35,185,1,27.68916253
36,1,165.6,64,28.1,83,142,34.1,0.3,35,168,0,23.33776751
24,0,157.1,60.5,35.3,66,126,28.4,12.8,35,148,1,24.51336911
55,0,155,57.7,31.5,88,145,27.6,21.2,35,149,3,24.01664932
45,1,176.7,82.6,20.6,80,134,38,-2.7,35,172,0,26.4549502
41,1,177.9,92.5,29.3,79,115,33.5,-9.9,35,197,0,29.22737667
50,0,159.8,59,30.3,72,114,24.1,26.8,35,150,3,23.1046004
21,1,175.6,77,15,56,121,45.5,4.6,35,218,0,24.97133161
25,0,160.2,58.2,31.7,77,117,31.9,10.6,35,163,1,22.67764545
24,1,180.6,61.9,9.8,76,146,43.9,0.6,35,237,0,18.97820603
29,0,152.1,44.3,19.4,76,109,20.8,26.5,35,161,1,19.14896468
23,0,162.6,64.3,30.1,81,123,25.9,13.2,35,142,1,24.3203539
21,0,165.2,59.1,30.2,64,101,24.7,18.1,35,156,2,21.65545908
35,0,162.8,54.5,17.7,89,130,31.3,17.5,35,117,2,20.56305803
25,0,167.2,54.4,24.5,74,127,26.2,21,35,183,1,19.45926146
40,0,162.4,64.3,33.7,83,119,23,10.9,35,121,1,24.38029314
32,0,162.1,49.1,19.3,94,141,32.1,22.4,35,195,3,18.68596205
56,1,160.9,59.5,21.2,96,140,33,16.7,35,156,2,22.98290265
61,1,167.8,64.2,17.2,79,124,43,21.4,35,191,3,22.80085407
21,1,178.7,87.8,26.5,76,138,40.1,-4.5,35,213,0,27.4944737
34,0,159.9,50.2,28.2,60,117,25.4,17,35,150,2,19.63390972
46,1,168.5,65.6,24,98,155,55.1,21.4,35,220,1,23.10489658
53,1,164.9,60.3,9.7,66,109,34,18.4,35,194,2,22.17563174
25,0,162.6,52,23.9,90,140,21.6,21.9,35,136,1,19.66809336
60,1,166.5,77.4,23.1,88,145,38.8,6.3,35,175,1,27.9198117
34,1,170.2,79.3,27.3,81,133,43,-3.7,35,196,0,27.37499672
36,0,162,53.6,27,72,115,28.2,21,35,155,3,20.4237159
64,1,162.3,59.4,20.6,93,146,39.3,15.1,35,176,1,22.55014846
50,1,170.4,87.7,29,82,149,43.3,6.5,35,182,0,30.2037184
39,0,155.7,45.8,18.7,63,122,27,31.4,35,152,2,18.89244875
44,1,170.8,73.5,23.1,91,138,45.8,11.6,35,204,1,25.1948401
21,1,181.9,63.4,13.5,69,118,39.5,6.2,35,230,0,19.16125099
61,1,170.5,76.5,26,82,156,40.5,14.9,35,180,2,26.31556316
39,1,167,58.4,17.5,83,130,43.4,12.6,35,222,1,20.94015562
37,0,169.4,58.1,22.4,72,109,27.9,30.4,35,196,3,20.24647028
45,1,166.2,62.9,18.8,84,134,34.6,10.4,35,225,1,22.77134098
25,0,168.8,60.2,22.6,65,117,27.5,21.9,35,162,2,21.12767009
30,1,177.5,77.2,24,67,108,49.3,-0.5,35,210,0,24.50307479
28,1,175.8,97.4,36.6,99,155,3.5,5.3,35,210,0,31.51528329
62,1,169.8,68.78,18,89,159,44.3,4.2,35,188,1,23.85540531
63,1,165.9,65.8,21.8,73,120,31.1,12.8,35,186,3,23.90744259
40,1,167.6,71,22.1,75,134,43.4,7,35,182,1,25.27611485
46,1,171.3,63.9,11.7,90,143,44.4,20.3,35,173,1,21.77640235
42,0,160,67.6,30.7,97,142,20.4,-2,35,139,0,26.40625
24,0,164.1,56.8,24.1,67,108,30.8,33.3,35,183,2,21.09265133
33,0,160.3,59.8,22.8,80,136,25.9,21.9,35,166,1,23.2720231
42,1,180.6,88.8,25.9,82,126,45.1,-0.7,35,213,0,27.22560089
45,0,162.7,54.4,27,97,128,26,18.7,35,160,2,20.55056629
55,0,155.2,57.5,32,77,132,29.4,24.7,35,185,3,23.87175842
39,1,177.4,74.1,18.8,76,130,47.2,16.1,35,233,1,23.54566588
57,1,173.5,79.8,18,90,158,50.6,19,35,201,3,26.50964629
60,1,170.7,64.3,11.7,88,126,42.6,10.8,35,211,2,22.0670323
61,1,162.3,53.04,14.6,80,120,38.5,13.1,35,173,3,20.13568812
38,1,172.7,70,23.9,83,123,38.5,12.5,35,171,1,23.47001488
23,0,160.8,45.5,15,67,101,26.7,15,35,152,2,17.5970273
29,0,170.7,58.82,21.2,90,131,37,20.5,35,141,3,20.18635832
62,1,165.9,63.3,19,85,126,36.2,2.6,35,167,1,22.99910511
42,1,172.6,73.2,22.8,77,146,42.1,20.8,35,202,1,24.57137717
25,1,180.5,74.8,13.4,86,146,44,11.1,35,200,0,22.9586943
41,0,168.7,55,21.4,60,111,21.5,-3.7,35,136,0,19.32557944
22,0,159.5,53.6,25.8,79,134,23.3,21.1,35,139,2,21.06897534
63,1,168.7,67.6,20.9,98,158,42.5,21.3,35,184,3,23.75289401
39,0,159.5,56.7,28.7,91,144,24.9,14.3,35,154,1,22.28751683
62,1,171.8,64.5,17.6,87,136,38.8,13,35,183,3,21.85311724
39,0,154.9,46.6,32,81,121,23.3,28,35,159,1,19.42151395
57,0,153,57.6,34.7,80,120,20.3,20.4,35,139,1,24.6059208
24,0,163.3,51.3,26.4,77,114,23.4,21.6,35,161,2,19.23733889
42,0,153.5,47.2,23.7,76,144,28.5,25.5,35,162,3,20.03204278
47,1,173.8,68.5,17.2,84,143,53.3,10.2,35,211,1,22.67728339
27,1,174.7,73,20,65,100,43.4,6.5,35,202,0,23.91867128
26,0,162.1,60.3,28.5,80,136,29,21.8,35,156,3,22.94834036
59,1,160.8,58.2,23.5,85,153,35.4,12.6,35,188,2,22.50872503
46,1,179,78.4,20.8,92,150,45.3,17.6,35,181,1,24.46864954
27,0,161,52.6,21.7,69,116,26.7,27.3,35,176,3,20.29242699
23,1,174.2,67,16.2,76,124,35.5,-9.3,35,190,0,22.07895434
55,1,171.1,76.4,24.2,78,135,41.2,-0.2,35,183,0,26.09716549
34,1,166.4,63.2,22.3,97,153,37,21,35,230,1,22.82498151
33,0,163.5,58.1,22.6,83,120,31.4,24.8,35,146,3,21.73404783
60,1,179.9,81.3,24.6,76,135,45.6,9.8,35,196,2,25.1204965
59,1,165.4,70.2,25.6,95,150,41.8,8.5,35,192,0,25.66055833
28,1,176.7,93.8,38.9,87,138,43.6,3,35,178,0,30.04206209
31,1,173,83.8,34.9,80,120,32.5,10.1,35,189,0,27.99959905
34,1,166.5,50.6,5.8,88,124,37.6,10.5,35,232,1,18.25248672
47,1,166.6,59.7,15,95,142,40,16.8,35,185,1,21.50920392
55,1,162.4,63.9,23.4,91,132,44.3,23.9,35,211,3,24.22862724
26,0,158.4,60.4,31.79044,98,142,33.8,13.2,35,162,0,24.07279869
41,1,178,84.2,22.1,99,123,45.7,23.4,35,255,1,26.57492741
40,0,155,57.4,33.2,77,113,28.1,18,35,111,2,23.8917794
51,1,170.4,67.4,15.5,75,121,45.4,26.1,35,197,1,23.2124358
62,1,159.1,56.9,22.7,77,121,34,15,35,170,3,22.47873705
61,1,168.3,66.3,22.5,85,140,38.8,16.9,35,192,3,23.40697528
47,1,170,79.2,27.6,99,151,42.8,7.5,35,200,0,27.40484429
22,1,174.2,85.9,31.5,75,139,38.9,14.2,35,222,0,28.30719668
22,1,175.3,64.2,22.3,79,111,33.5,-0.2,35,200,0,20.89157565
45,1,167.7,66.5,18.8,66,129,43.1,10.8,35,179,1,23.64588211
48,0,167,62.6,30.2,77,136,23.2,24,35,150,1,22.44612571
35,0,162,48.2,31.3,63,107,20.3,21,35,146,3,18.36610273
34,0,156.9,49.4,24.5,65,106,22.2,23.1,35,162,1,20.06693582
62,1,163.3,65.4,27.4,81,120,35.7,5.5,35,175,1,24.5247946
32,0,173.2,65,29.9,77,126,30.5,23.2,35,137,1,21.66793785
26,1,169.5,63.4,10.6,64,131,44.3,0.8,35,195,0,22.06733321
55,1,163.6,71.68,27.3,90,142,46.1,19,35,211,3,26.78128419
25,0,161.3,46,22.8,66,104,27.2,21.8,35,172,2,17.6802783
24,1,170.5,66.7,20,72,114,44.5,9.5,35,253,0,22.94441912
25,1,170,82.8,31.9,81,121,46.8,5.4,35,190,0,28.65051903
43,1,169.4,93.9,28.2,97,147,56.4,12.4,35,215,0,32.72192013
57,1,173.7,80,22.6,73,141,39.1,13.1,35,176,0,26.51492177
22,1,175.1,77.6,26.7,88,148,36,-3.1,35,196,0,25.30984171
62,1,165.8,63.8,20.4,92,159,37,18,35,197,3,23.20874337
33,1,176.1,82,27.8,87,126,41.2,5.3,35,222,0,26.44205112
52,1,173.3,85.9,22.2,85,134,45.7,13.2,35,203,0,28.60197603
22,1,167.4,59.1,9.1,70,105,47.2,3.5,35,274,0,21.0899997
25,0,154.8,56.78,30.4,97,113,22.4,18.8,35,172,2,23.69482336
35,0,155,46.7,17.7,62,106,21.8,22,35,137,3,19.43808533
31,1,170.5,57.8,18.1,68,123,36.2,13,35,184,1,19.88286994
28,0,159.7,70.6,34,89,123,30.2,25.1,35,160,2,27.68183456
39,1,173.2,75.9,22,94,147,43.3,10.8,35,211,1,25.30148435
24,1,163.2,65.9,27.7,61,109,32.9,-1,35,175,0,24.74258699
26,0,160,59,33.9,86,133,31.5,21.8,35,143,1,23.046875
43,1,175,88,23.6,88,125,51,16.1,35,204,1,28.73469388
23,0,165.6,58.8,31.8,91,129,25,20.6,35,161,2,21.4415739
60,1,164.2,66,26.1,80,135,44.1,15.7,35,184,3,24.47922307
39,0,159.9,60.3,31,77,137,27.3,16.4,35,174,2,23.58415849
60,0,161.2,63.8,29.8,87,135,24.6,19.8,35,138,2,24.55221078
27,1,169.8,67.4,22.9,89,129,32.8,16.8,35,191,0,23.37677112
21,1,168.9,63.3,17.9,75,117,33.5,-13,35,215,0,22.18934133
40,0,162.5,64.6,32.5,74,117,26,10.6,35,140,1,24.46390533
60,1,176.9,74.18,19.5,70,151,42.7,12,35,176,3,23.70451987
59,1,174.5,68.9,21.8,91,149,42.9,19.5,35,203,3,22.62707203
32,0,170.5,59.6,24.4,66,110,23.9,20.2,35,117,1,20.50205967
53,0,157.5,59.6,34.9,84,158,31.5,23.1,35,168,3,24.02620307
53,0,157.6,46.6,24.8,82,123,25.9,20,35,160,2,18.76175629
39,1,174.8,94.1,24,94,137,50.9,10.8,35,234,1,30.79688326
31,1,175.9,76.8,21.3,75,124,46.7,-6.1,35,193,0,24.82158677
27,0,162.5,55.8,30.4,90,120,28.6,20.6,35,177,3,21.13136095
29,1,175.9,79.6,24.5,86,152,44.9,10.3,35,203,0,25.72654045
22,1,167,71.1,27.2,85,133,34.9,6.5,35,192,0,25.49392233
38,0,168.7,62.6,25.1,62,102,22.7,20.6,35,144,1,21.99602315
31,1,170.5,79.2,29.6,93,128,42.6,14.5,35,206,0,27.24434774
33,0,149.5,45.6,30.8,73,123,26.2,29.5,35,182,3,20.40245635
27,1,174.7,85.2,22.4,80,118,51.4,-3.3,35,215,0,27.91603826
21,1,170.3,81.2,29.4,59,101,33.8,12.6,35,200,0,27.99798221
44,1,176.6,78.5,25,96,131,50,20,35,200,0,25.17029226
22,0,157,52.9,26.6,71,115,26,22.4,35,193,2,21.46131689
21,0,160,53.1,31.4,94,127,23.3,20.8,35,173,1,20.7421875
22,0,169.3,62.3,25.6,58,106,30.6,16.4,35,160,2,21.73572498
36,1,173.6,74.1,17.1,84,134,50.5,8.9,35,238,1,24.58774873
29,1,173,72.1,22.8,77,110,50.8,-3.4,35,220,0,24.09034715
24,0,168.8,59.8,19.3,80,120,30.5,25.9,35,194,2,20.9872869
48,1,175.3,85.4,21.1,85,133,56.2,22.3,35,218,1,27.79035141
51,1,175.5,76.1,21.5,98,138,54,19.6,35,222,2,24.70759166
40,1,175.1,65.9,16.3,90,138,47.9,16.5,35,219,1,21.49379599
29,0,167.8,61.1,29.8,69,111,23.2,16.6,35,155,1,21.69987825
30,1,174.1,70.8,20.9,77,117,39.4,11.9,35,205,1,23.3580033
26,1,176.5,70.6,20.7,80,133,38.1,4.9,35,200,0,22.66288952
58,1,177.5,73.6,19.9,100,153,42.2,17.1,35,208,1,23.36044436
40,1,173,76.4,22.8,90,157,40.2,14,35,218,1,25.52708076
49,1,163.8,67.1,23.6,69,106,37,11.4,35,200,1,25.00890779
42,1,181.1,95.2,26.9,84,154,41.7,-3,35,203,0,29.0268593
21,0,160.6,64.88,34.4,70,122,30.5,22.1,35,160,2,25.15473574
57,1,171.8,75.3,29.4,75,111,30.8,13.8,35,197,0,25.51224384
24,0,158.6,47.7,24.1,69,107,25.5,24.9,35,145,1,18.96321692
41,1,168,61.1,22.2,99,125,30.2,11.1,35,213,0,21.64824263
45,1,176.6,72.3,19.7,84,152,49.7,18.6,35,222,1,23.18232013
23,0,173,80.7,34.8,91,130,35.8,20.7,35,192,2,26.96381436
44,0,163.9,62.8,34.3,72,118,30.7,18.9,35,154,0,23.3776976
29,0,160.2,58,30.7,72,122,27.7,23.1,35,183,3,22.5997154
34,0,166,55.4,22,93,140,24.7,23.3,35,157,2,20.10451444
23,0,161.2,49.8,24.4,82,137,24.7,24.5,35,158,1,19.16457832
29,0,163.7,51.2,19.1,64,117,33,29.2,35,153,2,19.10612445
30,0,156.1,50.2,27.1,57,93,23.2,23.4,35,183,3,20.60145581
34,0,155.8,44.5,21.2,74,115,23.6,21.3,35,162,3,18.33264397
40,1,176.7,73,24.7,82,123,43.9,6.2,35,222,0,23.38028286
22,0,165.8,48.1,22.3,86,147,22.7,20.7,35,153,2,17.49750088
43,0,165.2,55.6,31.8,80,121,17.2,12.7,35,165,1,20.37298689
36,1,182.4,89.3,23.1,78,126,47.1,10,35,218,1,26.84119152
54,0,159.2,53.5,26.2,70,100,23.1,21.9,35,154,3,21.10899977
62,1,166.2,75,28.7,99,159,40.3,21.9,35,181,2,27.15183742
29,0,163.2,56,24.7,77,127,27.9,23.2,35,142,2,21.02556709
39,0,147.3,50.7,32.4,82,140,22.9,16.8,35,129,1,23.36697348
29,1,171.8,72,22.8,75,120,39.7,-8.4,35,210,0,24.39417738
31,0,160.6,56.6,31,85,119,30.7,10.4,35,144,1,21.94448278
39,0,161.8,62.1,23.6,78,121,24.7,29,35,154,3,23.72108587
30,0,157.1,55,28.1,88,138,28,18.3,35,149,3,22.284881
41,1,173.7,71.8,23.6,89,135,37,4.1,35,212,0,23.79714229
22,1,171.8,81.2,29.3,77,122,35.5,3.6,35,169,0,27.51121116
40,0,157.5,53.4,27.1,53,102,28.4,22,35,160,2,21.52683296
47,1,176.7,72.3,13.8,91,128,44.3,8.7,35,216,1,23.15608837
60,1,175.5,82.2,25.3,112,170,35.4,-2.1,35,169,0,26.68809506
31,0,162.7,67.2,30.9,72,116,32.8,21.8,35,161,3,25.38599366
59,1,170.4,69.3,18.6,84,133,49,19.6,35,197,3,23.8667923
46,0,163.2,58.08,26.1,67,117,35,32.3,35,171,3,21.80651672
40,0,160.4,56.5,24.8,93,159,24.2,23.2,35,173,3,21.96037338
22,0,160.7,45.8,23.4,79,125,23.8,32.2,35,143,2,17.73510338
55,1,172.8,70.5,19.4,85,135,40.9,25.6,35,199,3,23.61030736
56,1,168.6,73.9,25.6,80,140,41.3,15,35,202,3,25.99736297
30,0,167.6,49.8,22.3,66,130,25.2,24.9,35,180,3,17.72888056
55,1,182,78.3,20.2,94,132,38.6,11.1,35,152,0,23.63844946
46,0,161.7,57.1,24.9,78,124,29,11.9,35,163,1,21.83816125
21,0,159.1,49.7,12.9,68,126,20.6,24.9,35,180,2,19.63432744
33,0,159.6,52.3,30,96,155,24.4,18.8,35,158,3,20.53222027
38,0,154.3,46.3,24.9,66,114,22,19.8,35,139,2,19.44684438
51,1,166.3,90.3,35.8,98,142,43.5,11.5,35,170,0,32.6515086
25,0,163.5,60.32,33.4,70,107,23.5,16.8,35,161,2,22.56450542
26,0,157.1,53.4,29.7,66,120,26.7,18.6,35,160,3,21.63659356
54,1,166.8,67.5,27.6,85,165,40.4,18.6,34,148,1,24.26116661
59,1,166.1,67.8,25.9,98,151,40.6,22.4,34,188,2,24.57482472
22,1,175.6,96.4,36.6,95,158,41.5,-0.4,34,159,0,31.26280997
35,0,154,47.6,23.9,84,129,21.9,24.5,34,149,3,20.07083825
58,1,167.5,65.5,17.8,83,158,43.6,9.7,34,180,2,23.34595678
59,0,163.3,62.54,34.8,81,151,24.2,22.5,34,135,3,23.45230359
42,1,174.7,76.2,20.5,77,113,43.4,23.4,34,239,0,24.96716097
21,0,158,52.4,30.9,77,112,27.6,27.1,34,170,1,20.99022593
54,0,156.8,60.6,30.2,86,108,33.4,24,34,162,1,24.64793315
45,1,173.8,70,13.7,67,112,37.4,12.7,34,234,1,23.17386624
60,1,168.3,66.58,22.3,96,157,41,7,34,167,1,23.50582827
36,1,178.5,79.1,23.3,99,159,46.3,18.38,34,213,1,24.82561652
54,1,165,60.9,15,88,150,41.2,18.9,34,189,2,22.36914601
39,1,178.1,67.3,20.9,79,131,47.6,23.1,34,196,1,21.21715872
23,1,175,93.5,35.7,85,136,46.4,9.9,34,180,0,30.53061224
51,0,157,47.8,27.4,72,117,21,2.9,34,139,0,19.39226743
23,0,166.3,53.9,28.1,60,117,21.8,-2.7,34,111,0,19.48966017
25,0,163.9,56.5,26,60,110,26.6,29.8,34,170,3,21.03248272
41,1,171.3,103.2,40.1,99,158,44.3,7,34,188,0,35.16940099
26,0,159.1,55.3,27.9,60,106,31.3,27.2,34,162,3,21.84664603
31,0,168.9,64.6,23.3,72,126,36.8,29.3,34,200,3,22.64504661
60,1,170,65.1,15,77,136,52.6,15.5,34,214,3,22.52595156
39,1,167.1,65.1,15.5,87,135,34.9,14.3,34,214,1,23.31460644
49,0,154.1,50.7,26.7,90,121,24.2,20.5,34,151,3,21.35023609
42,1,169.1,69,21.5,90,143,44.7,18.2,34,206,1,24.13025301
60,1,171.3,65.3,19.3,73,141,33.1,11.5,34,164,2,22.25350663
42,1,168.6,74.1,19.8,90,149,33.2,21.5,34,232,1,26.0677212
42,0,160,51.5,21.2,72,112,21.8,26.2,34,161,3,20.1171875
21,1,174.1,77,18.9,87,159,39,5.5,34,228,0,25.40347817
43,1,168,68.4,29.6,77,108,45.4,21.6,34,225,0,24.23469388
55,1,168,63.1,18.3,69,116,38.7,17.5,34,195,2,22.35685941
30,0,163.5,55.6,21.9,54,103,28.5,23.9,34,162,3,20.79884783
21,0,165.9,71,33,76,131,27.5,25.1,34,180,2,25.79678456
55,0,156.4,52.8,32.8,99,155,19.8,24.1,34,134,3,21.58541611
56,1,172.2,69.5,21.1,81,121,44,11,34,193,2,23.43788993
27,0,156.5,60.8,32.3,81,145,21.4,21.3,34,160,3,24.82417908
53,0,155.5,49.6,28.6,95,142,23.3,24.9,34,126,2,20.51260843
45,0,156.8,51.9,28.4,78,146,14.1,18.4,34,128,0,21.10936849
61,1,170.9,69,19.2,82,143,45.3,19.3,34,203,3,23.62462727
39,1,169.2,84.6,35.9,74,102,37.1,13.9,34,165,0,29.55082742
27,0,161.6,47.1,25.1,98,138,25.5,20,34,159,1,18.0359156
21,0,171.9,69.5,32.1,98,142,27.4,17.6,34,141,1,23.51976896
63,1,162.6,68.7,17.7,93,187,46.5,18.6,34,189,3,25.98457719
25,1,169.7,53,18.1,90,140,36.4,17.3,34,174,0,18.40399832
40,1,174.4,88.2,30.2,96,141,50.1,5.4,34,213,0,28.99850602
45,0,164.2,55,27.2,67,125,27.4,18.6,34,161,1,20.39935256
28,1,167.5,71,30.6,63,111,37.4,-10.5,34,183,0,25.3063043
33,1,175.2,87.5,26.6,90,149,49.4,5.6,34,214,0,28.50623423
22,1,176.6,74.4,23.7,80,137,35.1,4.8,34,216,0,23.85566553
51,0,160.6,52.7,21.5,76,136,29.4,25,34,144,3,20.43240712
62,1,165,67.4,18.8,89,139,43,11.5,34,174,2,24.75665748
41,0,156.8,61.7,28.8,82,152,22.6,22.5,34,143,1,25.09533788
39,0,164.2,60.62,28.8,74,129,25.1,7.2,34,143,0,22.4837955
43,0,159.9,47.38,13.5,72,127,22.1,24.9,34,159,3,18.53096897
39,1,176.8,86,24.5,90,132,47.9,0.6,34,218,0,27.51274544
32,0,156.8,54.5,28.4,64,101,24.7,15.2,34,148,2,22.16687057
39,1,181.8,68.8,18.2,66,112,41.1,-2.7,34,222,0,20.81616302
43,1,167.4,74.4,28.2,92,137,42.7,0.3,34,182,0,26.54984734
26,0,164.4,54.6,29.9,72,131,27.2,19.4,34,175,3,20.20175111
24,1,172.5,62.1,23.3,80,118,32,0,34,180,0,20.86956522
33,0,162.5,55.2,26.4,60,100,24.3,14.2,34,104,2,20.90414201
61,1,168.8,68.4,22.4,85,155,38.7,12,34,167,2,24.00552548
21,1,173.3,83.8,30.2,73,139,42.2,18.6,34,178,0,27.90274263
60,1,167.3,65.4,16.8,95,155,37.1,7.9,34,156,2,23.36608038
35,1,159.4,64.2,24.7,88,152,35.6,6,34,199,0,25.26727424
32,0,174.1,63.6,19.9,74,111,31.2,25.9,34,206,3,20.98261313
57,0,167.9,58.8,24,66,131,29.7,22.9,34,164,3,20.85815708
29,0,160.8,59.6,25.6,81,129,26.1,22.8,34,175,3,23.05017203
51,0,156.9,53.8,27,66,115,22.4,18.5,34,166,2,21.85427424
56,1,168.8,74.7,24.2,89,159,34.6,4.3,34,178,1,26.21656072
52,1,164.5,64.3,18.6,79,124,39,16.9,34,190,2,23.76179082
22,1,180,87.1,24.9,84,155,34.5,5.9,34,221,0,26.88271605
61,1,170.3,67.1,23.1,91,152,32.6,14.9,34,177,2,23.13626363
22,0,158.5,53,26,79,129,25.9,21.7,34,172,2,21.09683647
37,0,154.7,44.4,21.7,65,108,22.5,21.5,34,169,3,18.55249583
36,1,175.6,84.8,24.4,76,131,47.1,12.2,34,229,0,27.50089508
26,0,165.1,56.2,29.1,73,112,24.3,13.9,34,164,2,20.61779271
22,1,167.7,66.5,23.1,79,134,34.9,0.7,34,211,0,23.64588211
25,1,168.2,58.4,15.4,75,135,46.8,7.2,34,190,0,20.64243207
64,1,169.8,66.9,21.1,83,146,36,15.6,34,175,3,23.20335294
40,1,178.9,73.8,11.5,70,110,45,13.4,34,194,1,23.05874575
32,0,162.7,54.7,28.5,96,144,24.8,12,34,146,1,20.66389662
47,1,179,74.5,26.9,61,114,34.5,15.4,34,214,1,23.25145907
48,0,162.4,57.4,23.3,59,101,27.8,30.1,34,163,3,21.7640564
48,0,163.1,63.1,28,65,118,30.4,34,34,154,3,23.7203688
48,1,172.2,85.1,33.6,96,155,59.4,5.9,34,220,0,28.69876882
41,1,173.5,72.8,27.6,80,137,37.2,2.6,34,188,0,24.18423872
48,0,162.6,62.1,17.8,98,152,37.1,25.8,34,161,1,23.48824226
39,1,168.9,71.4,22.2,53,112,41.3,8.3,34,215,1,25.02873572
21,0,161.9,57.1,32.4,61,99,20.6,15.6,34,141,1,21.78423988
56,1,162.7,66.5,25.3,85,157,39.1,21,34,182,0,25.12155622
23,0,155.9,47.6,24.2,80,112,22.5,22.1,34,183,1,19.58460074
64,1,174,64.1,21.9,80,157,31.5,3.1,34,180,1,21.17188532
36,0,162.6,57.7,28.2,63,114,19.6,20.5,34,136,1,21.82401898
31,0,164,52.4,24.9,84,117,25.9,18,34,170,2,19.48245092
31,0,167.8,58.5,26.5,78,117,25.4,16,34,192,2,20.77647918
62,1,165.9,62.22,19,73,117,40.1,17.5,34,184,2,22.60670331
64,1,164.7,64.3,25.9,77,141,34.2,13.3,34,135,2,23.70411659
28,0,155.2,47.1,18.5,83,124,19.9,18.3,34,154,2,19.55408386
31,0,165.1,73.8,36,76,117,35.2,21.2,34,170,2,27.07461036
48,0,165.9,60.32,30,80,128,27.6,21.7,34,173,3,21.91636682
23,0,165.2,56.04,31.1,64,100,18.2,1,34,149,0,20.53421196
44,0,159,56.8,33,88,151,33.9,26.5,34,156,3,22.46746569
23,1,183.4,77.3,21.2,87,143,49.9,10.5,34,238,0,22.98163016
22,0,153.6,52,24.1,71,115,25.4,22.1,34,157,2,22.04047309
60,1,170.3,68.9,18.3,96,147,42.3,13,34,192,2,23.75690855
64,1,183.5,75.4,17.2,80,143,46.5,21,34,188,3,22.39232603
37,1,181.3,82,29.1,75,118,38.4,23.5,34,209,1,24.94699524
41,0,163.3,53.7,17.4,77,135,28.1,22.9,34,162,2,20.13733135
39,0,169,65.9,27.6,73,124,29.8,20.4,34,164,3,23.0734218
31,0,156.6,56.04,30.5,72,125,37.6,20,34,159,3,22.85149464
61,1,163.7,59.7,19.2,91,152,40.3,4.6,34,159,1,22.27803964
26,0,163.5,52.2,25.2,73,126,26.3,11.6,34,167,1,19.52697584
61,1,172.9,70.2,24.2,83,140,36.7,22.2,34,181,3,23.4826511
60,1,171.9,79.8,25.9,92,131,41.6,7.4,34,179,2,27.00543256
63,1,168.8,63.2,13.9,92,156,38.3,13.2,34,193,3,22.18054401
51,1,173.8,68.1,19.5,77,118,38.2,17.9,34,197,2,22.54486129
22,1,182,70.5,17.6,62,117,47.8,-2.3,34,202,0,21.28366139
21,1,173,83.1,30,80,120,37.4,0,34,185,0,27.76571219
40,0,155,52.8,22,98,135,24.5,28.2,34,174,3,21.97710718
51,1,175.5,71.7,20.34,84,140,45.1,9.9,34,185,2,23.27903183
29,0,159,49.5,33,69,114,22.3,21.1,34,162,3,19.57992168
59,1,168.9,61.6,8.3,57,103,40.9,8.2,34,200,1,21.59341906
44,1,176.3,68.3,17.5,81,138,46,13.2,34,217,1,21.9743521
45,0,158.5,57.4,25.3,75,121,31.3,19,34,153,2,22.84827195
32,1,162,73.8,35.3,94,155,46.5,14.9,34,189,0,28.12071331
56,1,168.2,53.5,12.7,60,110,33.1,13.3,34,197,2,18.91044719
21,0,162.6,60.8,36.5,86,134,28.2,17.1,34,150,1,22.99653993
35,0,161.2,54.6,31.5,72,111,29.9,26.1,34,199,3,21.01176659
38,1,184,77.1,21.9,86,155,52.1,21.7,34,218,1,22.7729206
22,0,167.7,53.7,15.7,77,121,34.9,11.8,34,169,0,19.09449428
36,1,180,98.9,38,91,141,45.7,8,34,204,0,30.52469136
28,1,168,92,39,95,129,31.8,-12,34,190,0,32.59637188
52,0,169.7,53.4,23.6,57,117,24.9,28,34,147,3,18.54289642
59,1,163.2,61.7,14.4,65,137,44,11.8,34,204,2,23.16566945
28,0,161.7,54.5,29.4,75,110,23.2,18.5,34,159,2,20.84377913
37,1,163,59.8,24.9,78,126,42.6,13,34,215,1,22.50743348
48,1,174.6,74.9,22,93,147,39.8,-5.7,34,165,0,24.56933144
63,1,169.1,62.7,18.7,80,141,42.3,14.2,34,178,3,21.92705599
34,1,188.5,118.8,31.5,67,118,35.8,2.2,34,125,0,33.43441521
29,0,157.9,59,31.8,61,97,23,14,34,123,2,23.66397793
36,1,182.4,86.3,21.5,92,152,37.1,4.9,34,221,0,25.93947176
44,1,179,92.9,29.5,97,145,40.1,14.9,34,211,0,28.99410131
22,0,163,51.5,23.7,82,139,28,28,34,164,2,19.38349204
53,0,158.8,62.9,30.1,99,136,28.3,26.2,34,162,3,24.94305528
51,0,155.7,50.4,24.5,74,107,18.8,19.2,34,135,0,20.78994361
45,0,165.5,54.1,21.5,79,128,23.1,21.8,34,158,3,19.75155393
33,0,167.4,69.9,36.4,71,132,28.5,20.6,34,166,2,24.9440098
45,0,158.3,55.4,33.9,81,111,24.1,21,34,165,1,22.10792258
37,0,161.8,53.8,31.8,87,137,22.1,20.9,34,149,2,20.55063478
62,0,148.3,51.8,27.3,82,138,20.9,22.6,34,131,3,23.55306647
39,1,172.7,71,23.4,97,139,45.3,16.9,34,201,1,23.8053008
50,1,172.9,92.9,32,96,154,47.8,0.4,34,191,0,31.07604398
22,0,165.5,53.7,19.5,80,140,20.1,12,34,183,1,19.60551656
48,0,157.4,54.1,20.8,73,125,31.9,25.9,34,147,3,21.8367403
52,1,175,65.1,17.5,89,147,41.7,15,34,214,2,21.25714286
54,1,172.1,75.2,21.9,90,150,44.6,12.8,34,189,1,25.38961409
21,0,168.3,56.9,23,65,113,20.7,14.2,34,153,1,20.08833927
49,1,172.1,67.7,16.1,91,144,43.3,14.2,34,232,1,22.85740524
21,0,155.7,51,29.2,61,110,24.4,16.2,34,164,2,21.03744294
39,0,158.8,47,24,78,122,24.9,17.9,34,159,2,18.63789504
47,1,169.2,71.7,24.6,97,145,37.1,6.71,34,203,1,25.04485019
43,0,156.4,50,19.3,73,123,32.4,23.8,34,175,3,20.44073495
41,0,161.6,70.4,20.1,76,128,32.8,19.5,34,175,1,26.95814136
21,1,171.7,77,24.4,86,146,36.1,13.5,34,204,0,26.11861447
56,1,161.2,60.1,21,91,145,33.6,14,34,190,2,23.12833648
38,1,178,75.3,16.4,71,119,42.4,8.2,34,227,1,23.76593864
29,1,172.4,86.8,28.8,86,139,49.3,-1.6,34,183,0,29.20419248
44,1,172,80.7,26.4,70,123,34.3,7.5,34,193,0,27.27825852
62,1,166.9,70.5,21.3,98,149,33.8,3.7,34,159,1,25.30908496
21,1,178.6,83.3,24.3,81,140,45.2,0.3,34,206,0,26.11452268
61,1,170.4,74.5,21.8,81,136,40.7,10.4,34,179,2,25.65766272
50,0,161.9,55.4,27.2,94,128,22.5,19.9,34,162,3,21.13567232
22,1,171,61.3,16.7,80,127,37.6,5.8,34,204,0,20.96371533
25,1,170.1,108.6,39,97,154,35.1,1.5,34,198,0,37.53368441
34,1,183.8,81.2,22.8,78,150,50,2.4,34,209,0,24.03615606
25,0,154.5,49.7,28.2,80,125,26.5,26.9,34,163,3,20.8208963
22,0,170.9,62.4,27.8,90,104,34.4,17.4,34,160,2,21.36488031
27,1,175,101.4,30.6,90,110,46.4,17.1,34,213,0,33.11020408
61,1,171.7,75.54,22.9,87,151,44.5,8.4,34,172,2,25.6233784
23,1,178,80,22.5,81,121,30.7,1.4,34,184,0,25.2493372
51,1,167.8,65.8,15.8,78,127,40.1,10.6,34,216,2,23.36909966
64,1,169.2,64.2,15.8,81,148,41.6,21.9,34,186,3,22.42509599
37,1,166.7,71.6,17.7,79,128,38.4,11.6,34,206,1,25.76569269
43,1,170.7,93,31.4,108,169,35.7,0.5,34,187,0,31.91654749
60,1,171.5,69.1,28.5,98,135,41,2.2,34,190,0,23.49361236
31,1,173,72.7,27,73,117,42,3.7,34,199,0,24.29082161
23,0,169.4,56,24.8,67,100,29.7,26,34,161,1,19.51467015
61,1,167.9,65.7,12.9,71,132,39.4,15,34,166,2,23.30579796
49,1,173,76.86,27.3,91,154,50.8,26,34,205,0,25.68077784
52,1,186.2,85.4,21.1,95,133,44,10.8,34,175,1,24.63193429
53,1,166.3,60.5,21.1,99,138,39,18.5,34,202,1,21.87614918
62,1,176.3,76.6,19.5,86,156,32.8,7.7,34,167,0,24.64473457
59,1,178.1,82.1,26.8,91,128,45.1,5.3,34,173,0,25.88304207
44,1,165.9,76.4,24.6,82,133,42.7,3.5,34,205,0,27.75879352
52,0,158,54.8,32.7,73,115,27,25.8,34,143,2,21.95161032
62,1,168.8,73.9,20.8,87,163,46.5,16.6,34,228,3,25.93579434
21,0,175.8,54.4,32.2,73,122,26.5,19.7,34,175,0,17.60196521
43,1,178.8,84.3,21.7,82,136,58.4,8.9,34,203,1,26.36893233
59,1,167.1,59.6,20.2,95,140,39.1,10.1,34,182,1,21.34486242
21,1,175.3,74.6,21.1,66,123,47.9,-8,34,183,0,24.27588074
39,1,172.3,74,27.3,96,139,40.1,15.4,34,186,1,24.92649211
41,0,162.5,54.8,27.7,58,96,25.1,22,34,126,1,20.75266272
51,0,163.3,56.4,23.5,71,128,20.3,18.5,34,154,1,21.14982287
62,1,163.8,65.2,22.9,89,147,25.2,15.3,34,151,0,24.3007569
24,0,162,47.9,15.6,81,114,27.5,24.7,34,175,2,18.25179089
23,0,163.2,59.1,33.9,92,124,28.9,20.7,34,160,2,22.18948241
22,0,163.4,58.7,23.3,62,112,25.8,28.5,34,179,2,21.98538103
27,0,155,57.3,27.9,72,123,31.2,19.7,34,176,3,23.85015609
63,1,165.1,66.3,22.6,87,135,38.8,18.8,34,151,3,24.32312557
25,0,166.6,51.98,20.2,67,118,26.1,12.5,34,166,1,18.72777923
28,1,170.8,68.48,19,76,128,35.1,11.2,34,185,0,23.47404966
51,1,172.6,71.3,20.3,82,137,42.4,13.2,34,220,2,23.93359552
26,0,157.9,60.2,33.1,70,127,37.2,24.9,34,178,2,24.14527918
48,0,159.9,58.8,25.7,85,137,31,24.2,34,141,2,22.99748788
38,0,159,53.3,25.9,70,132,26.9,22.5,34,165,3,21.08302678
64,1,167.4,68.1,19.4,76,120,34.9,13.3,34,184,1,24.30167478
26,0,166,73.6,37,79,109,31,17.7,34,149,2,26.70924663
23,1,178.2,73.6,15,87,147,46.6,14.9,34,241,0,23.1772772
23,0,162.5,54.4,27.5,57,109,33.7,-7.6,34,176,0,20.60118343
50,0,167.6,61.5,25.1,88,141,26.3,19.2,34,159,1,21.89409949
39,1,181.8,110.1,31.4,90,149,50.9,0.8,34,181,0,33.31191205
61,1,173,85.6,35.8,91,132,41.4,20.1,34,172,2,28.60102242
22,1,168.9,65.4,24.7,90,124,29.3,2.4,34,189,0,22.92548062
59,1,161.5,53.9,18.3,76,126,42.1,13.1,34,181,2,20.66539505
25,1,176.6,71.1,12.9,84,138,58.6,11,34,224,0,22.79755133
56,1,176.8,70.9,23.6,92,135,43.6,10.5,34,190,2,22.68201921
46,0,161.3,58.4,28.9,96,140,28.7,20,34,166,3,22.44626637
25,1,180.7,76.7,23.3,43,122,43.1,19.4,34,217,0,23.48978592
21,0,170,57.8,19.4,74,128,27.4,21.4,34,179,2,20
63,1,168.4,74.1,12,88,154,43.2,20.8,34,185,3,26.12967654
32,0,172.9,60.8,20.1,86,126,30.4,22.2,34,186,3,20.33825053
53,1,170,64.5,18.9,87,157,36.3,10.2,34,183,2,22.3183391
36,1,158.7,50.3,19.6,72,117,33.1,9.9,34,177,1,19.97165851
26,1,173.3,70.2,19.2,71,129,40.1,11.7,34,232,0,23.37437389
61,1,172.3,69.1,23,84,152,39.3,10.3,34,168,2,23.27595412
44,0,172,70.3,24.3,60,111,30.7,22.2,34,148,2,23.76284478
37,1,175,76.7,24.4,97,139,51.8,11.6,34,176,1,25.04489796
50,1,182.3,80.3,22,76,127,49.7,17.9,34,199,2,24.16251897
62,1,161,66.5,25.4,99,157,35.8,9.1,34,177,2,25.65487443
37,1,172.2,81.1,24.2,86,130,45.7,12.6,34,204,1,27.34982551
43,1,168.9,76.2,23.7,91,141,41.5,12.8,34,201,1,26.71133981
37,0,159.7,53.3,25.1,73,109,27,32.7,34,141,1,20.89860881
59,1,170.2,67.3,21,75,119,40.4,20,34,158,2,23.23250037
33,1,178.6,74.5,13.5,85,151,52.7,14.2,34,225,0,23.35572557
22,0,173.6,57.9,20.6,72,122,20.9,14.7,34,154,1,19.21228949
62,0,160.6,69.28,28.8,66,124,27.4,23,34,118,0,26.86066727
25,1,182.5,72.2,10,68,128,59.2,22.5,34,210,0,21.67761306
52,1,172.4,71.3,23.6,86,128,42.3,10,34,200,1,23.98915811
38,1,172,76,29.5,97,144,40.4,9.9,34,223,0,25.68956193
31,0,151,48.3,22.8,78,111,28.1,21.7,34,158,3,21.18328144
26,0,167.7,50.1,16.9,59,107,25.7,27.3,34,174,3,17.81441645
63,1,166.5,76.5,29.4,92,154,45.7,15.2,34,159,2,27.59516273
40,0,157.1,61.1,25.8,81,143,29.1,21.2,34,166,3,24.7564769
59,1,166.8,57.9,13,65,114,40.1,14.3,34,180,2,20.81068958
25,0,159.7,51.8,21.7,72,117,24.3,21.9,34,192,3,20.31046785
35,1,177.6,73.2,19,64,116,47.4,10.8,34,240,1,23.20732895
46,0,167.1,70.1,30.7,99,141,26.4,14.5,34,163,1,25.10528282
21,0,161,58.4,30.2,53,103,25,28.5,34,144,2,22.52999498
60,1,165,71.7,29,73,136,41.2,21.6,34,178,2,26.33608815
58,1,174.9,71.5,18.6,82,137,45.8,12.2,34,187,1,23.37364388
31,0,161.8,52.5,24.1,72,111,27,15.5,34,172,2,20.0540581
59,1,162.1,66.8,16.8,66,123,28.5,9,34,174,1,25.42204205
37,0,165.7,59.5,27.7,80,127,25.7,17.2,34,168,2,21.67065055
48,1,170.5,75.5,17.7,88,142,44.9,14,34,223,1,25.97156887
24,0,165.1,58.9,29.6,77,134,30.9,22.4,34,166,2,21.60832724
25,0,165.2,47.6,25.2,85,139,24,24.8,34,150,3,17.44162187
43,0,168.3,69.3,31.9,88,139,32.1,20.2,33,164,2,24.46611443
44,1,180.5,79.5,21.7,87,127,42.3,10.8,33,196,1,24.40128606
39,1,168.8,70.9,25.5,83,128,33.7,5.4,33,201,0,24.88292042
59,1,170.3,71,24.5,75,140,30.1,22,33,182,0,24.4809943
64,1,165.8,61.3,8.5,66,114,34.9,7.6,33,166,2,22.29930985
49,1,176.2,73.3,22.2,88,147,45,9.9,33,223,1,23.6097923
62,1,175,68,22.6,75,123,46,2.8,33,194,1,22.20408163
22,0,159.3,54,21.3,66,108,23,27.2,33,189,2,21.27953866
50,0,157.3,51.1,29.1,70,118,21.6,20.5,33,164,3,20.65206365
25,0,160,53.1,26.1,79,115,18.1,34.8,33,108,1,20.7421875
21,1,171.6,72.5,24.5,74,136,33.3,-3,33,203,0,24.62087252
63,1,163.9,57.6,20,78,148,40.9,15.9,33,182,3,21.44196468
32,0,151.2,52.4,31.7,90,133,23,19.7,33,104,3,22.92069091
61,1,167.4,57.1,19.7,64,125,34.7,3.4,33,161,1,20.37629413
32,0,153.6,49.4,31.9,66,115,19.6,24.8,33,135,1,20.93844944
26,0,160.7,70.4,38.1,69,123,28.4,17.6,33,165,2,27.26094494
22,0,158.4,63.2,35.8,72,113,21,6.5,33,159,0,25.18875625
32,1,170.7,90.5,36.2,82,133,45.1,11.4,33,188,0,31.05857579
30,0,170.4,61.1,21.9,63,97,29.3,12.6,33,166,1,21.04272741
54,1,171.5,78.2,24,80,120,42.8,8.5,33,193,1,26.58756131
49,0,158.3,54,23.5,70,108,24.4,21,33,147,2,21.54923861
44,1,172.3,70.1,24.5,86,132,35.7,-5.5,33,197,0,23.61279861
46,1,173,72.6,22.8,65,126,46.6,14.9,33,210,1,24.2574092
25,0,169.6,58.3,29,66,105,29.4,22.7,33,167,3,20.2682783
39,1,174.2,77.1,18.3,93,146,44.6,11.2,33,218,1,25.40727432
37,0,155.3,48.3,26.5,97,147,23.4,23.3,33,146,3,20.02646147
60,1,176.5,69.5,16.5,77,123,41.9,11.8,33,182,3,22.30978501
22,0,160.6,48.2,18,65,127,21.5,25.7,33,162,2,18.68770442
35,0,163.2,56,20.6,64,119,25.6,14.3,33,143,1,21.02556709
24,0,168.1,60.7,24.9,82,130,26.1,15.9,33,188,2,21.48093912
23,0,153.6,46.14,30.5,66,124,16.1,12.9,33,153,1,19.55668132
64,1,166,63.32,23.8,81,156,34.1,11.2,33,162,2,22.97866163
24,0,169.4,72.8,43.6,89,133,30.7,18.7,33,143,0,25.3690712
28,1,166.1,71,30.8,89,142,41.9,-6,33,167,0,25.73469846
50,1,170,64.5,20.5,80,118,39.6,7.6,33,155,1,22.3183391
21,0,163.1,53,28.3,69,124,20.3,26.6,33,138,0,19.92360613
25,0,148,46.2,23.2,83,121,21.7,16.2,33,168,2,21.09203798
39,0,167.1,64.48,18.4,74,125,21.7,29.4,33,143,0,23.09256257
58,1,175,73.8,22.2,74,120,45.1,9.5,33,197,1,24.09795918
57,1,175.8,59.8,18.8,99,158,37.8,11.8,33,180,2,19.34921911
28,0,165.2,58.5,31.6,74,129,30.4,26.6,33,164,3,21.4356067
55,1,169.3,71.9,17.8,82,158,31.8,5.4,33,199,1,25.08505018
25,1,178.7,63.8,15.2,74,122,29.7,1.5,33,214,0,19.97890003
30,0,162.7,51.1,23.9,79,136,27.7,21.2,33,181,3,19.30393268
28,0,169.3,68.1,29.8,80,128,32.7,24.8,33,175,3,23.75927562
31,1,173.4,84.9,33,70,119,33.7,1.4,33,190,0,28.2364116
55,1,168.3,65.7,23.2,80,113,38.9,14.6,33,191,1,23.19514745
37,1,171.2,79.1,23.6,82,148,55.8,14.4,33,214,0,26.98789196
57,1,164.9,60.7,15.9,86,151,41.5,7.2,33,182,1,22.32273377
56,1,164.7,66.3,24.7,69,147,38.5,11.3,33,185,2,24.44141415
41,1,173.3,73.9,23.1,84,135,39,15.1,33,214,1,24.60635656
26,1,172.3,71.6,23.5,60,125,40.6,10.3,33,181,0,24.11806534
40,1,171,75.8,25.2,96,139,38.3,-5.4,33,201,0,25.92250607
62,1,169.3,76.1,18.4,80,154,45.9,17.1,33,184,3,26.55037996
63,1,178.5,83.3,24.9,82,152,35.3,15,33,180,1,26.14379085
63,1,164.1,59.6,19.8,81,144,46.3,10.9,33,218,2,22.13242991
60,1,172.3,68.7,15,88,157,35.3,18.2,33,191,3,23.14121633
22,0,162.3,51,25,80,118,25,22.9,33,160,2,19.36123857
50,1,173.1,75.98,26.9,84,153,43.1,13.7,33,169,0,25.35742522
38,1,181,72.2,18.6,90,144,45.4,0.2,33,228,0,22.03839932
58,1,170.1,62.6,21.1,83,142,38.7,19.1,33,205,2,21.63543871
60,1,166.7,61.9,23.3,86,144,42.6,19.7,33,178,2,22.27508907
25,1,171,93.6,27.3,73,132,24.6,-8,33,100,0,32.00984918
61,1,171.5,71,17.7,86,158,39.9,14.5,33,178,3,24.1396017
57,1,167.7,65.98,25.7,97,157,43.5,16.5,33,183,1,23.46098198
41,1,174.4,73.9,22.8,81,135,49.8,18.5,33,226,1,24.29693418
63,1,179.6,71.4,12.97,92,148,42.8,14.3,33,195,3,22.13530687
57,0,156.2,53,26.7,76,132,27.3,20.1,33,156,3,21.7227003
40,1,174.2,77.1,25.8,93,131,36.5,18.8,33,214,0,25.40727432
21,0,165.6,68,35.8,82,127,21.2,10.1,33,154,0,24.79637798
35,1,175.7,82.9,23.8,95,147,50.9,4.8,33,232,1,26.85412509
38,0,162.7,54,25.2,96,150,24.8,21.8,33,166,2,20.39945919
41,0,162.1,54.5,32.8,86,138,21.7,12.5,33,145,1,20.7410373
21,0,167.2,77.9,34.7,83,121,36,21.8,33,169,2,27.86537625
45,1,174.7,90.3,26.1,79,126,35.7,-10.7,33,201,0,29.58706871
58,0,163,57.9,25.3,85,138,28.2,23.5,33,140,1,21.79231435
46,1,165.6,69.58,24,84,139,44,17.8,33,200,0,25.37252911
23,0,157.1,57.7,33.7,67,106,29,33,33,153,1,23.37886607
39,1,183.2,98.76,27,99,159,48.8,9.9,33,205,0,29.42592628
60,1,171,77.3,19.7,93,156,46.2,22.2,33,193,3,26.43548442
40,0,166,58.5,25.8,83,123,31,22,33,156,3,21.2294963
42,1,168.9,69.9,23.2,81,158,48.7,15.8,33,225,1,24.50292195
50,1,173,71.7,19.8,76,124,42.7,8,33,226,1,23.95669752
21,1,180.6,89.4,24.6,83,144,43.2,18.9,33,203,0,27.40955766
31,0,162,54.3,18,90,136,25.1,24.3,33,181,2,20.69044353
26,0,167.2,64.9,31.3,64,110,28.2,25.1,33,163,0,23.21518509
62,1,161.6,62.2,19.6,87,145,37.8,15.3,33,179,3,23.81813058
62,1,175.9,71,22,71,132,49.4,7.8,33,201,2,22.94703985
22,0,160.3,62.4,37.8,98,136,24.1,20.4,33,174,2,24.28385019
31,0,153.8,58.2,29.4,78,142,27.5,19.8,33,168,2,24.60426034
62,1,165.6,64.1,23.8,79,125,31.8,4.5,33,168,1,23.37423277
44,0,158.6,44.9,23.9,65,114,20.2,22.1,33,156,2,17.85007212
60,1,175.1,60.6,11.5,82,178,36.5,13.3,33,212,3,19.76515989
48,1,169.3,67.8,18,63,122,33.9,5.9,33,172,1,23.65460921
54,1,171.6,56.6,10.9,94,151,36,1.7,33,203,0,19.22126048
36,1,174.1,82,28.1,98,156,49,7.6,33,202,0,27.05305467
21,0,155.5,55.3,38,62,103,25,16.5,33,160,1,22.86990416
53,1,176.4,67.4,16.4,66,119,36.9,13.3,33,197,2,21.66021359
46,1,161.4,57.46,9,65,107,40.5,7.3,33,178,1,22.05761544
62,1,166.3,59.5,19.8,74,145,35.3,10.9,33,193,2,21.51455993
50,1,171.3,71.9,22.2,89,133,41.8,14.4,33,206,2,24.50271251
21,1,179,84.1,22.9,60,114,43.7,4.3,33,171,0,26.24762024
56,1,166.7,64.9,22.7,81,156,38.9,14.1,33,166,2,23.3546572
41,1,174.3,83.2,24.4,72,119,44.8,11.4,33,217,0,27.38599674
37,1,174.6,83,28.3,99,142,39.2,7.9,33,177,0,27.22636194
53,1,168,73.1,28,94,156,33.2,2.3,33,167,0,25.89994331
60,0,159.3,59.6,26.22061,78,135,29.3,19.8,33,150,3,23.48630563
50,0,161.5,53.5,23.6,73,122,24,22,33,150,3,20.51203405
42,0,163,57.6,24.1,98,148,30.6,16.6,33,148,0,21.67940081
38,1,172.5,74.1,20.4,96,129,44.3,22.5,33,195,1,24.90233144
62,1,163,60.1,13.9,90,140,45,22.5,33,201,3,22.62034702
41,0,160.8,56.9,31.3,79,129,30.1,18.9,33,169,3,22.00595282
57,0,151.8,40.3,18.4,64,113,24.2,13.6,33,160,1,17.48886007
46,1,175.7,65.2,14.2,76,112,34.1,1.3,33,179,0,21.12049404
61,1,167.6,67.46,24.1,73,135,38,7.9,33,186,2,24.01586913
54,1,168.2,73.4,29.6,85,155,35.3,8.2,33,174,0,25.94442661
58,0,153.9,53.8,32.9,74,124,21.7,28,33,150,3,22.714597
53,1,179.4,80.68,20.6,86,141,35,14,33,178,2,25.06807654
63,1,163.4,68.1,23.8,79,155,36.5,19,33,187,3,25.5060383
56,1,162.8,65.8,23.6,79,121,37.9,-3.9,33,163,0,24.82659117
60,1,170.5,72.1,19.5,81,148,39.2,17.6,33,208,3,24.80198829
27,1,186.8,82.3,19.6,80,129,42.8,-2.7,33,221,0,23.58555452
21,0,163,60,33.2,92,147,26.2,20.3,33,180,2,22.58270917
56,0,158.6,52.9,26.2,75,100,22.9,26.9,33,91,2,21.03048586
55,0,153.5,48.6,35,75,122,22.8,19,33,158,2,20.62621354
59,1,172.8,69,25,85,122,42.3,19.1,33,190,0,23.10796039
41,1,172.5,72.8,23.5,86,140,42,10.3,33,205,1,24.46544844
50,1,171.5,71.8,23.3,97,148,44.5,15.6,33,203,0,24.41159721
47,0,165.2,52.1,14.3,75,140,32.6,22.3,33,196,3,19.09051469
30,0,162.5,50.2,31.2,76,136,24.1,20,33,149,2,19.01065089
38,0,161.7,49.6,22.3,65,110,25.2,22.1,33,142,3,18.96975128
37,0,166,55.2,14.4,77,122,26,28.9,33,165,2,20.03193497
59,1,162.7,74.1,33.7,93,138,41.2,17.7,33,168,2,27.99259122
31,0,160.7,54.3,27.9,83,118,30.3,25.5,33,157,3,21.0265527
32,1,178.1,70.9,17.2,75,137,40.9,24.6,33,235,0,22.35210332
39,1,175,81.5,22.3,88,137,37.3,2,33,214,0,26.6122449
21,0,168.9,56.3,25.9,68,103,26.1,20.1,33,114,2,19.73554371
21,0,169.3,60.18,23.3,67,128,24.5,11,33,166,1,20.99608234
33,0,161.3,54.8,30.56,82,121,23.3,0.6,33,143,0,21.06259241
62,1,156.4,55.84,25.3,81,133,33.3,12.4,33,170,1,22.82821279
35,0,170.8,79.7,32.1,92,157,31.8,19.5,33,179,2,27.32011913
59,1,177.5,73.9,21.9,71,128,45.4,15.8,33,200,1,23.45566356
50,0,167.2,60.1,27.8,52,104,28.9,24,33,144,3,21.49819143
45,0,161.7,53.7,27.1,73,124,16.9,14.6,33,144,1,20.5378154
21,0,158.9,65.2,39.4,81,122,28.2,20.1,33,184,0,25.82259009
33,0,163.5,50.1,20.9,64,112,30.3,23.5,33,154,3,18.74140785
51,0,157.2,46.3,17.1,92,137,24.1,19.5,33,162,3,18.73595815
48,1,168,76.3,23.8,87,146,45.2,9.3,33,182,1,27.03373016
38,0,164.7,62.8,31.24232,73,121,28.5,19.3,33,151,0,23.15114342
29,1,183,88.2,18.5,80,128,54.9,4.7,33,220,0,26.33700618
64,1,171.4,75,25.1,86,126,46.8,12.8,33,180,3,25.5293424
26,1,179.5,95,30.5,83,130,45.7,11.8,33,207,0,29.48456328
48,1,176.5,66.1,8.1,80,129,39.3,14.1,33,204,1,21.21837106
60,0,162.8,54.4,24.6,86,128,26,25,33,95,2,20.52532765
63,1,167.7,78.5,25.9,96,154,43.1,17.8,33,194,3,27.91280821
52,0,156.6,58.4,29.9,89,156,28.9,22.1,33,150,3,23.81383453
60,1,173.2,58.6,21.5,76,132,36.5,11.2,33,151,1,19.53447936
47,0,154.3,53.7,28.7,81,123,23.8,29.3,33,152,3,22.55497934
35,1,185.7,94,26.8,86,148,42.1,3.7,33,168,0,27.25863134
54,1,160.6,71.3,33.1,87,131,41.9,9.5,33,183,2,27.64384492
21,0,166.5,50.4,21.4,66,100,30.2,19.1,33,174,2,18.1803425
59,1,160.8,60.6,22.4,91,157,36,11.3,33,177,2,23.43691988
57,1,172.7,81.6,37.3,94,154,47.1,9.1,33,178,2,27.35933163
26,0,159.7,53,27.2,79,123,28.9,17.3,33,173,2,20.78098062
21,0,155.2,43.1,17.8,92,133,25.2,24.4,33,163,2,17.89343979
45,1,168.2,69.1,23.9,52,94,38.3,9.2,33,206,1,24.42452151
40,0,154.3,62.62,30.9,89,153,34.8,21.8,33,157,1,26.30154201
51,1,167.7,66.3,22.4,98,159,39.5,18.2,33,193,2,23.57476668
39,0,164.1,52.8,29,60,110,21,25.8,33,159,2,19.60725335
47,0,157.2,55.1,31.6,83,132,27.5,12,33,171,1,22.29700419
63,1,163.9,76.2,29.2,76,154,53.8,15,33,170,3,28.36593244
41,0,163.5,55.4,28.5,64,102,26.1,10.9,33,162,1,20.72403183
36,1,188.3,97.8,20.4,74,115,52.9,5.1,33,246,0,27.58279138
43,0,155,52.9,26,81,134,24.1,20.8,33,146,2,22.01873049
29,1,170.7,85.3,30.2,71,118,35.5,2.2,33,198,0,29.27399464
58,0,153.4,54.76,28.5,72,129,24.3,20.3,33,150,3,23.27087537
54,0,151.4,55.5,31.4,84,134,26,16.4,33,113,1,24.21258915
21,0,163.9,55.1,26,92,142,25.6,24,33,183,2,20.51132385
60,1,169.2,59.8,25.2,74,137,36.2,15.7,33,179,3,20.88817352
40,1,173.8,80.6,21.7,92,138,44.6,18.3,33,208,1,26.68305169
34,0,155.4,54,28.7,80,132,28.7,10.7,33,152,1,22.36102622
43,1,174,73.1,17.9,74,139,38.1,14.7,33,213,1,24.14453693
45,1,168.3,71.2,22.5,77,113,47.2,18.5,33,214,1,25.13690256
40,1,178.5,70.5,17.5,74,118,42.6,17,33,215,1,22.12649766
62,1,170.2,63.8,18.2,69,131,41.3,12.4,33,201,3,22.02427227
40,1,176.4,74.5,16.7,77,130,45.3,17.5,33,194,1,23.94192749
47,1,179.3,77.8,25.9,85,135,52.8,16.2,33,191,1,24.20020349
61,1,174.5,80.76,28.1,78,119,43.7,15.7,33,204,3,26.52194974
47,1,182.3,81.4,19,83,117,49.6,14.6,33,197,1,24.49351238
32,1,178.1,80.1,29.2,85,143,39.3,10,33,209,0,25.25251729
21,1,174.5,69,20,89,151,42.3,20.5,33,195,0,22.65991248
60,1,177,82.6,20.6,90,150,47.7,19.1,33,189,2,26.3653484
31,0,155.6,43.6,27.2,76,121,22.7,11.8,33,136,1,18.00807555
56,1,176.8,73.8,23.1,93,150,31,10.4,33,179,1,23.60977457
60,1,164.4,63.7,21.2,83,147,35.78,8.3,33,142,1,23.56870963
23,0,164.4,62.1,31.5,90,137,22.8,15.4,33,177,1,22.97671693
24,0,161.6,52.5,23.5,47,98,26.2,18.5,33,173,2,20.10372758
50,0,161.7,58.5,19.3,89,147,30.9,24.9,33,161,2,22.37359778
44,1,179.4,92.7,29.8,81,139,44.5,15.6,33,208,0,28.80280981
63,1,162.8,71.3,27.8,90,159,38.2,13.4,33,182,2,26.90176216
22,1,165.5,75.7,30.5,88,143,34.2,0.6,33,169,0,27.63757176
50,0,167.7,64.4,18.7,87,142,31.4,22,33,167,3,22.89917005
22,0,160.4,55,31,62,111,27.5,17.6,33,145,2,21.37735462
49,0,148.9,56.2,35.9,81,131,27.2,18.6,33,148,2,25.34818803
34,0,165.5,56.4,33.2,71,123,22,13.6,33,152,0,20.59126879
56,1,177.4,76.7,24.7,86,148,40,13.9,33,192,1,24.3718296
57,1,171.6,82,20.7,86,138,44.6,9.2,33,224,1,27.84705582
60,1,159.2,69.2,20.5,96,143,47.8,7.6,33,206,2,27.30360344
31,1,172.4,84.7,27.9,69,134,44.9,6.8,33,182,0,28.49763944
59,1,166,67.6,23,74,126,31.9,5.9,33,163,1,24.53186239
55,1,164,68.2,22.7,81,121,43.1,16,33,183,2,25.3569304
44,1,173.6,88.4,28.8,86,152,39.3,-4,33,190,0,29.33275287
21,1,165,65.9,15.9,80,120,33.4,25,33,210,0,24.2056933
57,1,175.7,63.5,19.7,79,159,49.9,4.5,33,176,1,20.56980631
29,1,177.3,68.7,18,77,123,39.7,-10.2,33,168,0,21.85441903
30,0,155.7,52,30.5,79,116,20.1,10.6,33,160,1,21.44994182
43,1,175.9,90,26.9,81,147,50.7,0,33,221,0,29.08779699
62,1,166.2,65.5,21.45024,88,156,29.2,19.8,33,181,3,23.71260468
26,1,172.5,61.8,11.8,85,146,40.2,2.4,33,156,0,20.76874606
43,1,171.4,87.7,31.7,79,135,42.9,-9.2,33,195,0,29.85231105
25,0,168,64.5,30.9,44,113,31.6,17.3,33,182,2,22.85289116
42,1,173,75.7,20.3,96,152,41.9,12,33,220,1,25.29319389
40,1,173.9,74.8,21.1,87,137,55.1,16.2,33,218,1,24.73446003
39,0,164,67,30.2,84,120,27.8,20,33,160,2,24.9107674
60,0,154.8,55.92,28.5,77,158,24.3,15.7,33,122,2,23.33593734
44,1,168.3,74.6,23,97,136,50.1,17.7,33,192,1,26.33726027
24,1,171.3,60.6,17.6,61,120,31.9,-7.7,33,220,0,20.65179942
26,0,160.8,56.3,25.7,71,115,32.5,30,33,146,1,21.77390411
42,1,172.9,68,21.6,84,127,39.9,10.4,33,200,1,22.74672757
46,1,162.7,64.1,20.2,94,151,35.5,9,33,176,1,24.21491359
35,0,164.4,57.8,26.9,63,102,37.9,24.5,33,187,3,21.38573653
39,0,169.4,58.6,22.4,68,118,33.5,16.2,33,183,2,20.42070841
49,1,173.3,81.7,27.7,95,148,48.2,18.5,33,164,0,27.20350922
49,0,158.1,49.2,22.3,81,131,22.8,20.8,33,175,3,19.68345641
41,0,161.8,57.6,30.3,98,148,27.9,18.6,33,159,2,22.0021666
30,0,167,52.9,17.7,66,108,27.9,15.4,33,168,2,18.96805192
39,1,172.7,78.2,23.2,93,148,42.8,12.4,33,219,1,26.21935948
40,1,167.9,62.9,12.5,78,114,45.5,16.7,33,216,0,22.31255239
42,1,162,60.38,13.8,78,122,39.5,17.2,33,192,1,23.00716354
53,1,167.8,75.3,26.6,95,146,44.8,13.8,33,201,0,26.74305781
47,1,177.3,80.3,24.3,79,128,40.3,14.8,33,161,1,25.54453927
31,1,173.2,71.7,19.9,84,137,44.1,13.7,33,230,0,23.90140222
54,1,166.5,62.6,18.3,66,105,43.3,22,33,167,2,22.5811397
63,1,165.7,69.5,28,86,145,35.6,3.3,33,154,0,25.31277669
27,1,176.7,78,27.3,87,132,47.2,13.6,33,238,0,24.9816721
37,1,175.2,71.8,23.3,71,128,42.3,7,33,217,1,23.39140135
42,0,157.5,54.4,24.7,88,140,24.6,22.8,33,161,3,21.92995717
38,1,173.5,78.2,23.9,77,123,44.8,7.4,33,214,1,25.97812456
39,0,157.2,57.4,31.6,85,134,28.1,19,33,160,1,23.22773213
42,1,173.2,65,20.4,80,129,35.8,4.8,33,194,1,21.66793785
46,0,166.8,55.86,22.7,68,124,27.9,14.2,33,161,1,20.07746321
43,1,170.4,60.8,15.4,77,120,44.2,12.2,33,227,1,20.93940797
35,0,153.2,44.6,25.8,71,122,23.9,21.4,33,129,2,19.00278821
25,0,160.3,47.64,20.9,77,123,26.2,25.7,33,175,2,18.53978562
60,1,170.2,65.4,16.5,90,133,34.3,15.9,33,192,2,22.57660511
49,0,156.6,56,24.6,95,139,22.4,26.1,33,135,1,22.8351838
24,1,170.9,68.3,16.4,90,147,34.4,4.3,33,173,0,23.38495714
41,0,161.4,67.9,33.1,76,119,34.9,21,33,150,0,26.06529914
30,1,171.8,82.9,34.2,79,131,45.5,0,33,194,0,28.08718479
54,1,164.6,64.5,21.9,78,120,37.6,16.1,33,204,1,23.8067468
60,1,173,71.3,18.3,93,154,34.5,2.7,33,149,1,23.82304788
23,0,164.1,59.4,29.6,91,126,24.6,27.5,32,169,1,22.05816002
47,0,158.3,53.5,29.2,70,117,25.9,8.1,32,151,0,21.34970863
42,1,168,61,14.9,94,151,28.9,1,32,230,0,21.61281179
21,0,160.7,56.6,29.2,71,110,25.6,30.1,32,157,2,21.91718017
21,0,168.4,60.2,34.2,82,138,25.8,16.8,32,162,2,21.22815827
39,0,159.3,50.6,30.8,78,128,25.2,19.6,32,167,3,19.93971586
53,1,167,65.7,23.7,99,153,33.7,14.2,32,185,1,23.55767507
40,0,159.1,50.4,16.6,67,115,28.7,25.7,32,162,3,19.91086726
40,0,163.3,47.7,16.1,70,122,27.9,27.6,32,185,3,17.88735019
36,0,155.4,49.9,24.17116,73,117,27.5,20.8,32,159,3,20.6632446
28,0,168.6,60.2,24.5,77,131,30,18.9,32,159,1,21.17782478
61,1,167.2,69.7,26.1,89,147,36.1,2.3,32,145,1,24.93217875
23,0,158.7,67.2,36.8,83,133,31.1,15.9,32,156,2,26.68181813
52,0,159,59.5,30,99,157,24.5,23,32,160,2,23.53546141
55,1,172.9,67.5,18.7,70,113,42.4,8,32,183,1,22.57947222
23,0,155.8,50.4,26.3,67,97,23.9,19.2,32,162,2,20.76326418
42,0,158.1,62.1,29.1,72,130,30.4,20.1,32,146,2,24.84436267
23,1,167,59.6,9.5,68,121,40,15.3,32,212,0,21.37043279
40,1,183.7,97.7,32.6,88,155,47.3,14,32,206,0,28.95184541
64,1,166.2,62.5,23.5,81,151,37.1,13.3,32,177,2,22.62653118
62,1,163.8,68.6,24.7,82,136,41.9,9,32,177,2,25.56797429
26,0,167,75,27.6,90,145,38.5,17.5,32,174,0,26.89232314
35,0,161.5,48.3,21.8,72,100,31.6,26,32,186,3,18.51834102
62,1,171,72.3,23,73,140,43.5,9,32,161,2,24.72555658
27,0,164,53,22,80,120,21.4,10.3,32,155,1,19.70553242
53,1,173.4,69.8,21.7,90,152,35.2,6.3,32,156,1,23.21438787
35,0,162.4,47.8,24.43834,77,113,28,22.6,32,156,0,18.12407484
31,0,160.7,77.2,38.4,75,127,29.4,22.7,32,140,0,29.89410439
21,1,163.3,49.2,13.9,66,107,29.3,5,32,235,0,18.44984548
60,1,174.5,71.2,16.6,72,129,34.1,2,32,135,0,23.38240244
35,0,169.9,73.7,33.9,85,143,34.4,16.8,32,165,2,25.53175863
54,1,171.8,65.6,19.7,97,131,35.4,14.8,32,189,1,22.22580606
46,0,168.5,57,28,89,125,26.6,27.2,32,170,3,20.07590099
23,0,164,72.9,40.4,80,117,24.6,21.3,32,146,2,27.10440214
48,1,168.2,71.9,23.3,90,160,50.9,25,32,217,1,25.41422716
58,1,167.6,68.4,17,84,133,40.1,9.8,32,185,2,24.35051065
31,0,165.3,51.2,20.5,65,115,23.4,20.6,32,156,3,18.73804398
42,1,171.3,79.04,33.8,80,120,44.2,-11.1,32,185,0,26.93594432
52,1,170.8,67.9,21.5,82,137,44.2,9.4,32,210,2,23.27523323
38,0,169,53.3,19.8,76,102,23.1,28.1,32,149,3,18.66181156
49,1,180.4,80.6,15.4,87,148,42.9,15.7,32,226,0,24.76634825
30,0,158.2,52.9,27.8,74,137,26.9,23.9,32,172,2,21.13696916
39,0,164.9,52.3,15.7,53,91,22.2,12.7,32,185,1,19.23359104
50,0,159.9,59.5,25.2,84,140,28.7,25.8,32,170,3,23.27126749
24,1,169.6,67.2,16.4,60,110,43.7,2.4,32,207,0,23.36240655
41,1,171.7,73,23.5,79,121,40.4,17.8,32,202,1,24.76180332
60,1,162.7,62.4,20.8,78,129,35.9,3.5,32,195,0,23.57270839
22,0,160,54.9,22.7,75,118,20.5,12.8,32,164,1,21.4453125
52,0,163,55.4,22,80,133,27.2,20.9,32,154,3,20.85136814
41,0,162.3,65.2,28.7,85,128,27.9,1.9,32,163,0,24.7520148
60,1,173.3,74,26.1,87,156,42.6,7.8,32,198,1,24.63965339
38,1,179,83.4,26.8,88,134,31.4,-14.1,32,182,0,26.02915015
61,1,176.5,75.48,19.5,79,133,46.1,12.8,32,193,3,24.22938953
24,0,159.8,57.2,30.3,92,125,30.3,12.4,32,176,1,22.39971429
39,1,179.3,77.9,24.3,98,158,38.7,6.9,32,234,0,24.23130915
27,0,159,50.8,28.5,82,133,26.7,22.5,32,148,2,20.09414185
28,0,160.9,67.2,37,80,123,31.2,23.2,32,163,2,25.95716064
62,1,170.5,75.8,27.4,92,159,33.4,12.4,32,177,2,26.07476716
36,1,177.6,88.5,24.7,91,139,43.4,6.3,32,178,0,28.05804115
64,1,169.8,84.9,23,96,153,50.7,12.9,32,170,3,29.44640754
60,0,149.4,52.4,27.7,86,111,14.6,19.9,32,138,0,23.47632386
53,1,166,64.6,18.9,78,148,40.8,17,32,221,2,23.44317027
63,1,169.7,67.1,20.4,79,129,43.8,9.5,32,190,2,23.30015636
64,1,164.3,68,28.1,73,131,39.3,10.9,32,184,2,25.19032588
43,0,168.1,54.5,20.3,99,143,24.4,21,32,120,2,19.2868399
30,1,175.1,75.5,18.4,99,141,46.1,5.3,32,228,0,24.62491043
28,0,162.5,52.5,21,74,118,19,20.9,32,149,0,19.8816568
24,0,160.2,55.6,22.4,59,103,25.3,26.4,32,178,2,21.66455476
25,0,160.9,63,33,69,98,24.2,19.7,32,175,1,24.3348381
29,0,162,56.62,22.1,65,113,26.5,14,32,157,2,21.57445511
21,0,162.4,61,29.1,96,147,25.1,21.2,32,146,1,23.12904948
43,1,180,74,27,84,128,46,32,32,195,1,22.83950617
22,0,167.3,52.54,17.4,65,105,23.3,28.5,32,131,2,18.7714658
41,0,156.4,58.9,28.3,99,147,27.5,16.9,32,144,2,24.07918577
47,1,173,75.4,24.5,99,135,43.4,16.7,32,193,1,25.19295666
43,0,163.8,59.1,26.1,69,115,30.7,27,32,160,3,22.02721983
57,1,172.8,59.8,19.6,61,103,32.8,9.1,32,171,2,20.02689901
46,0,158,52.3,26.5,81,120,28.6,19.3,32,158,2,20.95016824
63,1,165.7,64,18.5,88,144,36.1,15.3,32,167,3,23.30960731
42,0,161.3,60.2,26.6,74,130,32.2,22.1,32,174,3,23.13810334
44,1,180.8,78.4,21.7,90,138,36,9.7,32,183,0,23.98386718
44,1,172.6,73,29.4,95,158,38.6,15.9,32,190,1,24.50424225
39,0,160.6,54.8,28.7,54,109,27.9,19.3,32,155,3,21.24660171
55,1,170.9,70.8,26.1,88,142,41,12,32,180,2,24.24092189
34,0,168.3,58.1,17.9,70,120,28.8,20.6,32,138,3,20.51199493
39,1,170.8,82.5,28.8,70,119,38.4,-3.5,32,182,0,28.27992256
56,1,169.8,64.78,22.3,70,141,38,7.9,32,183,1,22.46805984
47,0,159.8,47.7,26.3,74,106,26.3,13,32,161,1,18.67948202
60,1,168.1,60.1,9.9,84,134,42.2,16.4,32,222,3,21.26860693
38,0,156.5,49.5,26.2,75,119,26.5,17.9,32,166,2,20.21047474
22,0,155,51.5,23.6,70,122,31.7,16.8,32,136,1,21.43600416
27,0,166.5,58.5,19.7,79,125,31.4,22,32,150,2,21.10218326
60,1,174.5,75.1,25.6,74,123,36.8,11.8,32,174,2,24.66318011
21,0,160.3,48.7,26.7,70,107,27.3,18.8,32,175,2,18.95229975
25,1,176.3,80,29,99,150,44.1,-0.9,32,175,0,25.73862618
59,0,161.9,56.1,22.9,71,133,32.8,23.7,32,147,3,21.40272955
22,0,160.5,53.6,32.5,60,99,22.9,18,32,130,2,20.80725148
31,1,166.8,66,27.1,79,130,32.7,2.1,32,183,0,23.72202957
37,1,179.5,103.7,24.1,91,131,40.9,7,32,217,0,32.18472855
29,0,157.6,58.1,31.4,75,111,23,6.8,32,151,0,23.39180345
40,1,179.7,81.2,23.9,67,124,47.8,12.7,32,247,1,25.1454768
51,0,164,52.9,20.3,88,120,33.4,22.8,32,165,3,19.66835217
50,1,170.7,81.9,29.5,87,144,31.3,0.2,32,183,0,28.10715312
64,1,155.7,61.4,22.1,98,137,31.4,14.8,32,180,2,25.3274313
53,0,154.5,50.88,30.7,88,141,18.4,15.8,32,127,1,21.31523549
27,0,176.4,61.1,19.4,64,105,32.4,33.9,32,170,2,19.63559422
47,1,169.1,66.1,17.2,79,119,51.9,14.2,32,222,1,23.11608295
21,0,153.5,42.74,24,78,124,17.4,17.4,32,175,2,18.1391845
25,1,177.8,83.5,23.1,95,152,43.6,4.5,32,194,0,26.41331813
49,1,181,84.6,16.1,70,128,48.2,17.2,32,202,1,25.82338756
45,0,161.7,57.6,32.4,93,157,22.3,17.2,32,159,2,22.02938858
43,0,166.7,55.4,22.7,72,125,30.3,27.4,32,163,3,19.93602479
60,1,175.6,77.6,24.9,93,146,39,12.8,32,192,2,25.16591342
50,1,170.4,71.2,21.2,87,144,47.6,15.4,32,201,2,24.5211488
41,1,172.5,65.8,17.4,92,124,51.7,11.3,32,220,1,22.11300147
25,0,166.1,62.5,31.2,70,113,23.8,14,32,149,1,22.65378385
50,0,161.5,54.26,25.9,85,141,30.2,16.1,32,152,2,20.80341995
44,1,174.3,66.7,21.7,79,143,49.9,26.6,32,184,1,21.9548796
28,0,153.9,48.3,26.5,87,109,21.9,8.3,32,157,0,20.39247277
49,0,153.1,53.8,26.7,94,159,33,13.2,32,144,1,22.95260032
57,0,153.1,52.78,22.6,81,139,25.8,21.8,32,129,3,22.5174395
35,0,163.3,54.9,22,72,136,29.3,23.5,32,165,3,20.58732758
53,1,170.2,62.5,21.9,83,144,32.8,14.4,32,182,2,21.57550183
22,1,186.2,84.7,17.7,74,137,40.7,-2,32,193,0,24.43003319
43,0,160.1,62.7,36.1,64,91,26.9,17.7,32,143,1,24.46160094
23,0,165.4,52.4,23.2,65,110,26.5,13.7,32,147,1,19.15403499
26,0,159.6,48.62,30.5,61,104,19.9,12.9,32,149,1,19.08750573
21,0,161.2,50.2,29.3,71,130,40.1,22.3,32,163,2,19.31851067
62,1,167.3,57,19.2,76,123,36.7,17.4,32,167,3,20.36493244
55,1,167,70.9,26.3,82,145,40.2,16,32,204,2,25.42220947
61,1,166.8,63,11.2,90,158,35.3,26.5,32,172,3,22.6437555
57,0,158.1,57.6,29.1,76,128,26.3,20.5,32,142,3,23.04404653
50,1,175.2,75,22.2,89,156,45.1,12,32,194,2,24.43391506
54,1,171,70.5,20.4,93,151,51.9,14.6,32,218,2,24.10998256
60,1,169.5,79.5,29.4,94,145,49.8,14.9,32,186,2,27.67118281
25,0,160.8,54.6,25.4,83,129,28,15.8,32,156,2,21.11643276
22,0,170.8,53.5,20.4,67,116,22.5,16.9,32,157,2,18.33910129
34,0,157.4,57.4,27.7,78,138,33.2,20.2,32,174,3,23.16874109
47,1,168.8,68.4,26.7,78,124,42.1,6.5,32,207,1,24.00552548
64,1,171.5,77.2,28.2,80,150,44,8.7,32,171,2,26.24756692
30,1,175.5,61.2,16.3,75,115,43.7,25.2,32,218,0,19.86996859
57,1,174.8,78.7,23.6,98,156,43.6,23.2,32,183,2,25.75679822
23,0,157.4,49.3,25.5,69,112,22.5,23.5,32,182,1,19.89928459
50,0,157,51.1,21.5,80,120,23.4,20.3,32,166,2,20.73106414
46,0,147.6,49.2,20.5,80,134,31.2,16,32,170,2,22.58355917
43,1,176.4,75.1,24.3,76,128,43,21.5,32,193,1,24.13474838
51,0,156.8,64.5,37.1,95,138,25.4,16.6,32,145,2,26.23418628
60,1,174,73.3,22.9,93,158,43.4,19.6,32,211,3,24.21059585
60,1,165,55.7,20.8,86,140,37.2,12.1,32,180,3,20.45913682
42,1,173.1,68.6,18.6,85,128,40.3,6.8,32,205,1,22.89443762
28,0,160.7,63,33.1,84,124,28.9,11.4,32,177,1,24.39544789
24,0,162.3,59.3,29.7,66,109,22.7,20.6,32,138,0,22.51218524
37,1,180.2,77.2,24.4,81,155,37.8,0.5,32,203,0,23.77429937
60,1,168.6,81.7,22.6,83,134,47.9,12.9,32,200,2,28.74133363
41,1,176.9,71.1,26.9,79,134,42.6,-7,32,173,0,22.72029338
21,0,160.3,61,36,69,116,12.4,-1.7,32,101,0,23.73902022
38,0,154.2,46.3,19.3,61,100,20.2,16.5,32,120,1,19.47207545
57,1,162.3,61,16.7,98,149,41.3,11,32,188,2,23.15755986
51,1,164,83.9,33.9,87,148,40.4,5.7,32,196,0,31.19422963
58,1,175,81.9,21,87,141,45.3,10.1,32,197,1,26.74285714
49,0,151.4,55.7,32.6,91,130,28.3,22.3,32,140,2,24.29984172
24,0,148.2,44.7,23.1,70,104,19.6,14.9,32,138,2,20.35218847
52,1,175.8,60.9,18.1,71,118,43.3,-9,32,215,0,19.7051412
29,0,155.2,49.64,28.5,80,130,22.3,20.4,32,161,2,20.60859284
22,1,168,66.3,21.3,78,136,43.1,8.9,32,200,0,23.49064626
23,1,177.5,72.2,17.3,70,118,37.1,11.4,32,167,0,22.91608808
50,1,166,70,29,83,141,39.4,1.9,32,173,0,25.40281608
21,0,161.4,55.1,29.1,77,119,20.9,13.5,32,163,1,21.15166396
22,0,166.3,52.2,24.9,76,116,24.3,14.4,32,178,1,18.87495846
28,1,176.7,83.66,25.7,91,149,53.5,-0.7,32,222,0,26.79444472
29,0,164.3,61.6,31.4,95,151,31,18.8,32,157,1,22.81947168
64,1,164,71.2,24.5,73,121,43.6,13.2,32,172,3,26.47233789
32,1,190.9,107.6,25.5,94,141,47.5,20.7,32,230,0,29.5257144
30,1,175,64.7,29.5,92,136,27.5,-3.4,32,196,0,21.12653061
47,0,158,59.2,24.1,80,121,28.1,17.5,32,175,2,23.71414837
36,1,167.7,77.7,29.8,82,154,40.3,10.3,32,207,0,27.62834647
21,1,171.3,52.7,14.1,62,115,36.1,1,32,184,0,17.95956814
41,1,173.7,66.82,13.3,60,122,46.2,10.1,32,219,1,22.14658841
29,1,178.7,73.2,19.2,87,141,42.4,9,32,223,0,22.92249972
60,0,152.5,48.1,24.9,94,152,23.3,22.7,32,158,3,20.6826122
49,1,167.5,78.3,28.7,79,126,26.9,14.7,32,160,0,27.90822009
24,1,163.8,62.8,26.6,82,142,32.6,4.1,32,180,0,23.40625051
22,1,172.5,69.4,13.3,76,115,35.2,-8,32,227,0,23.32283134
38,1,163.7,72.8,23.9,86,146,43.1,-10.7,32,205,0,27.1665207
22,0,155.3,47.3,23.2,69,106,24.4,20.4,32,185,2,19.61183493
44,1,182.3,74.3,20.6,85,149,43,13.6,32,185,1,22.35710037
46,1,174.6,84.3,31.3,75,125,49.5,1.9,32,198,0,27.65279894
31,0,153.5,46,28.9,72,105,20,20,32,141,2,19.52275356
41,0,164.5,57.7,24.4,72,108,29.8,19,32,152,0,21.32278896
22,1,175.4,80,21,98,153,43.5,13,32,199,0,26.00344026
22,0,164.2,53,31.8,71,113,18.7,-4.6,32,150,0,19.65755792
22,0,158.7,50.5,31.3,51,102,18.5,12.8,32,151,1,20.05106868
47,1,181.9,83.4,26,99,156,42.7,7.5,32,205,0,25.20580967
56,0,147.8,51.94,33.2,81,137,23.8,20.8,32,121,3,23.77678207
32,0,153,44.8,16.3,80,120,26.5,15.3,32,158,2,19.1379384
23,0,162.9,50.1,15.5,60,100,23.7,15.2,32,165,2,18.87972035
24,0,170.2,68,30.7,68,111,26.4,24.7,32,166,0,23.47414599
41,0,170.7,78,39.6,59,105,22.7,19.5,32,160,0,26.76871725
41,0,153.8,49.2,27.7,63,106,22.8,22.5,32,152,3,20.79947781
24,0,160.5,54,30.2,60,102,23.4,23.9,32,171,0,20.96252948
40,0,163,51.4,21.2,42,91,23.6,11.6,32,154,1,19.34585419
63,1,162.5,67.6,26.6,78,136,31.3,18.5,32,189,2,25.6
38,0,158.2,45.5,26.2,67,123,25,23.1,32,158,3,18.18019086
62,1,178.8,78.5,19.6,95,147,44.7,15.1,32,186,3,24.55469974
50,0,153.3,57.6,32.1,90,134,24.4,12.3,32,156,1,24.50971006
32,1,177.3,81.7,25.1,78,123,48.3,21.1,32,210,0,25.98989861
32,1,179.7,85.2,25.8,88,150,56.4,18.8,32,214,0,26.38417024
48,1,174,68.5,18.3,72,127,40.6,5.8,32,184,1,22.62518166
25,0,159.3,52.7,30.6,56,101,19.1,9.9,32,157,1,20.76725347
51,1,170.2,86.8,26.4,75,123,43.9,16.4,32,223,0,29.96405694
29,0,152.8,40.8,19.9,60,100,22,18.2,32,166,2,17.47484992
56,1,166.4,65.3,30.1,97,148,35.7,7.9,32,180,1,23.58340653
28,0,164,52.6,21.3,80,120,24.6,18.3,32,165,2,19.55681142
61,1,163.9,55.5,20.3,78,135,31.1,18.6,32,160,1,20.66022638
56,1,166.3,69.9,24.6,93,155,38.8,12.9,32,204,1,25.27508806
55,1,174,70.5,19.7,88,145,36,18.2,32,199,2,23.28577091
60,1,165.5,66.7,26.8,76,126,34.5,8.3,32,172,2,24.351731
28,1,170,95,37.7,99,159,44.3,4,32,140,0,32.87197232
57,1,164.3,74.1,26.7,84,138,39.3,18.4,32,186,2,27.45004629
25,0,162.3,57.8,24.8,71,115,27,20,32,146,2,21.94273705
21,1,180.3,65.9,15.8,69,113,36.4,14.8,32,196,0,20.27187694
63,1,170.1,61.7,17.3,82,151,40.5,13.7,32,169,3,21.32438608
33,1,165.6,69.2,24.5,97,136,49.1,15.8,32,199,0,25.23396112
54,1,178.3,76.7,22.3,77,122,43.9,14.7,32,185,2,24.12640854
60,1,168.9,55.6,14.2,65,107,41.7,15.5,32,182,3,19.49016395
40,0,161.4,45.8,21.7,62,119,22.1,16,32,165,2,17.58160089
49,0,155.8,54.2,29.6,47,102,24.9,18.5,32,161,2,22.32874839
49,1,173,84.7,23.6,110,155,34.3,12.2,32,180,0,28.30031074
27,0,160.8,53.1,26.7,68,115,25.9,24.2,32,175,2,20.53631098
30,0,161.6,48.3,23.9,74,126,20.9,29,32,177,3,18.49542937
39,1,170.4,92.3,27.4,99,144,43.5,16.7,32,212,0,31.78794992
26,0,153.3,46.9,27.9,64,112,21.1,22.2,32,117,1,19.956691
48,1,169.4,72.9,24.9,99,153,35.4,9,32,193,0,25.40391882
24,0,158,46.1,22.2,83,122,22.1,21.4,32,149,1,18.46659189
48,0,156.7,60.6,35.5,98,156,28.2,24.1,32,153,3,24.67940194
51,0,154,49.5,26.6,57,115,21,14.5,32,133,1,20.87198516
29,0,163.1,60.9,35.6,65,113,31.1,10.8,32,146,1,22.89335119
54,1,177.2,73,22,95,147,36.5,12.7,32,183,0,23.24852611
64,1,167.9,69.4,26.3,71,141,31.6,19.5,32,181,3,24.61830105
51,0,162,47,13.2,80,120,20.5,23.2,32,149,3,17.90885536
48,0,161.5,60.6,26.3,82,118,29.9,20.2,32,156,3,23.23419184
21,1,168.7,70.1,26.1,84,130,41.3,9.8,32,213,0,24.63132943
22,0,156.5,47.6,30.7,95,131,20.7,20.6,32,153,2,19.43471915
55,0,158.5,51.8,23.9,76,107,25,28,32,150,3,20.61917225
21,0,158.6,53.8,27.9,83,134,23.1,16.3,32,165,2,21.3882824
32,0,159.9,53,23.5,78,115,22.2,11.4,32,168,1,20.72902819
50,0,162.9,66.3,27.8,84,129,29.4,20.9,32,155,3,24.98454011
51,1,174.5,92.2,34,96,139,42.3,-4.4,32,157,0,30.27889755
45,1,184.3,88.3,25.4,84,147,47.4,17.9,32,205,0,25.99620979
41,1,166.2,58.8,37.1,88,149,27.9,12.3,32,144,1,21.28704054
40,0,165.4,64.2,30,77,138,24,19.8,32,167,0,23.46734822
26,1,179.5,97.6,29.6,96,137,39.5,-13.6,32,183,0,30.29150922
41,0,166.5,56.5,27.2,82,135,25.7,35.2,32,174,3,20.3807411
31,0,165,54.7,27.9,83,121,28.2,-1.1,32,137,0,20.09182736
62,1,176.1,64.76,17.6,86,142,38.3,14.4,32,174,3,20.8827711
53,1,169.1,74.3,23.2,69,116,38,20.1,32,178,1,25.98373621
60,1,156.9,63.2,21.9,81,137,40,21,32,172,3,25.67267903
60,1,165.6,70.3,23.4,75,125,41.6,14.3,32,191,3,25.635079
38,0,172.1,57.5,20.4,62,110,30.4,30.4,32,162,3,19.4136012
63,1,172.9,68.2,23.2,83,131,38.3,7.6,32,184,2,22.81362971
29,1,178.6,73.6,18.3,67,129,42.4,20.1,32,211,0,23.07357587
46,1,170.6,70.6,24.1,78,120,37.4,8,32,197,1,24.25753392
21,1,178.7,70.1,17.4,86,119,45.2,10.2,32,188,0,21.95173812
56,0,169,53.1,17.8,74,119,22.2,4.8,32,147,0,18.591786
59,1,171.5,72,21.3,95,149,40.6,16.6,32,182,2,24.47959609
60,1,168,62.6,20.4,72,109,37.4,6,32,159,1,22.17970522
56,1,161.1,60.6,22.2,84,130,32.8,14.1,32,155,2,23.34971281
55,1,169.6,67.3,21.6,71,127,35,17.5,32,183,1,23.39717204
63,1,173.3,73.8,18.9,84,153,49.4,13.3,32,186,3,24.57305974
63,1,162.2,71.8,23.8,72,141,30.7,16.8,32,192,2,27.29120706
22,0,166.5,53.8,23.5,71,117,22.3,19.5,32,203,2,19.40679418
46,0,166.4,67.2,26.8,64,107,24.4,8.3,32,162,0,24.26960059
26,0,160.3,58.6,28.3,83,137,25.2,10.4,32,184,1,22.80502598
41,0,161,60.5,29.6,61,116,25.7,21.4,32,131,1,23.34014891
31,1,168.4,86.5,35.3,96,152,42.8,1.2,32,174,0,30.50225399
41,1,182.4,77.72,14,99,143,49.7,5.6,32,212,1,23.36055325
48,1,171,62.7,16,65,140,36.5,9,32,176,1,21.44249513
21,0,166.3,60.1,28,63,101,24.7,18.6,32,170,1,21.73151348
45,0,160.3,55.6,26.8,89,143,27.8,16.2,32,135,1,21.63753318
49,0,151.5,48.4,29.5,75,115,22.9,23.3,32,132,3,21.08725724
49,0,153.9,52.6,30.8,66,112,25.7,28.9,32,157,1,22.20795171
61,1,168.7,69.5,29.3,80,133,31.8,8.9,32,166,1,24.42050493
21,0,166.9,85,35.8,89,143,36.2,14.2,32,156,0,30.51449959
45,1,164.5,60,21.6,98,148,31.2,12,32,179,1,22.17274415
39,0,167.5,52.1,25,67,98,27.6,15,32,125,2,18.56983738
57,1,172.1,68.9,15.7,83,149,39.7,18.4,32,210,1,23.26255866
39,1,184.3,95,31.9,96,138,42.2,6.4,32,213,0,27.96874213
64,1,169.1,63.7,17.8,98,153,35.8,11.5,32,166,2,22.27676981
47,0,169.3,61.6,25.3,60,101,26.3,18.5,32,135,1,21.49150336
55,1,168.4,71.3,27.8,89,146,37.8,19.1,32,189,0,25.14232034
47,1,186.2,96.4,29.4,77,132,50.1,2.4,32,204,0,27.80466588
45,1,172,60,14.2,78,145,45.8,11.8,32,213,1,20.2812331
60,1,175.1,66.5,17.3,85,125,40.4,13.9,31,211,1,21.68949064
58,0,154.9,51.6,24.1,85,132,25.3,19.4,31,165,2,21.50536738
48,1,167.2,68.5,28.2,75,112,39.2,7,31,195,1,24.50293034
28,0,165.4,62,31.1,58,102,25,21.7,31,170,1,22.66317118
25,1,176.4,70.4,19.3,94,136,42.1,7.5,31,234,0,22.62431806
46,1,170,77.1,24.8,99,145,43.3,8.4,31,200,1,26.67820069
47,0,153.5,54.4,31.4,80,137,28.1,18.1,31,117,1,23.08777812
24,0,160.7,58.2,28.5,57,98,30.5,21.5,31,187,2,22.5367471
58,1,177.7,73.9,19,83,143,43,12.7,31,170,2,23.40289493
37,1,172.1,72.5,28.1,88,119,34.2,16.8,31,194,0,24.47801891
34,0,159.4,69.2,35.9,78,133,31.2,22.4,31,168,2,27.23513048
48,1,179.2,79.7,27.3,73,120,42,17,31,215,0,24.81888752
47,0,159.9,52,25.2,61,96,27.4,24.4,31,164,3,20.33791445
26,1,179.9,82.5,18.4,93,133,46.4,22.7,31,248,0,25.49127874
63,1,167.2,73.3,24.4,83,157,53.3,24.6,31,189,3,26.21992399
60,1,171.7,59.3,24,80,128,39.1,13.7,31,163,2,20.11472517
48,0,157.8,59.1,36.5,98,146,32.2,10.7,31,155,1,23.73413909
37,0,148.7,38.1,22.8,83,123,19.7,19.6,31,165,1,17.23070466
33,1,174,93.5,37.8,93,136,42,-2.8,31,165,0,30.88254723
62,1,171.9,64.3,17.3,76,128,40.4,26.6,31,164,2,21.76001646
28,0,159.1,58.4,29.5,74,116,26,17.2,31,167,0,23.07132239
47,1,174.9,76.3,23.2,95,133,42.7,11.9,31,211,1,24.94278361
37,1,176.4,75.3,30.7,97,159,46.4,8.8,31,183,0,24.19902201
26,1,171.5,80.1,28,98,157,33.8,11.6,31,183,0,27.23355065
37,0,161.6,52.7,22.6,76,115,23.9,23.6,31,173,3,20.1803132
60,1,168.2,66.9,24.4,81,155,40.3,22.6,31,194,3,23.64689565
60,1,167.4,63.2,16.4,90,146,38.3,11.9,31,185,3,22.55309613
63,1,175.2,75.4,24,91,158,48.5,12.1,31,162,2,24.56422927
25,0,172.9,80.1,33.7,77,133,37.4,23.7,31,147,2,26.79430703
61,0,166.6,55.5,31.5,80,156,22.8,31.3,31,154,3,19.9959936
37,0,152.2,49.2,24.92761,86,112,18.3,1.7,31,133,0,21.23908475
53,0,166.2,56.1,32.7,77,121,24.9,19.6,31,137,2,20.30957439
28,0,166.4,51.7,24.1,78,117,24,20.6,31,147,2,18.67170165
60,1,176.5,83.6,24.4,58,138,40.5,7.2,31,180,1,26.83594283
60,1,159,64.8,26.3,78,123,40.3,13.9,31,185,3,25.63189747
23,1,182.3,80.3,18.9,72,114,44,3,31,175,0,24.16251897
52,1,171.7,73.96,28.3,81,129,41.9,1.2,31,184,0,25.087438
23,0,168.9,58.4,26.7,64,108,26.4,20.5,31,174,2,20.471683
49,0,154,60.7,33.7,87,145,18.3,12.3,31,151,0,25.59453533
36,0,159.6,47.9,25.2,68,106,18.1,21.2,31,148,3,18.80484419
58,0,158.9,55.7,26.2,65,100,21.4,26.3,31,132,2,22.06009614
29,0,160.8,78.32,38.2,94,135,32,14,31,128,0,30.29009183
60,0,166.8,56,18.3,77,142,23.7,21.8,31,123,3,20.12778267
43,1,167.8,68.24,21.1,82,118,39.5,12.5,31,214,0,24.23567417
46,0,161.2,60.5,28.1,83,132,21.8,19.1,31,155,2,23.28226884
43,0,164,58.6,30.3,73,118,29.7,16.8,31,156,2,21.78762641
55,0,155.1,47.7,25.60989,88,123,26.8,29.2,31,146,2,19.82872471
60,1,171.4,66.4,26.7,69,108,38.7,10.9,31,213,1,22.60197781
26,1,166.7,68.2,22.5,87,142,45.3,8.1,31,186,0,24.54218215
26,0,166.5,58.1,27.5,80,137,22.8,13.7,31,172,1,20.95789483
64,0,165.4,67.6,26.3,79,134,25.9,28,31,146,2,24.71016728
58,1,168.4,69.7,25.7,81,134,37.8,23.2,31,178,2,24.5781168
64,1,167,82.4,28.7,98,135,39,19.8,31,167,0,29.54569902
39,1,177.1,75.3,24.9,90,153,49.1,6.8,31,194,0,24.00810345
50,0,163.6,50.6,22.1,80,140,25.3,25.1,31,128,2,18.90531501
64,1,163.3,61,24,54,130,35.7,17.5,31,180,2,22.87480842
22,0,172.1,57.16,23.1,54,100,27.6,7.4,31,164,0,19.29880773
63,1,164.6,65.8,26.1,71,121,37.8,13,31,179,3,24.2865727
47,1,172.4,70.3,16.9,85,118,48,8.8,31,186,1,23.65270428
61,1,162.5,72.7,27.8,87,148,41.9,18.3,31,169,3,27.53136095
42,0,156.6,63,38.7,71,132,31.4,14.8,31,148,2,25.68958177
58,1,164.1,59.5,23.2,57,91,32.6,7.4,31,109,1,22.09529496
27,0,160.9,50.3,21.1,76,114,26.2,18.8,31,180,2,19.42924375
33,0,157.3,59,30.9,87,146,30.5,21.1,31,174,3,23.84484844
42,0,167.9,67,23.3,75,127,36.4,18.8,31,178,3,23.7669477
31,0,154.5,55.2,34.1,70,117,30.1,16,31,158,2,23.12501964
34,1,178,116.3,36,95,135,56.7,-1.8,31,179,0,36.70622396
41,0,161.8,57.3,27.4,83,121,25.7,19.4,31,160,3,21.88757198
46,0,159.7,49.3,27.2,73,121,19.3,28.2,31,172,2,19.33023292
40,0,173.2,65.22,27.4,67,111,28.4,17.8,31,176,1,21.74127549
39,0,158.5,53.6,26.4,74,116,21.3,25.9,31,171,3,21.33566858
43,0,153.2,51.7,27.2,62,113,26.7,15.6,31,160,2,22.02789575
25,1,172.9,69.7,19.4,90,115,45.7,14.3,31,211,0,23.31539575
57,0,153.5,52.9,30.1,66,102,21.5,20.6,31,124,2,22.45116659
43,0,158.4,50.9,25.4,64,104,22.4,16.4,31,143,2,20.28651413
52,1,153.5,48.9,24.8,88,153,24.7,-7.1,31,140,0,20.75353585
54,1,175.2,71.6,23.5,99,150,43,15,31,183,1,23.32624424
46,1,166.8,92,35.5,71,124,37.6,-6,31,155,0,33.06707152
56,1,170.8,55.8,12.7,79,133,41.3,21.6,31,202,2,19.12751126
59,0,158.5,56.2,28.34,67,121,31.8,19.8,31,137,3,22.37060773
21,1,180.6,68.2,25.3,85,139,36.1,6.9,31,184,0,20.90975204
60,1,166.5,59.2,16.8,69,112,37.3,13.5,31,174,3,21.35468802
55,1,173.7,76.3,21.8,85,144,40.3,10.7,31,187,2,25.28860664
56,0,157.6,61.8,31.2,82,123,23.5,19.2,31,143,1,24.88147079
50,1,174.2,75.7,23.9,77,140,42.3,18.8,31,197,1,24.94592304
46,0,155,43,20,62,110,20.9,27.3,31,153,2,17.89802289
63,1,168.9,67.6,28.7,87,147,34.5,6.2,31,186,1,23.69667416
45,0,169,55.1,15.4,72,104,25.2,13,31,166,1,19.2920416
61,1,168.1,69.1,21.5,90,139,39.8,6.2,31,185,1,24.45358967
49,1,173.8,63.04,19.3,78,115,43.5,4.6,31,202,1,20.86972182
45,1,172.5,79.8,29.1,90,146,42.6,10.7,31,187,0,26.8178954
50,1,172.1,73.62,24.5,67,121,36.6,6.3,31,209,1,24.8561621
40,0,159.4,52.6,25.9,96,134,26.9,26.3,31,162,3,20.70184774
64,0,148.2,53.1,33,94,152,33.3,19.6,31,119,2,24.17676081
50,1,167.9,56.3,14,79,131,33,7.9,31,210,1,19.97133068
64,1,166.2,64.5,25.5,83,141,31.7,5,31,188,1,23.35058018
24,1,184.8,66.5,7.3,77,130,38.3,-13.6,31,236,0,19.47232061
47,1,180.7,89.1,15,75,138,55.1,14.2,31,215,1,27.28735236
60,1,168.4,64.2,28.4,93,138,30.6,22.4,31,173,2,22.63866713
31,1,177,90,36.3,89,119,38.9,9.7,31,201,0,28.72737719
52,1,178.5,91.6,24.7,96,145,39.1,10.9,31,170,1,28.7487544
36,0,161.6,57.3,27.3,77,122,20.9,19.8,31,166,1,21.94178267
63,1,167.5,71,25.1,82,132,39.8,30.3,31,161,0,25.3063043
38,1,176.4,79,31,87,138,45.6,14.2,31,193,0,25.38808418
24,1,175.4,89.3,31.3,78,117,34.9,4.8,31,158,0,29.02634018
50,1,172.5,74.2,27.2,88,143,41.3,8,31,179,1,24.93593783
21,1,169.3,59.6,25.9,81,144,34,6.5,31,212,0,20.79372727
48,1,172,76.4,25.9,93,148,40.5,12.6,31,193,0,25.82477015
47,1,169.9,75.1,22.2,89,129,46.6,16.8,31,214,1,26.01675812
34,1,169.9,66.5,20,93,146,41.1,-6.7,31,205,0,23.03747556
40,1,170,67.7,22.3,86,131,43.2,0.5,31,206,0,23.42560554
46,1,168.7,67.2,29.6,95,156,34.1,-5.9,31,170,0,23.61234434
54,0,147.4,53.64,34.6,83,154,17.4,24.4,31,125,1,24.68844871
63,0,158.2,54.1,13.7,73,150,28.3,21.1,31,122,3,21.61644672
63,1,164.8,66,23.7,80,152,32.2,11.4,31,165,1,24.30130078
27,0,167.8,60.9,21.4,56,108,26.9,18,31,181,2,21.62884756
38,0,160,56.1,22.49118,93,146,28.4,31.2,31,180,3,21.9140625
59,1,168.5,74.6,22.7,88,147,34.5,8.7,31,202,1,26.27477569
35,0,152.5,47.1,26.1,83,119,23.1,12.8,31,140,1,20.25262026
24,0,162.6,58.9,26,74,131,26.4,14.7,31,172,0,22.27789806
29,1,178,94.9,27,94,153,43.8,12.3,31,215,0,29.95202626
23,0,161.1,70.9,34.5,86,151,31.7,12.5,31,164,0,27.31839337
22,0,152.3,48.2,25.9,76,122,18.8,1.6,31,174,0,20.78008078
62,1,169.8,71.9,17.2,88,146,43,14.7,31,206,2,24.93753477
52,1,160.5,59.3,21.1,64,102,43.3,14.4,31,183,1,23.01996293
50,1,172.8,73.6,29,98,149,32.9,6.3,31,185,1,24.64849108
64,1,169.5,73.2,23.3,89,145,41.6,22.8,31,179,3,25.4783721
21,0,165.2,50.2,22.3,72,130,32.6,23.2,31,162,2,18.3943155
64,1,168.2,67.7,20.9,72,137,37.3,7.3,31,181,2,23.92966869
22,0,164.1,60.8,32.4,30,122,29.7,-4.6,31,159,0,22.57804931
37,0,167,57.3,21.2,72,115,25.4,28.1,31,145,3,20.54573488
28,1,176.5,68,16.7,80,140,41.5,8.9,31,224,0,21.82827886
46,1,171.7,74.5,25.9,94,154,35.4,12.8,31,195,0,25.2706075
56,1,175.8,66.8,18.2,65,112,31.2,1.6,31,147,0,21.61417787
29,1,178.1,68.38,23.7,80,138,38,13.9,31,177,0,21.5576421
24,0,162.7,51.7,21.4,73,124,25.4,15.4,31,166,2,19.53059333
57,1,163.2,61.2,26.4,92,143,35.7,9.5,31,173,1,22.97794118
25,0,158.9,51.8,28.3,76,120,22.5,23.1,31,158,2,20.51549336
22,0,159.3,52.6,26.9,83,140,20.5,22.4,31,168,2,20.72784692
29,0,156.7,52.2,26.2,65,103,22.3,19,31,172,2,21.25849474
40,0,154.9,48.8,24.9,68,103,21.4,15.3,31,158,2,20.33840946
33,0,166,58.1,25.2,89,130,34.6,14.2,31,175,2,21.08433735
39,0,150.2,60.9,37,65,111,19.2,14,31,149,0,26.99463299
25,0,158.9,45.6,22.7,83,135,26,11.1,31,168,1,18.05997099
25,0,163.9,55.9,28.9,62,105,23.7,26.1,31,105,1,20.80912892
34,1,180.3,74.9,18.3,86,142,42.7,-13.9,31,214,0,23.04041855
60,1,162,55.86,24.2,79,158,35.8,9.5,31,173,2,21.28486511
55,0,157,64.9,25.7,87,155,29.7,17.5,31,154,2,26.32966855
64,1,169,69.8,21.8,87,138,38.7,9.2,31,169,2,24.43892021
55,1,170.2,63,21.9,65,119,40.1,11.9,31,180,1,21.74810584
48,1,169.3,88.9,31.7,98,154,40.3,2.1,31,159,0,31.01614689
55,0,159.3,55.5,29.7,81,147,21.8,22.5,31,118,2,21.87063696
22,0,157.2,58.9,33.2,64,122,22.2,9,31,159,0,23.83472862
42,0,156.7,49.6,29.5,60,122,21.5,24.9,31,145,3,20.19964252
22,1,177.9,93.4,36.8,75,146,32.8,2.8,31,169,0,29.51175114
63,1,165,62,20.7,75,142,42.2,12.6,31,180,3,22.77318641
50,0,163.4,63.2,29.1,66,102,24,24.2,31,138,1,23.67080207
63,1,167.6,68.9,30.7,79,143,42.2,18.7,31,177,3,24.52851146
61,1,177.4,77.68,17.9,90,153,50.2,19,31,184,3,24.68322977
46,0,165.5,56.7,28,83,133,31.4,18.9,31,161,3,20.70079682
23,0,153.4,52.8,28.6,66,119,20.6,20.2,31,176,2,22.43795142
57,1,167.6,69.6,25.9,92,159,37,19.8,31,190,2,24.77771259
28,1,178.1,91.8,27,99,158,42.8,15.1,31,204,0,28.94108723
60,1,163.2,72.3,27.3,86,136,39.6,11.9,31,195,2,27.14550894
59,1,179.1,62.1,13.8,97,148,41.2,18.4,31,182,2,19.35978048
32,0,160.4,48.3,32.1,80,133,25.8,26.2,31,139,1,18.77320415
24,0,168.4,56.7,27.2,71,116,24,15.9,31,150,2,19.99396302
22,0,157.3,49.7,23.7,65,111,24.5,17.5,31,161,2,20.08625369
21,0,163.2,75.8,35.8,79,148,31.6,14.2,31,158,0,28.45960688
61,1,169.5,82.5,24.3,86,154,43.3,7,31,184,1,28.71537839
23,0,159.9,47.8,23,73,132,25.8,20.8,31,176,2,18.69523674
48,1,162.8,72.4,27.3,96,140,37.6,20.1,31,174,0,27.31679636
44,1,172.5,68.8,16,80,115,26.8,8,31,210,0,23.12119303
45,1,180,76,29,84,134,52,8,31,190,1,23.45679012
52,1,167.9,73.8,20.6,80,129,40.7,21.4,31,210,1,26.17911552
61,1,168.5,62.1,14.8,74,129,33.4,17,31,169,3,21.87216582
43,1,181.2,77.2,19.5,82,133,42,-5.4,31,232,0,23.51261397
59,0,161.4,52.3,24.8,100,153,20.5,21.5,31,114,1,20.07680626
46,1,183.5,84.2,24.9,93,148,35.9,-3.1,31,226,0,25.005754
45,1,177.7,70.1,17,75,130,37.1,-8.6,31,191,0,22.19949844
53,1,165.8,66.5,23.3,79,143,41.5,15.6,31,200,1,24.19093157
28,1,171.1,80.7,25.2,79,134,42.9,12.1,31,207,0,27.56598501
61,1,175.7,69.54,16.4,92,153,36.4,9.3,31,160,2,22.52636741
62,1,170.9,69.5,28,83,135,32.6,2.7,31,149,1,23.79582022
29,1,173.3,77.7,23,92,153,45.6,6.2,31,218,0,25.87163606
21,0,154.4,49.8,31.2,64,119,23.2,21.2,31,142,1,20.88982255
39,0,155.5,50.4,25.5,79,131,30.4,21.5,31,160,3,20.84345695
40,0,163.7,48.2,20.6,73,133,21.4,16.9,31,135,2,17.98662497
26,0,156,50.7,30.1,75,126,24.6,16.6,31,116,1,20.83333333
63,1,170.2,71,29.8,89,150,34.5,8.7,31,171,1,24.50977008
63,1,169,65.3,17.2,61,104,37,12.7,31,181,3,22.86334512
56,0,156.8,49.34,25.2,82,140,29.7,26.6,31,156,3,20.06813567
36,1,182.5,79.4,17.3,90,130,49.6,20,31,222,0,23.83936949
59,1,173.7,77.2,20.9,95,159,41.1,15.4,31,188,2,25.58689951
32,1,176.6,75.6,21.8,72,103,40.6,14.9,31,215,0,24.24043433
63,1,167.9,67.1,21.1,87,148,34.3,13.2,31,199,3,23.80242075
26,1,171.7,67.3,13.9,62,102,28.8,-13.3,31,162,0,22.82834745
33,1,180.3,80.6,27.7,80,121,45.1,-12.5,31,213,0,24.79382824
29,0,162.6,53.7,29.2,67,117,25,25.4,31,151,2,20.31108872
51,0,154.2,46.6,20.3,78,120,27.4,23.4,31,173,3,19.5982444
63,1,170.6,74.7,24.7,74,128,44.7,14.2,31,175,2,25.66625756
56,1,168,67.3,23.4,79,127,41.4,3.3,31,169,0,23.84495465
58,1,176.7,80.14,25.5,86,130,42.3,10.2,31,178,2,25.66706669
45,1,169.8,71,24.6,82,143,37.2,10.3,31,227,1,24.62538204
60,1,168.9,68,17.3,81,150,42.7,13.4,31,191,3,23.83689116
61,1,167,56.3,18.3,63,122,29.2,13.5,31,188,3,20.18717057
34,0,161,49.1,25.4,84,122,22.7,21.8,31,153,2,18.94217044
49,1,160.4,47.7,14.8,82,129,37.4,12.9,31,212,1,18.53999664
49,0,156,52.3,26.5,81,115,24.4,19.8,31,150,1,21.49079553
22,0,165.8,55.4,28.8,89,114,21.8,8.7,31,152,0,20.15304675
54,0,160.6,53.82,22.5,68,125,28.9,17.4,31,132,2,20.86664423
21,0,154.9,75.16,44.1,84,128,21.6,20.8,31,140,0,31.32448474
55,1,163.1,62.1,20.6,88,147,36,12.9,31,173,2,23.34445171
60,1,161.1,57.5,15.7,74,156,35.2,17.4,31,157,3,22.15525555
58,1,172.5,74.2,30.5,84,156,35.3,17.1,31,161,1,24.93593783
34,0,166.7,59.1,26.9,60,105,29.3,21.6,31,153,2,21.26749215
52,1,167.4,65.6,21,72,118,34.3,17.8,31,172,0,23.40954281
32,0,168.7,64.8,26.6,81,127,29.9,24.3,31,158,3,22.76904632
53,1,172.8,67.9,19.3,78,125,47,1.5,31,218,0,22.73957262
41,1,166.3,71.5,27,87,137,42,7.2,31,204,0,25.85363084
41,1,175.4,71.8,20.6,68,117,28,4.6,31,185,0,23.33808763
21,0,155.8,53.7,24.2,62,112,29.1,14,31,174,1,22.12276362
64,0,157.4,52.3,23.8,79,117,22.4,22.4,31,143,3,21.11019441
55,0,161.4,48.9,21,79,130,20.2,13.5,31,139,1,18.77162191
38,1,172.4,98.9,35.6,90,155,45.9,1.7,31,152,0,33.27528383
60,1,180.5,64.9,8.7,77,118,43.4,16.6,31,210,3,19.92004358
21,0,161.9,49,13.3,57,114,22.4,21,31,120,1,18.69400621
60,1,166.6,62.1,17.6,65,105,41.5,14.6,31,186,3,22.37389554
64,1,170.9,64.3,8.7,62,122,39.6,3.8,31,180,1,22.01541353
59,1,175.6,79.7,18.6,78,149,42.3,15.2,31,191,1,25.84694974
24,0,150.7,52.46,30,74,121,19.1,19.8,31,171,2,23.09945756
21,0,163.8,66,39.8,88,133,25.2,20.2,31,152,0,24.5989257
63,1,171.1,68.3,21.3,92,147,37.5,22.3,31,212,2,23.33031941
64,1,172.3,81.6,24,89,156,45.8,13.1,31,170,1,27.48651022
48,0,157,58.8,32.3,67,125,25.6,21.2,31,168,3,23.85492312
47,0,157.6,52.4,30.2,65,105,17.7,15.4,31,126,0,21.09691051
57,1,172.4,69.1,21.1,96,143,33.8,6.3,31,181,1,23.24895968
24,1,173,62.4,13.9,69,118,34.9,14,31,188,0,20.84934345
37,0,163.5,52.7,27.2,74,109,34.4,-8.2,31,135,0,19.71401584
29,1,171.9,60.3,26.7,85,151,32.8,-8.4,31,191,0,20.40636069
29,1,181.1,103.3,31.6,81,131,59,7.2,31,202,0,31.49658157
29,0,157.6,55.6,20.6,96,130,25.8,20.9,31,169,2,22.38527146
61,1,176.2,70.7,15.5,79,135,48.5,12,31,197,3,22.77233718
28,0,165.2,49.4,17.2,65,114,33.4,17.3,31,169,1,18.101179
34,0,164.2,56.9,26.7,67,105,25.9,28.8,31,156,2,21.10405747
26,0,169.1,63.5,25.7,78,130,30.4,8.8,31,113,0,22.20682704
46,0,153.9,67.74,35.2,66,127,31.1,15.8,31,141,2,28.60012641
41,0,169.4,66.3,30.1,73,121,37.5,20.7,31,153,1,23.10397556
38,0,164.3,57,21.1,61,102,28.6,23,31,202,3,21.11542022
37,1,172,70,12,78,119,43.9,11,31,235,0,23.66143862
59,1,174,68.2,18,67,147,50.3,16,31,208,1,22.52609328
29,1,170.8,81.8,25.1,90,140,45.3,8.2,31,215,0,28.0399717
51,0,155.8,45.8,23.6,66,115,22.1,22.4,31,151,3,18.86820436
34,0,166.1,49.6,23.5,64,121,25.2,19.1,31,155,3,17.97804287
61,1,158.5,60.5,26.8,77,141,33.7,5.9,31,171,1,24.08223786
56,1,173,52.6,12.9,92,141,32.6,-13.2,31,198,0,17.57492733
53,1,170.2,56.9,13.3,70,120,35.3,12.8,31,186,1,19.64233687
45,0,159,63.1,30.9,93,144,34.1,19,30,155,3,24.95945572
50,0,159.8,57.1,24.4,63,103,30.8,24.4,30,143,3,22.36055395
56,1,166.7,56.9,16.5,90,147,41.6,17.8,30,198,2,20.47580886
59,0,165,63.7,31.4,77,120,20.8,25.5,30,120,2,23.39761249
46,0,159.1,52.2,27.2,84,127,22.9,17.9,30,136,0,20.62196967
57,1,168.5,66,24.1,88,156,42.1,9.5,30,212,2,23.2457801
28,0,161.4,55.9,35.2,77,128,22.4,18.1,30,152,2,21.45876616
42,0,158.1,51,14,68,112,23.9,20.3,30,121,2,20.40358287
36,0,165.8,55.78,26.7,73,124,25.4,23.9,30,152,2,20.29128064
23,0,162.7,63.9,36.7,77,134,30.5,27.3,30,169,1,24.13936004
36,0,156.1,48.9,21.8,89,133,28.3,24.5,30,166,1,20.06795197
25,0,168.1,57.5,30.2,60,96,26.9,19.8,30,174,2,20.34850081
63,1,174.4,71.8,22.1,92,142,33.3,6.7,30,173,1,23.60649356
63,1,166.8,58.4,20.7,77,122,33,10.4,30,181,1,20.99040192
35,0,159.4,55.7,30.1,77,117,21.2,21.8,30,156,1,21.92191861
60,0,155.1,52.2,31.8,67,114,21.5,24,30,116,2,21.69935912
22,0,168.6,71,33.9,77,128,27,30.6,30,212,2,24.97716876
26,1,169.9,95.5,33,91,152,43.8,11.9,30,190,0,33.08389348
22,0,163.3,57.2,25.2,66,112,30,12.9,30,138,1,21.44982036
60,0,169.3,61.3,26.1,79,131,31.9,22.8,30,164,3,21.38683694
59,0,153.4,53.3,25,89,149,28.8,14,30,128,1,22.65043202
30,1,173.5,70.7,18.6,79,140,56.3,14.7,30,229,0,23.48661645
36,0,158.2,64.3,33.6,64,109,27.6,22.1,30,137,2,25.69200599
53,1,168.6,65.3,21.3,86,131,40,9.3,30,195,1,22.97195943
34,1,170.8,84.4,31.4,96,151,42.4,-1.1,30,206,0,28.93121774
24,0,163.2,55.7,28.5,82,137,25,2.6,30,161,0,20.91293012
56,1,177.3,74,19.9,82,133,39.4,12,30,210,2,23.54042225
59,0,153.8,54,27.3,78,126,17.3,7,30,127,0,22.82869516
43,1,170,69.3,16.9,77,123,43,19,30,205,0,23.97923875
56,1,163.5,70.3,29.7,98,156,42,19.5,30,190,2,26.29782379
43,1,180.2,77.6,16.5,72,118,51.9,8.1,30,190,0,23.89748226
30,1,186.1,93.6,28.7,73,128,46.1,6.9,30,186,0,27.02608277
25,0,155.7,59,29.7,81,120,26.2,2.9,30,150,0,24.33743398
23,0,165.4,64,36.9,74,124,32.4,12.9,30,148,1,23.39424122
47,0,165.9,58.8,23.9,73,119,24.2,25.3,30,160,1,21.36409763
29,1,156.7,77,35.4,94,142,46.3,18.8,30,215,0,31.358316
54,1,163.7,69.4,24.5,83,123,39.9,14,30,180,1,25.89775462
50,0,166.4,67.7,29.4,83,140,23.9,11.4,30,160,0,24.45017798
58,0,155,49.4,32.1,72,130,23,18.1,30,133,2,20.56191467
26,0,159.3,50.5,23.4,80,118,27.9,24.4,30,138,1,19.9003093
41,0,164.4,62.7,28,91,146,33.9,19,30,180,2,23.19871419
37,0,158.7,61.74,38,76,130,26.5,21.5,30,147,1,24.5139204
55,1,162.1,69.3,24.9,81,147,35.1,22,30,190,1,26.37346578
23,1,175,91.5,32.5,69,137,43.4,2.4,30,200,0,29.87755102
23,0,172.4,86.9,40.5,61,111,29.2,8.4,30,152,0,29.23783787
24,0,171.2,65.92,28.5,62,115,26.8,5.7,30,131,0,22.49104725
39,0,160.6,69.1,39.5,73,126,24.9,15.5,30,152,0,26.79087916
23,1,171.5,92.2,33.4,88,107,46.9,21.8,30,222,0,31.34748277
55,1,167.3,78,27.8,78,136,42.5,8.2,30,148,0,27.86780229
55,1,171.1,76.4,24.4,91,159,42.7,9.3,30,160,2,26.09716549
48,0,159.1,56.2,32.2,93,136,23,22.8,30,168,2,22.20219723
62,0,155.5,52.8,26.97343,73,114,25,22.4,30,148,2,21.83600252
48,0,144.5,51.8,36.2,76,129,22.3,14,30,108,1,24.80813209
50,1,166.4,84,32.3,76,128,36.1,2.4,30,153,0,30.33700074
64,0,149.4,55,33.2,91,152,23,21,30,101,3,24.64117962
34,1,167.3,71.8,31.9,94,125,33.5,9.2,30,192,0,25.65266929
35,1,164.9,77.5,30.4,71,124,52.4,7,30,195,0,28.50101923
21,0,164.9,54.58,23.2,78,114,22.8,33.3,30,184,1,20.07207264
23,0,156,55.1,16.8,80,120,35.3,15.3,30,166,1,22.64135437
49,1,178,86.7,23.5,96,147,46.6,-0.9,30,186,0,27.3639692
22,1,173.3,90.9,29.5,72,153,40.6,-3.7,30,218,0,30.26681748
35,0,151.5,78,40,80,120,29.4,18.2,30,166,0,33.98359638
32,0,158.4,49.4,21.1,78,109,24.3,16.7,30,194,2,19.68867973
57,1,177,73.2,21.3,64,101,40,16.6,30,203,2,23.36493345
55,0,167.9,61.8,25.5,99,153,32.3,19.6,30,182,3,21.92234877
21,0,164,53.9,26.4,63,103,25.1,21.2,30,171,2,20.04015467
58,1,165.5,71.8,24.4,76,117,34.3,9,30,171,1,26.21370743
47,1,162.5,69.9,30.4,82,130,36.3,11.2,30,153,0,26.47100592
27,0,163.6,54.9,29.3,99,144,28.9,29.6,30,177,2,20.51189316
37,0,163.2,45.4,18.4,79,125,27,26.4,30,168,2,17.0457276
25,0,154.6,53.8,33.5,66,124,23.3,16.1,30,160,2,22.50936775
31,1,166.7,81,25.5,76,145,49.2,2.1,30,233,0,29.1483395
51,0,156.9,56.2,34.9,89,154,24.8,24,30,150,3,22.8291861
31,1,177.5,94.6,27.3,82,140,49,13.4,30,200,0,30.02578853
56,1,158.6,53.8,16.6,92,152,34.1,22.4,30,166,2,21.3882824
29,0,168.7,61.1,32.1,75,123,21.2,23,30,138,1,21.46896189
24,0,160,46.8,30.3,75,121,12.4,11.9,30,118,1,18.28125
31,1,173.3,68.3,15.7,81,118,43.8,1.8,30,245,0,22.74173415
22,0,157.7,54.5,30.6,85,149,22.2,19.4,30,162,2,21.91457818
49,1,176.7,63.9,17.8,91,159,36.7,-8.2,30,213,0,20.46575445
32,0,158.3,54.6,31.1,68,102,28.2,19.1,30,149,2,21.7886746
22,0,161,57.2,24,58,117,26.8,17.8,30,182,2,22.06704988
42,0,161.3,57.2,29.1,78,126,26.2,26.4,30,163,3,21.98504172
53,0,152.4,60.4,38.5,77,126,21.6,10,30,120,0,26.00560757
55,1,173.3,68.6,20.7,68,124,39.9,6.9,30,209,1,22.84162463
54,1,168.2,72.5,22.7,106,144,43.2,7.7,30,144,1,25.62630694
31,0,160.5,54,29.4,80,120,26.4,17.3,30,165,2,20.96252948
24,1,184.8,89.2,28.1,81,125,44.6,17.5,30,220,0,26.11926313
56,1,168,71.3,27.4,80,137,41.8,14.4,30,180,2,25.26218821
22,0,166.2,49.4,25.9,67,113,25.2,14.8,30,164,1,17.88401025
23,1,173.2,66.3,24.6,86,133,35,-5,30,180,0,22.10129661
49,0,162.2,56,25,85,133,31.9,18.2,30,180,2,21.28562111
49,1,170.8,71.5,22.6,84,141,41.5,14,30,214,1,24.50926622
38,0,159.8,69.5,35.3,97,145,28.1,17.3,30,161,0,27.21643606
54,1,171.9,91.7,36.6,80,120,46.1,8.6,30,158,0,31.03255847
49,1,172,65.6,14.6,82,141,45.9,20,30,192,1,22.17414819
22,0,175.5,73.7,35.5,73,132,27.5,11.3,30,160,1,23.9283772
60,1,168.7,73.2,17.3,62,103,39.1,9.1,30,181,2,25.72058937
49,1,170.4,75.9,25.7,86,131,33.8,3.5,30,187,0,26.13982014
63,1,163.2,56.8,22.5,94,158,31.7,9.4,30,178,2,21.32593233
59,1,175,70.6,19.2,91,150,40.6,12.2,30,179,1,23.05306122
64,1,167.7,73.8,29.7,81,136,39.5,6.4,30,185,0,26.24159549
29,0,161.1,73.52,39.3,74,125,27.7,20.5,30,178,0,28.32790241
44,1,172.7,82.7,29.8,77,131,46.5,-11,30,215,0,27.72814615
53,0,158.4,51.7,22.7,70,110,24.5,20.4,30,155,3,20.60535915
23,1,169.7,71.68,29.7,87,134,37.5,22.2,30,198,0,24.89053962
60,1,172.4,80.2,25.7,71,137,41.6,7.7,30,169,2,26.9835972
50,1,178.2,94.72,30.6,87,137,35.8,-5.9,30,184,0,29.82814805
30,0,163.2,53.8,25.4,84,117,22.2,13.1,30,134,1,20.19956267
56,1,174.4,72.5,20.7,98,151,34.1,18.5,30,176,2,23.83664043
56,0,161.2,55.2,26.3,74,129,25.9,23.6,30,162,3,21.24266512
21,1,173.3,92.2,32.4,72,138,37.9,1.8,30,218,0,30.69967625
34,1,173,106.4,42.4,91,131,28.2,6.8,30,193,0,35.55080357
23,0,163,51.7,24.5,74,123,22.4,12.5,30,160,1,19.45876774
23,0,168.7,62.14,27.6,67,112,27.3,21.1,30,161,2,21.83439103
45,0,150.4,49,25.4,78,148,22.7,5,30,159,0,21.66209258
38,0,168.4,64.3,33.2,83,115,31.2,28.1,30,186,2,22.67392985
49,1,174.7,67.4,21.2,86,142,32.2,1.4,30,174,0,22.0838143
33,0,160,52.6,28.9,92,123,23.2,13.8,30,158,2,20.546875
25,0,160.8,54.58,28,73,117,28.8,-8.6,30,168,0,21.1086978
24,0,160.9,50.5,26.9,66,99,26.5,27.3,30,133,2,19.50649721
26,0,166.4,62.7,36.3,63,100,24.9,0.6,30,159,0,22.64440412
43,0,163.6,78.2,40.3,84,138,25.4,8.9,30,115,0,29.21730501
49,1,177.6,66,22.5,81,120,33.1,12.8,30,185,0,20.92464086
62,0,157.3,54.2,33.1,78,114,18.2,13.5,30,135,1,21.90492857
38,0,160.8,53.5,22.1,79,128,25.9,27.6,30,164,2,20.69101012
44,0,171,58.7,33,64,100,26.9,21.3,30,150,2,20.07455285
62,1,171,75.3,23.6,92,152,44.3,10.9,30,140,2,25.75151329
51,0,161.7,48.2,22.4,66,101,21.3,25.3,30,154,3,18.43431475
26,0,158.7,55.8,32.4,82,120,27.9,17.5,30,160,2,22.15543827
41,0,161.1,52.6,13.8,79,113,25.5,21.8,30,164,3,20.26724247
33,0,158.9,51.1,29.1,63,118,25.6,7,30,162,0,20.23825696
48,0,162.8,56.6,22,80,142,32.6,24.9,30,162,3,21.35539605
61,1,178,64.9,21.2,78,151,40.3,11.5,30,168,2,20.48352481
45,1,172.5,64.4,16.5,81,136,44.7,8.7,30,211,1,21.64251208
62,0,166.8,58.2,23.3,94,159,26.7,17.5,30,156,2,20.91851698
60,1,171.6,70.6,22.6,89,128,34.1,11.2,30,186,2,23.97563586
55,1,180.7,66.8,20.2,82,139,40.2,5.9,30,191,1,20.45785788
51,1,179.3,79.3,20.9,51,137,56.4,20.2,30,235,1,24.66678839
38,0,169.7,69.1,33.4,86,134,25.9,18.5,30,139,1,23.99464687
22,0,155,51.7,30.9,91,131,23.8,20.6,30,169,2,21.51925078
29,0,150.5,52.3,26.1,68,105,24,26,30,157,2,23.09025287
61,0,158.5,60.5,34.3,84,122,25.7,21,30,150,2,24.08223786
21,1,164.5,64.7,25.6,65,100,32.5,13.5,30,176,0,23.90960911
32,0,164.4,57.3,26.2,61,100,29.1,24.6,30,159,2,21.20073881
46,1,172.6,70,18.3,81,142,30.4,-2,30,211,0,23.4972186
60,1,170,68.9,18.5,96,143,44.7,21,30,183,2,23.84083045
36,1,170.2,66.2,24,69,118,44.7,16.3,30,202,0,22.85277154
55,0,157.9,50.8,30.7,98,144,28.4,24.8,30,125,3,20.37508608
61,1,167.1,72.6,16.1,63,130,45.4,4.9,30,183,1,26.00062101
42,1,173.6,70.6,26.8,89,134,43.7,4.6,30,182,0,23.42638408
23,0,166.9,53.9,24.3,88,132,26.8,27.5,30,166,2,19.34978268
63,1,168,70.2,22.8,79,159,33.3,24.2,30,191,1,24.87244898
60,1,159.1,70.6,30.8,95,142,34.2,6.8,30,180,0,27.89101645
21,0,171.3,65.46,30.7,84,130,25.2,22.7,30,132,1,22.30803283
56,0,158,59.4,35.9,63,129,27.4,22,30,148,2,23.79426374
64,1,164.5,62.9,21,92,136,43,6.5,30,154,1,23.24442679
21,0,160,52.8,31.9,74,120,20,9.6,30,125,0,20.625
21,0,154.6,48,31.8,69,106,19.2,2,30,135,0,20.08270728
23,0,167.5,57,29.9,80,120,15.7,10.8,30,146,1,20.3163288
22,0,154.8,49.9,29.4,70,111,30.3,13,30,181,1,20.82373522
37,1,180,87.7,21.8,85,125,47.9,10,30,202,0,27.06790123
50,1,174.1,83.5,28.8,86,138,40.7,-2.7,30,203,0,27.54792762
30,1,170.6,82,18.9,60,112,50.3,9.3,30,244,0,28.17447283
54,1,167.7,65.2,17.4,98,156,35.5,7.6,30,178,1,23.18363179
45,1,180.3,79.7,24.1,98,157,42.2,-9.5,30,175,0,24.51697408
24,0,160.6,61.3,34.5,81,131,21.1,-1.1,30,136,0,23.76672782
53,0,156.1,54,25.1,64,121,23.9,13.9,30,162,1,22.16092856
24,0,169.6,71.48,36.7,82,146,27.7,21.5,30,152,1,24.85036935
39,0,152.9,42.2,21.5,63,108,19.4,12.9,30,158,1,18.05084264
51,0,167.7,58.2,20.6,83,141,29.6,25,30,184,3,20.69459156
38,0,158.6,58.4,34.7,76,138,23.8,18.5,30,162,2,23.2170203
50,0,157.3,51.8,31,65,105,28.3,19.1,30,144,2,20.93496863
51,1,181.9,96.9,20.4,96,150,56.1,12,30,204,0,29.28588677
58,1,170.7,70,22.5,77,118,40.6,12.5,30,179,2,24.02320779
55,1,178,65.9,15.6,71,125,40.3,13,30,186,2,20.79914152
55,1,171.3,82.34,26.3,85,151,45.1,11,30,189,2,28.06054726
26,0,161.6,53.3,19.02328,76,121,29.2,20.4,30,189,2,20.41007009
36,0,164.8,58.8,25.8,63,114,27.2,19.3,30,162,2,21.65024979
50,1,166.7,68.8,22.9,83,116,44.9,6.7,30,166,1,24.75809577
63,1,168.2,67.8,23,84,158,41.8,5.2,30,193,1,23.96501532
25,0,159.2,51,31,60,101,22,15.7,30,135,1,20.12259791
60,0,160.6,60.2,32.2,82,152,25.8,18.2,30,131,2,23.34024494
59,1,163.7,66.4,29.3,98,159,25.1,16.6,30,166,0,24.77825514
59,1,167.8,82.7,27.28392,98,148,46.6,5.2,30,172,0,29.37119364
27,0,161,53.9,30.7,67,141,18.8,23.5,30,158,1,20.79395085
61,1,165.2,70.7,24.5,81,120,33.3,12.7,30,165,2,25.90593836
53,0,158.3,51.3,29.8,93,135,21.2,18.7,30,135,2,20.47177668
62,1,171.9,70.2,15.8,87,155,41.8,19.4,30,196,2,23.75665872
45,1,165.5,62.6,24.6,83,147,41.5,16.3,30,215,1,22.85484798
31,1,182,81,24.8,90,130,34.7,1.4,30,203,0,24.45356841
64,0,154.4,48.2,29.6,69,140,23.2,8.8,30,160,0,20.21866359
54,1,177.5,83.6,25,84,151,43,9.2,30,155,0,26.53441777
37,1,173,92.5,34.2,86,131,33.9,17.5,30,198,0,30.90647867
57,1,165.9,85.3,26.3,82,150,44.9,10.8,30,180,0,30.99247497
23,0,156.9,47.4,26.1,59,95,21.2,9.2,30,113,0,19.25450927
41,0,165.5,64.7,35.4,69,112,22.3,-1.5,30,154,0,23.62154416
22,1,173.1,71,26.6,60,114,38.3,-6.4,30,170,0,23.6954092
40,1,183.2,94.4,24.4,81,131,45.9,8.4,30,217,0,28.12684731
28,1,180.6,81.9,22.1,62,119,33.1,15.3,30,219,0,25.11009812
60,1,172.2,80,19.6,83,158,43.2,16.1,30,180,2,26.97886611
21,0,153.9,56.7,33.4,72,116,25.6,11.2,30,146,1,23.93898977
23,0,166.2,60.3,28.5,73,109,25.6,25.9,30,161,1,21.83007728
38,0,170.6,56.6,18,67,106,30.2,26.5,30,170,1,19.44725807
27,0,164.2,55.1,20.2,68,112,30.3,28.3,30,162,2,20.43644229
61,1,171.1,86.22,31.7,110,170,40.6,7.8,30,157,2,29.45153937
59,0,157.7,47.2,22,77,128,20.9,26.5,30,132,3,18.97923101
25,0,167.1,55.5,21.7,71,113,29.1,21,30,165,2,19.87650779
60,1,165.5,56.9,14.9,72,136,29.6,15.6,30,169,0,20.7738155
22,0,165.8,62.5,33,77,130,29.7,19,30,183,2,22.73583794
25,0,157.2,43.5,22.8,70,109,21,15.9,30,145,2,17.60289804
24,0,152.8,44.3,32.6,63,115,19.6,10.7,30,160,1,18.97391793
40,0,155.2,51.5,25.3,76,126,27.7,22.8,30,153,3,21.38079233
23,0,165.5,61.2,22.7,87,140,28.5,8.6,30,143,0,22.3437172
30,0,178,71.6,24.8,90,132,36.1,27.4,30,198,2,22.5981568
24,1,171.9,96.2,34.5,96,152,43.8,5.7,30,185,0,32.55542121
40,0,152.6,47,25.2,87,104,19,16,30,145,2,20.1831427
43,1,173,71.5,22.3,94,154,34,9.8,30,196,0,23.8898727
45,1,164.7,72.48,43,77,136,40.3,6.8,30,186,0,26.71966362
58,1,171.5,74.34,27.3,91,142,47.1,17.1,30,194,2,25.27518296
21,1,174.4,62.42,15.1,68,119,35.1,-6.6,30,207,0,20.52252546
48,0,159.2,45.7,10.3,82,117,31.7,34.3,30,160,3,18.03142597
32,0,157,47.3,32.5,80,120,15.1,15.3,30,166,1,19.18941945
33,0,161.8,55,18.1,69,134,27.7,26.3,30,199,2,21.00901325
37,0,158,59.9,32.1,85,123,27,30,30,164,2,23.99455216
62,1,162.1,65.4,21.8,77,146,36.3,15.3,30,183,2,24.88924476
62,1,162.4,64.7,30,90,148,34.8,7.6,30,183,2,24.53195904
48,1,173.7,82.9,28.5,90,148,38.9,3.4,30,170,0,27.47608768
28,0,158.6,51.9,29.8,76,120,21.3,22.8,30,130,0,20.63293414
22,0,171.5,56.9,26.5,85,132,24.2,21.2,30,182,2,19.3456808
25,1,172.2,65.1,17.1,79,137,27.8,17.2,30,203,0,21.95405229
38,1,164.8,60.3,21.9,73,119,37.7,7.7,30,196,0,22.20255208
42,1,172.3,83.8,31.8,86,127,31.1,3.7,30,189,0,28.22756809
59,1,170.3,78,26.5,92,154,38.7,-1.9,30,173,0,26.89461346
23,0,165.8,59.84,28.4,62,119,28.9,13.6,30,144,1,21.76820067
34,0,166.7,60.4,28.7,73,119,25.7,26.1,30,134,1,21.73530501
52,0,159.1,51.2,30.5,64,123,26.4,26.1,30,144,2,20.22691278
27,0,157.4,53,26.2,86,114,21.9,29,30,180,2,21.39274003
56,0,162.5,64.5,35.00452,74,113,32.8,4.5,30,124,0,24.4260355
62,1,164.4,60.98,16.1,80,120,39.1,12.6,30,181,2,22.56232203
26,0,166.6,55.9,24.5,79,121,25.4,17.7,30,160,2,20.14010886
51,0,163.9,52.82,15.7,74,116,32.1,20.7,30,164,3,19.66257942
28,0,158,45.1,26.3,55,114,23.6,18.2,30,153,2,18.06601506
31,0,167.8,52.8,24.4,61,111,21.6,5.5,30,166,0,18.75210428
31,0,171,61.68,21,74,125,27.7,24,30,172,2,21.09366985
58,1,178,72.8,24.3,62,129,39,23.5,30,168,0,22.97689686
56,1,173.6,77.4,22.6,74,136,42.1,8.2,30,206,1,25.68274969
48,0,161.3,77.4,41.8,68,117,36.4,7.5,30,160,0,29.74899001
25,0,165.1,54.1,31.7,76,126,21.9,17.2,30,160,2,19.84737697
52,1,170.6,69.5,15,65,101,28.4,12.3,30,170,1,23.87958368
63,1,161,68.9,25.64,83,136,42.2,8.7,30,162,2,26.58076463
41,0,166.6,67.5,33.1,84,141,28.6,22.2,30,162,2,24.31945167
24,0,159.3,68.9,39.1,63,127,24.5,19.3,30,168,2,27.15111507
52,1,165.5,67.7,19.7,90,159,37.3,9.6,30,193,0,24.71682442
30,1,190.6,138.1,30.3,82,131,52.3,4.3,30,181,0,38.01437775
40,0,163.1,65.6,28.6,88,133,28.7,16.9,30,154,2,24.66016155
25,1,176.3,68.1,26.1,82,112,31.8,-5.8,30,165,0,21.91000554
41,1,172.8,75.2,27.6,78,123,48.7,8.3,30,212,0,25.18432785
21,0,161.1,65.72,34.8,80,120,32.6,17.6,30,166,0,25.32249383
29,1,162.9,76.3,21.4,80,123,48.1,-8.8,30,164,0,28.75294737
58,0,156.7,58.1,28.8,95,159,26.6,21.2,30,150,3,23.6612748
26,0,164.8,46.8,20.7,83,125,31.6,18.1,30,131,0,17.23183146
45,0,160.3,49.1,19.5,65,107,30.4,22,30,169,3,19.10796545
26,0,159.7,53.3,25.5,62,102,28.5,17.2,30,191,2,20.89860881
24,1,178.7,79.5,23.1,73,122,36.5,6,30,196,0,24.89533781
62,1,167,71.1,32.8,87,143,37.8,19,30,171,2,25.49392233
62,1,174.8,73.4,22,81,159,46.5,15.1,30,185,2,24.0222235
47,0,169.3,51.9,24.1,70,100,24.3,12.7,30,133,1,18.10728935
26,1,178.7,64.7,25.9,81,144,38.7,3,30,132,0,20.26073404
21,0,155,51,29.8,91,131,14.3,15.1,30,174,1,21.22788762
47,1,174.4,86.5,26,89,133,41.5,-0.4,30,206,0,28.4395779
59,1,169.5,68.8,23.3,70,115,33.3,7.4,30,155,1,23.94688525
25,0,164,62.6,28.9,70,116,29.3,11.1,30,151,1,23.27483641
61,0,154.9,56.3,38.7,84,143,24.1,25.3,30,137,3,23.4641896
63,1,170.7,76.84,22.5,80,120,41.7,9.6,30,151,1,26.37061838
27,1,182.8,96.3,29.6,72,138,44.1,9.2,30,180,0,28.81866803
63,1,171.2,76.8,24.7,89,138,35.1,8.7,30,168,0,26.20316185
56,1,175.2,79.3,23.4,90,150,51.5,15.5,30,205,1,25.83479285
43,0,159.6,58.1,30,82,116,25.6,19.8,30,151,2,22.80921602
59,1,161.1,68.6,30,80,142,33.2,17.5,30,174,0,26.43218315
55,1,170,79.9,30,85,141,29,21.1,30,172,0,27.64705882
49,0,160.8,59.7,27.5,81,117,25.8,13.7,30,129,1,23.08884681
63,0,153.2,53,32.1,63,138,23.3,13.6,30,127,1,22.58178868
38,0,159.7,57.8,35.1,78,110,26.5,1,30,126,0,22.66303169
58,0,158.8,60.3,31,69,118,24.6,23.4,30,150,3,23.91202279
49,1,164.5,67.44,25.7,71,114,33.7,14.6,30,179,1,24.92216443
51,1,171,77.52,23.6,82,123,49.6,25,30,198,1,26.51072125
60,0,158.6,54.3,27.1,82,146,26.3,20.4,30,148,3,21.58705826
52,1,164.7,67.1,29.8,95,150,31.9,-10,30,182,0,24.73633318
50,1,166.6,74.5,24.7,78,127,42.1,11.2,30,192,1,26.84146888
60,1,168.5,81.4,25.5,81,119,37.9,7.3,30,140,0,28.66979545
47,1,168.2,72.3,30.4,62,111,40.4,6,30,177,0,25.55561368
57,1,164.9,52.7,17.9,88,133,34.2,4.8,30,178,1,19.38069308
62,1,175.1,63.4,20.6,88,124,41.2,16.2,30,181,1,20.67840161
48,1,174.1,86.1,28.5,78,135,44.9,1.9,30,224,0,28.4057074
44,1,180.3,90.2,29.8,90,132,44,2.4,30,214,0,27.7469393
43,0,158.8,45.2,21.1,72,135,28.8,21.1,30,172,2,17.92410332
21,0,163.9,52,28.9,75,120,24,15.6,30,132,1,19.35732922
62,1,163.7,54.8,19.1,77,134,41.6,12.8,30,176,2,20.44952382
57,1,168,73.2,25.9,84,134,40.2,17.8,30,164,0,25.93537415
59,1,172.6,77,28.6,90,151,37,14.1,30,160,0,25.84694046
21,0,161.4,57.5,36.5,69,112,25,21.7,30,122,1,22.07297055
42,1,170.5,65.4,14,85,125,39.9,19.7,30,214,0,22.49722655
48,1,171.9,73.4,27,87,133,33.1,12.7,30,194,1,24.83958333
46,0,157.7,44.9,18.4,57,99,26.5,21.9,30,165,3,18.0543956
62,1,170,70,30,80,120,40,10,30,250,2,24.22145329
21,0,161.6,46.2,22.3,80,120,23.7,15.3,30,158,1,17.69128027
61,1,174.4,80.8,26.1,79,147,42.1,8.3,30,199,2,26.56552479
25,1,168,66.1,20.5,65,113,35,14.2,30,209,0,23.41978458
46,0,157.3,57.12,21.8,82,146,28.9,12.1,30,168,1,23.08504649
51,0,161.7,51,21.2,59,118,27.9,27.1,30,160,2,19.50518781
55,1,166.7,70.3,21.7,80,131,44.6,12.7,30,186,2,25.29787984
58,1,172.8,77.8,21.7,75,133,35.6,11.3,30,176,0,26.05506259
55,1,174.4,75.4,18.5,97,158,44.5,6.9,30,173,1,24.79010605
49,0,159.6,56.8,28.8,105,141,29,21.6,30,153,3,22.29885491
28,0,154.8,52.3,35.4,79,128,23.9,14.4,30,137,2,21.82527759
45,0,161.9,63.5,26.2,59,111,32.4,19,30,168,3,24.225906
21,0,170.3,62.8,29.6,78,130,28.3,27.1,30,188,2,21.65361186
21,0,163.9,60.1,31.1,81,119,27.8,24.2,30,173,2,22.37260551
52,1,170,75.5,30.4,77,127,39.6,10.2,29,186,0,26.12456747
62,1,163.7,63.9,23.3,93,144,42.7,25,29,211,2,23.84533891
58,1,168.5,74.9,30.1,89,139,40.6,15.8,29,188,2,26.38043832
53,1,170,75.1,22.4,99,142,42.8,7.4,29,181,0,25.98615917
51,0,161.2,47.8,17.1,75,123,23.9,14.1,29,154,1,18.39491654
64,0,163.6,55.2,27.1,67,112,22.7,20.9,29,126,3,20.62398001
54,1,171.5,72.9,20.8,88,145,40.5,26.2,29,164,1,24.78559104
28,0,158.6,45.8,24.2,76,118,20,18.3,29,158,2,18.20786866
64,0,153.3,66.3,38.5,83,151,28.1,21.3,29,118,3,28.21169751
59,1,170.8,72.3,24.2,72,117,40.1,11,29,184,2,24.78349577
57,0,154.3,62.7,30.2,72,128,24,21.8,29,147,2,26.33514347
54,1,174.4,74.4,23.7,80,135,34.8,8.3,29,160,0,24.4613248
60,1,170,74.8,26.9,81,140,34.9,8.2,29,161,2,25.88235294
51,1,165.7,58.1,17.9,94,145,36.3,12.1,29,200,1,21.16075289
22,0,170.2,61.3,25.4,70,108,27.9,21,29,140,1,21.16125219
64,1,176.1,81.1,23.8,77,142,44.2,14,29,169,1,26.15183348
25,0,162.9,61,26.4,81,139,18.6,25.6,29,165,1,22.98728426
29,0,164.9,53,20.3,62,102,29.3,6.7,29,136,0,19.4910196
33,0,168,77.6,36.9,84,131,26.8,15.2,29,156,0,27.49433107
51,1,174,75,20.3,65,115,37.6,7.3,29,197,1,24.77209671
48,0,166.5,64.4,23.3,67,129,36.1,27.7,29,161,3,23.23043764
29,0,167.9,65.2,22.5,60,121,34.2,25.4,29,204,2,23.12843268
43,0,165.6,60.4,27.1,80,124,28.7,21.4,29,166,2,22.02501809
25,0,158.1,49.6,26.2,83,129,25.4,21.5,29,164,2,19.84348452
23,0,168.1,57.3,27.5,64,116,17.5,-7.2,29,126,0,20.27772342
59,0,155.4,51,26.2,70,110,25.3,15.3,29,123,1,21.11874699
60,1,177.6,69.3,28.3,81,159,38.8,11.3,29,146,1,21.9708729
44,1,170.1,64.3,19,82,143,45.3,14.4,29,221,0,22.22298257
51,1,178.9,81.4,21.8,89,156,49,11.7,29,207,1,25.43335913
36,1,174.8,77.5,23.1,87,131,35.6,6.8,29,210,0,25.36406432
54,0,162.9,63.9,28.3,61,104,25.6,11.5,29,90,0,24.08012237
28,0,166.6,61,32.6,64,103,21.2,15.9,29,154,1,21.97757855
27,0,166,54.1,29.1,75,134,22.4,24.6,29,179,2,19.63274786
21,0,162.5,50.64,27.7,79,109,17.8,12.8,29,159,1,19.17727811
64,1,164.2,63.24,17.5,80,159,37.3,19.1,29,168,1,23.45554647
38,0,164.4,56.2,21.5,83,125,28.9,17.1,29,169,2,20.79374382
51,1,176.6,91.2,31.8,79,138,38.3,1.5,29,155,0,29.24242871
50,1,180.8,93.4,25.2,94,151,41,9.6,29,200,0,28.57261728
60,1,171.7,71.42,23.1,87,146,45.6,14.8,29,180,2,24.22586292
56,0,153.3,51.6,28.3,93,111,24.8,21.2,29,158,3,21.95661526
23,1,176.6,76.2,19.9,77,126,40.2,4.7,29,208,0,24.43281873
43,1,174,77,16.4,80,120,53.3,5.2,29,180,0,25.43268596
22,0,158.1,76.1,40.7,67,106,26.3,5.2,29,137,0,30.4453462
26,1,172.3,118.6,35.4,79,144,57.3,3,29,195,0,39.94975628
30,0,158.2,57.4,27.1,94,134,35.7,13.22,29,148,1,22.93501001
49,1,172.3,78.3,27.4,83,143,43.4,-8,29,161,0,26.37492341
62,1,176.2,74.2,19.8,79,123,38.8,3.5,29,192,1,23.89968061
50,1,173.1,81.8,30.3,72,115,31.7,-9.1,29,165,0,27.2997813
39,0,170,51.5,16.8,55,100,30.6,23.5,29,140,1,17.8200692
62,1,167,77.4,22.6,87,125,42.4,21.2,29,161,2,27.75287748
48,1,173.9,77,28.4,63,113,39.1,-10.4,29,180,0,25.46194415
42,1,177,75.9,20.7,68,114,46.6,5,29,196,0,24.22675476
29,1,174.6,79.2,27.8,95,150,40.2,-7.6,29,174,0,25.9798538
60,1,175,83.8,23,95,144,40.4,9.9,29,197,1,27.36326531
22,0,170.2,51.2,24.8,74,113,24.5,25,29,170,1,17.6746511
63,1,171.7,89.9,30.6,86,153,34.3,6.5,29,123,0,30.4943304
42,1,178.4,72,27.2,61,121,38.5,-11.9,29,167,0,22.62261457
58,1,175.2,75,26,80,120,45.8,-2,29,198,0,24.43391506
39,0,160.6,52.2,33.9,51,91,22.6,21.8,29,141,2,20.23855126
21,0,166.3,63.9,34.3,70,105,26,16.8,29,152,1,23.1055526
25,0,161.7,61.3,32.3,99,131,26.9,24.1,29,183,2,23.44447083
37,0,156.6,50.3,23.4,51,106,21.6,18.5,29,133,1,20.5108883
26,0,159.2,51.98,31.5,81,118,24.2,24.5,29,148,1,20.50926744
52,0,152.8,46.2,20,61,109,24.5,27,29,165,3,19.78769771
40,0,158,53.8,25.8,78,115,28.6,17,29,170,2,21.55103349
62,1,170.2,59.9,17.3,60,111,32.9,16.2,29,145,2,20.67796095
31,0,169.6,51.3,19.4,80,126,29.1,14.2,29,176,2,17.83469429
49,1,170.9,75.8,28.3,91,135,28.9,-5.6,29,167,0,25.95285141
58,1,175.1,85.64,28.8,100,157,41.5,2.5,29,187,0,27.93215005
21,1,185.4,81.7,25.5,73,123,32.2,11.9,29,217,0,23.76854499
58,0,164.6,62.3,35.3,80,120,21.8,14.9,29,146,1,22.99473373
58,1,170.5,73.1,21.4,78,141,40,28.6,29,202,2,25.14598258
50,0,155.5,66.3,34.8,86,156,22.9,14.1,29,120,0,27.41907135
42,0,163.2,64.8,28.7,83,122,30.2,15.9,29,158,0,24.32958478
22,1,170.2,73.5,27.3,68,125,32.9,4.2,29,177,0,25.37279015
61,1,167.6,77.72,29.1,85,128,38.2,8.7,29,167,2,27.66844573
55,1,174.9,81.5,28.1,96,154,48.4,16.5,29,178,2,26.64268498
26,0,161.7,48.1,24.6,81,125,23.8,14.8,29,158,2,18.39606928
30,0,159,59.4,29.2,85,128,29.3,26.3,29,151,2,23.49590602
37,0,170.1,52.06,19,59,104,20.5,24.8,29,163,2,17.99266676
64,0,160.3,56.8,35.9,57,118,18.7,19.1,29,90,1,22.1045303
24,0,155.4,65.4,39.1,90,152,24.3,11.6,29,130,0,27.08168731
26,0,153.4,48.6,26.3,74,118,19.1,13.6,29,142,1,20.65311437
28,0,162.5,52.3,25.6,73,116,25.2,16.8,29,148,2,19.80591716
25,0,163.5,58.6,25,74,117,27.3,17.3,29,181,2,21.92108782
21,0,165.8,61.6,34.9,60,114,24.6,10.3,29,151,1,22.40844187
60,1,165.9,61.3,21.5,75,127,41.3,17,29,206,2,22.27243512
60,1,164.5,60.8,19.9,79,154,30.5,3.6,29,174,1,22.46838074
42,1,179.1,98.1,24.8,89,149,41.1,18.4,29,213,0,30.58284162
60,1,165.4,62.5,19.8,84,142,34.2,0.1,29,200,0,22.84593869
61,1,167.7,67.7,25.1,69,149,36.2,8.1,29,200,2,24.07257472
60,1,163.6,69.76,25.4,82,117,39.2,19,29,180,2,26.06392836
24,1,171.3,85.5,37.2,92,152,25.7,3.3,29,196,0,29.13743977
52,0,156.8,58.8,32.1,55,113,23.5,25.4,29,171,3,23.91581633
43,0,153,44.7,27.7,80,120,24.1,16.8,29,155,2,19.09521979
39,1,162.4,75.4,30.1,63,105,36.4,11.7,29,173,0,28.58902182
60,1,171.4,64.8,16.4,69,122,40.1,19.9,29,193,2,22.05735184
38,0,164,57.8,27.6,74,138,29.8,18.4,29,193,2,21.49018441
52,0,149.7,48.9,30.5,88,122,21.6,22.2,29,114,3,21.82052816
63,1,174.6,70.46,24.7,88,130,42.9,1.7,29,156,0,23.11288509
30,1,168.4,65.8,20.6,63,128,49.5,-2.2,29,223,0,23.20287067
28,1,172.3,63.8,22.5,73,124,34.1,-6.2,29,180,0,21.49067833
61,0,148.6,54.4,34.2,90,141,23.3,19.1,29,130,2,24.63549431
46,0,166,60.3,32.2,73,126,16.8,-1.5,29,144,0,21.88271157
50,0,150.5,52.7,31.1,61,105,19.4,22.9,29,133,2,23.26685136
61,0,166.8,60.2,28.3,88,151,21.8,27.5,29,151,1,21.63736637
39,0,163.5,55,28.9,75,125,28.3,15.3,29,150,2,20.57439984
61,1,163.3,60.3,13.5,49,119,41.6,8.6,29,185,2,22.61231062
28,0,173.4,66.3,24.5,81,125,31.3,26.3,29,157,2,22.05034263
61,1,159.2,67.6,25.4,81,137,39,9,29,161,2,26.67230625
44,1,173.9,94.3,29.4,78,131,43.7,5.1,29,170,0,31.18261472
58,1,171.1,64.4,23.8,90,149,32.6,10.4,29,181,2,21.99813426
62,1,172.7,79,26.1,95,135,45.7,7.1,29,158,2,26.48758822
63,1,165.5,68.3,23.4,92,157,39.3,13,29,146,1,24.93588047
23,1,172,88.7,27,85,134,42.3,17.9,29,185,0,29.98242293
41,0,158.2,55.2,25.7,78,120,22.3,1,29,153,0,22.05596782
51,1,168.9,70.4,26.3,81,136,38,13.1,29,176,1,24.67819321
29,0,160.7,48.4,22.8,62,120,25.4,0.4,29,149,0,18.74189965
60,1,165.9,76.8,24.6,84,146,40.7,7.1,29,192,2,27.90412752
26,1,169.4,69.7,23.7,72,122,41,11.3,29,222,0,24.28879482
46,1,172.3,56.3,32,98,148,32,16,29,198,0,18.96434467
53,0,148.1,48,29.8,89,122,23.8,23.5,29,143,3,21.88422243
41,0,164.5,61,34.1,86,122,26.8,9.4,29,148,0,22.54228989
39,1,176.6,95.8,37.2,99,157,37.3,15.5,29,215,0,30.71737577
58,0,159.5,64.6,27.2,79,127,32.8,19.9,29,139,0,25.39283222
41,0,163.6,56.1,29,60,114,17,9.8,29,143,0,20.96024055
60,1,167,76.4,27.7,92,135,46.6,8.2,29,178,2,27.39431317
58,1,174.6,92.3,25.3,89,146,43.4,11.8,29,185,0,30.27702659
61,1,162.9,51.6,12.3,76,134,32.5,13.4,29,187,2,19.44498144
21,0,152,50.3,28.3,87,130,23.1,16.8,29,145,1,21.77112188
25,0,161.6,50.3,32.7,86,132,21.9,25.4,29,123,1,19.26128566
26,1,162.2,76.7,31.6,83,121,37,3.2,29,214,0,29.15369891
42,0,159,51.6,22.7,88,128,23.8,19.5,29,153,2,20.41058502
63,1,163.7,83.7,29.3,95,137,44,9.2,29,170,0,31.23403547
27,0,152.9,47.1,22.5,80,110,24.1,20.1,29,158,2,20.14679356
45,0,164.1,63.9,34.5,97,144,28.3,14.3,29,130,1,23.72923274
49,0,157.4,49.1,20.9,85,131,25.4,29,29,140,2,19.81855727
43,0,159.3,54.4,28.6,82,135,25.4,19.3,29,141,1,21.43716487
50,0,160,54,21.7,87,131,20.7,27.5,29,180,3,21.09375
63,1,167.9,68.5,24.2,77,118,34.9,8.8,29,185,2,24.29904354
52,0,160.2,55.6,20.4,87,131,24.2,17.6,29,135,1,21.66455476
27,0,156.9,49.9,23.8,80,122,26.4,17.1,29,187,2,20.27004246
23,1,172,57.5,26.6,70,110,30.7,18.6,29,177,0,19.43618172
24,1,180.7,84.1,26.7,67,113,35.6,9.7,29,182,0,25.75607557
54,0,156.5,50.32,28.1,85,129,24.2,18.7,29,122,1,20.54527453
32,1,172.8,69,25.4,83,117,40.3,2,29,214,0,23.10796039
22,0,163,52.7,31.4,99,144,25.4,-6.9,29,142,0,19.83514622
23,0,166.3,65.9,30.9,62,121,25.8,16.3,29,160,1,23.82873109
56,0,155,64.6,37.8,78,127,22.1,-7.4,29,118,0,26.88865765
61,1,170,80.2,37.6,96,158,31.4,3,29,151,0,27.75086505
43,0,171.3,56.52,21.8,74,105,30,8.8,29,154,0,19.26138124
39,0,161.1,51,22.7,76,127,22.6,18.8,29,164,1,19.6507484
23,0,154.1,52,27.1,69,113,22.9,21.9,29,173,1,21.89767805
39,1,182.6,78.7,22.2,82,122,52.6,-10,29,210,0,23.60332498
23,0,158.2,46.6,23.1,78,114,20.1,16.1,29,144,1,18.61971196
59,1,181,91.5,26.9,96,152,45.1,3.7,29,200,0,27.92955038
56,1,166.3,63.8,25.1,66,122,32.2,15.8,29,195,2,23.06939368
51,1,168,74.9,20.9,91,134,44.9,4.1,29,211,0,26.53769841
50,0,164.4,58.8,22,85,146,32.9,17.6,29,145,2,21.75573197
60,1,166.9,62.6,21.2,97,133,12.2,16.2,29,209,2,22.47303146
21,1,180.3,86.4,30.9,85,136,37,1.2,29,191,0,26.57799951
40,0,153.8,50.8,29.9,68,112,23.7,18.2,29,156,2,21.4758836
62,0,164.9,60.6,23.9,77,121,31.1,25.5,29,142,3,22.28595826
23,0,159.5,45,27.1,77,111,19.3,-4.4,29,125,0,17.68850542
25,1,173.7,78.3,27.3,81,125,37.6,5.6,29,195,0,25.95147968
44,0,162.4,57.6,26.1,83,139,24.7,20.3,29,141,2,21.83988934
57,0,153.2,50.6,21.6,77,123,23.2,22.4,29,150,3,21.55921712
28,0,165.7,86,42.1,89,142,24.4,23.9,29,133,0,31.32228482
63,1,167.9,73,20.1,79,130,48.6,17.7,29,198,2,25.89533107
53,1,167.7,66.4,26.5,85,131,31.4,14.8,29,173,1,23.6103244
58,1,177.3,72.2,22.1,96,140,36.8,11.2,29,154,0,22.96781738
23,1,160,65.3,35.8,73,142,39.3,-3.4,29,164,0,25.5078125
57,1,174.3,80.4,29.8,85,152,46.3,23.9,29,175,2,26.46435262
52,1,173.4,81.2,23.9,90,149,39.9,-2.3,29,173,0,27.00584949
45,1,174.8,77.1,29.1,98,154,35.6,-7.4,29,177,0,25.23315302
55,0,156.8,52.6,27.6,90,149,21.5,24.35,29,122,2,21.39408059
29,0,151.8,46.3,29.7,64,99,17.8,8.2,29,138,0,20.09266058
56,1,171,73.1,17.3,83,139,38.1,8.5,29,183,1,24.99914504
37,0,167.6,67.4,36.5,88,133,26.6,14.5,29,144,0,23.99450903
21,1,174.3,95.4,28.1,85,143,46.2,19.3,29,220,0,31.40173184
56,0,157.1,51.4,27.5,83,155,25.3,11.1,29,120,0,20.82623425
53,1,171.8,65.98,17.6,64,111,41.4,15.6,29,195,1,22.35455311
60,1,175,81.7,31.9,87,145,40.1,14.5,29,177,2,26.67755102
21,0,164.1,56.9,27.5,76,124,27.9,20,29,203,1,21.12978628
56,1,166.5,57.5,14.7,80,120,39,11.4,29,186,2,20.74146218
58,1,168.9,74.9,28.7,92,138,38.9,18.3,29,155,0,26.25563453
46,1,179,81.2,26.7,98,159,42.7,6.5,29,211,0,25.34252988
60,1,164.4,67.7,27.2,86,153,30.6,6.6,29,158,0,25.0486914
27,0,156,53.9,35.5,69,116,23.1,13.1,28,144,1,22.14825773
43,0,164,50.8,22.4,88,124,24,13.5,28,160,1,18.88756692
26,0,156.7,56.3,32.8,78,123,19.7,22.9,28,130,1,22.92822326
60,1,171.9,60.9,16.7,78,128,33.6,10.9,28,190,2,20.60940906
63,1,165.8,63.9,20.7,82,123,26.9,14.2,28,160,2,23.24512071
21,0,158.8,49.7,28.4,84,139,15.2,24.2,28,174,0,19.70858263
63,1,169.4,76.1,24.3,79,135,40.4,17.3,28,168,2,26.51904283
44,1,177.4,87.9,25.9,95,155,48.7,5.2,28,214,0,27.93068868
38,0,166.2,60.4,23.2,63,125,22.7,26.6,28,151,2,21.86627973
33,0,154,54.7,33.9,78,123,22.5,18.3,28,136,0,23.06459774
46,1,167.2,71.1,27.6,93,154,37.3,9.1,28,196,0,25.43296857
40,1,169.5,75.6,28.1,75,134,47,19.1,28,209,0,26.31372856
60,1,164.3,74,29.3,91,134,32.9,16,28,191,2,27.41300169
33,1,168.7,62.3,22.7,63,113,35.2,-6.9,28,195,0,21.8906109
37,1,172.6,78.26,30.7,120,158,40.1,6.6,28,199,0,26.2698904
26,0,154.5,60.4,33.8,76,126,26.5,22.3,28,165,2,25.30346352
62,1,176.5,70.9,19.1,76,129,31.9,3.6,28,151,1,22.75919075
30,1,172.9,82.7,24.9,75,131,52.3,-7.5,28,203,0,27.66403485
63,1,167.6,57.5,15,85,138,43,12.6,28,197,2,20.47009302
26,0,165.3,55.4,26.8,71,122,26.3,24.6,28,156,2,20.27514914
60,0,157.5,59.4,29,73,119,30.1,29.6,28,152,3,23.94557823
21,0,162,48.3,21.3,85,119,24,24,28,139,1,18.40420668
39,0,161.2,49.2,21.2,45,92,23.5,17.3,28,137,1,18.93367978
24,0,166.2,55.2,29.2,72,123,17.2,2.9,28,123,0,19.98375234
29,1,175.9,66.1,21.1,81,121,32,1,28,181,0,21.3633709
38,0,149.3,50.5,34.3,75,107,20.8,24,28,126,2,22.65540147
41,1,165.7,61,22.1,96,120,44.8,-2.7,28,158,0,22.21696947
58,0,168.4,59,23.4,65,119,26.3,23.9,28,130,3,20.80500561
36,1,174.6,82.1,27.1,84,127,46,-2,28,227,0,26.93113633
25,0,164.2,56,29.5,61,114,27.1,21.6,28,159,0,20.77024988
21,0,156.8,48.08,22.3,74,107,23.1,20.4,28,162,1,19.55565389
55,1,162.4,64.38,21.2,85,143,39.3,10.1,28,124,1,24.41062632
47,1,174.8,80.4,33,82,136,45.3,0.7,28,201,0,26.31317125
58,1,170.9,59.3,12.9,60,105,41.9,13.8,28,197,1,20.30348402
57,0,155.8,52.5,32.3,70,135,19.3,20.6,28,137,2,21.62840019
49,0,165.7,55.3,27.8,75,133,26.5,23.1,28,152,3,20.14095757
50,1,174,75.4,26,93,138,38.3,22.8,28,227,1,24.90421456
47,0,160.2,52.8,24.6,65,127,24.9,22.1,28,165,1,20.57353402
63,1,164.8,71.2,25.8,97,148,45.9,21.4,28,157,2,26.21594872
23,0,165.6,48.6,25.8,99,129,20.6,22.7,28,140,1,17.7221172
60,1,171.2,69.8,25.6,80,138,39.8,18.9,28,184,1,23.81485283
60,1,175.7,95.22,28.4,95,157,49.5,9,28,189,2,30.84499145
61,1,166.9,68,24.8,68,132,40.6,18.2,28,190,2,24.41159967
30,0,148.8,44.3,29.2,67,104,20.4,12.3,28,128,1,20.00773211
23,1,172,65,18,61,124,31.8,-1.2,28,216,0,21.97133586
47,1,171.2,71.3,25.6,96,131,45,5.3,28,203,0,24.32663333
44,1,176.1,71.94,15.4,63,114,32.8,4.6,28,180,0,23.19806289
26,1,169.8,82.12,37.2,111,167,42.3,9.2,28,185,0,28.48220244
48,1,181.4,100.1,26,99,153,46.5,-6.8,28,214,0,30.42002118
62,0,153.6,55.1,26.7,81,132,17,23.6,28,143,3,23.35442437
21,1,180,76.6,25.5,90,134,39.9,13.6,28,219,0,23.64197531
56,0,154,54.5,23,95,144,27.8,21,28,120,2,22.98026649
22,0,168.1,101.1,44.6,96,148,41.5,14.2,28,171,0,35.77797273
64,1,170.3,65.8,15.4,78,154,37.7,4.1,28,193,1,22.68802007
64,1,163.2,58.52,20.7,75,147,34.7,-4.2,28,169,0,21.97171761
54,0,166.9,68.8,32.4,87,136,29.7,21.4,28,140,2,24.69879496
63,1,165.6,66.94,17.6,80,148,38.1,4.5,28,162,1,24.4098462
43,0,162.6,54.7,26.1,82,139,20.7,11.3,28,168,1,20.68932128
54,1,170.9,68.7,17.8,77,130,41.7,7.3,28,176,1,23.5219115
50,0,158.5,48.1,26,80,116,21.9,17.2,28,156,2,19.14637423
26,0,175.6,62.8,22,85,139,34.5,19,28,165,2,20.3662289
62,1,164.8,78.8,25.6,74,133,50.1,10,28,169,2,29.01428033
32,0,164.8,69.6,33.2,91,142,29.4,15.5,28,174,0,25.62682628
64,1,167.8,64.2,20,96,158,42.6,18.6,28,180,2,22.80085407
24,0,168.1,55.1,27.2,70,115,26.1,22.5,28,157,1,19.49917208
55,1,172.4,68.5,18.4,76,141,46,18.5,28,192,1,23.04708739
41,1,170.9,79.2,24.2,98,144,47.4,4,28,199,0,27.11696348
63,1,163,60.9,23.4,76,159,39.5,9.9,28,195,2,22.92144981
23,1,170.2,79.5,32.6,80,135,35.2,2.3,28,156,0,27.44403833
63,1,159.8,53.6,20.8,58,133,31,10.2,28,182,2,20.98994206
36,1,164.9,82.9,34,99,140,25.7,4.7,28,174,0,30.4868967
50,0,152,63.6,31.5,88,128,18.2,19,28,160,0,27.52770083
63,1,170,80.2,28,77,137,47.7,1.3,28,188,0,27.75086505
62,1,166.7,72.4,25.4,80,141,47.5,21.6,28,148,2,26.05357753
40,1,176.1,79.1,21,87,132,41.8,9.7,28,222,0,25.50690541
47,0,154.7,50.9,27.7,65,113,20.7,19.5,28,136,1,21.26851437
21,0,154.5,47.4,27,64,98,20.1,18.5,28,185,1,19.85735382
48,0,166,60.7,28.7,72,119,25.9,15.5,28,159,2,22.02787052
23,0,162.8,53,27.4,74,107,28.8,24.5,28,125,1,19.99710231
55,1,177.3,76.5,28.2,89,141,45.6,8,28,178,1,24.33570678
43,0,155.1,50,25.9,78,114,18.6,24.3,28,118,2,20.78482674
56,0,151.5,54.7,29.7,68,143,29.3,26,28,147,3,23.83208618
33,0,162.2,52.5,17.8,74,118,27.2,26,28,144,2,19.95526979
35,0,162.3,54.2,29.2,69,122,25.1,29.7,28,161,2,20.57606138
55,1,166.8,59.5,24.9,81,133,34.7,9.9,28,166,1,21.38576908
62,0,154.3,53.3,30.7,74,113,23.4,19.8,28,132,3,22.38697204
25,0,155.1,48.1,25.3,64,100,24,28.7,28,158,2,19.99500333
61,1,167.4,80.8,29.1,58,137,43.8,16.8,28,179,2,28.83370517
25,0,157.9,42.6,23.7,70,118,17.4,13.5,28,131,1,17.08619423
61,0,159,61.3,27.6,92,149,29.3,16.3,28,142,2,24.24745857
26,0,165.8,63.5,34,75,133,27.5,15.2,28,157,1,23.09961134
45,0,156.2,68.1,34.4,90,144,28.7,16.9,28,169,0,27.91162058
62,1,170.5,77.9,19.6,79,142,45.1,13.5,28,164,2,26.79715517
38,1,178.9,82,24.7,92,156,38.9,5.1,28,225,0,25.62082861
21,0,157.1,68.9,42.8,70,121,22.6,16.5,28,147,0,27.9168782
51,0,155.9,51.2,20.4,64,107,29.7,20.6,28,150,3,21.06578904
25,0,157.3,51.5,30.7,79,132,22.8,21.9,28,161,1,20.81372364
25,1,173.2,69.6,19.4,78,121,43.4,5.5,28,213,0,23.20136115
48,1,166.2,68.4,22.8,63,111,38.8,8,28,177,0,24.76247573
41,1,170.6,72.1,28.8,84,135,40,0.8,28,223,0,24.77292062
43,1,169.7,73.5,24.2,89,144,45.1,-14.7,28,205,0,25.52252597
45,0,160.1,51.4,22.6,61,94,22.7,14.4,28,145,1,20.05305085
36,0,156.2,63.5,34.3,83,108,26.8,12.4,28,166,0,26.02625414
21,0,174,64.64,23.2,77,130,19.6,18.5,28,160,0,21.35024442
61,1,166.6,62.7,18.4,81,150,41.3,9.7,28,141,2,22.59006844
46,0,150,72.8,41.2,97,138,21.4,15,28,150,0,32.35555556
48,0,155.2,64.6,32.6,57,108,24.1,17.5,28,150,0,26.81940164
60,1,180,84.1,27.3,88,124,45.2,19.8,28,161,2,25.95679012
43,0,164.1,58.1,24.1,74,113,27.36,11.5,28,179,1,21.57540567
57,0,151.4,58.9,33.7,76,113,22.6,6.8,28,148,0,25.6958829
52,0,149.4,50.7,28.4,80,120,22.7,19.6,28,147,3,22.7146874
56,0,153.5,46.3,20,63,123,24.1,17.1,28,145,2,19.65007586
61,0,155.5,53.8,30.4,77,155,21.5,23.4,28,136,3,22.24956318
63,0,151,55,32.7,70,113,24.1,25.5,28,135,3,24.12174905
60,0,152.3,52.5,26.5,67,156,28.3,24.9,28,159,3,22.63390542
30,0,164.1,50.9,18.2,68,122,22.3,16.3,28,102,2,18.90168931
22,1,171,81.7,26.5,90,147,39,1.1,28,203,0,27.94022092
28,1,163.4,85.9,25.5,85,127,36.1,11.3,28,175,0,32.17281483
21,1,181.2,95.4,26,82,147,47.6,17.2,28,212,0,29.05574317
38,1,178.3,79.2,22.2,78,123,37.4,-11.6,28,188,0,24.91279735
45,1,176,79.2,27.8,98,143,36.8,2.2,28,212,0,25.56818182
48,0,153.8,53.7,34.2,86,120,22.6,5.3,28,143,0,22.70186908
63,1,165.5,79.4,31.4,89,140,44.6,12.6,28,189,2,28.98841741
26,0,164.3,55.6,24.5,64,113,26.3,13.4,28,166,1,20.59679586
45,0,154.7,41.8,15.9,72,119,18.9,22.1,28,146,0,17.46608842
51,0,156.5,52.6,30.6,72,128,24.6,19.5,28,140,2,21.47618124
53,1,168.6,66,18.4,89,150,34.2,10.5,28,181,1,23.21821321
61,0,154.9,54.3,25.7,74,133,26.1,24.3,28,101,2,22.63064823
55,0,162,51.6,23.6,65,105,24.9,22.8,28,151,3,19.66163695
51,1,181.2,85.2,25.4,79,136,47.3,-1,28,157,0,25.94915428
38,0,168.5,63.2,28.3,97,129,30,25.9,28,168,1,22.25959549
40,1,169.6,83.5,30.3,95,139,45.8,6.6,28,200,0,29.02918076
63,1,173.8,87,28.4,79,127,55.8,13.7,28,175,2,28.80180518
37,0,163.9,56.2,26.6,94,130,25,20.6,28,180,1,20.92080582
62,1,172.5,68,20.8,85,144,44.3,3.6,28,192,1,22.85234194
63,1,158.7,59.5,23.5,95,156,42.3,10,28,184,2,23.62452647
63,1,169.8,70.7,18.4,78,151,44.4,11.85,28,186,2,24.52133113
45,0,162.7,53.5,25.7,71,131,28.2,14.3,28,127,1,20.21057531
22,0,172.4,56.18,30.8,67,101,22.2,18.6,28,154,0,18.9019762
38,0,167.2,74.9,35,61,120,29.4,22.4,28,134,2,26.79225521
25,0,161.5,52.6,32.7,65,107,22.5,17.7,28,156,2,20.16697179
35,0,169.8,53.3,16.1,77,126,32.9,10.5,28,187,1,18.48637835
53,0,165.9,69.5,34.4,85,139,24.2,16.4,28,129,0,25.25178207
57,0,149.4,55.76,35,67,123,19.3,26,28,126,2,24.98167592
32,0,179,69.26,31.8,74,121,32.4,15.9,28,164,1,21.61605443
23,0,165.9,74.8,36.5,89,134,34.3,17.5,28,192,0,27.17745753
22,0,159.8,49.4,27.3,72,116,20.2,-4.7,28,136,0,19.34520779
39,1,167.8,60.7,18.9,72,131,40.9,21.4,28,186,0,21.55781686
48,1,164.4,74.1,27.7,98,159,38.8,18.5,28,206,0,27.41666223
42,0,160.5,63.3,33.4,85,119,28.1,23.7,28,186,1,24.57274289
55,0,153.3,46.8,26.3,92,155,29.3,26.1,28,146,3,19.91413942
40,1,168.1,72.3,28.2,82,133,41.5,2.6,28,202,0,25.58602798
47,1,173.4,82.9,34.4,73,110,36.7,8.8,28,195,0,27.57124289
64,1,170.5,72.1,27.9,78,143,28.4,13.7,28,156,1,24.80198829
53,0,159.4,61.4,32.7,80,120,23.8,16.8,28,155,1,24.16527474
63,1,171.8,66.9,21.9,80,144,39.3,11.7,28,168,1,22.66625648
60,1,167.5,70.3,25.6,79,125,35.9,14,28,189,2,25.05680552
54,1,162.9,73.4,23.6,98,159,49,12,28,188,1,27.66010926
59,0,155.1,54.4,16.7,74,122,23.2,20,28,117,2,22.6138915
22,1,165.7,68.4,27.1,76,113,38,-2.6,28,183,0,24.91214281
21,0,155.6,45.8,19.1,49,108,23.6,2.5,28,138,0,18.91673991
60,1,167.8,68.6,19.8,60,106,37.4,13.6,28,187,2,24.36352943
59,1,168.1,61.9,22.1,79,123,35,17.4,28,168,1,21.90560348
45,0,157.9,54.5,24.7,66,98,29.9,23.3,28,151,1,21.85909826
61,1,173.5,68.8,18.1,82,146,40.1,14.4,28,181,2,22.85543439
57,0,151.9,60.6,37.6,87,151,24.9,9.2,28,134,0,26.2637706
61,1,171.5,73.8,29.2,64,125,41.2,12.9,28,152,2,25.09158599
37,0,160,61.2,35.3,91,129,27.1,24.4,28,164,2,23.90625
59,0,163.1,61.4,35.3,80,136,29.1,24,28,152,1,23.08130974
35,1,169.8,71.6,22.2,73,132,51,2.7,28,212,0,24.83348386
55,0,154.6,59.4,32.3,92,139,26.6,23.9,28,125,3,24.85235026
49,0,171.4,60.9,26.1,74,118,27.8,20.8,28,169,2,20.72982603
26,0,161.4,57.9,35.9,81,108,16.2,0.9,28,144,0,22.22652165
54,1,170.1,78.1,24.1,78,134,50.3,17.5,28,187,1,26.99245628
64,1,170,84.1,24.2,95,154,41,10.1,28,181,1,29.10034602
35,1,162.6,52.9,18.1,77,109,24.3,5.5,28,103,0,20.00850267
37,0,160,57.6,22.7,92,151,28.2,19,28,102,1,22.5
51,0,155.8,66.2,35.3,87,146,27.4,19.2,28,114,0,27.27238272
22,1,170.6,93.9,32.4,99,138,41.7,1.7,28,210,0,32.2632073
37,1,179.8,74.9,27,77,123,40.9,19.6,28,176,0,23.16874144
35,1,185.6,101.8,25.1,97,158,44.7,2.4,28,187,0,29.55233725
21,1,180.2,82.1,23.9,98,151,48,12.8,28,182,0,25.28328987
25,1,172.8,95,54.9,90,131,37.5,5.6,28,203,0,31.81530778
39,0,159.6,65.7,35.4,89,132,23.7,3.1,28,172,0,25.79286562
42,0,162.1,56.3,29.6,83,123,30.9,14.9,28,142,1,21.42606239
49,1,172.2,73.2,22.7,92,138,51,22.8,28,188,0,24.68566249
39,0,156.4,52.4,26.1,87,135,28.8,19.5,28,173,1,21.42189023
28,0,160.8,66.74,31.3,85,135,23.2,15.8,28,140,0,25.81155169
54,0,160.4,54.2,28.6,68,124,24,16.4,28,134,2,21.06641128
64,0,156.4,47.6,28.4,79,151,29.6,22.9,28,125,3,19.45957967
35,0,174.7,70.6,30.9,56,105,27.6,11,28,167,1,23.132304
63,1,176,62.2,14.8,90,144,45,2.4,28,193,1,20.08006198
45,0,155.5,62.1,28.2,72,129,24.7,23.2,28,165,1,25.6821166
44,1,181.9,78.6,27.8,90,134,35.4,2.4,28,172,0,23.75511559
26,0,155.3,57.1,34.3,85,128,23,21,28,162,2,23.67517494
58,0,162,52,21,84,127,27,5.2,28,124,0,19.81405274
46,0,166.1,66.3,38.8,73,112,22.6,18.5,28,130,0,24.03113391
55,0,156.5,57.2,32.9,66,105,24.4,17.1,28,118,2,23.35432637
43,0,160.1,53.3,28.1,79,117,28.1,11.4,28,147,1,20.79431149
51,0,153.2,48.6,20,81,134,28.6,25.7,28,178,3,20.70707415
50,0,160.4,62.7,32.4,74,135,26.3,18,28,135,1,24.37018427
22,0,164.6,84.7,44.6,93,138,22.6,12,28,97,0,31.26250316
42,1,168,76.2,25,99,145,37.4,18.3,28,218,0,26.99829932
24,0,160.6,60.24,29.6,61,122,32.3,8.6,28,151,0,23.35575341
45,0,153.9,55.9,32.7,77,125,21.3,23.8,28,140,1,23.60122625
57,1,173.7,55.6,13.2,75,94,28.1,5,28,154,1,18.42787063
55,1,164.3,62.5,21.4,81,133,43.8,10.7,28,166,1,23.15287305
22,1,168.6,66.1,23.3,63,113,30.2,-13.2,28,159,0,23.25339232
47,0,156.2,51.2,31.1,73,110,23.1,23.7,28,143,1,20.98494822
35,0,158.2,54,29.2,78,111,27.6,26.7,28,168,2,21.57649026
36,0,165.4,55.4,22,64,119,23.8,21,27,153,2,20.25064005
56,1,160.2,62.7,30.2,85,140,35.4,9.5,27,184,1,24.43107165
23,0,178.1,64.2,29.2,55,102,29.9,14.6,27,126,1,20.23984532
61,0,160.9,63.1,30.9,83,130,27.5,21.1,27,140,3,24.37346483
63,0,157.6,58.2,29.2,76,121,22.9,17.9,27,126,2,23.43206473
56,0,164,57.6,23.2,95,127,24.4,23.6,27,149,3,21.41582391
55,0,154.6,58.9,41.3,80,130,23.1,18.5,27,115,2,24.64315539
51,1,169,69,23,56,112,33.7,12.8,27,224,1,24.15881797
54,0,157.1,66.2,39.9,79,136,27.2,17.4,27,126,2,26.82289314
31,0,165.1,55.1,25.7,79,114,23.7,0,27,136,0,20.21424161
60,1,165.5,74.2,35.2,95,158,31.9,7.4,27,146,2,27.08993164
59,1,169.4,75.9,24.5,77,137,40.1,15.9,27,191,1,26.44934758
39,0,162.1,45,19.4,74,127,24.3,19.6,27,169,2,17.12562713
25,0,163.5,56.18,28.2,67,100,24.9,12.8,27,161,1,21.01581423
64,1,160.5,67.9,26.7,91,157,41.3,6.5,27,180,0,26.35843984
29,0,159.6,61.9,38.3,79,113,24,20.3,27,146,1,24.30104082
50,1,177.8,86.3,26.3,85,136,54.1,11.3,27,205,0,27.29903419
60,1,164.7,55.8,17.7,83,147,27.2,14.1,27,165,2,20.57060196
57,1,175.5,82.3,25.4,85,152,42.5,10.4,27,183,0,26.72056233
64,1,163.4,62.1,27.3,89,146,35.1,15.5,27,175,2,23.25881026
61,1,175.4,71.2,20.2,96,149,40,10.4,27,186,1,23.14306183
58,1,168.1,67.2,18.7,77,102,37,3.8,27,186,0,23.78120443
62,1,180,73.1,25.5,72,144,37.5,19.5,27,187,1,22.5617284
54,0,150.7,54,33,80,131,24.6,13.1,27,123,1,23.7775583
35,0,160.7,58.4,31.5,66,120,24.1,20.4,27,150,2,22.61419296
50,1,172.7,78.3,24.5,92,126,34.2,10.1,27,199,1,26.25288807
49,0,166.7,58.6,22.4,99,134,25.2,20.2,27,124,2,21.08756413
51,0,153.1,52.7,29.3,71,107,23.4,22.7,27,144,3,22.48330924
43,0,164.1,64.7,30.3,68,114,26.7,13.5,27,174,1,24.02631234
54,1,157.2,54,21.6,90,135,33.2,15.5,27,177,1,21.85187343
42,0,165.4,49.9,24.4,67,119,22.8,16,27,125,1,18.24019745
23,0,169.4,48.8,21.5,83,117,18.6,22.2,27,138,1,17.00564113
50,1,174,80.2,28.9,93,151,41.3,3.2,27,191,0,26.48962875
57,1,167.7,73.8,20.5,78,131,28.9,-4.5,27,139,0,26.24159549
28,0,158.8,52.2,28.4,66,99,21.1,24.9,27,141,2,20.69996003
22,0,165.7,59.4,34.1,77,118,21.5,14.9,27,149,0,21.63422928
55,1,164.9,61.6,20.9,79,143,39.4,14.4,27,189,1,22.65371335
42,1,171.5,91,30.3,97,132,42.8,3.2,27,203,0,30.9394895
57,0,161.1,52.3,30.8,64,130,28.2,19.4,27,159,2,20.15164983
60,1,164.9,70.4,30.4,94,156,37.6,14.8,27,162,2,25.88995812
38,1,171.7,77,26.9,84,138,45.9,7.5,27,201,0,26.11861447
52,1,169.1,70.5,24.5,85,136,43,10.9,27,204,1,24.65482373
40,1,176.4,93.8,32,76,133,48.2,-5.8,27,154,0,30.14433287
22,0,165.8,56.2,31.1,80,127,21.8,17.9,27,109,1,20.44406547
33,0,161,47.9,21.8,76,122,17.9,27.2,27,168,2,18.47922534
36,1,171.6,63.1,18.7,66,134,41.3,12,27,220,0,21.42864905
21,0,164,62.1,33,77,135,32,28.9,27,194,1,23.08893516
58,1,177.8,71.2,24.1,97,158,42.1,10.5,27,164,1,22.52249402
64,1,155.6,70,29.7,84,138,37.7,10.4,27,151,0,28.9120479
21,1,177.6,67,17.8,95,153,36.4,4.5,27,184,0,21.24168087
48,0,153.8,54.4,31.2,71,139,24.6,16.8,27,138,2,22.99779661
46,1,175.8,96.3,31.5,90,143,27.2,-4.1,27,192,0,31.1593612
50,0,156.9,52.5,28,88,134,19.6,3.4,27,141,0,21.32619698
38,1,169.3,77.7,23.3,82,135,40.1,12.8,27,217,0,27.10860082
48,0,146.7,51.24,28.6,76,116,25.5,21.6,27,137,2,23.80942424
55,0,165.2,70.98,28.7,83,142,21.6,24.5,27,87,1,26.00853613
48,1,179.1,80.9,25.3,81,133,39.1,-0.4,27,162,0,25.22071241
54,1,174.1,64.3,13,78,114,42.7,6.6,27,172,0,21.21355384
28,1,176.7,72.1,23.7,82,132,33.6,4.2,27,204,0,23.0920328
42,1,174,66.1,21.9,97,140,36.7,-0.4,27,190,0,21.83247457
26,0,166.9,61.3,31.5,80,139,34,21.2,27,177,2,22.00633912
54,0,157.8,67.2,35,91,153,27.3,20.5,27,175,3,26.9870414
29,1,186.1,79.7,26.3,78,119,32.2,-10.5,27,117,0,23.01259398
42,0,155.2,52.5,25.8,61,101,28.7,20.9,27,155,2,21.79595334
31,0,166.3,61.8,29.7,76,129,21.6,15.8,27,128,0,22.34621519
24,1,168,70.3,25.5,62,118,37.8,8.6,27,154,0,24.90787982
61,0,156,55.4,30.4,80,130,20.1,24.4,27,116,2,22.76462853
24,1,171.8,83.3,25.2,79,145,45.2,-0.6,27,213,0,28.222708
21,0,168.7,56.4,24.2,69,111,32.7,17.2,27,195,1,19.81750328
60,1,166.4,69.8,21.8,67,134,42.8,22.9,27,192,2,25.208603
26,0,170.9,55.4,22.3,59,109,25,21.7,27,164,2,18.968179
46,1,172,61,20.4,78,112,36.9,0,27,130,0,20.61925365
63,0,157.4,48.2,17.5,92,149,25.4,28,27,157,3,19.45528433
40,1,169.8,86.4,30.4,97,153,49.2,2.9,27,191,0,29.96666209
25,1,172.1,66.5,22.2,72,119,35.1,-14.8,27,190,0,22.45225183
38,0,159.7,55.9,27.7,60,120,30.7,25,27,176,2,21.91805314
37,0,161.7,58.3,31.6,86,137,22.7,16,27,172,2,22.29710685
60,0,159.5,52.5,23.4,84,151,30,20.8,27,150,3,20.63658966
29,1,177.1,60.5,19.2,84,131,40.4,-12.4,27,200,0,19.28937927
30,0,158.9,60.4,32.2,81,120,33.3,15.2,27,178,2,23.92154052
23,0,162.2,57.5,36.7,73,120,26.2,21.9,27,148,1,21.85577167
30,0,166.3,51.1,20.8,65,117,26.3,26.5,27,153,2,18.4772103
49,0,166.9,66.8,32.2,66,130,23.6,26.1,27,145,0,23.98080674
22,1,170.7,74.9,20.5,78,118,39.4,8,27,135,0,25.70483234
56,1,174.6,88,28.6,80,120,42.7,-8,27,163,0,28.86650423
58,1,172.2,67,22,72,116,34.8,19.1,27,202,1,22.59480036
22,1,176.8,73.4,22.1,85,142,38.7,0.1,27,168,0,23.48180832
62,1,169.3,66.9,25.4,87,143,42.7,11.2,27,161,2,23.34060997
63,0,157.8,49.2,18.1,86,147,21.4,26.3,27,121,3,19.7583696
58,1,166.2,61.2,18,68,113,41.5,13.3,27,198,1,22.15589933
22,0,164.2,55.9,31.8,63,100,17.5,11.1,27,130,1,20.73316015
22,0,163.8,75.1,32.9,74,126,35.2,16,27,173,0,27.99059576
61,1,168.6,78.3,29.3,86,148,50.9,14.9,27,161,2,27.54524385
64,1,168,73,20.5,84,127,41.8,12.6,27,190,2,25.86451247
22,0,159.9,66.6,40.3,66,114,15.3,4.1,27,129,0,26.04817504
62,1,172.5,74.7,24.4,82,151,44.3,10.5,27,175,2,25.10396975
50,1,167.6,60.1,20.5,94,150,43.1,13.5,27,199,1,21.39569722
37,1,176.6,93,31.2,88,148,46.5,10,27,196,0,29.81958191
50,1,167.4,53.4,10.7,65,115,40.7,14.8,27,196,1,19.05593882
57,0,157.3,54.1,30.5,77,126,23.7,21.5,27,130,2,21.86451357
52,0,160.3,57.48,27.2,88,157,30.3,4.2,27,148,0,22.369162
62,1,169.3,59.2,13.8,68,121,39.9,10.7,27,190,2,20.65417206
22,0,162.3,50,29.5,84,125,15.9,10.1,27,156,0,18.98160644
27,1,168.2,72.7,35.8,76,119,38.9,3.3,27,188,0,25.6970002
27,0,163.4,68.7,34.3,69,119,8.6,18.5,27,157,0,25.73076111
21,0,170.7,61.1,30.9,80,131,22.1,22.6,27,160,1,20.96882852
24,0,165,52,13.3,92,143,22.2,11.8,27,154,1,19.10009183
62,1,170.4,72.9,22.8,97,149,49.1,14.5,27,174,2,25.10662567
39,0,154.9,55.8,32.1,66,107,25.6,15.4,27,132,2,23.25580426
22,0,166.5,52.4,26.6,70,110,23.2,12.7,27,156,1,18.90178467
50,0,155.7,53.5,30.8,80,138,25.4,22.6,27,158,3,22.06869014
34,0,167.9,56.6,23.8,68,103,29,23.9,27,171,2,20.07774984
63,1,160.5,59.1,30.7,86,158,30.3,1.4,27,151,0,22.94232393
48,0,159.4,52.4,24.7,93,133,26.8,22,27,143,2,20.62313349
60,1,166.5,66.9,26.4,75,122,35.6,9.9,27,170,2,24.13224035
63,1,168.7,59.48,20.9,89,150,32.3,18,27,151,1,20.89973573
59,1,163.5,65.7,24.5,92,152,37.3,13.7,27,165,1,24.5770558
62,1,168.7,71.8,24.5,75,108,46.3,8.5,27,197,0,25.22866553
53,1,165.5,72,28,96,154,40.9,-4,27,196,0,26.28672612
40,1,169.1,66.7,26.2,96,144,36.9,14.4,27,171,0,23.32591124
39,1,179.3,86.7,25.5,76,123,35.1,-1,27,193,0,26.96860723
21,0,163.5,47.5,19,74,110,24.5,15.3,27,153,1,17.76879986
60,1,170,76,23.9,83,125,44.5,18.3,27,197,2,26.29757785
64,1,174.6,65.3,17.2,77,128,38.3,11.8,27,158,1,21.42025825
24,0,158.5,55.7,29.2,58,116,22.4,12.4,27,145,1,22.17158097
61,1,170,82.2,29.1,69,145,38,9.2,27,182,0,28.44290657
61,1,165.2,71.6,23.7,79,142,39.7,7.4,27,168,1,26.23571692
63,1,165.7,74.7,26.8,90,140,42.8,20.1,27,184,2,27.20668228
21,0,164.9,57.1,33.3,69,108,32.7,18.9,27,117,1,20.99881546
64,1,168.6,69.34,22.9,78,129,37.4,13.7,27,160,2,24.39319552
52,0,166.4,61.1,23.9,63,120,15.5,21,27,148,2,22.06655649
42,0,157.1,59.7,33,81,149,26.3,16.9,27,153,1,24.18922538
41,0,150,58.3,30.5,66,120,31.6,14.3,27,164,1,25.91111111
64,1,167.8,74.4,27.3,74,123,41.6,7.5,27,200,0,26.42341967
57,1,173.3,69.9,26.4,96,159,31.7,9.8,27,182,1,23.27448341
22,0,167.3,72.7,38.5,86,126,22.2,9.3,27,126,0,25.97422085
52,0,152.7,56.7,31,88,157,26.9,20,27,120,2,24.31671948
60,1,172,68.3,19.5,89,156,43.3,6.4,27,211,1,23.08680368
43,0,155.9,53.3,23.6,74,118,25.4,16.1,27,159,1,21.92981554
59,1,177.4,76.7,21,76,111,37.1,6.7,27,177,1,24.3718296
49,1,167.1,72,20.5,62,122,51,3.6,27,177,0,25.78573984
38,0,162.2,68.1,38.7,89,123,31.7,14,27,130,0,25.88483567
60,1,164.9,67,23.9,88,159,36.5,10,27,180,2,24.63959082
51,0,165,60.6,33.5,88,128,27.5,20.5,27,97,2,22.25895317
62,0,151.5,45.9,20.4,63,123,17.8,24.3,27,134,3,19.99803941
48,0,151.1,49.52,30.7,62,102,22.9,13.3,27,124,1,21.68960822
57,1,173.1,69.6,20.6,78,122,37.2,21,27,193,1,23.22817578
22,0,165.7,54,27.6,92,132,25.2,12.3,27,172,0,19.66748117
26,0,163.1,56.9,25.2,80,120,28.4,12.9,27,145,1,21.3896828
64,1,165.5,77.9,25.9,89,151,43.2,16.1,27,95,0,28.44077728
24,0,164.1,59.9,34,70,126,21.4,16.6,27,179,1,22.24383476
39,0,154,53.88,26.1,73,126,19.5,17.6,27,134,2,22.7188396
42,0,171.4,63.1,23.1,70,115,29.7,21,27,147,2,21.47868674
37,0,159,57.5,27,88,131,25.1,6.5,27,167,0,22.74435347
28,0,162.8,70.8,33.1,78,106,34.7,17.5,27,174,2,26.71311025
64,0,157.4,50.2,23.4,86,139,22.4,23.2,27,122,3,20.26255754
54,0,153.5,53.7,33.1,82,134,19.2,15.2,27,118,1,22.79069274
45,1,173.2,84.1,30.3,98,131,29.1,13.6,27,163,0,28.03497805
35,0,162.6,57,21.9,74,117,25.5,21.3,27,154,2,21.55925618
44,1,171.1,70.2,26.8,81,126,49.5,3.5,27,184,0,23.97933268
52,1,167.8,61.8,22.2,85,139,47,22.8,27,220,1,21.9484857
61,1,174.9,62.2,12,80,136,32.4,15.2,27,177,1,20.33343565
61,0,158.2,64.2,33,96,142,28.7,21.9,27,136,3,25.65204953
31,0,164.8,56.1,26,64,104,26.4,16.1,27,145,2,20.65610567
34,1,176.3,78.6,18.6,94,139,48.2,8.2,27,166,0,25.28820022
63,1,163.1,65.7,28.1,42,155,35.4,11.2,27,177,1,24.69775326
57,1,169.6,68.4,20.8,69,116,35.6,3.2,27,162,0,23.77959238
21,0,155.9,45.6,22.4,78,143,25.6,14.6,27,135,1,18.76171836
47,0,152.6,53.9,30,62,120,20.7,20.6,27,136,2,23.14619981
21,0,156.3,52.3,34.3,77,130,16.5,26,27,148,0,21.40837645
61,1,171.5,64.3,19.8,92,152,42.5,10.7,27,160,2,21.86163928
39,0,160.6,49.9,26.8,54,105,22.6,15.3,27,150,2,19.34681433
42,1,182.3,86.4,21.3,78,134,56.3,15.3,27,190,0,25.99802788
40,1,187.3,90.3,23.1,65,113,59.2,7.5,27,220,0,25.74021651
59,1,169.4,65.4,25.6,83,130,41,19.1,27,195,1,22.79034693
22,0,169.3,58.4,23.8,65,123,27.1,12.9,27,169,1,20.37506162
21,0,169.8,54.4,24.2,80,120,24.2,-9.6,27,123,0,18.86789835
49,0,159,53.1,25.4,73,124,24.3,15.4,27,162,2,21.00391598
62,0,159.5,54,26.3,71,129,29.4,28.1,27,161,3,21.2262065
21,0,162.6,51.1,18.4,62,119,17.9,11.2,27,182,1,19.32768405
31,0,170,56.2,20.5,80,123,24.7,22.2,27,169,2,19.44636678
60,1,163.2,68.94,23.1,89,151,31.5,11.2,27,165,1,25.88397491
46,1,162.8,78.2,24.9,98,145,35.9,21.4,27,206,0,29.5051585
24,1,174.1,90.7,30.4,77,139,29.9,11.1,27,194,0,29.92331779
23,0,163.8,52.7,31.3,72,111,27.8,26,27,156,1,19.64186946
52,1,177.4,75.5,22.9,69,119,46,4,27,178,0,23.99052327
61,1,169.2,86.3,24.4,88,159,43.8,13.6,27,158,0,30.14463838
64,0,169,63.7,30.4,78,116,29.7,22,27,140,3,22.30314065
59,1,176.7,79.2,22.6,74,128,46.1,27,27,176,1,25.36600552
37,0,161,52.8,19.4,70,124,29,29.9,27,201,2,20.36958451
55,0,159.7,55.1,26.3,76,116,20.9,24.4,27,153,2,21.60437796
41,0,157.1,62.72,29.5,76,119,31.8,24.8,27,170,2,25.41286794
22,0,160.7,63.3,38.6,83,118,25.6,17.6,27,181,1,24.51161669
40,0,152.8,48.5,32.9,67,113,21,14.2,27,173,1,20.77279954
32,1,172.3,72.6,29.1,99,142,35.6,23.7,27,195,0,24.45490983
60,1,172.6,72.8,20.2,79,146,42.6,9.2,27,181,2,24.43710734
33,0,163.8,55.66,31.2,72,119,23.2,12,27,162,1,20.74509401
45,0,161.8,59.6,33,77,130,23.6,25,27,135,1,22.76613072
36,0,158.7,60.9,31,70,103,27.1,27.9,27,154,2,24.18039768
36,1,169,58.4,33.3,70,121,23.4,21.1,27,139,0,20.44746332
22,0,172.8,55.1,29.5,76,117,27.6,21.1,27,172,1,18.45287852
46,0,167,57,21.8,72,102,28.3,6.5,27,171,0,20.43816558
50,0,163.9,52.5,19.6,89,151,25.4,18,26,171,2,19.54345739
23,0,158.2,47.9,30.4,75,116,21.6,10.9,26,131,1,19.13914599
64,1,163.8,68.5,30.9,87,145,35.5,18.8,26,182,2,25.53070319
62,1,164.5,64.02,17.8,65,152,41,13,26,205,2,23.65831801
48,1,175.3,96.7,30.7,94,153,30.7,-8.7,26,185,0,31.46752906
21,1,183.5,88.7,27,82,134,49.5,-5.3,26,201,0,26.34216603
42,1,172.1,65.74,22.3,77,130,36.3,3.7,26,214,0,22.19565466
61,1,159.4,56.3,25.2,82,159,28,4.8,26,169,0,22.15806136
62,0,162.8,58.2,23.8,73,138,22,20,26,120,2,21.95908216
47,0,164.7,55.3,28,68,101,22.6,19.5,26,138,2,20.38627757
57,1,169.9,69.5,18.3,88,144,48.6,11.1,26,164,1,24.07676018
58,1,170,79.8,25.5,98,146,28.7,21.7,26,166,0,27.61245675
60,1,173.5,75.2,19.9,80,120,47,12.5,26,196,1,24.98152131
55,1,169.6,71.8,18.5,80,124,42.8,16,26,210,1,24.9616189
29,0,150.3,54.5,29.3,64,122,27.5,26,26,150,1,24.12562323
52,0,160.7,74.1,31.8,90,154,23.3,16.7,26,154,1,28.69369347
35,0,163.8,63.2,31.3,71,131,20.7,20.9,26,162,1,23.55533491
48,1,178.1,89.7,27.5,81,114,35.9,-7.5,26,180,0,28.27903622
31,0,163.8,53.1,30.5,74,111,22.9,16.3,26,143,1,19.79095386
48,1,164.4,82.4,34.8,89,131,36.8,4,26,198,0,30.48762439
61,1,171.6,79.1,31.5,71,129,33.2,10,26,175,0,26.86222092
34,1,160,61.3,25.6,81,141,35.1,13,26,200,0,23.9453125
28,1,175.5,73.3,17.8,75,134,40.7,10.2,26,195,0,23.79850813
55,0,161.5,58.1,29.5,71,113,25.8,15.1,26,156,1,22.27568557
38,0,169.8,58.8,26,82,123,25.4,19,26,128,1,20.39397837
42,0,167.2,67.7,31.4,79,130,31.1,13,26,187,1,24.21676473
46,0,160.8,55.9,28.2,79,130,21.2,18.2,26,159,2,21.61920497
61,1,176.9,74.68,20.2,80,120,54.1,15.2,26,189,1,23.8642969
30,0,160.3,51.5,27.6,48,103,25,23,26,168,2,20.04195969
29,0,159,49.6,33.1,80,120,23.4,10.5,26,138,1,19.61947708
24,0,169.1,50.4,25.9,61,116,21.4,33.3,26,182,1,17.62557611
34,0,162.5,46.7,18.4,61,125,18.7,17.1,26,145,2,17.6852071
28,0,158,49.1,24.2,84,134,28.3,10.6,26,185,1,19.66832238
49,0,165.5,62.2,36.8,69,112,24.6,16,26,130,1,22.70881062
37,0,165.1,51.4,26.7,77,124,24.4,25.2,26,132,2,18.85684245
41,1,179,85.7,25.6,91,152,48.7,-10.4,26,189,0,26.74698043
61,0,153.4,49.1,33.6,70,127,25.7,24.8,26,120,2,20.86559497
28,0,169.6,68,34.6,69,126,27.2,21.4,26,179,1,23.64053044
56,0,159.2,47.9,26.5,84,140,25,12.1,26,141,1,18.89945961
38,1,158.9,69.9,36,86,147,30.1,2.5,26,145,0,27.68403447
62,1,167.7,78.9,30.9,87,150,36.3,7.1,26,174,2,28.05503908
36,1,159,51.5,24.6,67,111,21.2,14,26,129,0,20.37102963
42,0,155.9,55.1,28.9,88,136,27.7,15,26,160,2,22.67040968
54,0,149.3,48.7,26.6,70,118,21.3,15.9,26,149,2,21.84788221
36,0,160.3,62.16,32.2,80,120,29.8,19.8,26,166,2,24.19045077
54,1,170.7,72.2,28,95,142,38.4,7.7,26,169,1,24.77822289
62,1,176.5,89.8,34.2,64,139,43.3,16.9,26,177,0,28.82616825
44,1,169.4,75,26.3,83,136,45.5,15.2,26,204,0,26.13571896
26,0,164.9,67.4,36.9,62,112,25.6,19.7,26,161,1,24.78669286
23,0,161.1,54.5,24.6,79,114,30.4,26.8,26,152,1,20.99932918
64,1,177.3,87.32,24.4,80,115,52.7,18.1,26,188,2,27.77769825
25,0,163.7,49.8,26,80,142,19.9,25.9,26,173,1,18.58369136
57,0,156,53.8,22.9,83,131,22,17,26,143,2,22.10716634
49,0,151.7,59.7,28.3,93,152,21.7,14.8,26,137,2,25.94198295
51,0,158.2,55.5,32.8,86,122,27.1,18.8,26,137,1,22.17583721
22,0,162.4,49.3,29.1,69,127,19.3,8.9,26,147,0,18.69282196
64,1,165.1,63.2,22.9,99,148,34.3,7.4,26,161,2,23.18584519
47,1,172,95,38.1,96,143,40.1,9,26,175,0,32.11195241
56,0,166.6,61.3,24.3,78,117,33.2,26.1,26,157,3,22.085665
51,0,156.6,47.7,18.6,81,106,23.9,19.9,26,135,2,19.45068334
43,0,171.4,65.6,27.6,79,132,28.7,23.2,26,147,2,22.32966482
25,0,161.7,54.4,26.7,81,141,22.5,15.8,26,146,1,20.80553366
64,1,165.2,77.9,29,81,136,38,15.2,26,139,0,28.54416688
35,0,159.9,56.5,22.5,75,128,45.5,24.1,26,159,0,22.09792628
54,0,153.4,62.6,31.9,70,158,27.7,18,26,164,2,26.60257119
63,1,168.4,61.5,19.2,87,157,35.9,14.6,26,163,2,21.68657365
58,0,154.8,57.36,27.8,95,148,22.7,18.5,26,128,2,23.93686277
39,1,177.6,94.5,32.9,88,139,48.1,13.2,26,188,0,29.96028123
31,0,161,56.5,19.8,73,108,33.6,16.8,26,156,2,21.79699857
38,0,160.2,55.8,27.1,91,136,35.5,21.5,26,154,2,21.74248482
59,1,166.1,71,24.2,65,113,43.4,4.9,26,177,1,25.73469846
60,0,155.4,49.6,29,62,101,26.3,21.5,26,110,2,20.53901668
39,0,156.3,51.9,30.6,80,120,23.5,15.8,26,161,2,21.24464125
32,0,161.3,52,27.4,57,111,24.9,15.6,26,162,2,19.98640156
56,0,157.2,53,25.6,64,128,25.7,26.3,26,166,3,21.44720911
52,0,156.9,58.68,37.3,96,152,20.4,19.2,26,115,0,23.83659502
61,0,155.5,55.1,27.8,74,131,22.3,20.3,26,132,3,22.78719203
24,0,160.7,49.4,27.8,66,148,20,13,26,100,1,19.12912898
29,0,155.7,48.3,26.2,55,101,18,19.9,26,150,1,19.92369596
28,0,161.1,59.3,32.1,99,131,25.5,12.9,26,174,1,22.84881138
21,1,177.3,67,16.8,81,122,43.4,3.4,26,219,0,21.31362555
53,0,157.3,56.2,28.1,77,149,25.5,26.3,26,150,2,22.71322852
64,1,167.2,71,23,82,154,35,12.2,26,201,2,25.39719787
47,0,159.1,57,24,76,116,30.2,26.7,26,158,2,22.51824274
61,0,161.1,64.4,32.6,69,125,25.2,20.1,26,148,3,24.81388622
54,0,154.8,61,34.2,83,123,20.7,13.9,26,150,0,25.4558687
34,0,156.8,55,32.4,80,120,19.7,20.4,26,140,1,22.37023636
26,0,157.8,60.4,36,76,109,18.5,23.5,26,121,0,24.25620983
21,0,148,42,22.8,62,104,22.4,23.8,26,155,1,19.17457999
45,1,182.7,79.8,25.4,77,124,38,16.1,26,182,0,23.90703936
22,0,159,58.1,31.9,76,133,12,16.5,26,141,0,22.98168585
35,0,162.3,74.7,33.9,96,148,30.1,16.7,26,193,2,28.35852003
57,0,156.1,54.8,32.7,98,177,25.7,25.2,26,129,3,22.48923861
61,1,172.9,69.3,25.5,83,120,40.1,18.1,26,179,1,23.18159147
28,0,154.3,45,29.3,75,124,21.3,18.5,26,146,1,18.90082067
53,1,168.6,82,27.7,87,141,39.4,25.5,26,191,0,28.84687096
59,1,165.7,74.2,30.6,74,120,45,2.7,26,202,0,27.02457597
21,0,167.5,57.4,26.5,78,119,24.9,24.2,26,172,1,20.45889953
34,0,159.1,52.3,29.5,89,131,18.7,9,26,184,0,20.66147536
40,0,168.5,64.5,28,84,135,27.6,13.4,26,168,1,22.71746691
46,0,157.4,50.8,24,60,94,22.3,19.4,26,124,2,20.5047395
50,0,157.1,60.1,36.7,71,119,28.7,23,26,121,1,24.35129724
40,0,168.6,61,17.9,66,127,31.7,29.8,26,192,2,21.45925766
54,0,169.1,51.9,21.9,84,135,28.9,15.7,26,157,2,18.15014683
25,0,163.1,53.2,27.8,75,125,29.8,20,26,156,1,19.99878955
42,1,176.8,76.7,26.1,79,121,47.7,-3.4,26,174,0,24.53752994
46,1,176.7,68.6,19.8,86,150,43.2,-0.6,26,225,0,21.97106033
28,1,178.7,81.9,26.9,65,124,47,0.1,26,216,0,25.64689518
55,1,170,73.6,20.5,64,127,49.3,8.2,26,163,1,25.46712803
62,0,154.9,42.4,17.7,85,126,21.2,32,26,141,3,17.67107707
51,1,166.1,70.5,29.6,82,131,29.8,0.3,26,179,0,25.55346819
27,0,161.1,58.2,33.7,73,110,28.3,24.8,26,155,1,22.42497171
47,0,160,59.6,32.4,88,147,21.4,15.5,26,155,2,23.28125
57,0,154.5,57.8,32.7,63,111,23.8,19.2,26,140,2,24.21424158
61,1,172.8,70.6,21.9,85,129,48.1,15.8,26,175,2,23.64379715
26,0,156.2,64,24.6,58,114,39.1,24.6,26,170,1,26.23118527
26,0,161,62.8,35,90,146,25.4,30.4,26,170,1,24.22746036
21,0,154.4,51.2,30.5,60,105,22,16.4,26,130,1,21.47708663
54,0,156.6,54.5,34.7,79,127,20.8,19.8,26,145,1,22.22352709
50,0,158.8,50.7,35.3,65,107,11.3,12,26,119,1,20.10513359
22,1,173.5,53.8,14.7,76,114,37.4,-10,26,203,0,17.87241817
51,1,175,75.2,22.6,83,148,39.7,11,26,198,1,24.55510204
48,1,174.2,84.6,26.1,86,121,38.5,3,26,190,0,27.87879906
48,0,169.2,56.9,28.3,64,114,23.8,20,26,148,2,19.8752019
55,1,166,73.9,30.2,80,120,36.9,15.3,26,170,0,26.81811584
43,1,182.4,91.6,26.7,77,114,47.3,15,26,222,0,27.53251
55,0,159.4,57.6,28.3,82,135,29.2,14.6,26,156,1,22.66970399
55,0,165.5,65.7,32,74,134,29.9,22.6,26,172,3,23.98663758
51,0,155.7,55.7,30.2,57,111,24.3,21.2,26,145,3,22.97618768
26,1,175.9,97.8,33.9,87,130,43.3,1.1,26,181,0,31.6087394
22,0,163.3,48.7,23.9,81,115,19.1,-2.1,26,148,0,18.26234705
22,1,174.6,71.4,24.8,79,139,44.1,5.2,26,194,0,23.42123184
25,0,168.6,69.4,31.1,82,121,33.2,16.2,26,171,1,24.41430298
56,1,171.2,75.1,24.8,91,159,37.3,-10.6,26,214,0,25.62314394
46,1,170.9,76.6,24.1,93,134,40.6,11.2,26,184,0,26.22676013
29,0,168.6,76.7,39,93,145,24.6,13.8,26,160,0,26.98237808
49,1,176.6,72.2,20.3,87,139,42.4,4.5,26,207,0,23.15025606
50,0,162,51.5,21.6,88,128,25.8,26,26,175,3,19.623533
52,1,172.2,71.1,26.1,98,151,32.1,-0.3,26,186,0,23.97746725
21,0,165.3,58.1,30.3,80,120,23.1,17.7,26,131,1,21.26328818
62,0,164,59,33.4,66,119,24.8,26.8,26,132,3,21.93634741
22,1,186.2,135.78,35.2,69,141,49.7,0.1,26,216,0,39.16304495
21,0,154.9,52.2,28.6,68,103,22.1,10.3,26,126,1,21.75542979
60,1,163,74.6,27.09044,91,158,37.5,18.8,26,202,2,28.07783507
41,1,164.9,69.8,30.6,93,153,41.8,-3.6,26,198,0,25.66930506
43,0,161.3,58.8,29.8,88,143,27.5,7.8,26,149,0,22.60000792
60,0,163,55.6,28.1,66,132,24,21.7,26,132,3,20.92664383
43,1,173.6,74,25.2,89,128,43,-1.5,26,157,0,24.55456688
49,1,164,64,25.8,80,120,36.3,2.1,26,170,0,23.7953599
27,1,182,102.5,27.5,98,146,50.9,1.8,26,226,0,30.94433039
36,0,157.5,56.3,28.4,77,132,22.4,21.8,26,132,2,22.69589317
63,1,168,62.4,27.4,99,150,35.9,11.8,26,154,2,22.10884354
26,0,153.1,45.1,22.4,62,109,16.6,-2.8,26,140,0,19.24093447
52,0,167.1,48,14.2,62,99,20.4,22.8,26,146,3,17.19049323
64,1,173.6,82.8,26.6,91,154,40.6,25.9,26,153,2,27.47456943
63,0,156.1,50.5,27.4,91,152,23,20.5,26,131,3,20.72457208
28,0,164.3,59.9,35.7,58,98,18.3,-13.1,26,146,0,22.18971353
42,1,172.3,60.5,19.1,98,141,43,13.7,26,170,0,20.37909152
49,0,160,56,25.9,81,118,26.9,16.2,26,134,2,21.875
40,0,158.5,52.7,32.3,86,141,28.9,10.7,26,145,1,20.97742041
48,1,174.2,87,23.5,98,150,37.1,10.8,26,215,0,28.66968698
21,1,175.1,71.5,21.1,94,138,33,10.3,26,182,0,23.32027941
61,1,158.6,43.2,14.9,59,117,22.7,10.3,26,130,1,17.1742342
50,0,164.8,64.1,30,75,144,37.4,21.6,26,156,2,23.60171788
38,0,156.8,49.8,24.6,80,120,25.5,17.2,26,158,2,20.25523219
48,1,163.9,66.2,31.2,92,142,40,2.1,26,196,0,24.64336913
64,1,169.8,58.6,13.6,87,158,42.8,8.5,26,168,2,20.32461109
62,1,153.4,56.5,29.6,89,153,31.6,12.9,26,160,2,24.01030786
63,0,154,56.3,30.3,75,127,27.4,23.3,26,156,3,23.73924777
59,0,159.8,64.9,34.2,82,131,24.6,16.2,26,125,0,25.41506044
64,1,170.8,75.8,30.1,86,144,43.1,10,26,171,0,25.98325006
26,0,164.2,58.86,31.7,67,128,23.8,4.8,26,163,0,21.83101621
64,0,148.2,50.7,33.7,86,149,22.6,26.7,26,124,3,23.08402585
25,0,158.7,43.5,24.4,75,115,20.9,19.4,26,167,1,17.27171263
63,0,158.7,56.4,20.9,59,116,28.5,23.1,26,132,3,22.39366879
41,0,162.6,55,26.6,69,107,27.2,21.8,26,163,2,20.80279105
45,0,162,58.1,30.4,77,139,26.7,28.4,26,157,2,22.13839354
61,1,164.6,70.4,23.4,86,134,38.8,11.5,26,160,1,25.98441821
62,1,181.7,81.7,26.2,86,142,46.8,18.3,26,204,1,24.74640988
61,1,176.4,70.18,18.3,85,138,38,5.6,26,152,1,22.55361706
36,0,156.6,61,36.2,93,121,20.6,18.6,26,138,1,24.8740395
60,1,170.3,75.18,25.8,75,139,37.2,2.9,26,170,0,25.92226974
62,1,165.6,62.6,23.3,76,152,33.2,14.4,26,168,2,22.82725384
26,0,156.3,45.9,31.6,80,114,17.9,10.4,26,105,1,18.78861336
38,0,167.2,67.1,21.3,74,126,28.7,23,26,152,2,24.00214052
24,0,160.9,59.1,25.7,67,128,32.1,25.6,26,150,0,22.82839574
58,0,167.6,68.6,32.4,82,137,30.4,17.6,26,161,2,24.42171097
54,0,152.3,48.2,25.4,75,128,20.3,26,26,136,2,20.78008078
63,1,171.3,65.6,23.2,57,122,41,5.4,26,172,1,22.35574326
60,1,177.4,65.6,13.2,76,140,50.1,16,26,193,2,20.84474604
52,1,171.5,73,28.9,84,140,47.4,14,26,204,0,24.81959048
38,0,164.4,57.1,26.1,84,124,25.4,16.8,26,157,2,21.12673972
62,0,154.3,51.2,31.6,75,114,26,20.8,26,129,2,21.50493374
61,1,165.5,62.6,20.4,85,140,37.5,8.4,26,172,0,22.85484798
50,0,158.7,71.4,36,82,135,21.2,15.7,26,175,0,28.34943176
53,0,154.1,47.8,20.3,60,106,24.1,26.5,26,171,3,20.12901943
39,1,181.7,94,27.6,75,134,55.4,6.4,26,217,0,28.47200157
23,0,167,52.8,23.7,83,123,28.1,30.9,26,183,1,18.93219549
59,1,167.2,76.3,29.7,64,107,37.2,3.5,26,165,0,27.29304503
63,1,167.1,61.6,26.5,70,103,33.8,3,26,123,1,22.06113298
25,1,187.9,94.9,19.4,68,107,33.9,-8.7,26,221,0,26.87897184
51,0,166,47,20.1,70,130,22.5,27.2,26,162,3,17.05617651
59,0,155.9,62.7,30.2,76,143,36.8,29.1,25,122,3,25.79736274
42,1,174.1,103.1,30.5,78,123,50.7,3.6,25,153,0,34.01426752
30,1,172.7,78,26.6,79,140,36.9,3.4,25,218,0,26.15230229
47,0,157,54.1,26.8,72,117,25.1,18.2,25,157,2,21.94815205
51,1,177.9,67.2,15.8,63,112,36.6,13.7,25,183,0,21.23329418
49,0,155.9,57,23.3,67,104,25.1,17.5,25,110,1,23.45214795
28,1,170.3,52.5,16.8,95,134,30.1,16.5,25,185,0,18.10214367
56,0,159.5,50,28.5,90,122,24.7,25.7,25,139,3,19.65389491
51,0,163.3,55,25.6,78,140,27.6,16.4,25,126,2,20.62482727
27,0,168.1,72.7,33.7,84,145,28.5,8.1,25,121,0,25.72758276
45,1,180.9,78.6,18.4,92,146,52.6,19.5,25,214,0,24.01847406
21,0,160.6,53,23.4,68,116,26.9,25.7,25,189,1,20.54872063
25,0,163.4,54.9,26.3,84,123,30.8,11.5,25,177,1,20.5621366
63,1,168.2,70.64,27,75,126,34.4,-1.4,25,158,0,24.96885962
38,1,166.7,70.4,29.9,94,124,33.4,15.7,25,213,0,25.33386544
56,0,172,60,19.5,70,120,20.6,15,25,170,1,20.2812331
52,0,153.1,46.4,26.2,69,138,18.8,19.8,25,122,3,19.79555121
57,1,171.7,73.8,24.6,87,158,41.1,7.3,25,187,0,25.03316555
23,0,166.1,67.2,35.8,79,131,24.3,16.3,25,164,1,24.3573484
41,0,169.1,62.22,26.3,70,110,24.6,10.7,25,133,1,21.75919336
50,0,160.2,49.1,27.8,64,110,25.7,18.8,25,136,0,19.13182804
21,1,181.3,96.2,32,99,153,39.4,5.2,25,189,0,29.26708466
46,1,177.5,80.5,26.6,94,146,49.2,6.6,25,196,0,25.55048601
53,1,166.4,55.8,17.2,80,126,31.4,14.3,25,203,0,20.15243621
32,0,164,51.4,31.2,82,124,20.1,20.4,25,130,1,19.11064842
53,0,155,48,27,74,134,13.5,12.4,25,129,1,19.97918835
23,0,157.9,52.2,34.1,75,102,27.6,15.8,25,100,0,20.9366042
35,0,168.5,81.4,38.3,64,121,29.7,21.1,25,156,0,28.66979545
52,0,154.1,60.1,33,85,154,27,24.2,25,141,3,25.30866251
50,0,160.4,67.5,36.4,61,115,31.2,17.4,25,137,2,26.2358443
59,0,154.7,60.34,37.3,91,149,26.7,20.5,25,148,3,25.21300898
58,0,158.9,57.3,35.1,79,132,24.4,22.4,25,135,2,22.69377933
64,0,155.9,51.5,30.2,93,137,20.9,22.2,25,107,1,21.18922139
58,0,151.3,48.5,24.2,88,141,17.3,19,25,131,2,21.18672759
62,0,149.1,42.3,18.6,67,101,22.6,19,25,122,2,19.02764677
31,0,165.2,55,21.8,67,107,26.7,21.7,25,186,2,20.15313451
24,1,187,104,27.6,80,120,39,-8.5,25,180,0,29.74062741
45,0,162.4,59.5,30.7,81,123,29.1,15.2,25,182,2,22.56030236
61,1,171.7,88.5,30.3,76,140,47.5,13.6,25,171,2,30.0194465
59,0,156.9,49.3,27.9,95,156,21.3,27.6,25,105,1,20.0263145
36,0,165.3,52.3,21,62,117,22.7,20.1,25,156,2,19.14061914
22,0,149.8,50.8,33.8,69,126,20.5,19.9,25,133,1,22.63810581
64,1,172.8,77.1,27.5,89,134,43.7,21.1,25,187,0,25.820634
60,0,150.6,51.4,38.2,64,120,22.4,22.4,25,108,3,22.6627796
64,1,166,69.84,26.2,80,135,39.6,23.6,25,200,0,25.3447525
45,1,180.7,95.9,30.9,95,155,43.7,14.7,25,178,0,29.36988879
35,0,159.5,63.5,28.4,62,118,28.9,16.2,25,161,1,24.96044654
50,0,157.2,57.92,27,88,132,27,19.4,25,162,2,23.43815758
58,1,171.4,69.9,27.2,89,140,30.4,10.9,25,165,0,23.79334712
25,0,160,61.6,35.5,72,104,24.3,6.5,25,140,0,24.0625
27,0,162.2,48.3,14.1,56,110,17.7,15.2,25,172,1,18.3588482
57,1,168.5,53.3,21.1,76,118,32.3,10.3,25,162,1,18.77272847
61,1,158.6,64.3,23.9,78,137,33.2,8.5,25,167,2,25.56257544
58,0,160.6,55.8,28.6,73,119,20.3,20.3,25,147,2,21.63431342
53,1,175.9,84.66,24.7,88,154,45.7,8.9,25,185,0,27.36192104
55,0,156.9,59.2,34,75,140,18.4,25.3,25,119,2,24.04782593
26,0,158.1,62.8,39.8,60,86,18.9,18,25,139,0,25.12441185
60,1,177.6,75.2,24.1,68,139,44.3,13,25,178,1,23.84140898
61,1,163.2,68.3,26.5,90,130,40,15.1,25,180,0,25.64368272
64,0,160.8,55.6,28.2,70,130,24.2,31,25,105,2,21.50318061
56,0,150.1,67.2,39.9,97,140,23.7,12.6,25,125,0,29.82688423
62,1,168.4,74.4,24.5,80,140,41.6,21.2,25,181,2,26.23546471
55,0,164.7,63.3,35.4,61,114,29.7,20.9,25,136,3,23.33546781
52,1,169.3,64.9,29.1,76,137,38.9,4.4,25,198,0,22.64283389
61,1,179.7,78.2,22.3,77,155,40.5,1,25,174,0,24.21645672
34,1,170.8,78.1,29.1,93,135,39.2,1,25,143,0,26.77166002
64,0,157.8,61.4,34.8,87,142,31.6,19.6,25,157,2,24.65780271
22,0,163.8,61.7,32.2,73,127,28.3,17,25,176,1,22.99626842
64,1,170.4,66,19.6,86,124,35.4,12,25,164,2,22.73027838
26,0,156.2,46.5,29.2,75,124,26.2,14,25,177,1,19.05859555
25,0,164.2,50.4,26.6,69,108,25.2,8.5,25,163,0,18.69322489
44,1,167,69,24.6,80,138,40.9,12.2,25,191,0,24.74093729
56,1,165.2,61.6,27.1,63,100,33.4,7.6,25,100,1,22.57151065
22,0,161.9,63.5,38.8,82,121,24.6,12.8,25,144,1,24.225906
35,0,154.1,50.4,32,81,135,26.7,21.1,25,141,2,21.22390334
47,0,165.3,69.3,33.2,73,127,26.7,25.1,25,132,0,25.3622353
32,1,189.1,117.4,37.1,91,131,48.3,-3,25,179,0,32.83107016
38,0,159.6,49.5,27.6,51,106,20.7,17.5,25,125,1,19.43298095
47,0,163.3,55.4,36.7,75,124,20.8,-9,25,119,0,20.77482601
22,0,162,53.8,29,80,120,27,10.8,25,140,1,20.49992379
55,1,168.3,73.38,28.2,65,127,35.4,9.6,25,185,0,25.90654368
63,1,169.4,70.5,26.5,82,148,35.5,13.4,25,132,2,24.56757582
60,0,152.6,52.2,27.9,81,125,17.5,4.3,25,131,0,22.41617125
31,0,167,62.2,24.5,86,130,20.9,9.1,25,121,0,22.30269999
33,0,163.3,60.2,33.4,94,142,23.9,10.2,25,165,1,22.57481094
47,0,159.7,60.6,34.3,73,127,24.7,12.6,25,148,0,23.76089482
40,0,161.8,55.3,26.6,81,117,26.1,-4,25,138,0,21.12360787
28,0,159.6,61.4,35.1,81,131,29.6,-5.9,25,156,0,24.10474809
51,0,162.2,58.2,25.1,79,131,27.2,35.2,25,134,0,22.12184194
33,0,164.2,60.4,32.6,70,112,28,19.6,25,134,2,22.40219809
62,1,167.5,71.2,20.7,80,130,40.7,8.5,25,160,2,25.37758966
61,1,175.5,67.6,14.7,58,123,30.5,4.3,25,154,1,21.9478738
53,1,172.9,83.9,29.6,99,153,53.7,14.1,25,168,0,28.06544769
49,0,163.1,45.6,17.4,74,110,28,28.2,25,155,2,17.14181961
24,1,169.2,66.2,11.9,83,122,43.1,12.3,25,217,0,23.12369711
25,1,184.2,87.1,24.8,66,122,36,1,25,207,0,25.67077045
43,0,168,64,26,85,128,28,16,25,170,2,22.67573696
47,0,158,47,22.7,60,117,17.1,20,25,144,2,18.82711104
36,0,154,56.7,33.2,74,116,27.7,14.3,25,150,1,23.90791027
58,1,169.1,73.9,22.7,93,142,31.4,11.8,25,144,1,25.84385068
26,0,163.5,50.3,28.7,75,107,16.7,3.7,25,147,0,18.81622385
55,0,154,56,33.1,80,121,20.1,20.3,25,136,1,23.61275089
50,1,173.9,74.3,25,83,124,37,-0.6,25,188,0,24.56912273
45,0,156.5,56.8,30.4,59,110,20.4,16.2,25,158,2,23.1910094
57,1,167.1,73.3,30.8,82,134,39.4,2.5,25,170,0,26.2513157
59,1,164.6,57.2,18.6,88,154,32.9,16.1,25,184,1,21.11233979
52,0,156.2,64.5,32.6,90,139,30.6,22.8,25,143,2,26.43611641
57,0,152.4,55.2,31,74,102,25.8,18.7,25,100,2,23.7667142
41,1,169.3,54.4,24.9,96,148,31.8,-2.6,25,159,0,18.97950946
50,0,161.5,52,17.9,42,82,24.5,30.2,25,163,3,19.93693029
63,1,173,78,23.7,70,133,42.8,13.2,25,190,1,26.06167931
64,0,151,55.3,29.7,81,124,28.3,22,25,110,3,24.25332222
60,1,169.8,67.9,27.5,88,138,36.3,-7,25,125,0,23.5501893
24,0,162.9,55.2,31.4,68,122,24.4,2,25,135,0,20.80160805
61,1,169.5,75.6,23.9,87,129,26.8,0.9,25,193,0,26.31372856
61,1,171.4,76.5,31.1,88,147,39.3,9.5,25,189,2,26.03992925
59,1,167.5,80.2,25.4,97,123,41.3,7.3,25,199,0,28.58543105
37,0,154.5,55.9,37,70,152,17.2,19.2,25,150,0,23.4182717
40,0,160.9,48.9,26.9,52,97,25.2,11.8,25,168,1,18.88846957
43,1,172.3,74.3,25.8,80,126,45.3,1.5,25,204,0,25.02754546
24,0,156,44.5,23.1,67,103,26.7,24.7,25,142,1,18.28566732
50,0,157.7,59.7,32.5,82,142,23.5,20.9,25,111,1,24.00551041
46,0,153,57.5,36.3,82,126,25.5,20.4,25,145,1,24.56320219
45,1,171.5,74.9,25.8,90,146,39.9,6.2,25,187,0,25.46557982
41,0,162.9,63,28.6,82,110,23.7,20.1,25,158,2,23.74096571
61,1,166.4,66.1,20.5,86,139,33,6.5,25,166,1,23.87233034
55,0,157.9,62,37.4,69,131,22.2,19.1,25,163,2,24.86723105
52,0,159.7,64.1,30.4,90,141,23.7,16.2,25,142,2,25.13322373
57,1,168.2,64.4,20.4,80,138,43.8,7.8,25,184,1,22.76322989
25,1,173.4,67.6,28.3,77,117,33.2,6.4,25,195,0,22.48270229
58,0,155.7,70.6,36.8,98,144,24.9,19.9,25,151,2,29.12242101
47,0,152.8,53.6,32.1,55,102,23.5,20.4,25,147,2,22.95715578
27,0,166.7,52.9,25.2,57,115,17,19.3,25,126,0,19.03638468
48,1,180.9,98.08,28.9,96,132,51.1,-4.7,25,201,0,29.97114422
58,0,155.7,54.6,32.5,64,111,25.7,17.7,25,131,1,22.52243891
45,0,153.8,56.88,28.8,85,130,25.4,11.8,25,131,1,24.04622557
37,0,165.3,55.1,21.9,72,104,29,20.1,25,173,2,20.16535592
51,0,163.2,57.8,33.8,73,116,24.3,12.7,25,127,1,21.70138889
60,1,173.6,74.6,21.8,73,136,43.9,24.6,25,174,2,24.75365797
22,0,163,63,29,69,124,33.3,23.7,25,185,1,23.71184463
21,1,168.8,72.82,24,81,142,36.8,5.1,25,179,0,25.55675973
51,0,165.3,58.1,22.8,87,135,31.2,29.8,25,170,3,21.26328818
60,1,175.9,67.2,20.06871,83,156,42.1,15.2,25,188,2,21.71888842
43,0,163.3,57.1,29.1,62,111,28.7,22.1,25,149,2,21.41232067
44,0,168.8,52.1,21.6,96,148,30,25.3,25,173,2,18.28491049
51,0,156,58.9,32.3,74,134,26.7,16.4,25,135,1,24.20282709
42,0,162.8,56.5,25.3,76,111,24.1,16.1,25,139,2,21.31766567
62,1,165.5,67.2,21.2,78,156,42.4,21,25,170,2,24.53427771
29,0,171.2,56.76,27.5,70,124,27.7,17.8,25,152,1,19.3657743
24,0,157.8,54.3,29.4,75,110,30,22.3,25,158,1,21.80649327
55,1,173.7,67.3,19.9,71,110,28.5,-1.3,25,152,0,22.30567794
61,0,154.8,54.6,26.8,67,114,23.5,24.8,25,151,3,22.78508904
36,0,158.3,53.3,30.3,60,108,24.3,16.9,25,134,1,21.26989663
56,0,160.6,55.96,38.1,80,130,25.9,2,25,127,0,21.69634729
28,1,168.3,64.9,18,60,106,43.9,11.7,25,224,0,22.91271034
32,0,163.9,62,35.8,79,143,25.7,23.1,25,154,1,23.07989254
55,1,167,80.4,28.5,85,137,34.1,-5.8,25,178,0,28.8285704
43,0,159.8,54.8,24,71,114,25.6,17.1,25,137,2,21.45986613
59,1,169.3,70.8,26.1,83,122,37.7,8.9,25,172,1,24.70127334
62,1,168.7,62.6,21.2,74,121,34.1,19.3,25,170,2,21.99602315
56,0,156.6,52.4,23.8,80,122,22.4,24.1,25,141,3,21.3672077
43,1,168.6,69.7,27.5,82,114,33.4,-10.3,25,193,0,24.51984031
37,0,157.3,61.1,33.4,69,118,24.7,19.9,25,131,0,24.69356339
64,1,165,78.7,31.7,77,134,38.4,9.6,25,190,2,28.90725436
62,0,155.1,55.6,15.8,74,124,28.5,18.5,25,126,2,23.11272734
28,0,159.6,61.7,25.5,82,125,29.1,22.5,25,153,1,24.22252373
49,0,158.4,47.22,23.2,95,156,28,16,25,142,2,18.81982706
45,0,163.5,51.56,21.3,81,115,23.3,15.8,25,130,2,19.28756465
52,0,155.4,59.6,30.5,79,126,30,2.8,25,137,0,24.67994746
22,0,162.5,64.1,39.5,91,131,17.4,21.4,25,129,0,24.27455621
34,0,158.5,58.9,25.1,67,112,27,21.3,25,159,2,23.44535223
60,1,172.4,69.5,26.7,95,145,46.5,8.5,25,180,1,23.38354122
36,0,153.9,48.1,19.4,71,118,21.3,24.5,25,125,1,20.30803189
28,1,183.9,106.94,27.3,97,130,43.5,-0.4,25,184,0,31.62108163
57,0,159.1,53,26.6,65,107,23.8,22.2,25,165,3,20.93801518
59,1,163,66.2,22.3,80,130,42.1,12.8,25,100,1,24.91625579
21,1,164.5,58.2,24.7,76,110,30.9,-7.5,25,180,0,21.50756183
61,1,165.2,73.7,33.1,77,145,27.7,8.7,25,151,2,27.00520024
62,1,161.3,55.1,20.4,79,138,25,17.2,25,193,2,21.17789858
64,0,152.2,55.1,34.1,64,109,17.8,18.1,25,115,2,23.78604817
36,1,176.8,106.6,36.8,90,144,49.3,13.9,25,160,0,34.10300772
57,0,163,56,28.6,98,158,29.7,28,25,124,2,21.07719523
51,0,156.4,63,37.8,69,100,20,15.4,25,144,0,25.75532604
63,1,158.6,64.9,27.73,90,157,34.4,8.8,25,149,2,25.80110647
58,0,155.1,62.9,29.2,74,115,29.7,29.4,25,120,2,26.14731204
43,0,171.3,67,32.7,63,109,25.9,17,25,150,2,22.83284754
62,0,158.5,46.6,19.5,86,146,18.1,23.1,25,101,1,18.54929395
45,0,160,56.3,28.6,88,128,21.7,10,25,127,0,21.9921875
45,0,162.1,55,27.4,59,94,25.9,14.6,25,146,1,20.93132205
39,0,154.1,48.2,26.9,78,133,26.6,11.1,25,144,1,20.29746311
44,0,164.8,70.1,31.6,80,134,26.2,15.8,25,140,1,25.81092704
51,0,161.5,57.9,35.2,84,126,22.6,21.8,25,169,1,22.19900507
33,1,165.5,65,26.1,73,136,41.1,14.1,25,175,0,23.73107219
64,0,164,60.9,25.4,78,121,19.4,28.3,25,158,2,22.64277216
57,0,154.9,54,16.1,68,118,26.8,19.5,25,156,3,22.50561703
23,1,176,79,23.9,80,120,34,3,25,190,0,25.5036157
25,0,158.8,43.2,29.1,80,120,18.2,18.6,25,132,1,17.1310014
21,0,165,53.4,22.6,79,119,29.7,24.8,25,136,1,19.61432507
62,1,170.5,62.6,19.8,79,150,44.1,13.9,25,175,2,21.53404253
59,0,160,58.7,26,66,105,28.3,27.3,25,127,2,22.9296875
24,0,160.4,52,26.5,64,96,28.3,26,25,127,1,20.21131709
29,0,163.5,60.6,26.9,72,125,27.2,13.5,25,117,1,22.66924782
59,1,169.3,65.2,23.8,75,126,31.4,6.2,25,152,0,22.7475003
48,1,175.8,84.5,31.4,83,125,33.8,3.7,24,211,0,27.34128787
33,0,159.6,60.5,32.1,62,106,21.9,22.2,24,129,1,23.75142116
21,0,169.1,56.1,22.6,77,120,26.3,31.3,24,162,1,19.61894484
36,0,156.6,55,26.6,80,124,30.1,12.5,24,149,1,22.42741266
54,0,162.9,51.4,29.4,82,122,19.5,20.5,24,134,1,19.3696133
22,0,159.1,51.3,29.1,73,111,21.3,7.9,24,154,0,20.26641847
24,0,160,51.8,32.8,80,130,23,10.2,24,120,1,20.234375
48,0,153,51.7,27.5,81,144,24.2,16.4,24,132,1,22.08552266
56,1,162.7,74.8,31.3,79,140,36.6,3.9,24,160,0,28.25702865
37,0,163.9,67,30,54,106,27.9,6,24,180,0,24.94117419
35,1,169.7,97.26,33.6,94,139,43.3,5.3,24,200,0,33.77307314
61,1,177.5,68.4,21.3,65,112,39.7,3.5,24,197,1,21.70997818
48,1,175,84.3,29.2,96,137,37,-2.4,24,171,0,27.52653061
56,0,159.5,53.9,31.3,70,124,20.7,32,24,135,2,21.18689871
59,0,161.4,53.2,29,82,144,24.3,21.4,24,122,3,20.42229623
28,0,158.7,57.1,35.7,77,118,29.4,15.7,24,160,0,22.67160439
43,0,167,55.6,25.7,92,136,26.9,18.5,24,137,1,19.93617555
51,1,165.5,74.7,26.3,74,127,34.9,14.4,24,171,0,27.27247835
61,0,150.7,55,33.3,85,158,23.9,32.9,24,149,2,24.21788345
23,0,153.6,45.3,28.9,71,121,24.6,12.9,24,106,1,19.2006429
22,1,175.1,75.3,29.4,79,133,36.2,-0.3,24,202,0,24.55967888
23,0,161.7,56.7,25.8,65,123,27.5,19.4,24,172,1,21.68517938
61,1,171.7,71.4,25.9,91,154,43.7,13.9,24,174,1,24.21907887
51,0,163.3,51.34,30.5,75,133,22.1,22.9,24,139,3,19.25233876
39,0,163.7,59.6,33.3,85,132,24,13.7,24,142,1,22.24072299
27,0,163.4,62.9,30.3,79,120,31.6,24,24,166,1,23.55844066
57,0,156.7,61.1,31.1,84,136,23.7,15.1,24,105,1,24.88302737
59,0,158.6,59.9,32.9,70,117,27.5,22.6,24,135,3,23.81334788
55,0,153.6,52.8,28.6,75,119,29.1,18,24,155,2,22.37955729
36,0,156.1,67.6,35.9,91,159,27.5,12.4,24,156,0,27.74219946
64,1,163.9,58.4,19.1,81,131,31.1,-13.3,24,168,0,21.73976974
50,0,150.9,49.5,26.3,67,109,19.4,11.9,24,132,1,21.73835713
21,0,166.9,67.8,27.2,77,119,31.9,25.1,24,186,1,24.33980085
58,0,155.3,58.2,32,86,154,22.7,20.4,24,136,3,24.13126413
34,0,147.8,46.5,30.7,58,114,18.7,18.7,24,68,1,21.28649146
55,0,148.6,52.3,37.5,89,140,20.5,15,24,105,1,23.68449178
23,0,165.6,58.6,32,74,117,29.3,13.7,24,156,1,21.36864338
52,0,153.8,61.7,30.1,96,154,23.6,19.4,24,143,1,26.08389799
58,1,168.4,63.8,23,70,133,33.5,4.3,24,186,1,22.49761624
63,1,164.2,59.1,22.6,80,137,31.4,12,24,178,1,21.92003157
61,1,171.2,60.9,13.3,68,134,37.7,-9.9,24,176,0,20.7782885
61,1,170,72.6,22.3,83,158,30.9,6.3,24,165,1,25.12110727
52,0,165.4,61.06,33.5,87,129,23.6,19.6,24,122,1,22.31956826
60,1,164.9,67.56,25,80,120,39,4.5,24,174,1,24.84553367
50,1,166,64.3,23.7,76,118,32.6,5.1,24,180,0,23.33430106
49,0,162.2,59.9,27,68,106,31.3,18,24,145,2,22.76801258
55,0,157.1,56.1,31.4,76,132,28.6,19.9,24,129,3,22.73057862
21,0,159.5,56.3,37.3,62,103,21.9,17,24,115,1,22.13028567
54,0,155.9,71,44.1,76,139,20.9,16.6,24,138,0,29.21232464
63,0,153.9,51,26,80,159,24.3,15.6,24,137,1,21.53242467
39,0,164.6,46.9,25,62,113,21.5,10.3,24,155,1,17.31064224
25,0,161.2,70.6,38.5,68,118,29.1,8.7,24,165,0,27.16906083
26,0,156.2,43.8,22.7,74,140,19.3,14.4,24,130,1,17.95196742
25,0,172.8,62.3,24.8,66,109,25.8,24.9,24,185,1,20.86414395
25,1,173.5,88.5,32.7,65,134,36.7,-4.5,24,177,0,29.3997957
49,0,160.4,55.7,28.9,78,131,24.1,25.3,24,155,2,21.64943004
40,1,168.2,77.8,29.4,80,134,40.4,10.4,24,209,0,27.49967835
47,0,161.9,54,26.1,82,126,23.8,23.6,24,161,2,20.60155786
41,0,154.6,52.5,30.9,72,130,25.6,21.4,24,170,1,21.96546109
39,1,172.3,75.9,29.9,75,131,30.6,-10.4,24,164,0,25.56649664
22,0,155,45.7,26.5,77,99,17.4,12,24,135,0,19.02185224
38,0,161,70.8,42,99,143,26.9,13.4,24,120,0,27.31376104
38,0,159.4,51.2,21.7,84,126,24.7,9,24,124,0,20.15084799
21,0,157.4,49,27,78,120,23.3,11,24,155,1,19.77819361
40,0,151.6,60.5,39.7,98,151,32.1,15.8,24,176,0,26.32430852
50,1,161.5,63.2,25.9,69,119,30,-7.9,24,141,0,24.23103835
53,0,160,54.8,31.8,78,121,25.6,23.9,24,111,1,21.40625
60,1,167.9,72.8,26.3,67,123,35.1,0.9,24,152,0,25.82438496
55,0,151.7,53.8,29,90,148,28.4,20.3,24,146,3,23.37820239
49,0,163.1,61,32.9,85,129,26.1,18.3,24,146,1,22.9309429
24,1,176.9,62.1,17.5,71,100,36.2,8.1,24,214,0,19.84430687
52,0,157,57.6,20.3,82,129,30.8,24.2,24,166,3,23.36808795
44,1,167.1,57.9,24.8,72,114,22.5,16.3,24,170,0,20.73603246
34,0,152,46.6,22.4,68,110,21.2,26.6,24,157,1,20.16966759
46,0,155.1,62.5,37.7,65,113,24.7,21,24,124,0,25.98103343
60,1,162.7,79.7,32.6,88,134,26.8,7.7,24,167,0,30.10809069
50,0,161.2,52.1,25.1,61,112,27,21.7,24,145,3,20.04968936
64,0,149,47.6,29,104,176,23.4,20.4,24,127,2,21.44047565
47,1,182.3,60,11.9,85,149,46.9,1.8,24,202,0,18.05418603
61,0,153.2,65.5,38,89,143,26.5,17.8,24,144,2,27.90768224
59,0,155.5,52.1,28.3,70,136,26.6,18.7,24,150,2,21.54651007
45,1,178.6,70.4,22.5,99,148,37.2,11.2,24,173,0,22.07037691
60,0,153.3,53.6,41.2,80,136,17.8,22.8,24,147,2,22.80764686
29,0,170.6,68.2,26.8,78,135,30.3,20,24,149,1,23.43291521
60,1,169.7,66,18.7,67,103,35,8.6,24,172,1,22.91818659
39,0,152.1,46.1,25.5,72,118,24.3,21.8,24,127,1,19.92702645
39,0,156.2,56,26.5,71,120,29.6,18.5,24,165,1,22.95228711
24,0,161.7,52.3,25.9,62,105,20,19.4,24,143,1,20.00237887
52,0,160.1,55.4,26.2,74,131,24.4,24.3,24,125,2,21.61359956
53,0,155.5,53.3,26.8,63,105,18.4,19.6,24,147,3,22.04278285
38,0,158.7,50.7,31.7,61,106,15.6,-2.7,24,120,0,20.13047886
55,1,166.7,56.04,19.9,80,145,35.1,18,24,161,1,20.16633266
43,1,172.8,73.1,22.5,97,139,37,-1.2,24,156,0,24.4810421
22,0,165.4,61,32.1,65,113,23.2,21.3,24,170,1,22.29763616
42,1,172.3,72.8,26.2,76,121,28.5,5.6,24,202,0,24.52227873
51,0,170.5,66.5,31.6,60,105,27.7,17.1,24,125,0,22.87562026
59,1,171.2,69.1,25.4,77,120,25.9,5.2,24,126,0,23.57602192
62,0,165.3,65.5,34.7,70,127,30.6,22.2,24,147,2,23.9715211
63,1,167.5,74.8,31.4,81,156,33.6,8.1,24,115,0,26.66072622
62,0,152.7,48.6,31.5,66,118,23.1,19.6,24,142,3,20.84290241
21,0,166.5,51,24.9,77,107,24.6,17.3,24,117,1,18.39677515
48,1,169.5,79.1,28.1,88,139,42,0.4,24,200,0,27.53195674
41,0,160.2,67.9,35.15,85,142,29.5,16.6,24,144,0,26.45725303
64,1,169,54.6,25.7,80,120,28.6,16.6,24,159,1,19.1169777
22,1,171.1,75.52,30.7,74,129,35.3,15.9,24,186,0,25.79656986
57,0,156.8,54.2,25.5,60,123,27.2,20.9,24,130,3,22.0448511
49,0,162.5,52.7,25.2,73,137,24.7,16.4,24,138,2,19.95739645
42,1,180,81.4,28.2,99,147,40.4,15.8,24,211,0,25.12345679
60,1,160,69.98,24.9,83,130,39.8,4.8,24,184,1,27.3359375
63,0,154.8,46,18.7,90,148,26.6,28.5,24,137,3,19.19622886
62,1,169.7,87.6,32.8,99,148,30.4,-7.3,24,122,0,30.41868402
33,1,183,89.6,23,85,158,16.2,-11.1,24,190,0,26.7550539
55,0,155,60.7,32,99,152,27.9,25.9,24,145,3,25.2653486
32,0,159.2,55.1,30.1,69,108,29.1,11.3,24,134,1,21.74029696
29,1,179.9,87.3,22.8,86,132,50.6,-5,24,225,0,26.97440768
42,0,159.2,57.9,32.3,75,102,28.9,18,24,45,0,22.84506704
51,0,165.8,58,23.9,74,123,32.1,29.3,24,158,3,21.09885761
23,0,155.5,46.5,25.2,57,101,20.8,7.5,24,165,0,19.2305704
25,0,172.5,58.2,26.7,75,120,22,9.6,24,160,1,19.55891619
60,0,155.8,69,38.8,113,178,30,17.3,24,123,0,28.42589739
22,1,171.9,54.8,17.7,72,115,35,2.3,24,183,0,18.54508401
60,1,164,64.7,29.6,80,120,45.2,1.5,24,154,0,24.05562165
44,0,153.8,49.7,29.8,72,110,29.2,23.6,24,158,1,21.01085462
26,0,158.8,44.5,22.3,81,113,24.3,20,24,147,1,17.64651765
39,0,161.5,50.5,28.7,62,104,24.2,15.1,24,125,1,19.36182653
33,0,162.2,51.8,28,62,102,25.2,19.8,24,155,1,19.68919952
31,1,178.2,87.8,33.2,93,156,26.7,18.4,24,123,0,27.64898014
30,1,176.3,85.4,27.1,82,150,45.5,17,24,210,0,27.47598345
44,1,165,57.1,16.2,87,120,40.3,11,24,211,0,20.97337006
55,1,177.5,79.8,30.46432,82,133,46.3,6.3,24,168,0,25.32830788
60,0,154.7,50.4,29.1,84,140,19.2,20,24,152,3,21.05958986
64,1,167.2,73,20.8,75,142,34.6,18.7,24,152,1,26.11261189
40,0,165.4,64.6,30.9,55,105,29.4,11,24,154,1,23.61356223
55,0,159.7,55.9,27.9,53,107,17.8,21.5,24,145,2,21.91805314
23,1,184,87.5,24.3,81,128,37.7,-7.7,24,164,0,25.84475425
48,1,177.4,78.9,22.2,85,137,41.9,1.3,24,208,0,25.0708912
45,0,161.3,55,27.6,48,96,25.1,3,24,136,0,21.13946319
22,0,155.7,55.4,31.1,64,98,23.7,-11,24,112,0,22.85243801
52,1,174.6,66.7,19.6,82,122,37,-10.5,24,170,0,21.87949809
33,0,152.3,51.7,36.5,83,124,16.6,9.1,24,133,0,22.28900781
52,0,160.7,55,31.4,73,143,23.6,13.1,24,141,1,21.29761323
55,1,169.6,74.4,28.5,85,145,43.4,11.1,24,194,0,25.86552154
40,0,159.6,50.8,28.3,77,117,23.5,20,24,162,1,19.94334206
60,0,160.2,57.9,34.1,67,118,19,19,24,145,2,22.56075037
27,0,168,66,22.2,88,155,38.5,19.3,24,227,1,23.38435374
56,0,156.2,57.5,31.6,68,108,28.6,20.2,24,139,3,23.56708052
22,1,179,70.2,19,77,132,29.3,13.3,24,254,0,21.90942854
60,0,159.6,56.4,29.4,68,114,20.5,18,24,133,2,22.14182072
52,1,171,80.5,21.4,80,120,41,5.7,24,176,0,27.52983824
55,0,153,51.6,31.2,92,122,25.7,14,24,130,1,22.04280405
44,0,158.7,68.5,38.5,83,126,25.5,15.6,24,130,0,27.19798425
60,1,171.6,62.4,18.5,80,140,35.8,18.3,24,160,1,21.19093028
45,1,167.4,73.5,24.1,88,129,43.7,7.6,24,193,0,26.22867983
57,1,162.7,74.5,24.9,92,155,31.9,7.8,24,169,0,28.14369832
55,0,154,54.5,30.3,83,126,28.7,15.5,24,174,1,22.98026649
37,1,173.2,98.5,35.3,75,144,47.9,-4.1,24,201,0,32.83525967
35,0,160.9,46.4,22.5,68,103,23.1,-3.8,24,153,0,17.9228014
21,1,173.1,72.5,21.8,74,126,30.6,3.8,24,151,0,24.19601643
53,1,167.1,68.3,20.5,80,120,30.6,10,24,135,0,24.46063932
24,0,162.7,53.7,31.3,68,121,21.2,18.4,24,155,1,20.28612886
41,1,159.4,68.2,40.5,94,137,23.9,16,24,145,0,26.84155923
32,1,167.6,71.6,25.5,73,124,40.8,-5.2,24,207,0,25.48971583
55,0,166,68.6,28.4,82,123,29.9,16.6,24,171,2,24.89475976
25,0,166.6,76.7,32.7,72,115,30.4,11.3,24,139,0,27.63410286
64,1,167.5,78.1,31.2,94,153,39.1,-8.3,24,126,0,27.83693473
33,0,165.1,50.6,22.4,77,127,21.8,17.6,24,150,1,18.56335074
57,1,165.8,76.9,28.2,75,118,45,12,24,180,0,27.974175
53,0,159.2,57.2,26.3,70,119,20.7,20.6,24,132,2,22.56887452
30,1,160.4,48.9,23.1,75,122,34.5,6.6,24,179,0,19.00641165
27,0,148.8,41.3,27.5,68,108,18.2,20.5,24,153,1,18.65280668
57,1,161.2,69.5,26.1,93,148,42.4,8.8,24,183,0,26.74574685
35,0,154.3,73.8,39.2,88,125,29.4,17.3,24,140,0,30.9973459
61,0,154.8,57.1,33.8,66,130,27,17.6,24,145,2,23.82836234
63,1,172.1,62.3,26.8,79,121,37.2,17.8,24,187,0,21.03421487
23,1,173.4,59.8,17.9,83,120,47,15.5,24,203,0,19.88854433
62,0,156,47,25.9,69,121,20.5,20.3,24,126,3,19.31295201
60,0,155.1,51.3,23,78,150,25,20.6,24,158,3,21.32523224
48,0,159.8,62.96,36.4,96,154,26.5,10.4,24,124,0,24.65534985
21,1,171.2,62,14.1,84,154,41.2,19,24,245,0,21.1535942
42,1,171,72.2,25.3,94,132,33,9.5,24,181,0,24.69135802
23,0,159.5,55.9,34.8,78,127,24.7,20,24,156,1,21.97305451
54,0,150.5,52.3,33,78,142,20.7,25.3,24,122,3,23.09025287
42,0,154.2,51.6,20.5,78,142,26.6,17.5,24,153,1,21.70106032
25,1,169.9,84.06,34.6,61,132,37.2,-8.2,24,166,0,29.12075483
61,1,169.8,73.7,26.9,73,140,39.5,4.2,24,177,0,25.56184023
51,0,155,57.2,33.5,74,111,21,11.7,24,132,1,23.80853278
47,1,165.2,74.9,27.1,78,134,40.7,13.7,24,151,0,27.44490499
49,0,155.6,51.5,23.6,61,100,22.2,21.1,24,158,2,21.27100667
64,0,154.2,58.52,30.2,60,118,24.6,16.9,24,135,2,24.61135756
21,0,165.3,61.5,26.1,68,114,24.6,20,24,153,1,22.50761142
22,0,160.7,54.7,26.6,74,125,30.6,21.4,24,179,1,21.18144444
57,1,162.7,61.1,24.2,79,154,37.9,10,24,177,1,23.0816103
24,0,157.1,57.34,30.5,70,119,17,4.7,24,100,0,23.2330014
39,0,165.7,64.8,27.3,68,113,25.1,-0.9,24,159,0,23.6009774
63,0,158.2,61.1,27.2,71,131,25.6,13.8,24,142,1,24.41339916
63,0,160.9,52.1,27.2,74,120,22.7,22.4,24,136,3,20.12452484
55,0,154.9,53.6,31.6,67,141,20.9,17.2,24,146,2,22.33890875
64,1,174.8,72.5,18.8,71,130,32.4,10.5,24,170,1,23.72767308
27,0,150.5,55.7,39.6,66,114,29.7,13.4,23,159,0,24.59134005
59,0,156.3,60.5,33.6,79,130,29.6,22.4,23,135,3,24.7649479
28,0,163.6,52.4,20.3,72,118,31,23.5,23,130,1,19.5778361
55,0,152.8,55.6,31.3,78,129,23.9,15.7,23,130,1,23.81376607
56,1,162.3,56.68,15.9,91,141,34.5,9,23,138,0,21.51754906
63,0,147.4,52.1,31.1,77,142,20,20.2,23,87,1,23.97964538
50,0,154.6,53.2,25.1,69,114,27.9,20.2,23,158,2,22.25833391
63,1,159.3,64.6,24.9,75,139,34.7,8.1,23,181,1,25.45663329
38,0,156.3,44.9,24.3,55,107,23.9,-2.7,23,133,0,18.37927538
23,0,163.1,55.2,32.3,70,95,25.1,12.8,23,133,1,20.75062374
43,0,159.9,56.4,25.8,64,111,25,17,23,165,1,22.0588149
22,0,158.9,52.6,29.6,65,120,17.2,20.4,23,137,0,20.83233495
64,0,156,62.2,33.2,78,135,31.7,15.8,23,144,2,25.55884287
36,0,161.4,54.3,30.8,80,135,23.6,22,23,148,1,20.84456176
41,0,168.1,62.5,25.5,72,137,26.4,24.8,23,164,1,22.11793566
64,1,169.9,73.8,23.1,92,152,45,4.6,23,162,1,25.56640145
46,1,171.9,64.8,25.9,73,130,43.2,1.9,23,198,0,21.92922343
56,0,164.4,57.9,34.9,88,145,25.1,16.1,23,135,2,21.42273607
58,0,163.8,64.2,31.9,91,121,27.2,22.1,23,109,1,23.92804591
62,1,157.3,58.3,28.3,68,150,35.8,6.8,23,153,1,23.56194346
59,1,174.5,77.4,31.4,97,158,36.9,11.5,23,168,0,25.41851052
55,1,167.2,76.1,31.7,96,144,41.8,5,23,177,0,27.22150363
59,1,166.1,68.8,25.9,83,158,43.1,19.2,23,153,1,24.93728526
55,0,146.3,49.9,31.9,85,156,25.6,22.7,23,114,2,23.31373702
62,1,163.6,57.3,22.3,82,130,34.2,17,23,185,1,21.40858794
64,1,168.5,66.3,20,78,123,22.4,0.4,23,128,0,23.35144274
52,1,168.8,74.3,24.3,98,151,31,22.4,23,188,0,26.07617753
31,0,157.6,53.8,32.3,70,127,22.4,6.5,23,158,0,21.66056842
56,1,171.8,77.5,26,74,126,36.6,0.4,23,180,0,26.25762149
59,1,179.3,69.8,17.6,91,134,42.7,15.2,23,178,1,21.71175069
53,0,158.8,56.8,33.6,69,126,25.6,19.7,23,146,2,22.52409444
48,1,172.3,92.2,32,92,147,35.3,6.3,23,202,0,31.05706179
44,1,169.4,73.8,24.5,96,133,39.5,6.7,23,196,0,25.71754745
38,0,157.5,55.6,34.2,60,94,25.3,15,23,165,1,22.41370622
50,0,166.6,56,17.1,78,115,31.1,21.8,23,153,2,20.17613768
49,0,152.3,47.6,30,75,111,18.6,18.1,23,165,0,20.52140758
48,1,168,80.5,25.4,84,130,51,7.1,23,195,0,28.5218254
39,0,161.3,54.6,31,78,117,22.7,15,23,155,1,20.98572164
23,1,182.1,74.66,23.2,83,138,40.4,13.2,23,212,0,22.51480003
61,1,167.4,60.4,20.2,99,153,37.9,12.9,23,163,1,21.55390832
61,0,157.4,58.5,33.4,64,129,24.9,15.6,23,105,1,23.61274135
58,0,158.6,72.5,40.9,86,130,23.4,18,23,126,0,28.82249952
23,0,165.1,52.8,27.5,79,117,24.4,20,23,174,1,19.37045294
61,0,156.3,58.3,35.6,67,142,21.5,26.6,23,132,3,23.86440434
56,0,159,53.2,24.7,57,101,21,12.6,23,160,1,21.04347138
63,1,177.3,82.2,20.7,84,130,42.6,1.8,23,165,0,26.14895552
61,1,165.7,60.3,22.7,99,154,41.1,11.4,23,188,1,21.96202064
55,0,155.4,53.3,27.9,69,111,21.4,25.1,23,134,2,22.07116107
54,0,162.8,56.9,28.7,70,120,23.5,9.7,23,116,0,21.46858719
48,0,158,48,25.6,64,108,21.8,20,23,130,2,19.22768787
54,0,160.9,58.7,30.8,68,103,26.3,23,23,117,2,22.67388883
62,1,181.3,93.4,27.1,89,133,39.6,16.2,23,133,0,28.41523604
61,0,153.8,50,27.3,65,124,24.7,13.8,23,125,1,21.13768071
60,0,153.2,50.8,27.7,77,144,14.3,21.7,23,119,1,21.64443142
39,0,159.5,54.12,30.4,67,106,22.3,3.8,23,144,0,21.27337585
30,0,154.4,48.9,27.2,69,105,21,20.6,23,135,1,20.51229563
37,0,169,60.9,33.6,80,120,27.7,16.3,23,155,1,21.32278282
64,0,159.9,56.7,26.4,79,122,25.4,21.9,23,142,3,22.17614902
56,0,152.1,55.7,34.8,75,142,27.4,24,23,166,3,24.07668923
62,0,155.7,61.04,41.1,69,111,21.3,23.2,23,133,2,25.1789317
48,0,150.9,52.8,25.4,87,129,23.4,6.9,23,134,0,23.18758094
50,0,151,59.4,30,78,131,23.8,15.1,23,146,1,26.05148897
55,0,156.6,53.6,33.9,76,124,25.5,21,23,130,3,21.85653306
62,1,163.4,58.4,25.5,96,142,32.6,9,23,169,1,21.87301963
21,0,149.3,43.7,30.9,81,117,7.9,13,23,125,0,19.60477316
22,0,159.2,53.3,30.9,63,100,21.9,18,23,114,1,21.03008762
60,1,179.4,89.74,30.1,77,133,32.5,17.2,23,162,0,27.88310844
46,0,162.5,74.1,35.28637,80,140,36.2,20.6,23,152,0,28.06153846
51,0,150,50.3,29.6,87,130,21.4,18,23,135,2,22.35555556
23,0,157.5,46.2,23.6,72,105,23.9,15,23,142,0,18.62433862
60,1,168.3,68,23.2,63,127,36.1,5.1,23,174,1,24.00715413
42,0,169.5,55.56,27.3,65,112,22.8,8.1,23,142,0,19.3385021
64,1,164.5,67.6,23.2,93,147,35.1,10.1,23,153,1,24.98129175
52,0,150.8,68.8,43.2,82,149,25.6,21.3,23,145,0,30.25420569
58,0,162.6,71.3,40.5,93,148,24.8,4.5,23,103,0,26.96798186
55,1,171.8,65,17.5,72,116,36.7,27.8,23,203,1,22.02252125
63,1,181.9,71.8,17.5,74,139,39.6,5.4,23,172,1,21.69996564
63,1,164,65,23.5,85,144,27.8,-3.2,23,178,0,24.1671624
41,0,161.9,46.7,21.4,84,140,25.4,16.4,23,131,1,17.81653244
60,0,150.8,40.8,24.6,74,129,10.2,18.8,23,139,2,17.94144756
46,0,158.1,58.5,31.9,79,121,20.7,10.6,23,151,0,23.40410976
42,0,160.1,66.7,37.8,86,135,26.3,19.3,23,150,0,26.02214965
35,0,154.5,61.5,37.2,90,139,27.5,6.4,23,116,0,25.76428818
43,0,162.5,64.8,33.7,93,132,28.6,14.6,23,126,0,24.53964497
56,1,169.4,74.4,24,75,125,29.7,21.2,23,159,1,25.9266332
48,0,155.5,69,35.8,95,146,30,17.8,23,203,0,28.53568511
29,0,155.5,67.3,36.6,61,105,19.6,14.3,23,130,0,27.832632
61,1,165.2,62.3,20.6,75,135,43.5,11.7,23,193,1,22.82800509
47,0,168.6,67.3,26.4,98,156,26.3,14.8,23,148,2,23.67554165
60,1,176.5,66.4,20.2,66,113,35.7,2,23,175,0,21.31467229
21,0,158.5,61.6,32.1,60,100,22,13,23,124,0,24.52009673
57,1,162.4,65.8,27.6,73,117,38.2,10.8,23,160,0,24.94904026
63,0,158.3,54.76,28.9,80,120,27.6,19.4,23,142,2,21.85252419
34,1,174.3,57.8,18.5,85,130,30.4,5,23,162,0,19.02536793
56,0,162.1,55.1,28.3,72,125,26,22.6,23,130,3,20.969379
56,0,155.9,50.7,29.9,87,151,24.5,15.1,23,123,1,20.86006844
41,0,152.7,50.1,24.5,75,135,27.3,0,23,132,0,21.48620187
59,1,171.8,82,28,94,152,36.2,-13.6,23,175,0,27.78225757
55,1,172.3,56.28,19.2,78,115,30.8,20.5,23,180,1,18.95760778
56,0,156,51.1,28.4,73,113,20.7,23,23,25,1,20.99769888
23,0,164.5,47.4,19.4,70,113,18.5,10.2,23,176,1,17.51646788
49,0,166.3,65.3,30.7,79,126,23.6,18.1,23,102,1,23.61177754
22,0,160.1,49.6,34.3,68,116,21.6,4.2,23,120,0,19.35080394
57,0,158.5,64.8,34.1,79,130,28.5,21,23,135,2,25.79386799
61,1,166,62.3,23.1,91,140,35,10.8,23,156,1,22.60850631
26,1,173.4,81.4,31.9,85,139,32.8,-4.5,23,178,0,27.07236636
29,0,162.1,55.4,30.2,72,116,25.4,21.5,23,160,1,21.08354985
45,1,180.1,94.1,36.6,91,149,49,-13,23,177,0,29.01096652
50,0,152.7,62.2,36.6,79,133,19.1,14.5,23,148,0,26.67548416
36,0,159,52,26.7,96,147,26.7,24.2,23,171,0,20.56880661
51,0,156.6,55.56,28.9,100,160,30,11.8,23,150,0,22.6557645
58,1,165.2,67.6,23.9,76,128,39.8,-7.6,23,164,0,24.77003441
56,1,166,78.7,34.4,97,158,40.4,8.3,23,193,0,28.56002323
63,0,151.2,58.2,33,63,103,18.6,19.8,23,135,0,25.45771395
26,0,165.6,55.2,29.7,69,115,25.8,19.3,23,139,1,20.12882448
63,0,159.1,64.2,25.9,81,122,24.8,19.5,23,160,2,25.36265235
29,0,153.9,55.82,34.5,80,120,20.7,5.3,23,147,0,23.5674499
57,0,160.1,45.6,9.7,56,123,26.6,20.1,23,172,3,17.79025523
64,0,161.4,62.5,34.8,74,143,22.6,17,23,81,1,23.9923593
53,0,153.7,47.86,29.9,61,104,16.3,18.3,23,130,2,20.25932443
40,1,177.8,90.9,26.5,91,147,35.5,-12.5,23,170,0,28.75413914
64,0,160.9,58.6,27.1,96,158,26.2,22.5,23,126,2,22.63526211
58,0,162.8,70.7,33.3,96,159,31.8,17.8,23,106,0,26.67537987
30,0,160.7,59.4,29,74,113,22.3,12,23,160,1,23.00142229
28,0,158.1,58.6,29.9,79,117,21.1,-6.2,23,130,0,23.44411679
62,0,151.6,47,21.3,72,129,15.8,11.5,23,133,0,20.45028926
36,0,155.9,50.2,24.9,80,142,25,10.1,23,118,1,20.65434784
56,0,150.2,60.1,38.7,86,128,24,23.2,23,113,0,26.64002369
63,0,155.6,52.7,24.2,75,132,23.1,23.1,23,125,3,21.76664177
27,0,163.3,50.9,28,69,117,25.6,21.6,23,173,1,19.08734014
58,1,162,60,19.2,78,128,36.3,5.1,23,191,1,22.86236854
55,1,162.3,65.5,30.7,118,186,40.6,11.9,23,162,1,24.86590444
50,0,162.1,59.6,32.6,94,136,27.9,3.5,23,149,0,22.68194171
44,0,164.3,53.9,22,75,110,29.5,14.3,23,133,1,19.96703772
58,1,164.3,86,33.6,94,151,40.9,-0.8,23,127,0,31.85835332
47,0,154.2,59.2,29.7,71,136,24.3,16.2,23,155,1,24.89734053
38,1,178.8,83.6,27.1,94,154,50.3,10.4,23,193,0,26.14997322
52,0,153.2,63.24,42.3,92,125,17.8,9.2,23,126,0,26.94476068
42,0,153.9,43.82,25.8,70,120,20.6,17.9,23,114,1,18.50099704
56,0,158.5,56.2,28.8,69,126,23.4,20.4,23,144,3,22.37060773
59,0,159,62.3,35,80,120,20,20.2,23,150,0,24.64301254
54,0,155.8,65.06,36.7,89,149,26.5,15.3,23,151,0,26.80273746
49,0,149.8,42.6,18.8,85,131,22.1,14,23,150,1,18.98392338
53,0,162.7,64.2,33,78,125,26.5,13,23,140,1,24.25269037
41,0,148.6,45.7,22.4,80,120,25.5,12.3,23,155,1,20.69562666
31,0,167.4,74.3,37.7,82,142,21.6,26,23,120,0,26.51416206
59,0,162,50.84,19.4,83,123,31.7,21.9,23,157,3,19.37204694
61,0,150.2,47.5,23.6,75,132,25.6,22,23,130,3,21.05492721
56,0,155,50.4,31.8,83,123,18.6,14,23,144,1,20.97814776
59,0,164,58.7,29.5,80,158,25.2,21.2,23,135,2,21.82480666
60,0,156.7,55.5,32.3,67,149,22.2,18.5,23,140,2,22.60242257
63,1,168.3,52.6,8.5,79,134,42.4,14.1,23,159,1,18.57023981
23,0,159.4,56.5,32.1,83,112,24.7,26.2,23,150,1,22.23677561
64,1,165.5,67.6,21.7,79,123,38.2,-8.5,23,151,0,24.68031508
60,1,173.6,65,19.4,57,117,35.7,15.6,23,171,1,21.56820064
43,0,161.5,49.9,29.8,79,155,21,16.5,23,146,1,19.13178503
59,1,175.7,72.1,24.3,99,143,40.8,12.2,23,155,1,23.35563835
21,0,162.6,63.2,34.1,73,118,26.1,5.6,23,143,0,23.90429808
40,0,169.2,67.9,35.6,79,133,34,27.9,23,151,1,23.71750806
53,0,157.1,47.5,34.4,85,130,22.3,23.8,23,139,2,19.2460336
62,1,177.7,71,20.2,88,142,37.2,2.9,23,178,1,22.4845134
23,0,161.3,61.2,34.5,66,121,22.8,20.2,23,128,1,23.52245722
61,0,152.4,59.1,35.3,99,158,20.5,20.8,23,122,2,25.44588423
46,1,172,90.6,31.1,88,138,45.8,-0.1,23,196,0,30.62466198
45,1,185.4,80,21.9,93,144,46.2,7.1,22,205,0,23.27397307
63,1,164.7,73.8,36.7,81,141,35.6,9,22,135,0,27.20628001
23,0,161.1,53,28.4,72,116,28.9,-4.4,22,143,0,20.42136599
21,0,153,56.9,40.2,70,120,18.6,19.4,22,160,0,24.30689051
43,1,174.6,104.9,36.2,97,150,32.7,-1.3,22,173,0,34.41018515
53,1,180.8,78,25.9,81,140,39.1,0.1,22,187,0,23.86150051
37,0,155,71.1,24.6,75,123,26.3,6.7,22,144,0,29.59417274
45,0,149,45.9,30.3,88,121,20.5,6.7,22,138,0,20.67474438
63,1,163.4,56.64,20.4,63,126,29.8,11.6,22,159,1,21.21383274
58,0,150.4,60.8,31.8,65,122,33.1,7.3,22,122,0,26.87867813
59,0,152.6,61.5,36.1,70,122,21.1,16.8,22,120,0,26.40985693
43,0,162,72.3,40.5,86,122,26.6,4,22,110,0,27.54915409
50,1,168.2,73.4,26.9,73,138,30.7,-7.5,22,186,0,25.94442661
61,1,166,66.4,24.5,83,123,32.6,3.1,22,174,1,24.09638554
63,1,166.3,72.8,25.9,64,103,41.2,2.5,22,171,0,26.32369686
58,0,159.5,67.32,36,87,145,26.4,21.4,22,150,3,26.46200411
48,0,161.4,51.9,19,82,130,23.9,26.2,22,163,2,19.92325516
24,0,166.9,56.1,32.7,70,101,23.5,-6.2,22,156,0,20.13956973
51,0,161,66,30.4,94,147,23.3,14,22,165,0,25.46198063
24,0,171.4,57.5,24.9,97,140,24.7,8.6,22,160,0,19.57249584
45,1,170.5,72.3,30.2,73,122,37.9,-5.1,22,177,0,24.87078714
34,0,155.4,54,30.7,92,131,23.6,26.6,22,148,1,22.36102622
43,0,166.4,59.2,34.1,91,134,23.1,-1,22,130,0,21.38036243
39,0,155.5,52.8,30.9,99,130,24,14.7,22,150,1,21.83600252
31,0,167.1,59.2,26.6,73,113,27.3,14.4,22,138,1,21.20160831
48,0,160,54.8,27.8,72,135,18.9,16.3,22,153,2,21.40625
64,1,170,65.9,19.2,97,157,35.8,5.8,22,162,1,22.80276817
63,1,175.8,86.7,30.7,71,108,45.2,0.1,22,150,0,28.05313205
56,0,156.1,53.9,33.3,80,131,23,17.1,22,119,2,22.1198898
26,0,160,48.36,29.8,70,123,21,22,22,132,1,18.890625
38,0,162,63,42.6,81,123,24,15.1,22,129,1,24.00548697
60,0,143.4,52.2,34.2,99,151,26.1,21.8,22,71,2,25.38470965
25,0,164.9,47.1,21.3,59,98,22.9,16,22,163,1,17.32126459
62,0,159.2,50.8,27.1,71,128,25.6,24.2,22,147,3,20.04368577
45,0,156.9,51.4,27.9,73,132,27.1,20,22,152,2,20.87936238
35,1,171.6,94.7,36.8,97,145,34,-7.6,22,171,0,32.15995349
51,1,172,67.8,21.7,71,136,47.2,6.3,22,200,0,22.9177934
46,0,155.5,50.8,23.3,78,128,26.8,18.3,22,162,2,21.00888122
61,1,171,61.8,20.6,94,149,41.3,13.1,22,172,1,21.13470812
47,0,161.1,66.7,36.8,68,104,24.1,19.4,22,136,0,25.70009644
48,0,169.3,76.2,36.8,74,125,27.7,10.3,22,147,0,26.58526876
64,1,166.3,74.1,30.5,87,140,39.3,-8,22,160,0,26.79376287
55,0,160.1,70.2,36,62,106,25.4,20,22,118,0,27.38762976
56,1,178.5,82,23.4,89,141,40.1,10.5,22,182,0,25.73578451
31,0,155.3,51,24.8,64,115,23.8,13.3,22,153,1,21.1459531
36,1,169.6,68.1,23.8,78,117,45.9,15.6,22,224,0,23.67529592
61,0,157.1,57.8,29,82,130,23.3,14.1,22,133,1,23.41938404
54,1,179.2,88.1,24.4,70,131,49.8,-2,22,177,0,27.43467993
63,1,170.2,56.8,19.5,70,131,32.9,-12.5,22,170,0,19.60781606
22,0,158,53.8,30.1,77,108,17.8,5.8,22,115,0,21.55103349
60,0,157.7,60.3,33.8,99,138,19.3,18.3,22,110,0,24.24677182
24,0,167.2,70,35.3,54,103,23.3,-0.5,22,120,0,25.03949085
36,0,168,54.1,25.2,80,120,19.6,14.7,22,154,1,19.1680839
64,1,167,67.9,27.8,88,137,26,15.6,22,170,0,24.34651655
60,0,161.5,50.4,28.2,70,122,22.1,21.2,22,157,3,19.32348628
51,0,158,53.2,24.8,75,122,25.8,19.2,22,142,2,21.31068739
60,1,167,67.7,28.7,89,142,41.9,10,22,180,1,24.27480369
62,0,155.8,62.54,40.2,80,120,21.7,20.8,22,155,2,25.76457425
45,0,145.3,56.9,33.4,84,117,23.7,20.4,22,132,2,26.95138189
46,1,177.8,89.4,23.7,92,138,43.5,0.8,22,211,0,28.2796484
53,0,151.9,54.7,34.3,70,116,23.2,26.4,22,155,2,23.70673683
30,0,166.7,65,38.8,75,118,24.8,28.7,22,130,0,23.39064281
63,1,160.4,53.5,8.3,78,131,28.3,11.7,22,161,1,20.79433586
22,0,153.3,50.7,33.4,83,124,17.5,17.6,22,134,0,21.57365104
49,0,158,52.4,30.2,60,110,25.8,15.1,22,116,1,20.99022593
56,0,157.6,58.1,32,75,156,24.9,17,22,132,2,23.39180345
24,0,164.7,62.4,38.5,64,107,22.2,20,22,150,0,23.00368391
63,1,169,49.7,21.6,87,154,20.4,14.2,22,125,1,17.40135149
57,0,157.3,52.5,28.8,87,142,21.6,23.4,22,148,3,21.21787361
38,0,167.3,51.3,18.2,79,123,26.2,13.8,22,181,1,18.3284392
59,0,159.1,64.5,35.5,63,123,27.6,23.1,22,116,3,25.48116942
62,1,172,69.1,19.8,72,118,39.4,5.2,22,188,1,23.35722012
61,1,168.5,67,18.6,77,122,40.6,2.9,22,155,1,23.59798889
25,0,160,48.5,31.1,63,111,23.5,18.9,22,135,1,18.9453125
25,0,160.9,61.1,33.5,77,123,24.1,19.1,22,132,1,23.60093029
28,0,158,48.1,28.1,53,104,25.3,20.5,22,124,1,19.26774555
45,0,155.1,53,35.8,70,138,26.4,21.2,22,133,2,22.03191635
64,0,159.7,49.34,28.4,65,115,25.6,14.9,22,101,1,19.34591667
56,1,166,77.4,26.3,85,155,38.8,3.5,22,184,0,28.08825664
62,1,180.9,74.2,25.6,81,137,44.5,-2.3,22,183,0,22.67392844
63,0,150,53,34.9,55,126,21.3,3.9,22,130,0,23.55555556
49,1,156.6,64.6,31,88,146,33.6,13,22,194,0,26.3420156
28,1,164,79.7,30.7,90,142,38.7,-2.6,22,134,0,29.63265913
53,0,154,48.4,32.9,53,91,20.4,7.9,22,126,0,20.40816327
59,0,156.7,55.82,30.6,84,140,21.3,14.2,22,136,1,22.73274285
37,0,168.8,57.6,23.1,83,126,29.6,16.5,22,165,1,20.21517935
37,0,155.7,53.8,30.1,97,143,14.4,-4.5,22,100,0,22.1924398
62,1,169.1,65.3,29.2,97,153,36,14.8,22,152,0,22.8363119
63,0,151.4,45.8,16.2,94,134,23.8,23.7,22,127,3,19.98083933
50,1,173.2,84.1,32,75,118,38.6,12,22,197,0,28.03497805
37,0,159.4,53.8,19.9,65,110,26.7,21.1,22,142,1,21.17413324
52,0,160,60.5,33.5,98,153,22.4,19.5,22,177,1,23.6328125
58,0,165.4,65.6,35.4,92,147,30.6,20.1,22,120,2,23.97909725
56,0,157.5,67.2,33,90,144,35.5,23.6,22,180,3,27.08994709
57,0,163.5,57.1,33.6,62,126,23.5,20,22,151,3,21.35996783
25,0,167,61.3,32.5,66,109,28.5,-6.5,22,169,0,21.97999211
61,1,168.4,75.5,30.2,80,117,32,7.9,22,140,0,26.62335464
59,0,156,54.1,32.6,75,125,20,21.5,22,90,0,22.2304405
48,0,161.3,58.3,32.7,64,123,24,21.9,22,180,2,22.40783098
27,0,160.1,58.4,37,59,106,18.4,8.8,22,151,0,22.78401109
27,1,181,83.18,16.4,79,137,50.3,-0.1,22,220,0,25.38994536
63,1,179.3,66.4,25.1,91,153,31.3,10,22,130,1,20.65415825
43,0,163.3,70.1,31.7,77,118,24.7,26,22,154,1,26.28727984
26,0,167,57.5,28,70,105,24.1,31.8,22,156,1,20.61744774
53,0,152.7,47,23.9,74,125,21.1,16.3,22,142,2,20.15671633
23,0,165.9,66.7,36,59,110,20.2,15.1,22,124,0,24.23444408
62,0,150.2,50.9,27.9,78,123,20.5,23.9,22,149,2,22.56201673
64,1,169.9,83.02,28.6,81,149,34.1,5.6,22,147,0,28.76046949
37,0,159.5,54.5,31.9,87,120,24.2,16.9,22,127,0,21.42274545
35,0,163.2,61.2,36.8,74,102,23.9,22.9,22,167,1,22.97794118
24,0,160,57.2,44,75,118,20.1,11.7,22,115,0,22.34375
62,0,148,48.8,28.5,88,128,22,14,22,133,1,22.27903579
35,0,150.6,50.9,35.6,66,113,19.9,19,22,127,1,22.44232455
63,1,168.8,66.4,25.5,78,136,38.7,17.7,22,174,1,23.30360953
60,1,159.4,59.6,26.7,91,150,36.2,3.1,22,156,1,23.45684649
23,1,176.9,66.7,14.2,84,136,36,8.9,22,183,0,21.31425553
53,0,151.6,45.4,32.3,80,138,20.1,21.7,22,142,2,19.7541092
62,0,160.5,55.1,34,80,128,25.1,26.2,22,108,3,21.38954397
53,0,159,61.1,31.7,68,104,29.5,23.7,22,130,2,24.16834777
39,1,173.2,79.3,29,79,123,39.6,9.9,22,199,0,26.43488418
54,0,160.5,63.8,35.7,81,132,19.8,7.8,22,137,0,24.76684038
40,0,161.2,56.88,27.8,80,120,27.8,16.4,22,153,1,21.88918102
56,0,167,69.2,30.9,68,113,27.8,20.5,22,143,2,24.81265015
49,0,164.7,72.1,34.3,89,154,36.1,15.3,22,137,2,26.57957708
45,0,164.4,56.3,23.8,89,150,25.8,12.4,22,162,1,20.83074337
56,0,153.6,47.7,26.9,75,126,21.4,20.4,22,154,3,20.21789551
63,1,163.1,61.5,24.9,61,107,36.3,9.7,22,178,1,23.11890145
43,0,161.5,53,31.5,69,111,27.1,12.7,22,150,1,20.32033279
43,1,168.3,83.1,27.7,97,153,41.4,-5.1,22,183,0,29.33815453
59,1,156.6,64.9,29.8,89,159,41.6,-9.7,22,145,0,26.46434694
28,0,152.8,51.5,23.8,82,129,21.7,15.1,22,151,0,22.05771497
63,1,170,65.9,22,70,150,32.4,6.6,22,143,1,22.80276817
62,1,165.9,69.9,24.8,99,156,42.8,6.2,22,148,1,25.39711606
51,0,162.9,62.7,33.3,82,149,32,18.3,22,156,2,23.6279135
32,1,171.5,72.7,21.7,90,127,37.6,4.6,22,172,0,24.71759216
23,1,183.5,96.3,29.6,78,117,44.7,-12.4,22,170,0,28.59921746
43,0,157.3,55.2,21.8,73,119,33.1,23,22,150,1,22.30907854
21,0,162.5,49.5,24.1,75,134,26.5,18.4,22,135,0,18.74556213
54,1,174.5,72.4,22,61,120,39.9,5.2,22,184,0,23.77648788
64,0,164.8,70.5,33.1,75,151,27,17,22,120,2,25.95820765
42,1,175,80.4,27.1,93,149,40.6,16,22,210,0,26.25306122
49,0,153.1,55,31.1,69,112,20.9,10.3,22,155,0,23.46455423
50,1,168.1,78.3,32.6,89,139,41.6,16.4,22,156,0,27.7093498
60,1,170.5,73.8,21.1,92,146,36.8,-5,22,114,0,25.38677858
56,0,165.5,58.9,16.1,75,123,26.9,34.8,22,163,3,21.50400234
46,0,156.2,60.8,36,82,115,20.7,11.5,22,136,0,24.91962601
55,0,161.6,60.9,33.7,75,151,22.9,21.8,22,154,2,23.32032399
60,1,161.6,47.3,3.5,82,130,32,13.3,22,156,1,18.11250123
52,0,159.3,54.4,24,74,126,27.1,22.8,22,156,2,21.43716487
57,0,161.3,45.2,16.4,66,114,23.4,27.5,22,153,3,17.3727952
32,0,156.7,59.5,38.1,87,126,23.4,17.2,22,134,1,24.231426
42,0,153,42.8,27.4,100,130,17.8,-4.7,22,127,0,18.28356615
30,0,169.5,54.6,19,74,118,29.1,26.1,22,168,1,19.00435952
31,0,156,49.4,24.3,69,117,27.3,18.4,22,151,1,20.2991453
61,1,167.5,54.9,15.4,84,134,38.6,21,22,215,1,19.56783248
62,1,175.9,59.34,22.2,90,154,32.6,3.3,22,144,1,19.17855415
27,0,156.5,48.9,15.8,78,112,23.7,29,22,190,1,19.96549929
53,0,163.5,67.72,29.9,80,120,25.9,11,22,161,0,25.3326974
64,0,155.7,52.6,27.6,75,119,29.2,26.5,22,154,1,21.69744115
25,0,158.6,46.2,17.8,62,115,22.1,19.6,21,135,1,18.36688935
64,0,153.2,50.1,28.2,98,159,23.3,26,21,115,2,21.34618138
54,0,150.9,54.4,32.6,65,108,22.1,24.7,21,148,2,23.89023491
24,0,167.9,55.9,28.9,55,111,27.2,9.8,21,170,0,19.82943845
35,0,151.7,44.1,26.6,87,128,20.2,15.2,21,113,1,19.16317333
38,0,170.6,62.8,32.8,81,129,19.2,19.1,21,172,1,21.57752309
48,1,172,75,38.2,71,139,31.9,6.5,21,202,0,25.35154137
48,0,151.3,49.4,27.3,45,91,18.7,8.5,21,149,0,21.57988336
21,0,167.7,61.1,28.3,58,109,23.5,22.9,21,172,0,21.72576537
25,0,167,51.2,23.9,80,126,26.1,20.1,21,130,0,18.3584926
60,1,161.3,68.2,23.3,89,153,39.6,15.9,21,182,1,26.21293435
46,0,159.1,52.9,32.5,76,123,21.9,8,21,140,0,20.89850949
53,0,154.4,52.1,31.6,78,129,25.6,17.2,21,117,2,21.85461355
35,0,157.5,51,28.2,67,113,20.3,11.7,21,119,1,20.55933485
57,1,159,62.7,28.4,92,145,37.4,8.5,21,175,0,24.80123413
40,0,156.2,64.5,33.6,82,114,25.6,0.1,21,171,0,26.43611641
28,0,166,61,29.2,73,124,20.8,7.2,21,153,0,22.13673973
53,0,156,54.4,31.9,88,136,25.7,4.5,21,159,0,22.35371466
47,0,161.2,63,28.8,77,132,24.7,11.4,21,156,0,24.24434606
62,0,163.4,56.7,34.5,82,132,22.8,19.6,21,124,3,21.23630502
42,1,180.5,79.8,23.6,91,137,40.7,-3.9,21,194,0,24.49336638
51,0,167.2,58.52,27.3,80,128,19.6,12.8,21,165,1,20.93301435
23,0,169.9,54.2,24.9,66,106,18.2,22.8,21,133,0,18.77640866
39,0,158.5,57.1,28.9,65,130,28,20.1,21,139,1,22.72885589
52,0,156.5,61.1,37.1,93,152,28.8,21.9,21,147,2,24.9466668
41,0,165.1,57.2,30.1,92,143,19.7,9.4,21,159,0,20.98465735
47,0,164.6,60.4,32.6,79,119,24.1,15.4,21,150,1,22.29344971
62,0,160.3,62.9,26.4,88,132,26.9,24.4,21,123,1,24.47843232
61,1,162.3,64.8,20.2,92,150,32.6,8.8,21,170,1,24.60016195
62,0,153,56.5,33.5,83,143,27.3,13,21,118,1,24.13601606
55,0,156,58.1,36.6,80,120,22.8,12.7,21,158,1,23.87409599
62,0,159.6,59.3,34.4,80,113,27.5,22.6,21,131,3,23.28031859
54,0,160,58.3,39.5,64,119,21.3,21.3,21,126,1,22.7734375
56,0,158.9,51,23.5,93,146,24.2,20.6,21,130,3,20.19865176
58,0,159.1,58.02,31.5,67,119,23.9,13.1,21,134,1,22.92120077
63,1,173.2,74.26,23.9,80,136,44.4,15.2,21,166,1,24.75478561
62,0,151.3,62.3,37.2,94,155,26.6,20.8,21,103,3,27.21511605
21,0,154.6,45.2,28.20985,78,117,21.8,21.4,21,139,0,18.91121602
55,0,155.6,58,31.8,84,152,25.2,23.3,21,143,3,23.95569683
64,1,171.6,55.5,11.9,80,140,28.4,9.8,21,183,1,18.84770241
52,0,161.8,69.3,49.3,66,123,23.9,0.1,21,101,0,26.47135669
61,0,154.3,41.4,23,65,121,25.8,23,21,123,3,17.38875502
46,0,162.3,60.3,28.1,79,125,17.6,17.4,21,142,1,22.89181737
44,0,165.8,62,24.6,60,105,28.3,14.8,21,142,1,22.55395123
21,0,167.1,74.9,41.7,67,126,22.6,20.3,21,131,0,26.82433214
43,0,160.6,58.5,31.8,56,109,23.6,20,21,153,1,22.68113503
39,0,159,67.4,38.1,97,153,24.7,15.7,21,149,0,26.6603378
52,0,150.7,57.2,35.1,70,120,21.3,18.2,21,149,0,25.18659879
51,0,164.4,55.8,31.5,64,111,23.1,22,21,148,2,20.64574564
47,0,159.1,50.6,26.3,75,101,24,20,21,130,1,19.98987864
46,1,172.2,76.1,26.7,93,153,42.1,-1.9,21,189,0,25.66364638
32,0,153,46.7,21.4,79,120,25.2,12.5,21,158,1,19.94959204
22,1,167.2,76.5,30.21,58,107,28.2,2.8,21,181,0,27.36458643
37,0,167.2,57.6,21.1,77,121,28.1,26,21,170,1,20.6039239
25,0,162.1,53,24.3,74,126,21.2,14.4,21,144,1,20.17018307
54,1,165.7,68.1,24,92,131,45.4,2.5,21,180,0,24.80287903
22,0,166,55.7,32.5,63,107,24.6,14,21,130,0,20.21338366
60,1,168.5,79.1,32.4,83,156,36.8,1.7,21,171,0,27.85971524
59,1,160.4,64,24.4,93,154,33.7,15.1,21,217,0,24.87546719
62,0,162.2,62.1,37.2,71,145,28.1,26.6,21,110,2,23.60423341
63,1,166.7,65.7,30.3,88,143,32.9,2.2,21,155,0,23.64254204
51,0,151.6,47,26.4,77,117,19.7,19.6,21,135,2,20.45028926
59,0,157.7,57.32,31.9,73,157,26.7,19.3,21,118,1,23.04850681
41,0,161,51.8,18.8,70,122,25.1,20,21,170,1,19.98379692
50,0,162,51.5,25.3,76,128,29,26,21,135,2,19.623533
49,0,153.9,49.4,35.5,84,145,23.2,10.9,21,120,1,20.85689762
37,1,168.8,99.2,44.8,96,136,34.6,6.3,21,191,0,34.81503111
44,0,167.4,60.4,28,73,121,25.9,21.6,21,141,1,21.55390832
60,0,161.8,48.4,20.9,63,105,23,22.3,21,131,3,18.48793166
30,1,185.1,87,34.2,77,128,40.8,2.7,21,180,0,25.39255578
56,0,163.3,66.62,38,90,151,26.8,19.9,21,101,2,24.98229077
64,0,151.9,47.6,29.4,59,118,18.8,15.9,21,104,1,20.62962839
32,0,164.1,54.4,27.3,63,103,20.3,25.5,21,137,1,20.20141254
61,0,155.8,59.7,34.3,72,111,24.9,21,21,125,1,24.59458079
52,0,154.5,54.4,37,70,112,21.7,20.8,21,134,2,22.78987443
60,1,172.4,66.5,26.5,78,118,38.4,10.9,21,161,1,22.37417973
53,1,167.7,100.1,39.9,92,136,35.1,-4.4,21,162,0,35.59327518
61,0,160,59.4,33.8,95,134,20.8,16.8,21,89,1,23.203125
32,0,171.7,56,22.5,82,121,25.8,15.1,21,147,1,18.99535597
22,1,179.9,74.1,16,76,135,36.1,13.1,21,212,0,22.89580308
55,0,162,57.8,33.3,75,147,21.9,21.3,21,141,2,22.02408169
60,1,164.2,58.9,25,86,149,29.9,5.2,21,170,1,21.84585211
45,0,154,52.9,26,72,118,24.4,14.8,21,140,1,22.30561646
57,0,157,61.1,34.8,74,128,22.8,13.5,21,124,1,24.78802385
62,0,151.2,55.9,37.9,72,142,19.4,18.4,21,99,1,24.45165309
50,0,159.3,60.4,30.2,81,117,22,21.4,21,142,1,23.80155806
44,1,174.7,79.6,22.7,81,110,52.4,1.2,21,163,0,26.08118128
25,1,169.9,65.3,23.4,81,134,29.4,17.3,21,158,0,22.62176172
47,0,159.8,54.3,31.1,71,128,21.5,18.8,21,159,1,21.26406444
26,1,169.3,56.8,9,70,113,42.3,23.7,21,197,0,19.81684076
62,1,170.8,67.4,22.7,88,152,36.5,21.2,21,181,1,23.10383976
64,0,157,50.3,22.3,79,118,22.5,29.5,21,139,3,20.40650736
62,1,164.6,49.3,20.2,80,128,35,15.2,21,157,1,18.19647468
61,1,169.6,73.7,26.6,83,153,31.8,3.5,21,169,0,25.62216314
56,0,162.7,49,24.3,72,125,23.9,23.4,21,164,3,18.51062037
62,0,163.8,64.9,29.3,79,136,31.4,24.3,21,119,1,24.1889436
63,0,153.8,56.4,27.1,88,145,22.7,23.5,21,124,2,23.84330384
51,1,177.1,89.9,24.9,80,129,52.3,7.4,21,212,0,28.66306109
52,0,161.3,56,28.4,83,149,27,14.9,21,131,1,21.52381706
55,0,162.9,60.2,30.7,74,126,30.1,19.9,21,141,2,22.68581168
63,0,154.2,62.7,32.2,60,119,22.4,22.4,21,113,2,26.36931167
48,1,176.3,75.5,24.4,86,147,40.6,-11.8,21,176,0,24.29082846
61,1,160.7,74.3,32.1,97,153,35.2,5,21,132,0,28.77113933
56,1,162,73.6,30.5,76,134,38.8,15.6,21,176,0,28.04450541
62,1,171.2,62.5,22.8,78,123,41,4.3,21,177,1,21.3241877
21,0,167.4,72.18,40,82,133,18.7,-4,21,94,0,25.75763415
60,0,158.8,65.5,35.6,69,128,27.9,20.1,21,147,3,25.97408777
53,1,175.5,81,30.3,93,145,39.9,12,21,180,0,26.29848784
23,1,159.3,60,17,90,151,26.3,13.1,21,250,0,23.64393184
22,0,149.9,47.2,32.5,69,108,20.5,9.9,21,124,0,21.00577614
54,1,172.6,66.5,17.2,75,143,37,14.4,21,189,0,22.32235767
51,1,165.1,87.2,30.4,87,140,46.2,6,21,206,0,31.99059653
56,0,151.3,50,27.2,84,119,28.4,21.5,21,125,2,21.8419872
36,0,160,49,25.6,99,150,23.4,19,21,176,1,19.140625
57,0,151,46.1,27.3,77,127,22.4,22.2,21,137,3,20.21841147
28,0,170.9,60.7,17.7,62,121,42.5,19,21,228,1,20.78282428
60,0,160.9,63.9,28.6,81,144,27.3,24.5,21,134,2,24.68247865
58,1,171.6,71.5,21.5,76,140,38.7,18,21,198,0,24.28127428
64,0,154.4,49.5,32,61,110,20.1,15.6,21,155,1,20.76398024
46,0,164.3,71.2,32.6,80,120,28,10.5,21,156,0,26.37575298
27,0,158.8,47.7,26.7,80,127,20.3,14,21,144,0,18.91548071
64,1,164.5,69.1,28.4,65,145,28,0.2,21,173,0,25.53561035
48,0,154.3,60.4,37.1,79,116,25.3,13.2,21,130,0,25.36910153
47,0,162.8,65.8,29.8,75,115,29,26.1,21,133,1,24.82659117
57,0,164.3,66.1,32.3,82,134,26.2,15.9,21,135,2,24.48647854
64,0,158.6,52.7,28.9,57,114,21.1,25.5,21,126,3,20.95097551
55,0,146,39.1,22.1,68,115,23.1,22.6,21,120,3,18.34302871
26,0,162,49.6,21.5,81,127,26.1,20.4,21,166,1,18.89955799
46,0,159.7,52.8,24,85,131,24.8,16.9,21,152,1,20.70256182
40,0,157.8,44.5,21,95,144,26,25.9,21,148,0,17.87088307
31,0,162.9,47.8,21,61,100,28.8,23.8,21,171,1,18.01298669
49,0,155,59.4,34,97,124,22.6,15.4,21,128,1,24.72424558
51,1,173,75.7,18.2,90,153,42.4,-10.7,21,122,0,25.29319389
64,1,165.6,52.1,11,71,119,32.2,12.1,21,146,1,18.99840136
58,0,146.5,46.4,32.9,71,127,18.7,17.4,20,111,1,21.61935491
53,0,152.7,46.9,27.5,68,126,23.5,18.5,20,152,2,20.11382969
56,0,156.9,49.9,35.9,67,128,12.1,1.2,20,118,0,20.27004246
64,0,155.5,60,34.9,85,130,17,12.8,20,100,0,24.81363923
21,1,175.1,103.6,39.1,89,147,28.8,-14.3,20,119,0,33.78994332
39,0,161.5,52,26.4,67,118,23.6,22.5,20,188,1,19.93693029
43,0,162.7,51.1,25.5,56,108,17.1,17.1,20,136,1,19.30393268
56,0,158.6,59.74,27.1,80,120,23.2,22,20,156,2,23.7497396
24,0,161.7,50,24.8,75,122,18.2,15.5,20,114,0,19.12273314
62,0,149.1,60,37.1,82,139,22.5,17.4,20,119,2,26.98956988
44,0,159.7,58.8,32.6,75,106,23.5,21.9,20,132,1,23.05512567
21,0,157.7,45.54,17.7,75,107,22.2,24.9,20,184,0,18.31174111
58,0,156.4,59.5,30.2,80,140,32.3,21.3,20,153,3,24.32447459
52,1,166.8,71.3,25.4,92,142,39.4,15.7,20,187,0,25.62698043
42,0,161.3,61,35.6,58,100,26.3,8.8,20,122,0,23.44558645
47,1,176.1,80.2,22.8,73,123,43,2.3,20,196,0,25.86161585
61,0,147.5,52.2,36.2,82,158,19.5,19.3,20,122,2,23.99310543
55,0,160.2,54,26.3,90,135,28.4,23.3,20,149,3,21.04111434
61,0,157.6,56.9,36.5,88,159,21.7,20.8,20,121,3,22.90866809
51,0,156,63.3,37.6,65,107,20.7,16.1,20,162,0,26.01084813
62,1,175.8,66.6,21.1,83,154,35.2,8,20,171,1,21.54946476
60,1,164,54.8,14.2,67,125,25.4,15.6,20,159,1,20.37477692
46,0,167.5,57.5,23.1,91,136,24.9,14,20,146,1,20.49454221
39,0,156.4,55.5,33.1,67,111,20.3,10.2,20,155,0,22.6892158
51,1,161.2,56.3,23.7,93,136,31.3,7.2,20,183,0,21.6659791
50,0,166.7,62.6,31,61,101,23.1,15,20,52,1,22.5269883
43,0,161.3,60.1,30.2,70,111,26.7,18,20,143,1,23.09966796
60,0,152,49.8,26.7,63,122,22.4,10.9,20,111,0,21.55470914
55,0,156.1,56.02,32.6,72,117,27.9,16.8,20,119,2,22.98991144
54,0,158.4,51.42,28.7,85,140,22,23.5,20,130,2,20.49376339
33,1,165.8,58.6,19,67,117,35.3,-14.2,20,182,0,21.31712165
35,0,164.6,62.3,35,88,122,20.1,15.3,20,136,1,22.99473373
51,0,165.1,61.7,33.4,66,105,24.1,15,20,157,1,22.63554823
33,0,163.2,55,23.5,82,113,30.7,14.4,20,162,0,20.65011053
59,0,161.9,59.6,34.4,71,130,27.5,17.8,20,151,2,22.73801571
23,0,156,57.2,32.7,67,110,25.7,32.1,20,169,0,23.5042735
55,0,150.3,60.7,39.8,85,138,24.8,19.7,20,145,2,26.87018954
49,0,159.6,57.8,32,93,146,29.4,17,20,136,1,22.69144038
58,1,167.2,67.3,24.5,83,140,30.9,14.2,20,178,0,24.07368192
47,0,157.6,52.1,28.9,80,115,16.7,11,20,130,1,20.97612667
44,1,173,75,26.7,99,152,34.2,13,20,209,0,25.05930703
63,0,157.8,57.1,27.4,55,123,21.6,14.7,20,154,1,22.93095333
60,1,167.3,60.6,22.4,76,118,27.1,5.3,20,180,1,21.6511387
37,0,157.4,43.7,23,71,114,23.6,14.8,20,155,1,17.63891961
35,0,160.9,66.6,36.6,85,136,25.8,15.1,20,161,0,25.72540028
56,0,158.3,55.8,35.8,92,128,23,23.6,20,146,2,22.26754657
56,0,152.2,64.3,36,66,102,19.1,17.7,20,92,0,27.75758434
59,0,157,50.7,36.4,85,154,25.9,18.9,20,155,2,20.56878575
51,1,171.5,68.8,24.3,68,103,29.5,-2,20,175,0,23.39161404
62,0,158.7,59.3,34.2,78,143,30.5,24.6,20,160,3,23.54511629
39,1,175.9,73.5,25.1,89,134,29.7,13.1,20,161,0,23.75503421
54,0,150.1,56.1,37.2,63,115,22.6,15.8,20,162,1,24.9001221
46,0,154.5,52.6,30.9,87,140,22.1,20.5,20,138,1,22.0357977
62,1,175.9,66,20.2,73,141,34.6,5.4,20,159,1,21.33105113
36,0,161.2,57.4,35.9,63,100,24,21.9,20,149,1,22.08929308
41,0,170,76.5,32.6,94,153,31.2,11.4,20,171,0,26.47058824
31,0,160.1,52.4,24.4,85,143,22.5,17.4,20,161,1,20.44318803
59,0,152.3,54.7,36.2,80,153,23.3,28.2,20,155,2,23.58237384
53,0,154.7,49.1,26.7,55,91,25.3,16.7,20,138,2,20.51638616
62,0,161.7,60,29.9,73,121,25.7,18.8,20,141,2,22.94727977
52,0,163.5,65.8,32.1,89,147,32.3,20.1,20,149,2,24.6144638
55,0,149.6,46.7,32.5,65,107,20.7,16.1,20,135,2,20.86669622
44,1,167,57.4,18.8,66,98,35.7,-7.5,20,160,0,20.58159131
26,0,161.5,46,23.8,83,135,20.2,16.5,20,132,0,17.63651525
54,1,167.8,52.9,20.6,67,101,31.7,12,20,181,0,18.78761963
61,1,177.7,71.4,22,79,140,43,14.6,20,180,1,22.61118671
48,0,160,57.34,32.4,77,139,23,18.9,20,140,1,22.3984375
49,0,154.9,67.3,39.5,92,159,26.7,20,20,153,0,28.04866715
47,1,164.2,64.7,29.1,87,120,29.5,15.9,20,176,0,23.99705656
59,0,156.8,60.4,32.3,82,152,22.7,14.7,20,128,1,24.56658684
62,1,173.3,71.38,20.1,83,149,35.9,9,20,153,1,23.76727648
57,0,158.7,59.66,36.9,77,104,26.2,17.5,20,119,2,23.68805461
62,0,166,59.4,29.4,90,130,25.4,15.2,20,101,1,21.55610393
35,1,171.6,69.9,24.9,70,125,37.9,5.7,20,206,0,23.73791709
47,0,159,60.1,39.1,61,95,25.6,13.5,20,116,1,23.7727938
23,0,156.2,49.6,34.8,60,103,18.1,16.7,20,150,0,20.32916859
41,0,153.6,46.7,26.4,65,109,24.3,11,20,155,1,19.79404026
52,1,171,72.3,23.1,65,121,26.6,11.8,20,138,0,24.72555658
51,1,172.8,65.7,20.4,83,111,35.1,3.7,20,194,0,22.00279707
63,1,160.4,60.6,25.1,80,120,32.9,5.8,20,167,1,23.553958
46,1,160.2,76.2,35.4,75,139,42,9.5,20,187,0,29.69135023
56,1,168.4,85.5,33.3,81,121,37.1,-6,20,180,0,30.14962678
46,0,153.1,64.8,35.2,94,144,23.7,9.7,20,142,0,27.64551117
61,0,157.2,49.2,21.4,90,154,29.2,18.9,20,165,2,19.90948468
57,0,149,54.4,37.5,75,130,24.9,7,20,105,0,24.50340075
55,1,163.7,66.9,21.7,77,137,30.1,10.5,20,177,0,24.96483839
60,0,156.5,55.1,35.6,67,108,23.8,27.3,20,124,3,22.49691229
62,1,164.2,68.96,21.3,85,157,37.3,14.2,20,163,1,25.57707914
45,0,156.6,60.6,29.7,75,139,23.3,-4.5,20,128,0,24.71093104
55,0,154.7,50.6,19.9,70,123,19.5,18.8,20,142,1,21.14315967
38,0,171.4,56.3,29.6,57,96,23.4,-11.1,20,140,0,19.16402637
40,1,164.2,77,28.1,79,128,40.9,1.3,20,165,0,28.55909359
36,1,176.5,73,32.2,93,125,42,2.9,20,203,0,23.43329936
63,0,160.3,54.5,29.6,79,139,24,25.7,20,108,2,21.20945249
51,0,155.9,56,35,85,143,28.5,17.4,20,133,1,23.04070676
58,0,160.1,64.6,31.3,94,154,20.5,21.5,20,134,1,25.20286158
58,0,154.7,51,26.4462,60,117,25.9,23.2,20,141,0,21.31029927
62,0,163,57,30,91,160,25.2,22.5,20,108,2,21.45357371
63,1,168.9,81.1,25.7,80,130,31.5,8.9,20,151,0,28.42899814
60,0,156.8,60.9,25.8,80,130,30.9,20.3,20,153,3,24.76995262
48,0,154.5,50.7,29.2,66,93,24.2,12.4,20,138,0,21.23982782
60,1,176.7,80.9,31.6,92,147,40.9,16.4,20,177,0,25.91047786
58,0,154,55,33.1,62,113,20.8,15.8,20,164,2,23.19109462
31,0,160,48.8,21.4,62,101,24.4,23.9,20,150,1,19.0625
58,0,152.5,51.9,25.3,70,113,23.8,21,20,100,1,22.31658156
48,0,157.7,59.44,36.5,70,131,29.9,14.9,20,161,1,23.9009638
54,1,167.1,61.1,19.9,60,113,33.8,-6.8,20,168,0,21.88206534
21,1,181.6,88.4,25.3,83,123,39,14.9,20,220,0,26.80529411
26,1,186.9,100.36,31.6,80,130,45.1,2.1,20,180,0,28.73042496
58,0,162.3,55.7,29.9,82,133,26.3,14.6,20,144,0,21.14550958
43,0,162.7,48.3,24.7,72,124,20.6,13.5,20,140,0,18.24618294
59,0,160.1,58.5,36.5,83,130,20.8,21.1,20,145,2,22.8230248
46,0,154.4,57.4,35.8,99,155,21.1,21.4,20,158,1,24.07782759
37,0,158,57.6,35.4,70,114,29.3,12,20,135,1,23.07322544
61,0,149.5,57,32.8,89,148,26.1,21.9,20,125,3,25.50307044
61,0,149.6,48.54,31.6,75,159,24.8,25,20,133,3,21.68885298
51,0,151.9,48.78,23.7,82,140,20.7,16.7,20,156,2,21.14103515
22,0,155.5,49.3,28.4,62,108,23.8,9.9,20,120,0,20.38854023
64,1,163.3,62.3,21.2,84,142,40.1,11.5,20,179,1,23.36230434
56,0,158,57.9,27.4,88,128,20.5,20.5,20,155,3,23.19339849
62,1,172.9,63.4,24.7,77,128,41.9,-7,20,180,0,21.20797835
38,0,163.1,63,40.7,74,116,25.1,1.7,20,139,0,23.6827771
24,1,178.3,94.4,30.8,73,104,54,7.6,20,252,0,29.69404128
39,0,160.1,46.6,21.8,76,110,23,11.5,20,150,1,18.18039241
45,0,168.5,55.1,25,84,143,26,13.3,20,135,1,19.40670429
55,0,162,62.9,35.6,87,113,12.7,24.1,20,133,0,23.96738302
51,0,154.4,64.1,34.4,79,139,20.1,16.4,20,143,0,26.88830573
50,1,167,64.8,19.8,90,135,30.6,15.9,20,186,0,23.23496719
40,0,158.4,55.3,26.1,84,125,30.3,20,20,178,0,22.04016172
26,0,172,57.1,28.9,68,106,27.8,2,20,140,0,19.3009735
53,0,153.9,53,34.2,96,156,22.3,14.9,20,148,1,22.37683348
63,1,168.6,56.6,21.3,77,158,39.3,7.1,20,167,1,19.91137678
44,0,149.9,60.4,34.2,90,132,15.4,-0.1,20,63,0,26.88027286
48,0,152.2,58.5,35.1,76,136,22.4,20,20,151,0,25.2537898
27,0,166.7,47.9,24.9,56,115,21.8,19,20,151,0,17.23710447
60,0,156.7,57.2,29.9,67,134,23.8,18.8,20,126,2,23.29474903
64,1,163.7,65.8,32.6,89,154,27.7,13,20,106,1,24.55435524
63,0,159.4,60.9,18.9,96,154,26.6,27,20,130,3,23.96848911
57,0,164.8,52.2,20.6,72,128,21.9,19.5,20,186,3,19.22011971
59,0,158.9,50.3,26.5,87,151,23.5,17.8,20,119,1,19.92141536
49,1,160.9,69.6,28.4,96,149,34.5,9,20,200,0,26.88420209
39,1,177,83,28.1,76,132,46.2,1.3,20,210,0,26.49302563
50,0,155.4,50,28.5,73,125,24.6,14.9,20,134,1,20.70465391
64,0,155,50,26.3,62,104,21.9,20.3,20,142,3,20.81165453
23,0,158.6,56.7,35.9,69,112,21.6,21.6,20,138,0,22.54118238
23,0,166.8,61.6,24.9,85,137,34,14.5,20,167,0,22.14056093
41,0,161,54.5,25.3,70,119,27.9,12.2,20,148,1,21.0254234
55,0,156.4,51.6,26.79869,90,132,22.9,16.8,20,143,0,21.09483847
21,0,160.2,56.3,39.6,69,115,19.2,5.4,20,142,0,21.93730995
46,0,164,59.14,31.1,76,118,22.1,13.1,20,155,1,21.98839976
58,0,161.6,53.5,22.8,61,116,27.3,20,20,120,3,20.48665572
41,1,181.1,93.3,29.6,99,153,41.1,-9.9,20,167,0,28.44754173
60,0,153,54.6,31.3,79,121,24.5,17.3,20,171,2,23.32436242
59,0,143.7,54.6,36.6,81,156,19.6,21.2,20,120,2,26.4410749
60,0,159.7,58,33.1,69,132,25,17,20,131,2,22.74145049
64,1,168.5,66.4,23.8,89,130,34.7,9.5,20,180,1,23.38666361
63,0,161.7,57.6,31.2,80,144,19.9,9,20,131,0,22.02938858
48,0,150,51,32.3,79,123,24.6,20.1,20,150,1,22.66666667
49,0,160.8,58.6,28.9,78,116,29,18.1,20,137,1,22.66342417
26,0,167.6,52,16.9,70,118,25.4,28.5,20,180,0,18.51208412
49,0,167,66,37.3,72,110,29.2,14.6,20,148,1,23.66524436
32,0,160,56.78,28.6,87,94,22.4,19.5,20,163,1,22.1796875
40,0,161.5,58.2,30.7,78,108,21.6,25.2,20,127,1,22.31402582
39,0,164.8,52.8,16.6,85,136,24.3,19.7,20,140,1,19.44104063
51,1,173,73.3,23.3,67,115,41.1,6,20,198,0,24.49129607
37,0,175.5,61,26.4,82,133,25.1,27.5,20,185,1,19.80503405
48,1,191.8,87.5,19.7,67,110,42.1,-12,20,160,0,23.78542125
61,1,175.4,53.3,16.7,87,155,30.2,3.2,20,157,1,17.32479207
38,0,157.2,51.7,27.3,64,106,25.1,14.7,19,139,1,20.92114549
50,0,153.9,43.8,23.2,65,121,22,18.5,19,138,2,18.49255295
54,0,162.4,56.2,23.7,96,145,28,16.6,19,143,2,21.3090587
62,0,153.3,54.9,30.4,83,157,21.3,25,19,121,2,23.3608174
62,0,152.7,59.8,33.5,47,98,21.7,20.7,19,124,0,25.64620503
63,1,167.4,59.8,22,89,157,37.8,11.7,19,184,1,21.33979665
25,0,158.1,56.3,29.6,60,105,21.9,6.1,19,141,0,22.52395521
45,0,155.9,58.2,37.2,80,110,27.9,18.6,19,146,1,23.94587738
47,0,158.2,55.9,27.14,96,141,26.8,6.3,19,129,0,22.33566306
58,0,157.8,57.6,32,79,128,27.4,19.8,19,148,2,23.13174977
44,0,155,62,31.8,62,106,28,26.5,19,160,0,25.80645161
63,0,150.2,51.9,37.4,77,142,19.8,18.8,19,123,2,23.00527836
37,0,161.2,53.6,30.5,70,122,25.4,21.1,19,173,0,20.6269357
62,0,158.7,53.1,25.5,74,120,24.3,17.4,19,133,2,21.08340093
62,0,151.3,48.4,24.3,87,153,23.1,24.4,19,146,3,21.14304361
46,0,158.3,57.6,31.2,75,155,34,24.1,19,161,1,22.98585452
45,1,172.4,91,35.9,97,149,32.9,2.1,19,154,0,30.61729857
46,1,174.3,72.3,23.1,79,133,40.9,5.8,19,190,0,23.79816784
57,0,159.3,47.8,25.4,75,111,16.5,22.4,19,107,1,18.83633237
62,0,148.8,57.9,33.6,72,137,19.5,15.5,19,118,0,26.1500607
55,1,167.8,64.7,20.3,81,141,39.9,16,19,195,0,22.97843082
47,0,157,70.9,36,68,120,24.7,14.8,19,132,0,28.76384438
64,0,153.8,54.3,37.4,88,149,20.2,20,19,111,1,22.95552125
27,0,169.8,64.4,24.4,72,112,30.1,22.3,19,141,0,22.33626202
61,1,154,53,28,66,148,30.1,4.5,19,175,1,22.34778209
60,0,155.6,53.9,32.7,73,133,21,18.9,19,127,2,22.26227688
23,1,174.3,99.12,39,99,142,37.5,6.8,19,174,0,32.62620188
61,1,170.9,102.2,33.2,92,153,39.4,6.2,19,178,0,34.99183923
52,0,157.9,54.28,36.5,67,133,24.2,17.9,19,133,1,21.7708597
45,0,160.2,59.42,36.2,88,149,20.6,19.4,19,127,0,23.15301878
49,1,175.5,108.5,40.4,77,133,32.2,-10,19,74,0,35.22698679
52,0,160.4,56.7,29.7,86,114,27.7,22.4,19,106,1,22.03810922
64,0,156.7,56.4,32.1,99,145,19,19.8,19,132,1,22.96894834
61,1,163.9,59.4,24.6,74,155,18.9,12.5,19,157,0,22.11202608
63,0,159.9,61.3,35.3,64,129,20.1,19.1,19,118,1,23.97527222
60,1,167.6,68.1,27.7,65,119,40.5,-3.2,19,151,0,24.24371016
47,0,172,57.66,20.5,60,104,25.2,26.7,19,169,1,19.49026501
55,0,154.7,54.9,33.3,86,149,18.3,23.5,19,139,0,22.93991039
54,0,163.6,61,33.4,65,116,23.2,13.1,19,116,1,22.7909924
64,0,153.5,55,26.3,81,139,23.3,12.3,19,125,1,23.34242273
25,0,165.8,55.4,34.5,71,101,28.1,20.6,19,152,0,20.15304675
45,0,158.6,62.4,33,62,97,24.6,22.5,19,117,1,24.80722717
40,0,162,53.8,27.9,67,104,21.8,12.7,19,153,1,20.49992379
63,1,176.5,72.66,22.4,69,132,34.5,13.2,19,121,1,23.32415797
27,0,162.2,50.3,25.4,81,120,23.2,21.5,19,142,0,19.11904896
24,1,164.9,78.3,25.9,75,137,35.7,7.9,19,171,0,28.7952233
53,1,160.4,58.8,35.3,90,132,26.1,4.9,19,151,0,22.85433548
63,0,159.3,60.9,31.6,76,131,23.4,13.4,19,104,1,23.99859082
50,0,156,44.4,19.6,68,119,22.8,26.5,19,140,2,18.24457594
62,1,171.6,75.8,30.25304,92,159,39.7,-2.4,19,152,0,25.74154672
60,1,159.9,57.8,22.7,87,141,43,16.2,19,159,1,22.60637414
53,0,151.9,59.6,39.2,80,139,24.8,19.4,19,136,2,25.83037505
21,0,162.1,73,48.2,85,146,26.2,10.3,19,157,0,27.7815729
55,0,162.9,68.8,37.3,80,131,10.4,0.5,19,102,0,25.92664192
53,0,151.9,58.6,39.2,89,132,28.4,19,19,149,2,25.39697949
57,0,163.9,62.1,30.1,93,149,25.3,-3,19,130,0,23.11711817
64,1,165.1,67.8,24.2,99,152,34.7,17.1,19,196,1,24.87342253
38,0,159,52.96,31.2,55,99,22.5,18.6,19,141,1,20.94853843
23,1,175.3,80.7,31.3,81,118,32.7,12,19,194,0,26.26090584
53,1,162.7,52.9,19.4,83,140,36.6,11.5,19,189,0,19.98391465
50,0,163.3,66.62,36.6,94,145,30,23.2,19,137,2,24.98229077
40,1,173,84.2,35.3,96,146,44.5,9.7,19,178,0,28.13324869
35,0,154.5,53.4,31.7,65,119,24.3,24,19,136,1,22.37094291
40,0,154.5,51.9,29,76,126,24.6,17,19,140,1,21.74254564
60,1,153.9,54.8,21.7,75,136,32,16.2,19,148,1,23.1368014
61,0,162.6,65.4,32,89,140,21.9,24.9,19,106,1,24.73640973
61,0,154.2,59.1,35.5,77,118,24.9,22,19,120,3,24.85528421
31,0,156.5,54.4,27.3,57,108,19.5,4.8,19,161,0,22.2111076
63,1,171.6,66.1,23.3,79,127,40.3,16.8,19,205,1,22.44744378
54,0,160.3,52.7,27.8,85,159,30,13.4,19,151,1,20.50895681
61,0,161.4,58.1,26.1,92,137,29,21.5,19,155,2,22.3032972
61,0,160.7,58.4,25.3,86,142,28.7,23.9,19,133,3,22.61419296
39,0,153,53.6,29.1,74,112,24,22.4,19,143,1,22.8971763
27,0,167.5,58.2,33.1,79,123,28.8,16.4,19,110,0,20.74404099
24,0,155.4,48,30.2,60,118,19.7,17,19,133,0,19.87646775
64,1,170.7,62.2,20.3,78,117,38.8,16.4,19,200,1,21.34633607
35,0,166.6,64.4,29.1,71,113,24.9,18.8,19,112,1,23.20255833
64,1,166.7,62.7,23.4,70,150,33.2,12.9,19,173,1,22.56297391
61,0,158,65.02,33,86,128,27.9,21.4,19,118,3,26.04550553
60,1,183.7,82.8,22.6,81,131,41.3,4.9,19,142,1,24.53646673
44,0,160.3,52.8,27.9,82,122,24.9,13.2,19,132,1,20.54787324
64,1,172.1,59.9,15.4,72,104,21.5,-7,19,150,0,20.22390804
56,0,151.9,48,30.7,85,130,24.8,20.8,19,160,2,20.80298662
38,0,161.4,60.4,30.5,68,105,24.4,17.8,19,126,0,23.18621602
55,0,159.5,59.5,34.6,91,158,19.3,18.5,19,103,1,23.38813494
23,0,156.9,52.5,34.6,92,136,21.4,14.9,19,145,0,21.32619698
48,1,161.6,60.5,28.5,81,119,44.1,-2.5,19,118,0,23.16715273
62,0,161.2,74,37.3,83,124,22,16.4,19,113,0,28.47748585
61,0,156.2,46.2,25.9,60,112,26.6,27.8,19,129,3,18.93563687
32,1,167.3,66.6,18,78,131,47.1,5.4,19,210,0,23.7948158
33,0,165.3,91.6,42.7,63,103,28.1,9.4,19,121,0,33.5235318
58,0,160.4,47.9,20.2,79,126,21.6,19.8,19,142,2,18.61773248
62,1,179,74.7,24.7,93,147,40.5,3.7,19,168,1,23.31387909
60,1,177.8,77.4,25.2,91,132,39.4,10.9,19,158,1,24.48372244
64,0,154.6,53.5,25.6,70,113,24.2,21.7,19,84,2,22.38385083
29,0,165.4,64,37.5,81,117,22.7,7.8,19,125,0,23.39424122
61,1,159.5,54.8,18.3,80,146,24.5,12,19,141,0,21.54066882
59,0,161.1,62,39.8,88,153,23.4,15.2,19,106,1,23.88914512
25,1,182,89.2,35.7,93,137,33.9,-1.1,19,187,0,26.92911484
62,0,158.3,58.8,28.3,80,128,26.7,21.3,19,137,3,23.46472649
31,0,167,58.1,27.4,84,121,22.3,14.9,19,142,1,20.83258632
60,0,156.1,62.62,36.7,65,122,30.2,21.8,19,150,3,25.69846938
24,0,166.6,61.2,33.4,69,105,25.5,14.2,19,161,0,22.04963618
34,0,163.7,50.6,20.7,63,120,24.6,28.4,19,170,1,18.88222455
29,0,163.2,54.1,26.7,78,125,32.3,12.1,19,168,0,20.31219963
58,0,164.1,72.3,30.4,96,152,28.9,14.1,19,122,1,26.8485685
41,0,160.5,50.9,20.1,80,120,24.3,13.2,19,160,1,19.75912501
44,0,159.9,49.8,27.1,76,123,13.3,25.5,19,153,1,19.47746422
45,0,160.6,59.2,35.7,58,93,19.9,25.4,19,91,1,22.95253323
64,0,140.5,49.6,32.1,71,116,22.4,25.3,19,152,3,25.12632819
47,0,162.5,63.6,32.7,97,153,20.3,22.6,19,130,0,24.0852071
56,0,162.7,57.8,24.4,73,128,28.8,27,19,175,2,21.83497669
41,0,157.8,82.1,46.1,66,110,31.3,5.4,19,126,0,32.97077528
57,0,156,58.78,36,75,148,23.4,22.1,19,143,2,24.15351742
23,0,167.5,52.4,27.4,70,123,24.6,12.8,19,148,0,18.67676543
62,0,158.6,54.6,24.1,77,145,19.7,24.5,19,124,3,21.70632378
21,0,153.5,52.7,38.4,82,118,15.8,-3,19,114,0,22.36628505
60,0,147.5,53.1,32.6,76,140,20,14.9,19,118,1,24.40677966
40,0,151.9,58.3,29.9,90,140,24,13.8,19,131,1,25.26696083
39,0,154.3,51.7,32.3,69,108,26.3,15.3,19,135,1,21.71494286
43,0,166.7,55.9,28.5,81,119,28.3,20.4,19,181,1,20.11595281
61,0,159,61,34.5,74,124,23.4,-1.5,19,134,0,24.12879237
54,0,162,59.8,30.4,94,134,21.8,-5.3,19,161,0,22.78616065
64,1,177.2,88.2,32.3,99,160,50.6,-7.2,19,153,0,28.0893151
55,0,157.6,53.1,27.1,70,128,29,16.9,19,150,2,21.37873947
50,0,158.5,79.7,38.6,95,154,24.4,10.3,19,137,0,31.72486541
53,0,155.1,60,31.2,78,125,28.2,17.6,19,139,2,24.94179209
42,0,164.5,63.7,32.2,72,135,22.7,0.8,18,146,0,23.54006338
27,0,168.5,64.2,26.2,76,108,25.2,23.1,18,164,0,22.61180428
62,0,162.4,68.1,25.3,80,120,29.4,12.5,18,140,1,25.82111917
37,1,171.9,96.6,38.6,117,155,39.5,14.4,18,193,0,32.69078678
61,0,159.6,63.1,32.3,62,115,22.4,12,18,117,1,24.77214339
61,0,160,69.2,39,100,130,33.9,21.4,18,111,2,27.03125
53,1,177.3,88.48,35.6,76,130,36.3,6.4,18,183,0,28.14671027
61,0,145.5,47.4,29.4,96,159,23.1,17.2,18,149,1,22.38991037
61,0,161.1,62.8,37,86,136,22.3,18.7,18,123,1,24.19739215
46,1,172.9,73.4,19.1,83,130,30.5,-1.1,18,211,0,24.55308534
58,0,150.3,66.3,37.8,82,120,12.9,12.8,18,140,0,29.34915266
37,0,160.5,74.9,36.4,93,126,33.9,17.8,18,161,0,29.07580478
53,0,157,63.3,31.8,82,130,24,11.1,18,153,0,25.68055499
59,0,162.8,57.94,30.9,78,123,26.9,6.2,18,137,0,21.86098316
30,1,178,91.8,30.2,81,141,37.2,-3.6,18,211,0,28.97361444
50,0,166,61.2,31.4,80,139,22.1,16.8,18,130,1,22.2093192
58,0,150,55.7,34.1,95,155,22.6,17.5,18,120,2,24.75555556
56,0,159.9,80.72,46.1,88,152,26.1,24.5,18,138,0,31.57070104
21,0,161.4,57.5,32,77,108,21.6,2.5,18,153,0,22.07297055
63,0,167.8,68.6,36,89,151,27.3,22.1,18,126,1,24.36352943
64,1,167.4,61.5,24.1,84,139,35,6.2,18,165,0,21.94644639
60,1,160.6,64.8,29.7,98,139,30.2,12.8,18,179,0,25.12371881
63,1,162.1,60.9,22.6,84,120,38.8,-1,18,162,0,23.17668205
60,1,163.6,60.1,20.5,96,141,33.5,18.8,18,180,0,22.45473186
23,0,165.1,63.2,19.9,64,113,21.1,15.6,18,161,0,23.18584519
49,0,160.8,72.42,36.1,82,146,27.5,17.4,18,120,0,28.0082795
26,0,159.5,49.7,23,65,122,20.5,12.8,18,110,0,19.53597154
35,0,163.5,62.5,21.2,81,117,23.5,0.4,18,151,0,23.37999981
24,0,171.5,61.7,32.5,88,146,25.3,-2.2,18,149,0,20.97765387
37,1,169.9,85.2,34.1,97,156,34.3,2.2,18,205,0,29.51568298
46,0,166.8,64.5,20.3,90,134,28.7,12.7,18,161,1,23.18289253
61,0,153.8,52.3,28,80,124,27.7,17.4,18,124,2,22.11001402
62,0,157.2,50.4,26.7,83,140,29.4,19.8,18,159,3,20.39508187
61,0,154.4,52.3,31.7,76,155,23.2,18.2,18,133,2,21.93850842
47,0,155.6,66.8,36.1,97,142,26.6,-1.3,18,143,0,27.59035428
57,1,165.2,59,19.6,99,158,25.3,-2.7,18,140,0,21.61881702
47,0,156.5,49.1,27.8,69,127,19.3,19.4,18,150,1,20.04715777
52,0,155.1,47.3,25,80,132,24.2,12.5,18,149,1,19.6624461
43,0,165.5,80.74,44.4,84,126,27.5,7.7,18,137,0,29.47764259
63,0,166.2,66.4,33.1,68,138,20.9,14.6,18,138,1,24.03842673
61,1,161.4,62.5,25.7,89,115,31.4,-6,18,180,0,23.9923593
31,1,171.9,96.6,38,85,120,28.2,5.4,18,188,0,32.69078678
49,0,159.2,64.8,34.8,95,147,22.7,8.2,18,132,0,25.56753617
26,0,163.1,46.1,22.3,55,91,20.9,-0.3,18,134,0,17.32977816
61,0,159.1,53.6,25.3,71,127,26.8,22.3,18,118,3,21.17504931
64,0,153,52.3,31.9,70,140,22.1,28.4,18,125,3,22.34183434
48,0,151.8,54.6,32.5,92,148,26,10.4,18,135,0,23.69458462
22,1,182.8,70.6,21.2,67,117,46.6,-7.3,18,190,0,21.12770471
50,0,162.5,49.2,26.6,68,102,16.4,11.6,18,147,0,18.63195266
38,1,169.3,64.5,24.8,88,125,31.5,9.8,18,190,0,22.50327868
60,0,156.6,55.7,31.6,80,120,26.8,13.7,18,140,1,22.71285246
61,0,152.8,45.3,23.9,85,145,22.8,18.1,18,127,0,19.40222308
48,0,160.7,58.7,28.6,91,158,28.3,20.3,18,152,1,22.73036176
21,1,169.3,70.7,27.8,90,133,35,1.3,18,198,0,24.66638453
57,0,156.8,61.3,32.4,87,142,26.6,13.6,18,134,1,24.93264525
57,1,175.1,73.1,30.5,76,135,36.7,-6,18,167,0,23.84213182
41,0,164.1,72.5,35.3,77,128,31.1,22,18,178,0,26.9228384
62,0,151,60.9,28.9,80,120,24.2,12.5,18,130,1,26.70935485
37,0,168.2,54.1,28.4,82,125,22.6,17.7,18,158,0,19.12252697
62,0,154.5,47,27.2,74,144,24.7,16.5,18,123,2,19.68978121
59,0,154.3,76.1,48,66,118,17.2,4.6,18,91,0,31.96338785
34,0,156,64.4,35.1,83,122,27.2,21.4,18,150,0,26.46285339
62,1,181.4,80.2,28.2,80,153,31.6,1,18,127,0,24.3724845
48,0,165.5,74.5,31.8,67,119,32.8,4,18,160,0,27.19945966
61,0,167.4,60,30.3,89,149,24,21.7,18,148,2,21.41116721
60,0,154.4,58.5,27.5,64,122,28.5,14.7,18,139,1,24.53924938
56,0,150.6,49,32.5,66,113,21.5,21.4,18,152,2,21.60459534
61,0,158,50,30,90,130,24,14,18,120,1,20.02884153
56,0,152.9,49.2,30.4,78,122,18,18.2,18,142,2,21.04505824
49,0,153.6,56.5,38.7,89,149,19.6,10.4,18,155,0,23.94782172
63,1,171,70.2,20.7,66,125,40.5,-1.6,18,179,0,24.00738689
44,0,167.9,64.3,38.1,80,127,32.3,-6,18,97,0,22.80917518
22,0,154.1,43.5,26.3,65,105,25.2,7,18,140,0,18.3182499
60,0,152.4,56.1,35.2,65,98,22.4,15.8,18,138,1,24.15421498
58,0,153.7,54.1,27.8,92,158,23.1,16.3,18,148,2,22.90074074
57,0,161,65.4,40,83,140,28.2,9.5,18,144,0,25.23050808
62,0,158.7,56,31.8,96,145,26.6,26,18,145,1,22.23484844
61,0,151.3,50.9,26.9,97,135,21.7,22.8,18,142,3,22.23514297
58,0,154.6,53.5,33.6,79,124,22.8,21.7,18,121,2,22.38385083
62,0,148.7,52.6,36.7,67,127,25.3,12.7,18,101,1,23.78832192
34,0,164.5,61.2,32.9,82,138,12.5,12,18,160,0,22.61619904
41,0,160.2,71.3,38.4,69,116,22,8,18,125,0,27.78206393
63,0,153.6,58.2,37.7,65,122,22.4,25,18,120,1,24.66837565
39,0,148.3,66.56,42.4,81,143,9.1,-9.3,18,152,0,30.26432633
51,0,151.3,56.5,37.9,81,145,23.3,14.7,18,148,1,24.68144554
62,0,149.1,57,33.2,87,145,17.7,22.6,18,134,2,25.64009139
61,0,158.9,59.2,40.1,88,154,23.3,12.6,18,112,0,23.44627812
64,0,153.4,47.4,30.9,79,125,21,23.3,18,127,3,20.14316093
62,0,145,50.2,33.3,81,120,23.5,21.8,18,129,3,23.87633769
52,0,149.6,46.56,25.1,84,124,22.5,7.1,18,156,0,20.80414081
61,1,167.3,67.3,23.2,88,146,38.3,-2.3,18,166,0,24.04491146
59,1,165.5,84.7,32.1,77,144,42.6,-1.5,18,171,0,30.92341253
56,0,163.2,55.3,20.2,80,159,25.3,22.5,18,154,2,20.7627475
54,0,147.7,60.9,36.6,80,129,19.7,6.4,18,129,0,27.91620006
63,1,166.6,75.5,31.6,62,122,34.1,6.7,17,140,0,27.20175705
21,0,158.1,53.6,27.63524,70,115,18.9,12.4,17,116,0,21.44376553
50,0,158.4,57.2,32,69,134,21.1,18.6,17,136,1,22.79741863
45,1,167.4,82.9,33.4,87,145,39.3,2.8,17,185,0,29.58309603
53,0,163.9,60.8,35,89,145,21.3,4.1,17,130,0,22.63318494
48,1,168.1,68,29.3,97,149,37,-0.2,17,169,0,24.064314
48,0,170.1,83.5,37.5,78,131,29.9,12,17,105,0,28.85877208
62,1,167.8,65.42,25.5,85,142,28.6,10.5,17,153,0,23.23414133
61,0,152.4,51.2,30.5,96,136,21.7,14.4,17,129,1,22.04448853
60,0,165.3,68.6,32.1,75,104,24.6,22.6,17,110,3,25.10605111
60,0,158.9,59.4,32.9,64,101,24,16,17,120,2,23.52548852
55,0,158.4,58.1,33.1,64,118,26.4,21.2,17,138,2,23.15611927
47,0,164.7,65.3,31.4,84,134,25.9,18.8,17,150,1,24.07276537
57,1,171,78.1,29.1,98,152,36.2,10.5,17,163,0,26.70907288
45,0,155.7,43.3,19.5,80,130,21.3,14.2,17,133,0,17.86120155
40,0,158.5,56.9,28.6,84,135,30.1,16.1,17,161,0,22.64924519
26,0,160.8,66.12,39.4,76,126,19,16.7,17,132,0,25.57176803
58,0,154.8,51.3,40.3,81,138,22.8,18.4,17,112,1,21.40796827
44,0,155.4,80.4,37.1,90,156,20,16.6,17,126,0,33.29308349
23,0,160.3,46.8,25.6,80,123,16,12.7,17,126,0,18.21288764
41,0,163,64.2,34.8,70,116,24.6,4,17,131,0,24.16349881
64,0,147,52.4,36,70,115,24.1,24.7,17,126,3,24.24915544
31,1,177.3,72,29.2,85,133,37,-7.8,17,202,0,22.90419462
64,1,163.8,70.3,29.2,79,120,24.9,4.4,17,151,0,26.20158298
50,0,167,57,24,66,101,23.4,28.6,17,175,1,20.43816558
62,0,154.9,58.9,35.4,74,109,19.1,16.1,17,102,1,24.54779339
52,0,167,69.2,36,79,128,16.1,15,17,135,0,24.81265015
52,0,155.7,46.5,22.7,71,128,19.7,25.1,17,119,1,19.18119797
59,0,152.9,47.9,33.3,78,121,17.6,12.6,17,90,1,20.48898963
35,0,153.3,86,47.7,96,146,20.2,19.5,17,155,0,36.59435877
44,0,163.3,60.62,25.5,70,126,18.9,3.1,17,141,0,22.73230962
22,0,169,60,32.7,71,122,17.6,26.5,17,143,0,21.0076678
26,0,166.2,58.5,30.8,65,114,17.9,4.5,17,142,0,21.17843319
61,0,158.4,54.7,27.8,73,145,23.1,21,17,139,3,21.80102796
27,1,162.6,79.6,35.6,68,114,18.7,-3.6,17,101,0,30.10731214
45,0,158.1,62.9,35.4,95,138,22.7,23.4,17,86,0,25.16441887
52,0,157,56.8,29.6,54,102,22.6,14.9,17,134,0,23.04353118
64,0,155.9,60.1,35,89,156,21.7,23,17,114,0,24.72761564
54,1,168.6,66,24,95,145,36,4.3,17,143,0,23.21821321
64,0,152,62.1,33.7,62,116,29.4,21,17,135,3,26.8784626
46,1,170.6,86.3,31.5,96,154,33,2.1,17,151,0,29.6519147
60,0,156.6,57.9,33.5,98,152,39.1,17.6,17,117,2,23.60994896
46,0,159.2,62.3,33,56,97,24.1,-1,17,118,0,24.58113431
23,0,166.1,51.1,24.4,80,125,20.8,27.9,17,126,0,18.52173368
42,0,158,93.1,47.3,85,135,35.8,-2.8,17,145,0,37.29370293
47,0,162.7,63.2,37.2,79,132,25.1,16,17,160,1,23.8749226
54,0,159.2,62.02,33.6,65,112,28.3,17.4,17,130,1,24.47065731
45,0,158.9,54.1,30.4,71,106,22.4,12.6,17,149,1,21.42641295
63,0,153.1,53,30.2,63,103,22.1,20.8,17,94,3,22.61129771
21,0,158.2,58.6,30.7,59,108,13.6,17.7,17,155,0,23.41448757
56,0,169,62.9,29.5,68,114,24.4,14.1,17,138,1,22.02303841
22,0,169.1,62.6,24.3,82,136,33.2,17,17,175,0,21.89208461
63,0,152.7,50,21.2,87,153,31.4,21.6,17,135,3,21.44331524
60,0,157.6,57.2,34.4,80,126,23.2,17.4,17,110,1,23.02945193
56,0,158.7,57,32.9,89,132,24.1,17.6,17,142,2,22.6318993
47,0,155.7,59.1,27.4,59,100,25,3.2,17,129,0,24.37868387
41,0,157.2,61.7,37,72,122,17.6,-0.7,17,113,0,24.96778872
42,1,176.7,101.8,35.5,98,158,41.2,8.3,17,198,0,32.60428487
62,0,156.3,58.5,38.2,72,122,23.4,12.6,17,90,1,23.94627193
58,0,160.6,62.3,30.5,70,126,27.2,16.5,17,141,2,24.15443953
31,0,155,53.5,36.1,70,114,20.4,14.3,17,147,0,22.26847034
62,0,155,49.2,20.2,80,120,24.8,19.3,17,150,2,20.47866805
62,0,153.5,57.46,30.1,61,108,20.4,17.8,17,125,1,24.38646564
59,0,162,50,25.3,88,132,27.1,18.5,17,95,0,19.05197378
23,0,157.9,63.1,38,80,122,22.3,17.6,17,131,0,25.30842385
60,1,177.1,88.58,28.5,90,159,37.5,13.7,17,170,0,28.24220191
62,0,159.3,56.6,27.7,87,155,27.4,12.8,17,137,1,22.30410904
61,0,160.4,61.9,30.6,85,148,17.8,12.4,17,136,1,24.05924093
55,1,170.6,75.4,27.5,81,132,27,11.2,17,157,0,25.90677136
64,0,151.3,52.2,34.5,53,106,23.3,14.3,17,108,1,22.80303464
52,0,151.5,53.9,29.1,75,139,26,14.8,17,149,1,23.48353647
63,1,172.2,63,19,99,157,33.9,13.1,17,159,0,21.24585706
57,0,148,52.1,35,80,127,19.9,17.7,17,113,2,23.78560993
63,0,161.6,77,31.9,80,120,19.3,8.4,17,147,0,29.48546711
58,0,162.5,50,32.6,64,104,27.6,24,17,145,1,18.93491124
55,0,158.2,62.1,33.2,74,130,24.4,17.3,17,140,2,24.81296379
58,0,155.4,60.14,31.3,80,136,26.3,12.5,17,129,1,24.90355772
57,0,159.7,52.5,29.2,80,130,25.9,17.8,17,134,2,20.58493363
58,0,155.9,50.9,20.2,81,130,27.4,29.1,17,90,1,20.94235668
61,0,157,54.9,32.9,71,130,19.9,12.2,17,115,1,22.27270883
61,0,153.4,52,34.9,91,134,19.4,18.7,17,118,1,22.09798245
58,0,160.7,58,31.5,68,134,28.5,13,17,119,1,22.45930123
41,0,161.1,68.7,35.5,85,120,22.2,-7.6,17,145,0,26.47071403
63,0,154.9,49.4,26.5,99,158,24.8,21.8,17,75,0,20.58847187
34,0,163.8,57.5,31.2,57,93,21.8,3.3,17,120,0,21.43088224
57,0,159.8,63.7,33.1,86,131,22.3,-10,17,90,0,24.94513636
23,0,158.6,53,30.7,74,117,16.5,4.6,17,124,0,21.07024103
37,0,165.8,57,24.3,57,107,22,17.6,17,154,0,20.7350842
33,0,159.6,59.9,34.6,67,118,16.5,26.6,17,122,0,23.51586988
46,0,164.1,49.1,30.5,59,117,21.2,4.3,16,150,0,18.23326021
54,0,156.5,52.2,30.1,72,117,20.5,13.5,16,110,1,21.31286427
56,0,157.2,60.4,36.2,70,118,24.2,14.3,16,132,1,24.4417251
52,0,150.3,49.1,33.6,70,103,20.8,19.5,16,130,0,21.7351945
52,0,159.5,55.2,31.5,68,103,24.4,15,16,119,1,21.69789998
64,1,159.3,56.5,19.8,82,154,34.2,-1.4,16,144,0,22.26470249
54,0,169,64.4,32.5,69,117,25.9,20.1,16,145,1,22.5482301
38,0,158.8,50.8,34.7,75,120,20.4,21.7,16,156,0,20.14478869
57,0,148,54,33.6,78,135,27.4,18.8,16,137,1,24.65303141
39,0,162.5,51.9,28.3,64,96,28.7,8.4,16,164,0,19.65443787
55,0,152.1,59.3,35.2,70,127,29.4,26.4,16,136,2,25.63281277
55,0,156.3,54.9,35.7,73,114,23.2,16.1,16,135,2,22.4726552
42,0,162.7,69.1,35.1,77,123,23.3,21,16,136,0,26.1037524
27,0,152.5,47.9,31.8,60,111,16.5,23.2,16,137,0,20.59661381
61,0,155.7,49.6,25.2,64,131,19.7,23,16,120,2,20.4599445
37,0,165.1,104.7,48.3,86,148,28.1,12.2,16,146,0,38.41072771
40,0,162.6,54.2,31,75,116,19.1,24.2,16,141,0,20.500205
58,1,165.7,65.34,20.9,77,135,27.2,11.7,16,179,0,23.79765221
37,0,158.5,53,30.3,61,95,22.5,6.3,16,125,0,21.09683647
50,0,160.3,59.1,34.4,82,113,24.1,3,16,130,0,22.99960811
59,1,167,71.9,30.7,84,143,20.9,2,16,140,0,25.78077378
58,0,160.7,52.9,27.5,89,136,22.3,11.9,16,133,1,20.48443164
56,0,164,71.4,37.7,62,104,26.7,24.1,16,102,2,26.54669839
25,0,151.8,58.8,46.9,89,147,15.2,13,16,105,0,25.51724497
54,0,156.8,68.4,39.4,61,149,22.2,13.5,16,133,0,27.8204394
62,1,169.3,66.2,25,60,117,33.6,-5,16,175,0,23.09638835
55,0,162.3,54.2,23.1,57,109,20.9,15.7,16,142,1,20.57606138
62,0,161.4,68.86,33.8,90,158,26.2,11.2,16,121,0,26.43382178
54,0,162,66.1,33.7,96,145,30.3,20,16,145,0,25.18670934
57,0,160.1,43.7,18.4,62,127,25.2,20.8,16,144,2,17.0489946
56,0,152.3,61.3,25.8,51,123,25.4,24.5,16,122,2,26.42777909
54,0,158.1,55.2,25,74,136,22.1,3.4,16,123,0,22.08387793
60,0,157.4,63.5,31.7,76,117,24.1,17.3,16,124,2,25.63092438
24,0,159,79.7,45.4,77,121,16.5,6.3,16,62,0,31.52565168
46,0,152.1,52,29.7,77,111,21.6,14.2,16,130,1,22.47734003
49,1,172.6,69.7,30.1,77,120,33.8,2.2,16,190,0,23.39651624
47,1,173.1,73.5,22.2,84,136,30.7,5.8,16,180,0,24.52975459
50,0,162,61,26.2,72,124,27.2,4,16,110,0,23.24340802
37,0,162.7,71.3,30,75,116,28,2.7,16,159,0,26.93484148
50,0,168.2,56.5,31.6,71,123,17.4,7.9,16,140,0,19.9708461
63,0,161,60.9,27.1,54,134,16.9,19.8,16,146,0,23.49446395
50,0,156.2,48.6,21.7,92,155,24.3,15.1,16,158,1,19.91930632
55,0,149.4,49.9,38.8,65,104,20.3,19.9,16,114,1,22.35627024
62,0,153.1,52.32,23,66,106,21.2,20.5,16,96,2,22.3211905
62,0,163.7,61.4,28.5,85,134,25.9,26.6,16,131,2,22.91242268
41,0,160.2,55.8,30.7,81,114,10,14.5,16,107,0,21.74248482
59,0,154.1,59.92,34.6,74,127,20.1,21.4,16,103,0,25.23286286
55,0,156.7,54.3,26,85,120,23.7,15.4,16,124,1,22.11372154
62,0,150.4,50.9,38.6,70,137,18,16.2,16,85,1,22.50205127
24,0,159.7,47.32,25.7,87,117,26.9,7,16,151,0,18.55388685
57,0,154.4,55.5,34.2,83,127,27.9,16.5,16,113,2,23.28082633
57,0,158.5,59,38.2,61,115,18.8,7.1,16,115,0,23.48515758
62,0,158.5,64.5,33.3,66,124,22.3,20.3,16,102,0,25.67445193
56,0,151.3,50,32.4,75,122,21.4,19.5,16,140,2,21.8419872
49,0,153,53.1,35.3,62,104,25.7,14.2,16,124,1,22.68358324
58,0,157.9,57.4,32.71151,84,117,23.6,23.1,16,135,1,23.02224294
28,0,165.9,86.9,45.5,89,130,23.4,2.8,16,95,0,31.57381096
63,0,153.4,47.3,26,101,171,21,11.9,16,111,1,20.10066481
59,0,164.9,62.6,26.1,89,153,21.1,18.6,16,144,2,23.02146844
63,1,160,70.3,33.6,80,145,38.3,6.9,16,158,0,27.4609375
60,1,163.9,67.8,24.2,78,123,40.1,3.1,16,180,0,25.23897926
47,0,158,58.4,28.7,85,123,26.5,19.7,16,125,1,23.39368691
26,0,159.2,45.4,14.8,71,110,25.1,14.5,16,175,0,17.91305775
36,0,147.6,61.4,34.9,64,112,23.5,7.5,16,134,0,28.18354742
53,0,161.8,61.7,33.6,83,127,27.1,16.3,16,134,1,23.56829304
36,0,164.8,66.4,35,77,118,26.3,9.9,16,137,0,24.44858139
40,0,160.5,68.8,35.1,66,109,20.5,2,16,119,0,26.70781534
56,0,160.2,62.4,33.3,67,103,28.8,20.7,15,133,2,24.31417657
59,1,170,59.1,15,71,115,28.3,8.6,15,162,0,20.44982699
44,0,157.6,46.8,22.9,77,141,28.4,15.6,15,149,0,18.84227885
25,1,171.9,80.5,29,76,115,41,14.2,15,202,0,27.24232232
57,0,160.4,62.4,32.7,69,123,24.9,19.5,15,148,2,24.25358051
60,1,163.4,75.9,34.2,91,120,29.6,16.2,15,161,0,28.42743476
60,0,148.5,55,32,58,105,19.9,14.2,15,108,1,24.94076568
64,1,163.4,64.1,21.8,70,114,24.7,-6.2,15,125,0,24.00788627
53,1,169.7,73.9,32.7,89,130,36,-2,15,165,0,25.66142407
60,0,154.8,47,29.3,81,137,21.9,28.7,15,150,2,19.61353818
57,0,159.3,55.6,31.1,64,115,23,4.8,15,139,0,21.91004351
61,1,163.2,74.9,32.1,65,124,36,1.3,15,146,0,28.12169598
60,1,164.6,78.4,34.3,77,135,36.8,-8.4,15,174,0,28.937193
56,0,154.6,67.4,43.6,74,122,19.6,11.9,15,105,0,28.19946814
59,1,166.3,77.1,27.9,77,117,27.5,14.5,15,162,0,27.8785306
24,0,165.8,82.5,42.7,85,133,26.3,6.6,15,97,0,30.01130608
42,1,175.6,95.4,46.2,89,142,38.1,-5.5,15,62,0,30.93850696
60,0,152,49.8,34.3,72,121,23,15,15,135,0,21.55470914
57,0,162.1,71.4,39.1,82,150,28.6,18,15,114,2,27.17266171
63,0,146.6,54.42,34,92,152,26.7,22.9,15,145,2,25.32156809
45,0,153.6,48.5,27.7,77,134,15.3,17.2,15,152,0,20.55697971
39,0,157,52.9,27,76,113,26.3,24,15,140,0,21.46131689
59,0,152.9,55.2,33.9,68,142,27.4,15.3,15,146,1,23.61152876
50,0,160.8,62.5,30.9,81,122,27,15.2,15,141,1,24.1717408
60,0,160.6,59.18,31,74,148,26.7,21.8,15,141,2,22.944779
21,0,161.7,59.7,31.2,67,112,29.5,22.8,15,181,0,22.83254337
50,0,159.4,61.3,31.3,93,150,27.7,18.3,15,136,1,24.12591761
62,0,161.9,61.6,31.4,82,132,24.4,20.5,15,98,0,23.50103637
27,0,154.7,46.8,28.4,66,121,22.3,7.5,15,150,0,19.55533345
50,0,158.5,66.7,30.5,87,158,24.7,14.8,15,142,1,26.55016967
56,0,158,67.2,36.3,89,136,27.1,16.9,15,138,0,26.91876302
37,0,161,62.7,29.7,80,123,24.8,31.2,15,128,0,24.1888816
62,1,163.6,65.5,25.1,77,154,27.3,-3.7,15,111,0,24.47229512
23,0,154.6,63.9,38.7,76,131,26.3,21.5,15,138,0,26.73510407
53,0,160,71.8,36.9,80,120,24.3,11.3,15,50,0,28.046875
64,0,158.8,59.64,40.1,65,128,23.2,13.2,15,135,1,23.65029916
56,1,166.2,70.2,22.9,86,140,42.7,3.5,15,200,0,25.41411982
27,0,166.6,66.4,37.8,85,122,18.7,18.5,15,132,0,23.92313468
32,0,152.7,65.34,39.1,74,110,20.3,13.8,15,120,0,28.02212435
22,0,163.6,63.7,39.6,77,118,21.2,17.8,15,130,0,23.79977403
44,0,159.7,66.9,39,55,110,20.7,12.6,15,137,0,26.23108686
23,1,171,79.9,31.3,74,125,50.7,2.1,15,131,0,27.3246469
53,1,167.8,91.6,29.9,97,144,39.6,-7,15,175,0,32.53205971
27,0,155.1,42.6,21.1,79,112,20.1,10.8,15,157,0,17.70867239
21,0,160.2,49,34.1,83,123,17.3,19.8,15,133,0,19.09286301
56,0,153.3,49.6,20.3,68,112,23.5,16.8,15,141,1,21.10558366
63,0,151.6,49.62,37.1,95,156,20.3,14.9,15,51,1,21.59028411
23,1,168.1,106.3,44.2,75,155,34.1,6.1,15,164,0,37.61818498
56,0,150.2,52,32.4,94,149,24.1,18.9,15,142,1,23.04960452
59,0,153.4,41.1,27.8,98,124,21.4,14.4,15,135,1,17.46590536
21,0,158.5,48.6,30.1,67,106,18.3,16.7,15,118,0,19.34540099
32,0,154,53.2,24.5,67,108,29.1,20.7,15,156,0,22.43211334
60,0,155.6,72.5,36.5,82,126,20,18.2,15,85,0,29.94462104
48,0,155.4,51.02,27.9,68,101,20.6,11.6,15,119,0,21.12702885
31,0,163.6,61.8,36,95,131,27.4,19.3,15,162,0,23.08989066
62,1,162,73.1,34.7,93,158,28.5,6.1,15,113,0,27.85398567
59,0,162.6,52.98,24.5,78,152,24.6,13.7,15,152,1,20.03876127
59,0,147.5,53.7,37.1,78,118,35.2,18.7,15,142,2,24.68256248
42,0,160.5,73.7,39.3,94,152,26.7,-1.9,15,137,0,28.60997079
58,1,174.1,71.96,25.7,75,136,43,-5.4,15,118,0,23.74070505
64,0,162.8,74.2,36.4,91,145,27.6,20.3,15,117,2,27.99594323
63,0,163,55,34,92,152,22.3,21.9,15,124,2,20.70081674
26,0,163.6,71.3,37.2,78,133,20.7,22.7,15,157,0,26.63930751
25,0,174.5,66.6,33.1,76,119,27.1,4.5,15,143,0,21.87174161
57,0,153.2,59.1,40.3,83,142,18.6,11.7,15,103,0,25.18082474
40,0,163.1,53.88,30,67,119,21.7,20.3,15,153,0,20.25441317
62,0,152.9,55.6,32.7,77,126,24.4,21.2,15,131,2,23.78262679
41,0,167.6,74.3,31.6,86,126,20.7,10.7,15,155,0,26.45092019
24,0,158.4,59.1,33.1,71,118,30.1,2.7,15,120,0,23.55467554
21,0,164.1,52.4,31.7,68,114,20.7,1.7,15,160,0,19.45871355
48,0,161.2,50,30.9,60,100,20.8,5,15,104,0,19.2415445
53,0,162.6,79.4,41.6,74,121,26.6,9.6,15,135,0,30.03166563
64,0,145.5,54.38,35.1,76,126,13.1,3.6,15,81,0,25.68699
54,0,150.1,56.5,34.3,74,116,20.5,20.3,15,135,0,25.07766308
24,0,160,49.94,26.4,69,118,22,24.5,15,138,0,19.5078125
62,0,152.5,49,28.3,73,127,23.6,19.6,15,120,2,21.06960494
21,0,164.5,49.5,26.9,69,116,22.6,12,15,190,0,18.29251393
60,0,158,46.4,31.2,70,117,21.1,25.3,15,110,2,18.58676494
52,0,147.8,49.6,28.8,80,130,19.1,13.5,15,160,1,22.70559089
58,0,151.9,54.8,36.7,65,115,17.2,5.9,15,103,0,23.75007639
58,1,172.9,82.5,26.2,81,159,45.8,3.2,15,170,0,27.59713271
56,0,151.5,54.2,26.7,63,124,21.7,24.5,15,153,2,23.61424261
46,0,161.6,54.8,21.6,71,114,19.6,22.8,15,129,0,20.98446231
37,0,157.8,75.7,38.4,83,121,30.9,13.6,15,126,0,30.40058086
51,0,157.6,52,30.1,79,139,25.6,11.8,15,155,1,20.93586539
56,0,150.1,54.4,35.3,88,134,21.3,16.2,15,129,2,24.14557295
23,0,164.7,50.5,20.9,59,105,29.1,11.3,15,157,0,18.61676342
51,0,152.6,46.3,24.9,77,117,17.4,16,15,141,1,19.8825427
45,1,163.5,88.4,32.6,86,122,50.1,-1.2,15,188,0,33.06867174
56,0,152,49.3,27,60,114,23.7,12.9,15,117,1,21.3382964
52,0,149.4,53.3,36.1,82,144,20.4,22.7,15,111,1,23.87954316
62,1,167.4,65.7,17.5,62,116,40.3,5.7,15,147,0,23.44522809
58,0,153.8,55.5,27.3,67,151,29.3,15.5,15,114,1,23.46282558
54,0,160,52,29.6,74,123,32.1,22,15,160,1,20.3125
64,0,166,59.3,35.3,62,122,23.2,15,15,115,1,21.5198142
54,1,169.7,64.5,17,76,145,33.5,20,15,187,0,22.39731871
21,0,163.2,60.6,41.8,82,139,16.6,18.6,15,117,0,22.75266724
63,0,156.3,46.1,24.1,82,131,21.6,17.3,15,142,2,18.87048096
48,1,175.9,77.4,24.9,79,137,47.3,-4.8,15,208,0,25.01550541
62,0,152,56.8,34.2,80,139,19.6,21.6,15,121,2,24.58448753
59,0,161,65.8,34.4,84,134,27.5,19.9,15,108,2,25.38482312
43,0,161.5,61.2,31,80,109,19,10.4,15,128,0,23.46423334
51,0,159.6,79.9,43.8,87,138,19.6,11.1,14,160,0,31.36757935
35,1,180.6,78,23.9,90,133,39.1,-10.7,14,179,0,23.91437916
30,1,172.4,96.7,35.1,78,144,30.7,-2.2,14,163,0,32.53508541
50,1,179.1,102.2,30.5,83,130,40.1,-6.5,14,162,0,31.86102359
52,0,155.9,48.7,27.7,82,114,15.9,24.4,14,132,0,20.03718605
56,0,149.8,55.3,38.4,77,115,14.5,-7.8,14,110,0,24.64344983
55,0,151,51.4,32.5,83,138,20.7,18.5,14,119,1,22.54287093
52,0,155.7,50.2,29.7,93,159,22.4,20.2,14,126,1,20.70744383
53,1,170.9,66.86,19.8,88,140,46.8,-4.5,14,153,0,22.89192144
54,0,158.7,63,38.6,69,115,29.9,12.6,14,118,0,25.01420449
60,0,141,46.1,25.5,80,120,21.1,15.3,14,140,1,23.18796841
57,0,152.8,61.6,35.4,96,152,21.8,10,14,135,0,26.38359694
51,0,156.8,57,34.1,53,123,27.9,14.9,14,110,1,23.1836995
22,0,164,50.2,23.4,70,119,23.1,9,14,164,0,18.66448543
63,0,156.5,43.6,22.5,52,99,22,12.3,14,94,1,17.80154947
64,0,148.6,57.8,36.7,82,118,24.7,20.8,14,120,2,26.17521271
24,0,166.4,53.7,31.2,74,134,24.3,11.8,14,132,0,19.39401119
56,0,152.3,46.9,25.4,70,141,14.6,14,14,124,1,20.21962217
62,0,150,50.7,39.3,89,150,20.4,17,14,123,2,22.53333333
57,0,152.6,50,34.4,91,152,22.1,9.6,14,111,0,21.4714284
48,0,158.4,52.3,25.5,70,111,26.7,18.7,14,162,0,20.84449291
62,0,150,50.5,32.8,64,112,22.9,16.5,14,125,2,22.44444444
63,0,159.5,60.8,34.6,76,146,25.8,16.3,14,113,2,23.89913621
59,0,145,48.2,34,94,144,16.2,12,14,116,1,22.92508918
63,1,162.4,62.4,25.7,68,152,18,1.6,14,135,0,23.65988012
31,1,170.6,68.3,25.8,98,157,38.2,13,14,202,0,23.46727432
43,1,174.4,91.4,31.4,96,142,41.9,0.1,14,153,0,30.05060601
62,0,161.6,50.5,24.5,87,147,27.1,21.5,14,107,2,19.33787129
39,0,165,68.6,38.6,65,113,33.1,16.9,14,94,0,25.19742883
56,0,154,61.9,33.5,70,123,22.2,17.2,14,145,0,26.10052285
61,1,173.6,84.7,28.8,83,146,37.4,11.3,14,178,0,28.10502453
21,0,155.5,57.4,33.7,72,110,20.3,25.7,14,131,0,23.73838153
37,0,164.1,51.7,27.9,69,106,23,-1,14,145,0,19.1987689
55,1,160.1,70.4,24.6,100,159,34.4,3.5,14,120,0,27.4656572
23,0,152,45.7,26.4,91,124,18.3,1,14,115,0,19.78012465
62,0,160.2,67.1,33.7,76,159,23.9,19.9,14,101,2,26.14553282
60,1,171.3,50.8,12.9,69,105,42.4,0.6,14,170,0,17.31206948
63,0,148.8,63.18,36.5,76,144,26.7,22.6,14,120,0,28.53472945
58,0,156,51,29.2,86,133,19.9,4.5,14,95,0,20.9566075
54,0,156.3,66.6,35.6,85,137,27.1,13.2,14,121,0,27.26190959
50,0,156.7,70.2,36.6,79,130,25.5,17.6,14,166,0,28.58901017
42,0,157,76.8,41.2,96,136,26.1,12.1,14,113,0,31.15745061
58,1,161.3,52.4,25.3,79,156,27,7,14,159,0,20.14014311
21,0,156,43.4,26.3,68,116,22.1,2,14,119,0,17.83366206
54,1,173.6,78.5,24.5,86,135,43.7,4.5,14,178,0,26.04775001
63,0,154.4,54.5,37.2,71,125,22.7,16.6,14,108,2,22.86135198
61,0,147.4,51.3,41.3,61,114,22.3,19.6,14,123,1,23.61143585
58,1,165,70.8,35,80,123,31.5,17.5,14,162,0,26.00550964
56,0,160.8,48.4,25.5,71,138,22.4,20.9,14,137,1,18.71859607
60,0,152.4,53.6,34.3,65,106,25.4,21.9,14,125,1,23.07782393
55,0,158.4,55.7,35.5,88,127,22.6,20.1,14,140,1,22.19958423
49,0,161.5,56.2,30,79,118,26.5,17,14,119,0,21.54722081
46,0,149.7,68.5,42.5,88,141,23.9,14.3,14,149,0,30.56658853
54,0,160.4,54.1,36.3,95,151,20.4,17,14,140,1,21.02754336
55,0,159,54.2,27.9,80,120,29.2,15.5,14,112,1,21.43902536
32,1,171.5,81.2,28.5,85,134,35.4,-0.1,14,158,0,27.60754448
64,0,152.4,55.9,33.1,87,158,23.5,20,14,154,2,24.06810369
53,0,160.4,59.3,20.3,57,102,22.5,-5,13,150,0,23.04867507
34,0,162.1,79.3,43.5,96,155,24.6,20.1,13,135,0,30.1791607
55,0,161,61.9,35.6,92,160,25.1,16.3,13,110,1,23.88025153
24,0,173.3,65.3,33.6,77,118,26.5,8.4,13,131,0,21.74282928
37,0,167.8,70,35.6,85,120,26.1,-2.8,13,142,0,24.86074432
63,1,168.2,77.3,34.2,94,158,35.1,12,13,174,0,27.32294519
52,0,164.1,63.1,30.9,68,110,19.8,1.6,13,144,0,23.43215315
64,0,153,53.2,27.7,69,129,15.7,20.8,13,136,2,22.72630185
59,0,158.8,61.3,32.7,70,138,24.1,19.2,13,120,1,24.30857375
51,0,156.8,60.7,30.1,91,152,28.8,20.2,13,137,1,24.68860631
55,0,166.9,60.9,26.1,78,117,21.1,17.7,13,131,1,21.86274147
58,0,146.2,51.7,3.5,48,152,25.1,15.4,13,110,0,24.18776819
60,0,156.5,61.22,31.2,64,113,21.9,18.9,13,108,1,24.99566189
60,0,148.4,50.1,28.1,78,116,27.2,32.6,13,130,2,22.7493988
55,0,155.1,66.5,39.5,77,135,24.7,18.2,13,102,0,27.64381957
62,0,159.8,57.1,32.1,82,130,25.2,22.3,13,127,2,22.36055395
57,0,161.3,70.4,35.4,75,130,32.1,12.5,13,107,0,27.05851288
33,0,166.5,64.3,35,79,111,25,11.6,13,140,0,23.19436554
58,0,151.9,54.3,27.6,76,146,33,14.1,13,132,1,23.53337861
64,0,156.3,53.8,33.9,68,124,23.3,11.8,13,106,1,22.02238342
25,0,158.6,60.9,34.1,66,119,23.8,11.9,13,158,0,24.2108996
36,0,168.6,59.1,31.4,74,106,21.4,21.6,13,154,0,20.79085456
50,0,164.8,60.2,23.6,58,106,24.7,20.4,13,146,1,22.16573193
62,0,152.5,60.1,34.9,83,150,23.1,17.7,13,127,2,25.84251545
58,0,154.9,59.4,32.3,79,118,19.4,14.6,13,120,1,24.75617873
57,0,153.6,50.84,25.3,76,118,27.1,20.7,13,128,1,21.548801
64,0,163.6,54.1,26.6,67,140,28.6,17.5,13,105,2,20.2129949
51,0,159.6,74.6,44.8,81,130,26.6,20.7,13,114,0,29.28687634
42,0,153.9,50.1,39.9,76,110,25,15.9,13,152,0,21.1524407
50,0,156.3,59.2,31.1,75,137,22.9,20.6,13,147,1,24.23280852
54,0,159.6,48.38,27.5,67,113,21.1,14.4,13,146,1,18.99328522
56,0,155.7,57.9,31,84,130,22.4,15.6,13,120,1,23.88368522
56,0,153.7,47.3,29.1,57,107,24.8,23,13,125,1,20.02227425
60,0,156,60.3,32.3,83,137,25.2,23,13,152,2,24.77810651
58,0,150.8,59.82,34.1,84,129,28.7,9.8,13,133,0,26.30532826
54,0,154,54.5,31.6,74,129,16,12.5,13,120,0,22.98026649
59,0,155.7,60.8,38.3,96,131,24.3,22.7,13,146,0,25.07993197
33,0,165.8,67.6,34.7,73,113,30.4,21.6,13,145,0,24.59108231
59,0,158,62.3,33.8,64,122,25,9.8,13,86,0,24.95593655
46,0,161.4,79.8,38,83,131,26.1,-6.6,13,137,0,30.63344435
44,0,155.2,57.1,32.4,74,110,25.6,8.7,13,159,0,23.70569402
59,0,152.5,52.3,31.8,59,109,20.9,20.9,13,128,1,22.48857834
58,0,157.9,67.9,41.8,95,159,23.9,18.8,13,99,0,27.23362884
22,0,162.9,51.56,26.2,73,111,22.2,13,13,130,0,19.42990781
57,0,155,57.14,36.5,75,158,23.4,23.4,13,122,1,23.78355879
60,0,157.5,47.4,25.1,71,137,20.4,20.9,13,147,2,19.10808768
36,0,160.9,67.9,40.8,79,117,23.6,-3.8,13,146,0,26.22754773
62,0,167,69.8,34.8,80,131,32.3,3.6,13,93,0,25.02778873
64,0,155.8,45.4,21.7,63,105,19.4,16.7,13,118,2,18.70341655
54,0,159.6,55.94,30.5,70,114,23.3,15,13,149,1,21.9612314
53,0,162.3,57,33.7,75,127,27,21.5,13,160,1,21.63903135
51,0,151,50.2,28.5,54,100,20.9,17.8,13,131,1,22.01657822
60,0,162.4,62.1,26.2,91,157,22.5,21.6,13,124,2,23.5461307
62,0,156.4,59.7,36,63,114,23.9,19.5,13,136,2,24.40623753
64,0,155.5,57.7,35.5,76,121,22.3,19.3,13,95,1,23.86244973
50,0,156.7,47.9,28.8,74,109,22.8,13.4,13,152,1,19.50731606
55,0,154.9,56.2,31,68,130,21.7,19.4,13,126,1,23.42251254
59,0,149.9,48.9,28.6,85,153,24.5,17.6,13,146,1,21.76234011
49,1,178.4,83.3,20.2,95,146,42.9,-7,13,200,0,26.17310825
61,0,149,56.4,37.3,79,143,23.1,15.7,13,107,2,25.40426107
47,0,158.5,74.7,43.7,72,134,26.3,11.1,13,132,0,29.73459782
62,0,152,55.6,43,69,145,21.3,12.9,13,131,1,24.06509695
58,0,163.7,65,31.4,67,128,29.3,15,13,140,1,24.25582205
21,0,163.9,49.7,31,80,133,23.6,6.8,13,165,0,18.50113966
60,0,163.2,74.5,38.8,68,118,26.6,19.9,13,113,2,27.97151336
62,0,157.6,57.6,34,81,136,24.4,18.2,13,82,1,23.19049705
32,0,156.3,60.8,38.9,68,120,25.2,5.3,13,90,0,24.88774929
60,0,156.5,50.54,35,68,141,22,22,13,135,1,20.63509886
48,0,158.8,66.1,33.3,99,158,23.8,20.6,13,142,0,26.21201835
64,1,166.5,60.92,21.7,82,138,30.9,4.9,13,143,0,21.97512828
55,0,152.6,57.3,34.3,70,154,26.5,21,13,124,1,24.60625695
64,0,163,65,30.67352,76,121,34.9,17.5,13,155,2,24.4646016
50,0,166.4,58.3,29.5,91,135,28.7,12.5,13,161,1,21.05532313
39,0,170.9,71.5,36.5,92,141,25.7,5.1,13,159,0,24.48059203
55,0,164.1,70.1,38.2,68,125,24.7,19.3,13,140,0,26.03159961
60,0,158.6,62.7,34.6,80,137,29.3,18.4,12,132,2,24.92649269
61,0,146.5,56.16,37.3,89,152,26.9,23.5,12,118,2,26.1668744
61,1,171.6,86.4,28.7,70,142,35.1,-2.4,12,162,0,29.34128808
59,0,145.7,51.6,41.4,99,154,24.8,20.1,12,122,1,24.3069573
58,0,155.6,82,47.1,97,157,22.1,5.1,12,95,0,33.86839897
45,0,164,51.7,24.5,66,113,19,-14.3,12,150,0,19.22218917
58,0,160.2,57.2,42.5,68,106,22.2,14.5,12,103,0,22.28799519
30,0,162.5,113.3,53.5,82,135,24.4,3,12,100,0,42.90650888
51,0,161.9,61.7,31.5,79,123,25.1,21.1,12,139,0,23.53918741
43,0,159.6,63.8,38.1,69,110,24.1,24.1,12,130,0,25.04695322
64,0,152.7,59.8,29.5,60,110,21.1,23.7,12,134,1,25.64620503
43,0,159.6,71.9,37.5,92,153,10.1,11.5,12,155,0,28.22689556
27,1,170.1,100,37.7,94,143,34.8,3.8,12,156,0,34.56140369
44,0,170.3,76.5,30.3,83,123,39.2,16.5,12,140,0,26.37740935
63,0,146.5,41.4,26.1,61,126,17,21.8,12,131,2,19.28968305
54,0,155.9,62.7,35.8,96,153,27.5,10,12,100,0,25.79736274
63,0,164.7,81.2,38.4,69,117,23.2,22.6,12,129,0,29.93428098
63,1,169.8,77.9,30.7,92,152,32.6,6.5,12,166,0,27.01855297
60,0,161.5,64.4,38.7,94,179,26.7,21.5,12,127,1,24.69112136
46,0,162,63.2,25.9,62,110,23.3,0.7,12,138,0,24.08169486
59,0,159,58.4,32.8,90,148,24.8,25,12,127,1,23.10035204
63,0,154.5,64.5,44.5,100,158,25.6,16.7,12,108,2,27.02108273
39,0,161.4,63.1,32.8,63,100,34.1,5.5,12,148,0,24.22268595
44,0,167.1,58.4,23.7,81,122,23.1,12.1,12,127,0,20.91510009
60,0,154.9,68,40.6,89,157,26.8,21.8,12,122,2,28.34040663
61,0,167.5,55.1,26.1,70,139,19.7,14.4,12,156,1,19.63911784
51,0,166.6,80.9,39.5,69,130,25.9,15.6,12,139,0,29.14731319
23,0,170,98.1,41,86,137,28.8,5.7,12,153,0,33.94463668
29,0,155.6,57.7,34.7,80,141,19.5,16.4,12,129,0,23.83178805
58,0,156.1,51.9,23.6,52,113,17.4,19.8,12,123,1,21.29911467
57,0,160.8,59.6,33.9,66,116,24.8,6.4,12,141,0,23.05017203
51,0,150.1,42.3,22.4,75,104,16.4,15.8,12,120,0,18.77495838
61,0,154.2,66.6,33.9,82,146,27.1,24,12,109,0,28.00950809
53,0,150.5,68.1,39.4,72,129,24.6,15.8,12,126,0,30.06589331
27,0,154.5,84.5,42.2,88,142,17.6,6.8,12,165,0,35.39971303
39,0,152.3,57.6,34.6,82,126,25.4,6.3,12,150,0,24.83262766
50,0,155.1,55.7,32.2,80,112,27.1,6.7,12,139,0,23.15429699
24,0,159.9,47.7,33,53,101,16,-10.3,12,129,0,18.65612537
24,0,176.8,62.2,31.5,75,133,26.8,14.4,12,173,0,19.8987531
58,0,147.6,45.4,33,61,120,22.4,16.5,12,158,1,20.83930053
49,0,160.8,57,30.9,75,128,24.2,2.6,12,134,0,22.04462761
62,0,152.6,45,19.2,89,156,24,13.4,12,85,1,19.32428556
61,0,166.1,57.6,30,52,120,25.8,20.3,12,117,1,20.8777272
47,0,153,57.9,34.6,75,114,22.9,3.6,12,120,0,24.73407664
42,0,167.9,66.8,36.6,75,115,18.4,8.5,12,107,0,23.69600158
24,0,159.6,54.9,32.4,74,111,21.1,11.7,12,143,0,21.55294251
53,0,162.5,63.18,32.7,87,148,27.6,11.4,12,133,0,23.92615385
50,0,155.2,50.8,35.4,76,121,17.9,8.9,12,107,0,21.09017962
23,0,161.2,55.46,28.9,70,101,20.5,6.3,12,148,0,21.34272115
27,0,157.8,76.7,47.9,83,132,24.9,10.6,12,129,0,30.80217374
64,0,149,65.3,32.7,77,142,20.5,8,12,92,0,29.4130895
59,0,162.4,64.2,33.8,69,102,29.2,15.7,12,115,1,24.34237667
61,0,154.5,66.9,43,80,136,24.2,16.9,12,125,2,28.02651836
39,0,165.5,72.5,38.4,93,133,26.8,5.8,12,134,0,26.46927283
61,0,154.3,49.2,31.4,74,158,21.1,12,12,124,1,20.66489727
56,0,167.5,74,32,64,114,27.1,4.3,12,118,0,26.37558476
64,0,159,58.9,30.1,79,140,22,20.1,12,145,2,23.29812903
62,0,149.2,49.6,31.4,90,159,21.5,23.5,12,121,1,22.28147978
62,0,158.1,58,29,76,118,19.9,12.5,12,117,1,23.20407464
56,0,158.3,51.1,31,59,113,19.1,6.8,12,120,0,20.39196469
61,0,155.4,51.3,35.6,70,116,21.1,15.9,12,116,2,21.24297491
61,0,154.7,54.1,30.6,67,115,19.3,24.8,12,117,1,22.60563118
57,0,149.1,56,30.6,92,152,25.7,27.8,12,130,1,25.19026522
63,1,176.9,82,32.2,69,121,39.4,7.7,12,115,0,26.20343259
57,0,158.4,65.4,40.5,79,138,15,9.1,12,144,0,26.06558004
29,0,164.7,53.9,24.1,66,117,20.6,7.5,12,154,0,19.87016927
61,0,165.2,57.5,32.6,92,151,22.5,21.7,12,129,2,21.06918608
61,0,153.7,59,37.2,62,105,22.6,18.6,12,121,2,24.97492983
63,0,155.3,64.8,39.7,89,136,21.9,14,12,73,0,26.86779923
47,0,162,61.6,29.1,80,142,29.9,-2.3,12,140,0,23.4720317
36,0,152.4,47.4,29.3,63,106,18.4,5.9,12,142,0,20.40837415
62,0,156.2,57.72,34.8,71,116,20.4,23.7,12,125,2,23.65725022
61,0,162.4,60.4,32.6,66,129,17.9,11.6,12,129,0,22.90155063
60,0,160.1,63.9,32,71,131,23,13.8,12,106,1,24.92976555
60,0,160.3,54.3,28.5,78,152,23.3,21.7,12,150,2,21.13161964
61,1,164.7,57.2,19,75,159,33.8,8.6,12,148,0,21.08671025
51,0,155.6,65,37,81,122,28.5,24.4,12,141,0,26.84690162
24,0,159.6,52.7,27.6,67,106,20.2,9.7,12,131,0,20.68925446
56,0,149.4,51.6,35.1,83,132,25.5,18.8,11,117,1,23.1179067
21,0,159.9,49.7,25.4,76,116,23.4,24.3,11,145,0,19.43835285
59,0,162,65.3,37.6,74,133,24.7,16.5,11,125,1,24.88187776
62,0,155,50.7,31.1,90,141,23,28.3,11,150,1,21.10301769
60,0,162.6,63.2,34.4,81,123,22.5,16.2,11,120,1,23.90429808
64,0,157,56.7,30.3,54,120,20.6,15.9,11,76,1,23.00296158
58,0,156.7,52.8,36.8,84,143,25,11.2,11,111,0,21.50284526
60,0,154.6,73.5,39.7,75,142,19.8,9.8,11,98,0,30.75164553
60,0,160.1,60.3,35,75,136,27.3,15,11,101,1,23.52527172
59,0,146.3,52.9,32.8,81,150,23.9,20,11,144,1,24.7153645
52,0,155.4,56.9,34.7,77,125,22.9,11.7,11,112,0,23.56189615
57,0,155,48,29.9,61,111,24.2,20.1,11,125,1,19.97918835
54,0,160.5,54.4,26.9,76,130,24.9,16.6,11,144,0,21.11780747
21,0,161.8,53.6,27,71,124,19.4,12.6,11,167,0,20.47423837
63,0,153.5,58.16,38,64,149,23.1,-2.1,11,98,0,24.68355102
62,0,156.5,61.3,40.2,87,136,27.5,18.5,11,119,0,25.02832529
59,0,156,50.96,28.6,81,124,24,11.9,11,126,1,20.94017094
46,0,158.9,58.9,34.3,65,109,21.1,19.2,11,122,0,23.32746252
47,0,169.6,81.4,39.6,84,135,26.5,-10,11,128,0,28.29910555
23,1,172.1,59.7,12.8,83,130,27.5,7.5,11,229,0,20.15638247
51,0,157.8,62,35.3,85,146,33.6,17.5,11,153,0,24.89875844
27,0,163.4,55.2,33.7,79,123,27.1,9.8,11,136,0,20.67449801
49,0,156.7,64.1,32.8,67,123,22.8,18,11,106,0,26.10477994
58,0,157.5,48.6,19.3,57,105,22.2,22.7,11,151,1,19.59183673
51,0,152.8,70.1,37.4,79,127,23.2,21.4,11,118,0,30.02419067
60,1,154,58.2,28.1,66,108,27.2,5,11,155,0,24.54039467
61,0,157.9,54,25.9,87,151,30.1,27.2,11,154,1,21.65855607
54,0,163.6,78.6,40.1,82,118,21.9,9.6,11,135,0,29.36675414
61,0,165.9,65.8,28.4,78,140,24.3,4.4,11,112,0,23.90744259
39,0,163.2,57.2,33.1,59,97,25.2,14.7,11,124,0,21.47611496
53,0,156.1,72.9,41.3,88,130,19.7,11.1,11,108,0,29.91725356
56,0,155.1,46.4,30.2,82,149,24.9,24.3,11,121,1,19.28831922
64,0,158.7,51.6,34,61,123,21.5,15.2,11,125,0,20.48782463
63,0,153,50.3,25.9,69,118,26.8,18.8,11,106,1,21.48746209
57,0,152.4,52.2,30.9,75,135,21.8,17.8,11,197,1,22.47504495
47,0,164.9,60.7,29.3,97,159,20.7,2,11,152,0,22.32273377
53,0,158.4,62.2,36.2,87,145,24,27.5,11,146,0,24.79019998
64,0,157.4,55.1,35.2,86,159,27.7,14.6,11,113,1,22.2403769
33,0,153,53.2,35.5,53,99,18.9,6.4,11,124,0,22.72630185
36,0,161.4,72,42.7,58,110,28.1,14.5,11,154,0,27.63919791
41,0,154,53.3,38.3,78,122,24.6,24.5,11,160,0,22.47427897
61,0,153.3,52.3,37,69,113,15.8,16.8,10,118,1,22.25447632
52,1,145.8,58.6,45.8,86,138,19.9,13.2,10,50,0,27.5665596
56,0,152,49,35,79,134,21.6,15.8,10,129,1,21.20844875
57,0,163.3,65.1,31.7,59,116,20.3,26.1,10,118,1,24.41229555
28,1,161.5,52.1,33.2,77,120,18.4,-6,10,121,0,19.97527054
64,1,157.5,61.4,35.2,92,148,34.8,-3.4,10,160,0,24.75182666
56,0,152.4,50.5,31.1,89,158,24,14.1,10,119,1,21.74309904
48,0,153.9,52.76,36.3,66,122,20.9,7.3,10,147,0,22.27550442
53,0,150.7,47.6,28.7,79,128,22.9,10.9,10,119,0,20.95947732
61,0,160.6,67.26,27.8,71,109,25.6,13.9,10,84,1,26.07748961
60,0,150.7,60.6,34.2,60,108,16.5,12.4,10,103,0,26.68370431
57,0,154.3,47.5,31.2,68,120,23.7,20.2,10,128,1,19.95086627
54,0,155.7,48.5,25.4,98,159,20.3,12.2,10,77,0,20.00619573
52,0,156.1,52.3,35.7,67,119,25.7,-7.6,10,134,0,21.4632697
63,0,158.4,76.4,39.8,72,111,20.2,28.5,10,105,0,30.44969901
62,1,172.4,74.9,25.5,78,153,39.1,-4.7,10,141,0,25.2003919
58,1,171.5,86.1,28.7,94,142,42,11.7,10,163,0,29.27351699
56,0,156.6,60.4,32.5,81,138,24.2,21.2,10,140,1,24.62937681
33,0,166.3,70.7,40.9,83,140,21.8,20.1,10,119,0,25.56435945
62,0,149.7,54.7,34.6,81,126,18.5,18.1,10,107,1,24.40864807
60,0,159.2,58.1,28.9,72,130,27.8,6.6,10,110,0,22.92397919
39,0,163.2,57.6,32.9,81,119,19.3,14.1,10,138,0,21.62629758
64,0,153.2,51.3,33,70,139,19,18.2,10,108,1,21.85746716
64,0,152.7,49.5,24.7,88,128,22.5,24.5,10,101,1,21.22888209
23,0,163,68.4,35.7,69,118,21.2,18.9,10,137,0,25.74428846
53,0,156.7,62.6,35.8,72,104,25.7,9.5,10,138,0,25.49390366
58,1,171.1,71.3,30.6,92,142,32.2,-10.3,10,164,0,24.35507721
46,0,161.8,59.7,36.4,82,127,21.6,0.5,10,123,0,22.80432893
55,0,153.5,50.78,33.7,63,136,28.4,22.5,10,160,1,21.5514223
59,0,161.3,51.4,31.1,69,117,21.2,4.2,10,100,0,19.75578923
57,1,164.3,76.9,35.2,71,119,20,-12.6,10,152,0,28.487295
61,0,154.2,57.78,34.7,68,155,23.2,16.7,10,78,1,24.3001408
55,1,165.7,64,20.6,62,111,38.3,12.3,10,163,0,23.30960731
22,1,170.5,78.2,20.4,69,119,30,4.4,10,180,0,26.90035345
61,0,161.3,57,35.1,81,128,26.7,12.3,10,140,1,21.90817094
24,0,163.8,58.2,32.9,77,118,18.5,14,10,114,0,21.69177993
56,0,158.7,63.7,35.5,92,154,24.8,2,10,130,0,25.2921401
57,0,149.2,62.2,37.3,75,136,22.3,21.9,10,131,0,27.9416944
53,0,159.9,61.9,37.4,80,123,26.6,15.8,10,101,0,24.20994047
51,0,159,69.6,35.3,88,130,27.7,15.5,10,127,0,27.53055654
24,0,160.3,64.3,37.2,77,122,19.3,25.8,10,155,0,25.02326229
26,0,161.8,73.4,37.4,65,126,23.9,11.2,10,135,0,28.03748314
57,0,165.4,61.86,37.1,90,154,23.6,19.6,10,134,1,22.61199627
64,0,154.5,61.8,37.4,67,124,25.8,4.1,10,105,0,25.88996764
63,0,158.3,69.84,41.5,78,148,15.7,7.1,10,103,0,27.87034861
45,0,168.1,63.6,30.9,66,135,25.6,-7.5,10,126,0,22.50721133
56,0,151.7,60.2,39.6,73,135,17.1,13.6,10,99,0,26.15925249
40,1,181.7,89.8,22.7,80,142,51.8,8,10,224,0,27.19984831
58,0,166,54.5,23,89,124,25,22.7,10,149,1,19.77790681
22,0,153.4,49.5,33.7,55,95,17.8,20.7,10,106,0,21.03557945
56,0,156.5,73.9,40.9,65,106,24.7,12.5,10,110,0,30.17280977
61,0,155.5,62.1,30.5,92,152,26.7,22,10,115,1,25.6821166
56,0,160.1,61,28,81,120,26.3,15.5,10,151,1,23.79836774
52,0,157.9,73.2,39.8,70,117,21.6,15,10,136,0,29.35937601
56,0,157,59.6,26.7,72,118,21.4,17.2,10,167,1,24.1794799
60,0,161.2,61.6,37.5,93,149,24.1,7.5,10,124,0,23.70558282
61,0,154.6,50.56,27.1,59,100,25.6,18.7,10,103,1,21.153785
49,0,159,61,34.8,67,113,22.6,10.8,10,134,0,24.12879237
62,0,158,57.3,33.9,75,125,19.7,-0.2,10,133,0,22.9530524
46,1,168.1,72.5,30.3,79,131,29,-14.3,10,165,0,25.65680537
60,0,156.2,60.7,36.2,97,151,23.5,20.7,10,109,1,24.87863978
54,0,160.7,59.8,33.3,86,155,25.1,11.7,10,101,0,23.15631403
45,0,158.2,73.5,39,82,128,26.1,21,10,150,0,29.36800063
60,1,165.4,69.2,35.2,93,145,38.5,17.4,10,159,0,25.29502331
60,0,152.6,52.8,31.2,77,141,24.7,20.4,10,123,1,22.67382839
64,0,156,49.1,26.6,74,107,23.1,3,10,110,0,20.17587114
59,0,154.5,56.8,33.4,80,129,15,6.9,10,131,0,23.79531006
47,0,161.6,55,31.2,78,126,22.6,-1.4,10,130,0,21.06104794
62,1,165.6,68.9,33.5,88,151,33.3,12.5,10,170,0,25.12456533
60,0,161.2,46.8,19.8,64,140,18.8,24.4,10,138,1,18.01008565
49,0,164.8,56.7,32.7,71,104,22.2,15.6,10,118,0,20.87702658
60,1,166.2,89.8,41,97,141,39.7,-7.3,10,146,0,32.5098
59,0,148.2,53.3,37.4,84,133,20.3,14,9,94,0,24.26782205
21,0,152.5,47,36.9,67,109,17.5,1.3,9,139,0,20.20962107
63,0,156.7,60,35.9,87,151,24.7,23.7,9,105,1,24.43505143
57,0,162.3,66.4,35.1,73,135,25,13.9,9,142,0,25.20757336
51,0,152.1,53.9,37,61,104,23.7,11.3,9,152,0,23.29862746
41,1,177.2,81.82,28.4,92,157,38.5,-8.6,9,191,0,26.05745762
63,0,162.3,59,25,76,134,16.7,27.4,9,122,0,22.3982956
64,0,154.6,58.8,34.6,63,133,22.3,3.2,9,100,0,24.60131642
60,0,158.7,52.5,28.7,91,153,23.9,21.8,9,102,1,20.84517041
63,0,151,45.4,34.7,73,137,21.4,4.8,9,120,0,19.91140739
56,0,155.1,58.5,30.6,64,128,24.5,19.4,9,122,1,24.31824729
59,0,152.1,50.6,35.5,40,105,22.8,15.1,9,110,1,21.87218088
35,0,160.6,56.3,27.7,65,108,23.5,23.3,9,135,0,21.82816927
52,0,165,51.6,27.8,75,131,24.8,11.5,9,90,0,18.95316804
57,0,156.8,60.9,36.2,82,133,19.7,16.3,9,113,1,24.76995262
51,0,154.3,57.2,35.2,69,111,26.2,11.8,9,126,0,24.02504317
24,0,157.2,45.9,31.2,66,111,22.7,17.2,9,145,0,18.57409242
60,0,153.5,55.5,33.7,72,98,21.7,18.2,9,125,1,23.55462657
61,0,161.5,48.3,28.9,72,117,22.6,26.3,9,104,1,18.51834102
55,0,145.7,49.7,28.7,84,151,28.3,21,9,118,1,23.41193368
38,0,162.3,58.6,32.4,68,110,24.7,3,9,123,0,22.24644275
63,0,152.6,51.3,30.2,73,127,17.7,17.5,9,115,1,22.02968554
59,0,157.3,57.4,26.9,91,159,28.5,22.8,9,139,1,23.19820848
55,0,159.1,57.4,35.4,75,115,22.1,13.5,9,138,0,22.6762655
61,0,148.6,54.8,34.2,54,104,25.4,13.5,9,122,1,24.81663765
59,0,160.2,61.7,35.2,86,140,26.9,20.8,9,114,0,24.04142138
35,0,165.4,86.3,38.6,99,149,32.3,12.4,9,147,0,31.54567214
60,0,159.3,59.9,26.4,99,156,22,13.8,9,102,1,23.60452529
60,0,163.6,69,40.7,75,118,19.4,-2.2,9,112,0,25.77997501
24,0,163,61.34,40.5,79,112,20.2,24.5,9,150,0,23.08705634
60,0,157.8,59.7,35.9,98,158,20.3,14.5,9,110,1,23.97509482
55,0,167.1,66.9,26.1,72,115,27,16.9,9,112,1,23.95924994
53,0,161.1,70.5,34.4,86,134,28,22.6,9,148,0,27.16426985
55,0,154.6,60.4,33.9,86,149,20.2,6.2,9,95,0,25.27074
60,0,161.9,55,33.2,80,118,25.8,12,9,137,1,20.98306819
58,0,151.8,59,39,80,132,24.5,9.9,9,106,0,25.60403832
62,0,162.3,47.5,28.8,74,146,23.5,21.8,9,111,1,18.03252612
62,0,154.9,55.36,36.9,82,133,22.7,14,9,138,1,23.07242516
53,1,177.6,73.36,26.8,94,155,45.1,-3.2,9,151,0,23.25805535
39,0,163.8,73.3,38.8,77,118,35.1,12.4,9,125,0,27.31971596
53,0,155,64.4,41.4,75,133,29.2,14.3,9,135,0,26.80541103
39,0,163.2,85.8,45.3,70,116,25.7,17.3,9,132,0,32.21417243
60,0,160.2,64.2,35.2,81,131,28.1,11.3,9,108,0,25.01554705
22,0,161.3,57.8,32.5,60,107,23.4,8.2,9,115,0,22.21565404
58,0,154.1,60.2,37.4,80,158,29.1,21.5,8,115,0,25.35077343
50,0,158.9,58.7,27.9,84,127,18.9,12.8,8,105,0,23.24825212
63,0,145.6,40.9,23.6,97,159,23.1,19.7,8,143,1,19.29303526
56,0,158.3,56.2,35.3,84,131,23.1,20.4,8,150,0,22.42717056
63,0,148.2,64.2,39.8,82,153,27.6,11.5,8,140,0,29.23065996
62,0,150.3,51.4,25.6,74,144,21.3,18.3,8,115,1,22.75334007
61,0,150.7,50.2,27.5,71,129,22.9,19.6,8,122,1,22.10432272
59,0,157.2,55.8,30.1,91,143,31.1,25.6,8,137,0,22.58026922
50,0,153.1,50.2,38.3,74,118,19.8,16.5,8,130,0,21.41673859
61,0,162.5,57.8,30.3,93,158,23.7,20.2,8,105,1,21.8887574
37,0,153.3,61.5,39.3,75,147,22.7,9.4,8,140,0,26.16922168
62,0,156.9,48.5,22.3,98,151,21.7,16.1,8,137,1,19.70134388
57,1,172.1,72.8,34.6,89,149,34.7,-1.7,8,134,0,24.57930726
58,0,164.4,60.9,33.3,78,134,27.1,23.8,8,109,0,22.5327224
64,1,175.3,81.2,35.8,88,144,35.7,11.7,8,158,0,26.42361282
26,0,159.6,47.2,22.5,71,108,24,-6,8,142,0,18.53003436
54,0,152.2,56.5,35.2,76,126,17.7,12.7,8,105,0,24.39041237
56,1,167.2,75.3,35.3,99,140,35.4,-12,8,105,0,26.93533802
62,0,162.5,67.4,37.9,77,140,26.7,7.3,8,122,0,25.52426036
62,1,168.6,95,37.7,92,155,43.7,3.7,8,147,0,33.42015538
57,0,151.3,60,39.9,60,122,23.9,16.2,8,155,0,26.21038464
46,0,157.7,52.5,31.5,65,109,23,12.6,8,138,0,21.11037348
22,0,167.1,53.7,28.8,92,121,26.7,23.9,8,172,0,19.2318643
55,0,158.4,71.1,39.8,86,152,28.3,7.5,8,136,0,28.33735078
50,0,161.1,57.3,30,63,100,18.1,18.8,8,136,0,22.0781938
51,0,154.2,61.6,32.3,71,127,25.1,14.1,8,130,0,25.90669217
41,0,157.7,73.5,43.4,71,116,25.1,10.1,8,106,0,29.55452287
23,0,162,46,27.4,65,106,23.7,28,8,182,0,17.52781588
49,0,149.9,61.6,40.7,95,129,22.7,19.2,8,148,0,27.41431802
51,1,182.7,95.4,26.6,87,132,47.6,8.1,8,170,0,28.58059593
64,0,148.6,66.46,41.7,80,120,16.2,0.9,8,144,0,30.09696603
53,0,163.5,56.7,30.1,74,140,24.7,12,8,120,0,21.21033583
60,0,154.4,61.9,44.2,99,147,25.6,11,8,119,0,25.96546216
64,0,158,62.3,32.8,94,148,22.4,21.2,7,121,0,24.95593655
57,0,161.3,59.8,29.1,73,135,23.1,15.3,7,119,0,22.98436179
26,0,153.5,59.7,40.2,68,116,19.6,16.5,7,139,0,25.33713886
41,0,160.5,67.9,33.6,71,116,27.7,20,7,164,0,26.35843984
57,0,163.8,61.1,31.9,69,118,19.2,12.8,7,138,0,22.77264182
44,0,160.5,62.6,38.3,79,126,21.5,13.6,7,132,0,24.3010064
60,0,160.6,90.3,48.9,81,156,29.2,12.8,7,101,0,35.01036741
38,0,149.1,60.96,40.4,66,106,22.5,8.7,7,139,0,27.421403
63,0,154.3,45.6,17.9,70,120,19.3,13.6,7,129,1,19.15283162
61,0,144.7,43.1,28.3,77,130,20.7,11.8,7,126,1,20.58449457
60,0,155.5,46.2,26.9,79,135,23.3,10.2,7,88,0,19.10650221
41,0,160.2,65.1,39.9,74,130,28.3,11.2,7,113,0,25.36623228
56,0,163.6,54.2,25.1,62,106,18.3,15.1,7,112,0,20.25035718
37,0,156.5,56,31.9,62,103,22,15.8,7,158,0,22.86437547
52,0,154,55,36.2,87,142,26.4,20,7,120,0,23.19109462
60,0,155.9,66,37.4,60,110,26,14.1,7,106,0,27.15511868
47,0,160.5,61.6,40.3,52,95,17.2,13,7,132,0,23.91281141
62,0,161.2,58.1,32.1,75,154,27.6,12,7,108,1,22.3586747
57,0,157.3,57.04,32.5,83,127,23.8,18.1,7,139,0,23.05271449
63,0,162.3,55.8,36.3,63,108,20.8,24.8,7,125,1,21.18347279
32,0,166.2,70.8,39.5,61,109,24.9,5.8,7,158,0,25.63133452
34,1,173,79.9,30.9,91,144,38.2,16,7,233,0,26.69651509
60,0,159,48.8,32.1,88,152,22.8,15.7,7,148,1,19.3030339
64,0,151.6,64.2,39.4,63,122,28.1,6.4,7,87,0,27.93422491
33,0,167,78.2,40,88,126,24.2,20.3,7,139,0,28.03972893
54,0,158.1,57.7,28.7,76,150,27.7,23.5,7,138,0,23.08405356
34,0,160,90.7,50.2,70,122,26.1,5.8,7,98,0,35.4296875
59,0,150.9,55.8,35.6,84,128,21.6,19.2,7,117,0,24.50505713
57,0,156,60.4,43.5,74,120,26.3,20,7,141,0,24.8191979
64,0,156.7,60.2,35.9,90,151,25.7,16.5,7,118,1,24.5165016
44,0,154.6,55.2,43.6,69,90,23.5,13.4,7,129,0,23.09511338
62,0,156.3,60.1,36.58319,69,116,26.1,12.7,7,126,1,24.6012127
39,0,159.7,45.7,19.4,68,104,22.1,8.1,7,150,0,17.91869461
61,0,158.8,64.1,34.6,87,137,29.7,21.4,7,118,0,25.41891643
42,0,163.3,53.7,33,58,114,21.4,4.1,6,133,0,20.13733135
64,0,158.6,60.2,33.7,67,131,24,17.2,6,138,0,23.93261339
37,0,150.4,47.7,41.5,65,114,15.9,8.7,6,112,0,21.087384
59,0,164.6,70.4,38.3,80,126,26.7,16.2,6,110,0,25.98441821
41,0,153.6,59.1,39.2,62,119,25.5,26.8,6,111,0,25.04984538
63,0,157.2,60.62,37.5,64,110,23.8,19.8,6,60,0,24.53075125
50,0,157.1,64.6,36.9,70,111,23.1,18.7,6,129,0,26.17460569
35,1,165.6,88.5,40.1,87,136,33.9,7.4,6,151,0,32.27175663
62,0,155.6,66.1,38.5,85,143,26.4,18.7,6,101,0,27.3012338
60,0,155.3,53.4,35,87,155,23.4,12.5,6,117,0,22.14105678
52,0,151.4,59.6,39.6,82,140,19,7.9,6,118,0,26.00126691
38,0,156.2,46.4,28.7,65,101,24.5,15.4,6,139,0,19.01760932
63,1,164,56.5,19.7,60,100,34,13.3,6,159,0,21.00684117
49,0,163.7,70.6,38.7,95,143,30.8,11.7,6,147,0,26.34555441
46,0,156.9,63.9,22.9,96,153,20.3,21.2,6,116,0,25.95702832
58,0,151,60,24.7,92,151,19,20,6,47,0,26.31463532
56,0,155.8,83,44,95,154,31.5,16.4,6,142,0,34.19347078
51,0,154.1,47.1,28.7,71,109,31.1,7.6,6,132,0,19.834243
55,0,156,64.4,40,91,137,30.9,19.5,6,122,0,26.46285339
50,0,157.6,46.3,23.7,66,113,19.3,22.7,6,129,0,18.64097245
59,0,156.4,54.8,28.3,70,123,20,14.7,6,108,0,22.40304551
36,0,161.8,48.1,30.4,68,109,24.9,17.2,6,133,0,18.37333704
62,0,154.9,64.3,35.2,77,134,20.4,27.8,6,92,0,26.79835509
49,0,158.4,56.68,34.6,76,101,27.3,22.5,6,138,0,22.59016937
55,0,153.4,63.2,39.5,78,123,23.2,2.6,6,117,0,26.85754791
60,0,148.3,46.5,25.8,56,102,19.1,8.2,6,60,0,21.14319673
58,0,165,67.2,28.2,73,129,20.8,10.3,6,107,0,24.68319559
21,0,159.5,51.3,35.8,80,122,16.6,2.1,5,105,0,20.16489618
25,0,162.2,71.5,41.3,75,124,24.9,7,5,120,0,27.17717695
50,0,163.2,54.5,23.5,72,113,22.3,23.5,5,100,0,20.46238226
56,0,158.4,49.3,26,76,116,21.3,9,5,116,0,19.6488241
60,0,159.9,62.7,35.9,83,134,23.3,8.9,5,78,0,24.52283146
54,0,155.6,62.3,36.4,72,130,22.9,18.5,5,113,0,25.73172263
44,1,164.1,72.1,38.9,88,124,20.6,7.1,5,120,0,26.7742986
61,1,163,67.2,37.9,75,136,25.9,8.5,5,98,0,25.29263427
34,0,160.2,73.3,42.6,76,129,20.6,-2.8,5,135,0,28.56136446
58,1,168.5,80,24.3,76,140,36.4,14.5,5,133,0,28.17670315
54,0,159.1,64.22,36.9,75,131,24.6,19.8,5,133,0,25.37055349
62,0,144.9,47.9,36.6,93,159,15.4,11.5,5,91,0,22.81385844
54,0,155.9,53.2,38.7,85,120,15.6,13.8,5,118,0,21.88867142
60,0,147.5,48.5,39.3,75,146,18.8,19,5,130,0,22.2924447
64,0,154,60.7,42.7,75,143,24.8,5.8,5,118,0,25.59453533
58,0,148.3,62.4,43,93,143,15,5,5,121,0,28.37280594
40,0,155,91.9,48.6,93,158,21.3,4.6,5,116,0,38.25182102
55,0,158.2,64.4,38.8,80,116,25.1,23.3,5,132,0,25.73196245
40,0,160.4,86.5,46,79,133,27.4,3.5,5,91,0,33.62074863
64,0,157,56.7,35.3,86,144,27.8,12.6,5,89,0,23.00296158
37,0,163,50.3,20.7,73,108,22.9,6.4,5,149,0,18.93183786
46,1,166.4,87.2,33.2,77,92,42.8,-6.8,5,150,0,31.49269601
49,0,155.2,75.1,44.3,67,128,25.4,25.1,5,125,0,31.17859231
57,0,150.6,61.7,39.3,79,114,25.4,13,5,137,0,27.20415373
52,0,169,73.9,35.7,74,129,14.1,12.5,5,128,0,25.87444417
61,0,154.9,46.2,31.3,89,137,21.1,5.6,5,76,0,19.25480568
63,0,151.8,50.2,32,87,133,18.4,24.9,5,130,0,21.78513091
61,0,152.6,56.4,37.6,93,136,28.9,20.2,4,125,0,24.21977123
63,0,156.9,55.9,31.3,88,160,25.6,6,4,60,0,22.70732212
64,0,157.8,60.4,34.9,82,150,24,17.2,4,95,0,24.25620983
63,0,157.4,55.82,40.3,82,147,21.2,13.2,4,103,0,22.53099525
62,0,154,52.6,34,92,154,27.5,23.5,4,114,0,22.17911958
28,0,143.8,72.6,48.7,85,136,12.6,0.1,4,25,0,35.10903144
61,1,165,77.7,34.6,94,151,35.5,-12.8,4,160,0,28.5399449
51,0,160.4,60.7,35.2,58,117,24.7,16.4,4,123,0,23.59282592
60,0,150.9,65.1,40.4,80,134,33,12,4,114,0,28.58923332
58,0,155.8,48.1,26.2,71,124,20.9,19.7,4,147,0,19.81573427
61,0,158.8,55.94,31.1,98,157,27.1,21.5,4,152,0,22.18306061
61,0,147.9,64.7,44.7,84,149,25.4,11.6,4,130,0,29.57794062
63,0,152.1,66.7,39.8,77,121,22.7,10.1,4,117,0,28.83151116
64,0,155.7,50.2,30,59,116,26,23.1,4,120,0,20.70744383
39,0,158,54.5,29,75,116,23.6,1.4,4,122,0,21.83143727
64,0,157.7,74.8,49.2,79,149,22.9,14.7,4,125,0,30.07725592
23,0,155.1,53.5,40.3,65,115,17.6,6,4,106,0,22.23976462
64,0,144,55.3,37.7,69,132,19.4,4,4,110,0,26.66859568
24,1,165.7,55.8,24,90,118,36.1,-9.1,4,172,0,20.32306387
36,1,169.5,70.4,29.2,76,118,35.2,1.6,4,180,0,24.50378956
64,0,155.3,55.72,36.3,86,139,30.1,13.2,4,108,0,23.10299033
55,0,154.6,61.6,35.3,71,118,24.4,11.5,4,138,0,25.77280768
56,0,157.3,70.2,41,77,122,23.4,14.7,4,107,0,28.37132815
40,0,148.2,90.6,48.3,65,119,22,0.2,4,110,0,41.25074443
55,0,153.8,53.1,29.9,80,143,22.8,23.8,4,115,0,22.44821691
57,0,150.2,62.1,43.3,81,132,19.1,11.9,4,117,0,27.52654694
52,0,162,73.2,40.5,88,134,27.2,16.8,4,90,0,27.89208962
29,0,161.1,55.9,32.8,60,137,25,16,3,122,0,21.53876149
60,0,153.2,50.2,32.6,78,143,28.1,20.4,3,118,0,21.38878853
62,0,150.3,57.4,41.1,70,146,18.5,11,3,95,0,25.40937199
61,0,157.7,52.7,26.1,76,143,19.8,14.4,3,112,0,21.19079395
60,0,161,54.1,33.5,88,132,19.8,11.6,3,157,0,20.87110837
63,1,156,66.7,36.7,71,128,21.1,-10,3,105,0,27.40795529
51,0,155.6,58,33.5,92,128,20.6,15.9,3,135,0,23.95569683
45,1,160.1,64.8,46.1,82,113,15.6,1.3,3,43,0,25.28088901
64,0,157.5,69,44.4,77,131,26.1,1.5,3,78,0,27.81557067
63,1,178.3,100.6,34.9,73,138,42.6,8.9,3,135,0,31.64428552
63,0,147.3,52.1,37.2,83,154,19.2,15.6,3,116,0,24.01221535
31,0,168.7,67.3,38.3,74,113,24.4,12.4,3,135,0,23.64748175
62,0,155.3,54.7,34.3,64,102,24.4,-0.1,3,154,0,22.68007127
56,0,153.7,50.7,31.6,66,105,16,15.7,3,155,0,21.4615075
61,0,151.5,58.3,40.2,81,150,21.7,10.8,3,115,0,25.40055986
64,0,157.8,50,24.4,95,156,18.5,13.4,3,62,0,20.0796439
58,0,158.1,58.8,33.3,72,117,25.8,6,3,126,0,23.52413084
42,0,152.2,86.6,46.3,78,138,29.7,3,3,119,0,37.38424267
60,0,158.9,56.3,24.2,84,151,17.6,11.4,3,135,0,22.29772733
49,0,153.8,53.8,33.3,75,115,26.7,12.8,3,101,0,22.74414444
46,1,155,59.8,40.6,85,140,19.7,7,3,132,0,24.89073881
62,0,154.4,52.7,36,70,148,22.8,14.4,3,101,0,22.10629816
60,0,149.1,63.3,42.7,73,134,23.8,21.6,3,118,0,28.47399622
47,0,152.4,62.4,34.8,66,117,21.4,10.5,2,160,0,26.8667204
61,0,151.1,47.8,29.9,65,109,18,2.8,2,120,0,20.93625349
45,0,160.9,80.9,47.7,80,128,28.4,-4.5,2,86,0,31.24902226
61,0,155.4,59.8,38.7,89,147,25.3,19.1,2,119,0,24.76276608
64,0,149.8,64.6,43.6,76,146,16.9,12.8,2,83,0,28.78782747
62,0,159.9,52.3,28,72,125,27.6,19.4,2,139,0,20.45524857
53,0,156.1,62.3,37.5,78,119,18.7,14,2,135,0,25.56714536
55,0,158.3,60.9,35.3,77,146,27.9,8.3,2,161,0,24.30275244
54,0,157.8,54.4,40.7,73,128,15.6,-0.5,2,90,0,21.84665256
37,0,163.3,53.9,37,77,117,18,3.9,2,103,0,20.21233072
62,0,144.9,50.8,33.9,68,128,14.9,10.7,2,83,0,24.19507325
48,0,157,59.3,37.7,98,152,18.8,15,2,134,0,24.05777111
23,0,165.3,82.3,41.5,79,127,28.3,14.3,2,138,0,30.11994178
41,0,161.4,52.6,25.6,69,115,29.7,-3,2,110,0,20.19196958
22,0,150.7,52.6,37.1,85,132,23.4,27.5,2,144,0,23.16110308
58,0,156.2,55.3,32.7,72,102,19.7,7.6,2,127,0,22.66538352
63,0,148.2,51.96,38.8,68,118,20.2,13.2,2,98,0,23.6577117
51,0,147,64.4,45.7,73,126,12.9,8.4,2,110,0,29.80239715
22,1,174.7,83.1,23.3,68,135,42.4,9.9,2,239,0,27.22796689
49,1,173.2,76.1,28.4,97,153,39.1,-14,2,149,0,25.36815493
41,0,164.1,67,36.5,83,119,20.6,5.6,2,87,0,24.88041618
51,0,150,62.3,34.4,87,132,20.5,12.9,2,80,0,27.68888889
59,0,145.5,53.8,38.7,81,151,21,1.8,2,107,0,25.41302063
55,0,157.2,54.8,34.8,71,123,23.9,11.3,2,112,0,22.17560489
59,0,151.4,52.2,34.2,65,124,27.9,16.7,2,118,0,22.77292169
61,0,157.8,55.4,34.1,52,100,23.2,14.1,2,148,0,22.24824544
48,0,157.2,60.6,32.8,84,112,23.5,0.1,2,112,0,24.52265796
39,0,150,44.06,30.3,65,103,23.9,12.8,2,135,0,19.58222222
63,0,153.1,56.3,35.9,64,107,17.2,7.5,2,70,0,24.01917097
63,1,168.4,86.1,32.4,80,124,36.2,-6.4,2,166,0,30.36120311
53,0,147.3,54,36.7,71,139,26.4,23.9,2,124,0,24.88790075
24,1,176.1,74.8,24.3,96,125,35.7,-12,1,200,0,24.12031004
41,1,176.2,93.1,35.8,85,135,36.3,7.1,1,182,0,29.9873351
42,0,158,76.8,41.1,80,117,33.9,5.9,1,133,0,30.76430059
22,1,187.3,109.3,39.3,79,141,36.2,17.5,1,211,0,31.15620891
63,0,153.7,53.3,30.3,69,120,17.8,16.3,1,35,0,22.56209762
47,0,162.8,55.1,26.8,78,120,25.1,16.1,1,112,0,20.78944032
33,0,153.2,49,33,80,114,20.3,-0.4,1,144,0,20.87750274
62,0,158.1,69.1,41.3,76,130,22.6,22.4,1,81,0,27.64485444
55,0,149,52.7,36.4,75,123,22.3,16.5,1,93,0,23.73766947
54,0,150.2,48.3,37.1,90,145,18.3,2.8,1,85,0,21.40953651
53,0,143.6,53.9,32.7,76,120,17.1,16.8,1,86,0,26.1384533
23,0,170.3,87.9,40.3,73,116,24,-5.5,1,116,0,30.30816055
60,0,152,55.6,38.9,94,137,26.4,16.9,1,120,0,24.06509695
64,0,155.8,52.2,25,86,154,23.6,24.7,1,113,0,21.50480933
59,0,160.3,55,27.3,67,104,25.9,5.4,1,116,0,21.40403462
57,0,153,49,20.9,69,106,21.5,30,0,90,0,20.93212012
61,0,153.2,62.2,37,71,111,25.7,3,0,58,0,26.50164634
56,0,148.2,54.7,37.7,85,125,22.7,10.7,0,134,0,24.90525077
57,0,159.2,68.6,32.1,91,154,30.2,20.6,0,133,0,27.066867
61,0,164.7,82.3,43.7,85,145,23.5,15.2,0,51,0,30.33979464
46,0,163,63.8,34.6,64,120,17.2,-4,0,110,0,24.01294742
24,0,163.7,61,38.3,89,122,17.6,7.9,0,113,0,22.76315608
58,1,168.7,76.1,27.5,84,139,34.5,2,0,25,0,26.73957446
61,0,159.5,54.68,32.3,71,126,26.4,-3.4,0,127,0,21.49349947
64,0,144.1,54.8,37.4,76,136,17.5,3.4,0,60,0,26.39080252
44,0,154,65.1,36.4,84,130,27.9,23.9,0,112,0,27.4498229
49,1,163,78.8,37.5,73,123,23.6,-14.7,0,84,0,29.65862471
59,0,162.7,49,20.3,67,130,24.8,14.5,0,130,0,18.51062037
59,0,162.9,61,32.6,82,123,29.7,19.5,0,25,0,22.98728426
64,0,156.6,58.2,34.3,69,115,21,12.5,0,73,0,23.73228031
51,0,156.4,76.8,45.1,90,158,20.3,19.8,0,105,0,31.39696888
62,0,156.3,67.28,41.6,99,159,25,-1.5,0,129,0,27.54025941
64,0,161.7,63.5,35,68,140,17,-6.1,0,70,0,24.28587109
31,0,165,57.3,37.1,72,123,25.2,18,0,123,0,21.04683196
49,0,157.9,53,36.1,63,157,19,13.1,0,140,0,21.2574717
56,0,152.1,57.3,28.4,73,140,16.9,22.5,0,126,0,24.76829969
49,0,154.6,54,31.8,96,151,24.3,25.3,0,160,0,22.59304569
49,0,148.1,63.7,39.7,82,138,20.7,10.6,0,73,0,29.04218685
60,0,159.2,68.8,38.6,76,118,22.4,14.9,0,66,0,27.14577915
34,0,167.4,82.9,29.7,80,160,34.8,1,0,112,0,29.58309603
64,0,154.7,50.2,35.68,78,128,18.7,6.8,0,59,0,20.97602006
61,0,154.2,70.5,43.1,64,121,19.7,17.2,0,52,0,29.64970451
59,0,157.5,81.9,45.5,64,122,25.4,21.6,0,65,0,33.01587302
61,0,162,58.1,31.6,68,110,23.8,0.1,0,102,0,22.13839354
59,0,155.3,48.7,26.1,71,123,17,17.6,0,107,0,20.19231208
25,0,158.7,83.1,47.5,86,122,21.7,7.2,0,131,0,32.99492688
58,0,154.9,58.66,35.7,65,112,23.1,25.2,0,86,0,24.44776842
43,0,155.7,72.04,39.6,88,148,28.5,6.8,0,146,0,29.71641939
60,0,159.2,53.8,33.7,93,152,25.9,22.5,0,93,0,21.227368
45,0,175.8,69.9,33.8,65,117,20.9,-3.5,0,111,0,22.61723103
64,0,151.6,71.6,45.9,87,158,20,13.6,0,57,0,31.15405769
29,0,167.2,54.4,30,76,116,20.1,14.8,0,115,0,19.45926146
63,0,153.2,56,42,76,127,23.7,23.8,0,103,0,23.86000314
60,0,152.6,55,37.57393,69,113,18.3,18.8,0,117,0,23.61857124
57,0,154.3,67.5,41.2,87,148,28.9,22.1,0,113,0,28.35123101
39,1,176,93.1,32,91,146,44.6,4,0,135,0,30.05552686
57,0,153.8,42.8,20.7,69,125,22.2,19.3,0,95,0,18.09385468
48,0,157.1,63.6,38.9,71,113,20.4,21.9,0,130,0,25.76942603
62,0,150.9,59.4,39.3,71,135,18.1,18.5,0,104,0,26.08602856
60,0,160.8,66.1,39.2,70,108,23,11.8,0,100,0,25.56403307
60,0,162.2,67.3,41.8,47,131,22.1,19.5,0,25,0,25.58075537
61,0,165.6,58.1,31.5,56,106,24.6,-4,0,120,0,21.18631707
60,0,149.3,45.1,30.4,73,113,20.2,12.7,0,70,0,20.23284369
63,0,159.2,46.7,21.9,70,103,22.1,3.7,0,107,0,18.42598672
64,0,156,55.1,33.7,94,152,21.3,16.4,0,91,0,22.64135437
49,0,163.8,55.1,26.8,81,121,19.8,3.6,0,149,0,20.53637585
54,0,159.3,66.7,42,70,126,18.5,11,0,85,0,26.2841709
50,0,160.7,63.6,33.4,80,134,16.6,10.6,0,111,0,24.62778549
60,0,152.3,49.5,31,62,100,25.6,21.7,0,131,0,21.34053939
24,1,185.2,95,22.9,77,146,57.9,16.2,0,242,0,27.69756821
59,0,152.7,63.8,39.9,90,151,27.1,18.2,0,101,0,27.36167025
57,0,160.5,79.2,43.9,83,139,21,5,0,101,0,30.74504324
47,0,161,60.7,31.2,61,105,18.7,4.1,0,106,0,23.41730643
37,1,170.3,78.6,30.2,102,143,38.8,-7.5,0,152,0,27.1014951
57,0,167.2,87.3,49.8,73,126,17.5,-3.4,0,65,0,31.22782217
62,0,150.3,62.4,36.4,76,113,19,19,0,113,0,27.62273191
60,0,155,45.3,24.3,62,114,19.5,22.3,0,140,0,18.855359
60,0,153.3,64.9,37.5,91,155,24.5,13.8,0,105,0,27.61597539
50,0,155.7,87.3,46,89,128,23.5,15.7,0,123,0,36.01115232
57,0,154,59.6,40.8,76,132,22.4,7.4,0,116,0,25.13071344
30,0,164.2,58.9,35.8,82,120,22.5,2.9,0,120,0,21.84585211
60,0,155.6,55.4,33.5,87,153,17.4,14.5,0,116,0,22.88182077
63,0,150.1,68.4,43,74,134,18,0,0,70,0,30.35950716
64,0,156.8,58.8,43.5,78,150,20.9,9.9,0,82,0,23.91581633
62,0,154,63.1,38.8,68,124,22.3,3.9,0,70,0,26.60651037
61,0,153,64.6,31.4,77,152,14,20.6,0,25,0,27.59622367
63,0,149.4,57,38,65,119,25.9,23.5,0,69,0,25.53722252
57,0,159.4,56.2,26.6,62,112,23.1,11.7,0,90,0,22.11870424
54,0,155.1,52.6,39.2,71,118,19.2,19,0,132,0,21.86563773
57,0,155.7,74.2,42.4,87,142,22.4,12.2,0,100,0,30.60741698
54,0,162.1,60.9,32.6,63,113,22.4,14,0,60,0,23.17668205
59,0,155.1,57.3,40.4,73,155,19.4,16.21,0,116,0,23.81941145
63,0,159.1,64,38.9,97,149,30.8,22,0,117,0,25.28364097
60,0,160,76.9,50.3,82,141,20.1,-8.1,0,25,0,30.0390625
57,0,154.6,59.3,41.1,67,113,21.7,16.7,0,106,0,24.81051129
58,0,163.1,72.8,39.2,96,142,27.9,15,0,96,0,27.36676464
59,0,155.4,52.6,30.7,66,103,18,20,0,103,0,21.78129591
60,0,153.2,61.4,35.7,66,103,20.7,5.3,0,70,0,26.16078915
58,0,158.9,55.2,30.1,81,109,16.5,21.5,0,100,0,21.86207014
48,0,160,109.2,50.6,94,141,36.9,8.2,0,159,0,42.65625
59,0,150.7,51.3,32,70,108,16.5,1.5,0,105,0,22.58868039
61,0,151,56.4,36.6,86,139,24.9,13.8,0,137,0,24.7357572
41,0,160.7,67.6,39.9,95,132,22.6,21.8,0,82,0,26.17670281
60,0,156.9,73.2,44.7,91,143,22.7,7.6,0,68,0,29.73481179
60,0,151.3,51,31.5,87,148,23.1,17.2,0,105,0,22.27882695
56,0,156.3,54.2,29.2,90,142,20.7,15.3,0,136,0,22.18611861
63,0,156.7,66.5,41.3,86,142,15,13.5,0,65,0,27.082182
60,0,155.6,58.8,33,98,157,25.1,20.1,0,108,0,24.28612023
59,0,151.2,63.7,45.1,53,129,20.8,5.5,0,89,0,27.86351166
57,0,148.4,62.5,48.1,66,109,15.8,4,0,85,0,28.37998852
21,0,163.8,85.1,47.9,94,149,25.8,18.7,0,113,0,31.71770571
26,0,156.8,51,33.3,66,102,16.7,-3.8,0,127,0,20.74331008
52,0,159.9,72.1,38.2,78,124,26.4,17.4,0,108,0,28.19930061
60,0,151.9,59,37.1,92,148,20.4,7.8,0,101,0,25.57033771
61,0,159.1,71.4,38.5,78,148,23.6,26.2,0,98,0,28.20706196
63,0,155.7,57.8,30.3,82,117,22.7,7.1,0,93,0,23.84243533
64,0,148.9,47.4,39.8,63,131,15.7,28.1,0,72,0,21.37907674
55,0,171.8,95.1,39.6,81,136,32.3,0.7,0,131,0,32.22064262
54,0,157.7,56.4,27.4,69,157,25.2,9.1,0,104,0,22.67857265
60,0,149.8,57,42.8,73,139,12.9,9.7,0,90,0,25.40102424
50,0,152.4,61.1,35.8,59,101,24.8,15.1,0,83,0,26.30699706
63,0,154.9,60.1,34.4,97,138,22.7,12.2,0,78,0,25.04791821
61,0,152.4,61.4,39.25452,86,150,27.1,23.8,0,102,0,26.43616398
63,0,151.6,58,37.2,78,137,19.7,21.4,0,84,0,25.23652718
62,0,153.5,52.2,22.6,66,109,15.5,14.1,0,88,0,22.15408121
64,0,150.6,57.8,45.6,92,153,18,14.5,0,96,0,25.4846043
59,0,157.7,61.1,35.7,90,141,22.7,14.7,0,127,0,24.5684537
58,0,164.6,56.6,37.1,70,103,18.9,8.4,0,90,0,20.89088168
22,1,175.2,86,34,71,121,44.3,4.3,0,170,0,28.01755593
58,0,154,47.9,34.7,94,159,15.9,19.5,0,101,0,20.19733513
64,0,162.1,55.5,34.5,68,136,12.6,-4,0,60,0,21.12160679
57,0,157.8,63.4,38.8,76,123,28.9,5,0,137,0,25.46098846
64,0,154.1,62.3,39.3,69,121,24.9,17.2,0,116,0,26.23510274
52,0,157.6,53.9,32.9,78,120,16.9,3.3,0,118,0,21.7008297
60,0,161.2,56.8,25.5,75,147,22.5,13.6,0,106,0,21.85839455
63,0,154,47,31.8,95,145,21.5,-4,0,70,0,19.81784449
64,0,146.1,57.7,40.4,68,121,19.3,9.2,0,75,0,27.03182588
