age,gender,height_cm,weight_kg,body fat_%,diastolic,systolic,gripForce,sit and bend forward_cm,sit-ups counts,broad jump_cm,BMI
30,1,165.2,62.5,12.1,80.0,120,31.5,12.6,58,247.0,22.90128921
63,0,157.4,48.2,17.5,92.0,149,25.4,28.0,27,157.0,19.45528433
31,1,174.6,65.6,13.8,78.0,135,44.1,18.4,66,238.0,21.51866679
38,0,163.6,54.0,19.9,73.0,124,26.0,24.3,47,160.0,20.17563262
60,1,166.5,60.9,22.5,103.0,140,37.3,17.4,42,205.0,21.96791386
34,1,173.0,63.6,17.9,80.0,144,40.3,17.8,53,217.0,21.25029236
32,0,162.4,53.0,23.1,82.0,135,28.1,9.4,35,171.0,20.09573151
26,1,179.3,84.3,19.3,87.0,150,45.9,9.8,52,211.0,26.22207139
26,1,166.0,83.6,29.2,87.0,143,47.9,20.4,53,211.0,30.33822035
23,1,177.8,61.7,12.0,71.0,117,41.9,11.3,44,227.0,19.51738597
63,1,170.4,67.2,21.6,78.0,124,37.9,14.3,36,183.0,23.14355617
51,1,163.3,69.0,22.8,82.0,122,45.1,5.0,40,180.0,25.8747833
26,1,175.6,85.8,25.6,90.0,147,43.5,7.2,48,214.0,27.82519808
38,0,154.3,46.3,24.9,66.0,114,22.0,19.8,35,139.0,19.44684438
25,1,170.0,71.6,24.1,92.0,150,36.7,10.6,63,197.0,24.77508651
55,0,159.3,55.5,29.7,81.0,147,21.8,22.5,31,118.0,21.87063696
32,1,173.2,76.1,13.6,83.0,145,48.0,26.9,60,232.0,25.36815493
26,1,174.6,72.3,24.0,67.0,125,43.4,16.7,48,243.0,23.71645745
22,0,164.4,57.8,22.1,62.0,110,25.5,24.1,49,218.0,21.38573653
22,0,162.4,46.9,16.8,76.0,125,27.6,15.4,38,163.0,17.78282657
44,1,168.3,74.6,23.0,97.0,136,50.1,17.7,33,192.0,26.33726027
44,1,174.0,77.1,18.8,75.0,128,52.9,3.7,39,183.0,25.46571542
27,0,145.4,46.8,29.3,75.0,128,22.6,21.5,39,163.0,22.13691207
27,1,182.1,83.2,8.4,80.0,120,49.6,14.1,62,245.0,25.09016022
62,1,156.4,55.84,25.3,81.0,133,33.3,12.4,33,170.0,22.82821279
32,0,160.0,56.78,28.6,87.0,94,22.4,19.5,20,163.0,22.1796875
50,1,177.4,82.8,22.6,85.0,143,43.0,0.5,36,217.0,26.31013677
29,1,175.4,74.4,16.1,77.0,124,58.4,23.5,48,245.0,24.18319944
34,1,173.5,72.4,17.4,83.0,118,60.1,16.5,67,236.0,24.05135829
24,1,170.4,85.5,30.8,85.0,134,39.8,7.2,55,184.0,29.44604245
44,0,163.3,60.62,25.5,70.0,126,18.9,3.1,17,141.0,22.73230962
39,0,164.6,46.9,25.0,62.0,113,21.5,10.3,24,155.0,17.31064224
25,0,164.4,57.7,24.4,78.0,114,30.7,14.8,51,177.0,21.34873698
28,0,158.6,51.9,29.8,76.0,120,21.3,22.8,30,130.0,20.63293414
29,0,167.8,72.9,29.3,76.0,120,27.6,20.2,41,191.0,25.89068944
38,0,168.0,65.7,27.0,95.0,138,30.9,22.1,39,170.0,23.27806122
60,0,154.7,50.4,29.1,84.0,140,19.2,20.0,24,152.0,21.05958986
25,1,181.7,85.22,16.1,84.0,138,52.4,17.0,47,254.0,25.81259547
24,0,163.7,53.4,27.5,83.0,122,25.7,12.1,37,181.0,19.92709073
58,1,175.1,85.64,28.8,100.0,157,41.5,2.5,29,187.0,27.93215005
54,0,161.0,51.86,29.9,88.0,154,22.1,23.0,36,148.0,20.00694418
50,0,162.0,51.5,25.3,76.0,128,29.0,26.0,21,135.0,19.623533
21,1,174.9,65.4,15.8,72.0,106,44.4,9.6,49,239.0,21.37952881
23,0,158.0,53.1,26.4,75.0,126,25.3,26.2,36,172.0,21.27062971
61,0,154.4,52.3,31.7,76.0,155,23.2,18.2,18,133.0,21.93850842
24,1,173.8,70.0,13.2,78.0,122,45.1,24.2,49,235.0,23.17386624
41,1,167.3,67.6,23.7,90.0,140,40.4,15.9,54,218.0,24.15209532
51,1,162.4,58.4,9.4,84.0,159,47.5,25.3,53,229.0,22.14322114
48,0,159.6,57.7,29.9,96.0,150,26.1,16.8,37,148.0,22.65218183
54,0,156.6,54.5,34.7,79.0,127,20.8,19.8,26,145.0,22.22352709
24,1,173.1,60.4,12.0,66.0,117,29.3,10.2,62,239.0,20.15778473
31,1,187.3,87.5,17.1,78.0,131,53.0,9.6,49,223.0,24.94207026
58,0,162.8,70.7,33.3,96.0,159,31.8,17.8,23,106.0,26.67537987
25,1,177.5,69.7,12.5,81.0,135,51.7,14.9,47,216.0,22.12259472
41,1,168.0,61.1,22.2,99.0,125,30.2,11.1,35,213.0,21.64824263
49,1,168.1,64.1,18.9,90.0,157,40.3,16.9,41,198.0,22.68415482
31,0,160.5,54.0,29.4,80.0,120,26.4,17.3,30,165.0,20.96252948
27,0,163.4,62.9,30.3,79.0,120,31.6,24.0,24,166.0,23.55844066
24,0,169.3,75.2,25.3,86.0,132,40.8,21.4,37,193.0,26.23638072
22,1,166.9,90.3,31.4,87.0,120,42.6,2.9,57,194.0,32.41716839
27,0,166.6,70.0,29.0,74.0,140,37.9,22.0,56,205.0,25.2201721
26,1,170.1,62.6,12.5,73.0,126,49.3,17.9,56,237.0,21.63543871
36,0,165.4,55.4,22.0,64.0,119,23.8,21.0,27,153.0,20.25064005
23,0,161.1,70.9,34.5,86.0,151,31.7,12.5,31,164.0,27.31839337
46,1,170.9,76.6,24.1,93.0,134,40.6,11.2,26,184.0,26.22676013
56,0,156.3,54.2,29.2,90.0,142,20.7,15.3,0,136.0,22.18611861
22,1,176.3,66.2,14.7,86.0,123,46.8,16.5,57,211.0,21.29871317
31,0,164.3,52.2,25.4,71.0,114,24.1,20.0,40,171.0,19.33727957
60,1,173.8,75.3,21.8,93.0,158,38.5,18.0,40,153.0,24.92845896
62,0,158.7,53.1,25.5,74.0,120,24.3,17.4,19,133.0,21.08340093
22,1,176.8,83.8,32.8,81.0,136,35.8,0.8,48,178.0,26.80893102
60,1,179.6,78.2,20.9,91.0,149,57.0,15.9,48,211.0,24.24343133
21,0,159.1,49.7,12.9,68.0,126,20.6,24.9,35,180.0,19.63432744
28,1,166.1,54.5,20.9,90.0,129,40.4,11.4,44,212.0,19.75409952
63,0,157.2,60.62,37.5,64.0,110,23.8,19.8,6,60.0,24.53075125
56,1,176.3,66.5,15.6,69.0,140,40.4,17.6,50,218.0,21.39523301
64,1,164.5,67.6,23.2,93.0,147,35.1,10.1,23,153.0,24.98129175
25,0,163.8,54.2,35.8,72.0,107,26.6,19.3,35,156.0,20.20093595
31,0,165.0,57.3,37.1,72.0,123,25.2,18.0,0,123.0,21.04683196
30,0,178.0,71.6,24.8,90.0,132,36.1,27.4,30,198.0,22.5981568
28,0,160.6,54.2,23.6,76.0,128,31.1,23.3,60,195.0,21.01397468
30,1,170.7,76.8,22.5,77.0,144,48.7,14.5,50,235.0,26.35689083
61,1,170.9,69.0,19.2,82.0,143,45.3,19.3,34,203.0,23.62462727
57,1,175.8,59.8,18.8,99.0,158,37.8,11.8,33,180.0,19.34921911
52,0,153.2,63.24,42.3,92.0,125,17.8,9.2,23,126.0,26.94476068
28,1,174.4,73.4,26.7,81.0,139,39.1,7.8,46,216.0,24.13254356
21,1,185.4,81.7,25.5,73.0,123,32.2,11.9,29,217.0,23.76854499
46,0,167.0,57.0,21.8,72.0,102,28.3,6.5,27,171.0,20.43816558
49,1,178.5,76.0,18.9,96.0,154,42.4,20.2,44,215.0,23.85267833
64,1,166.2,64.5,25.5,83.0,141,31.7,5.0,31,188.0,23.35058018
35,1,182.2,82.0,25.9,75.0,124,50.8,-5.0,45,184.0,24.70114625
34,0,162.7,53.3,20.2,74.0,111,24.8,19.1,42,158.0,20.13502175
64,0,150.8,43.9,20.8,82.0,130,21.0,27.2,39,142.0,19.30464578
21,1,173.3,57.9,12.8,72.0,125,36.4,9.9,44,212.0,19.27886394
51,1,165.7,58.1,17.9,94.0,145,36.3,12.1,29,200.0,21.16075289
21,0,154.3,48.1,21.9,81.0,135,29.7,18.7,36,199.0,20.20287721
25,1,180.1,87.3,20.0,74.0,134,49.9,17.0,51,239.0,26.9145311
38,1,178.5,97.8,27.5,90.0,158,48.3,13.6,44,215.0,30.69463079
30,1,172.9,79.7,17.9,66.0,119,52.7,17.1,66,264.0,26.66050275
24,1,167.2,58.1,16.7,86.0,143,26.8,5.9,41,151.0,20.78277741
31,0,171.0,58.8,26.6,69.0,112,24.2,10.3,39,170.0,20.10875141
21,0,163.9,52.0,28.9,75.0,120,24.0,15.6,30,132.0,19.35732922
24,1,177.9,67.5,19.9,67.0,125,36.9,9.7,46,222.0,21.32808568
38,1,189.0,79.2,14.9,88.0,130,42.2,8.0,41,258.0,22.1718317
31,1,166.9,73.6,26.6,95.0,156,45.1,17.3,53,202.0,26.42196671
23,1,174.0,70.7,16.0,86.0,123,42.8,24.9,63,245.0,23.35182983
30,1,181.2,74.7,18.2,91.0,152,49.1,15.2,48,224.0,22.75119512
21,1,176.1,82.2,21.4,85.0,150,42.9,9.3,36,191.0,26.50654392
21,1,174.1,61.2,7.9,90.0,140,43.5,19.7,51,231.0,20.19081641
40,1,178.8,81.2,16.3,70.0,133,53.8,11.0,63,240.0,25.39925629
25,0,154.3,47.2,25.3,67.0,110,27.3,22.0,37,190.0,19.8248608
30,1,172.9,76.2,20.2,87.0,140,47.9,20.9,55,241.0,25.4897153
28,1,175.6,77.8,13.7,88.0,136,56.2,12.0,54,179.0,25.23077402
22,1,176.7,65.92,13.2,80.0,120,44.0,9.7,44,239.0,21.1127157
22,0,161.0,53.3,20.5,74.0,120,32.0,20.0,55,199.0,20.5624783
60,1,168.7,73.2,17.3,62.0,103,39.1,9.1,30,181.0,25.72058937
30,1,173.9,64.92,14.5,61.0,123,39.1,14.8,42,204.0,21.46739499
21,0,168.2,55.7,22.0,65.0,115,25.2,26.3,41,190.0,19.68807306
35,1,180.3,77.3,13.6,59.0,115,41.5,11.1,44,210.0,23.77869632
23,0,167.7,60.7,28.5,84.0,129,27.1,18.8,39,155.0,21.5835345
60,1,170.3,68.9,18.3,96.0,147,42.3,13.0,34,192.0,23.75690855
32,1,173.4,82.5,21.0,69.0,120,48.8,19.7,56,231.0,27.43820915
30,0,164.1,50.9,18.2,68.0,122,22.3,16.3,28,102.0,18.90168931
27,1,167.0,68.3,21.7,88.0,144,38.6,8.7,53,210.0,24.48994227
35,1,174.1,65.4,17.4,84.0,143,44.4,6.9,42,218.0,21.57646068
39,1,165.7,69.6,13.4,88.0,140,53.3,19.2,41,206.0,25.34919795
29,1,167.6,51.6,14.0,79.0,122,47.1,12.3,57,227.0,18.36968347
26,1,166.7,68.2,22.5,87.0,142,45.3,8.1,31,186.0,24.54218215
25,1,181.1,78.5,19.9,73.0,137,41.4,19.5,65,188.0,23.93496276
27,1,181.0,73.14,13.5,70.0,121,45.8,21.1,61,239.0,22.32532584
30,1,176.0,66.1,13.9,70.0,120,48.3,10.1,43,205.0,21.33910124
60,1,164.0,59.4,21.8,74.0,119,32.1,5.0,35,165.0,22.08506841
21,1,166.6,57.04,9.5,59.0,107,35.7,27.5,56,232.0,20.55083738
25,1,174.8,68.5,15.2,80.0,120,40.4,21.2,60,228.0,22.41856008
51,0,154.0,50.0,21.0,86.0,152,17.6,23.1,39,151.0,21.08281329
22,1,166.7,54.7,8.2,66.0,124,36.5,27.3,55,227.0,19.68412556
22,1,176.7,79.3,13.2,94.0,143,44.5,-3.3,53,212.0,25.3980333
31,0,155.3,51.0,24.8,64.0,115,23.8,13.3,22,153.0,21.1459531
26,0,169.4,60.8,23.3,73.0,121,30.6,20.5,62,191.0,21.18735617
49,0,165.5,62.2,36.8,69.0,112,24.6,16.0,26,130.0,22.70881062
24,1,179.0,80.3,10.1,80.0,120,56.2,27.8,67,276.0,25.06163977
36,1,179.4,63.6,5.9,93.0,156,43.8,24.4,59,248.0,19.76115107
50,0,157.3,51.1,29.1,70.0,118,21.6,20.5,33,164.0,20.65206365
34,0,159.4,69.2,35.9,78.0,133,31.2,22.4,31,168.0,27.23513048
24,1,161.1,53.7,6.9,63.0,121,41.8,24.3,60,248.0,20.69108214
43,0,159.7,58.4,24.5,62.0,124,26.0,15.1,47,196.0,22.89828808
43,0,159.9,47.38,13.5,72.0,127,22.1,24.9,34,159.0,18.53096897
21,0,166.2,74.0,35.7,66.0,125,36.8,14.8,41,186.0,26.78981292
27,0,166.7,52.9,25.2,57.0,115,17.0,19.3,25,126.0,19.03638468
33,1,176.8,72.2,14.4,75.0,118,42.5,15.5,45,218.0,23.09790954
28,0,169.3,68.1,29.8,80.0,128,32.7,24.8,33,175.0,23.75927562
27,1,178.9,78.66,15.5,80.0,120,35.9,5.0,55,203.0,24.57724852
45,1,173.7,72.4,15.1,73.0,146,46.3,21.8,53,225.0,23.9960042
54,0,157.1,66.2,39.9,79.0,136,27.2,17.4,27,126.0,26.82289314
24,1,170.7,69.4,24.2,77.0,107,39.7,15.6,52,230.0,23.81729458
51,0,161.7,48.2,22.4,66.0,101,21.3,25.3,30,154.0,18.43431475
24,1,173.0,72.8,20.4,81.0,120,47.3,13.6,42,230.0,24.32423402
54,0,155.6,62.3,36.4,72.0,130,22.9,18.5,5,113.0,25.73172263
58,1,165.6,70.0,17.8,77.0,136,40.0,10.8,40,200.0,25.52568321
24,0,153.8,59.4,29.9,71.0,111,28.4,25.9,46,187.0,25.11156468
21,0,158.0,45.6,28.9,70.0,120,19.7,19.7,43,164.0,18.26630348
25,1,175.9,65.02,14.2,92.0,137,39.4,15.1,54,227.0,21.01431734
43,0,164.0,58.6,30.3,73.0,118,29.7,16.8,31,156.0,21.78762641
23,1,172.0,57.5,26.6,70.0,110,30.7,18.6,29,177.0,19.43618172
62,0,154.3,53.3,30.7,74.0,113,23.4,19.8,28,132.0,22.38697204
48,0,159.7,60.0,26.7,61.0,110,31.8,20.4,37,188.0,23.52563844
37,1,175.2,71.8,23.3,71.0,128,42.3,7.0,33,217.0,23.39140135
23,0,166.2,52.6,19.5,63.0,106,29.0,21.6,39,151.0,19.04248864
48,1,184.4,86.1,19.8,84.0,138,42.7,13.5,48,223.0,25.3210271
25,0,160.7,59.2,29.0,72.0,134,26.3,14.6,42,197.0,22.92397643
29,1,176.7,78.7,17.3,71.0,119,62.3,17.3,56,246.0,25.20586659
63,1,168.9,67.6,28.7,87.0,147,34.5,6.2,31,186.0,23.69667416
32,1,176.7,77.1,24.0,93.0,140,53.0,14.7,42,252.0,24.69342204
51,0,154.2,46.6,20.3,78.0,120,27.4,23.4,31,173.0,19.5982444
21,0,160.7,59.38,31.5,72.0,137,26.1,28.5,37,155.0,22.99367771
40,1,174.0,68.16,18.4,55.0,129,29.2,13.0,48,173.0,22.51288149
27,0,168.5,64.2,26.2,76.0,108,25.2,23.1,18,164.0,22.61180428
53,1,167.5,61.6,13.4,93.0,142,47.9,16.0,45,197.0,21.95589218
25,1,164.6,92.5,32.2,97.0,150,44.5,14.2,36,222.0,34.14145858
21,1,179.7,80.0,21.8,66.0,111,36.1,13.0,45,188.0,24.77386877
25,0,153.4,51.1,23.9,60.0,110,27.0,23.9,39,179.0,21.71551737
60,1,168.4,64.2,28.4,93.0,138,30.6,22.4,31,173.0,22.63866713
27,1,175.0,65.3,14.5,77.0,136,54.8,15.3,60,205.0,21.32244898
40,0,157.8,44.5,21.0,95.0,144,26.0,25.9,21,148.0,17.87088307
26,0,164.6,54.7,29.1,61.0,106,27.2,19.9,47,191.0,20.18959767
29,0,160.5,56.4,32.0,81.0,121,26.0,19.8,56,173.0,21.89419746
21,1,174.4,72.0,18.6,77.0,124,37.7,28.4,56,224.0,23.67224981
38,0,162.1,64.1,20.8,80.0,148,30.0,17.8,41,210.0,24.39450442
51,1,172.4,75.6,23.3,83.0,120,47.4,22.4,55,211.0,25.43590958
56,0,158.4,49.3,26.0,76.0,116,21.3,9.0,5,116.0,19.6488241
28,0,158.1,49.4,27.2,68.0,103,29.0,32.6,40,167.0,19.76347047
21,0,163.9,60.1,31.1,81.0,119,27.8,24.2,30,173.0,22.37260551
39,1,169.2,84.6,35.9,74.0,102,37.1,13.9,34,165.0,29.55082742
60,1,167.7,71.86,23.6,68.0,149,36.6,17.4,37,151.0,25.55177577
37,1,170.7,85.8,31.9,78.0,141,44.4,5.6,42,224.0,29.44558898
31,1,170.0,81.7,20.6,87.0,134,50.2,9.5,59,237.0,28.26989619
47,0,162.8,55.1,26.8,78.0,120,25.1,16.1,1,112.0,20.78944032
26,0,167.2,64.9,31.3,64.0,110,28.2,25.1,33,163.0,23.21518509
27,1,177.0,69.48,13.9,66.0,125,39.5,6.0,58,221.0,22.17753519
38,1,176.9,68.3,17.0,76.0,124,48.1,14.9,49,230.0,21.82554202
31,1,173.4,70.9,19.4,96.0,150,38.3,7.7,46,213.0,23.58023065
35,0,153.2,44.6,25.8,71.0,122,23.9,21.4,33,129.0,19.00278821
22,0,164.0,49.6,24.5,74.0,131,19.0,15.1,52,182.0,18.44140393
53,1,175.0,76.4,17.5,85.0,147,51.5,23.5,54,219.0,24.94693878
41,0,154.0,53.3,38.3,78.0,122,24.6,24.5,11,160.0,22.47427897
25,0,173.0,66.2,27.3,73.0,110,35.4,26.3,43,183.0,22.119015
33,0,162.7,53.9,33.4,73.0,133,27.6,30.4,42,175.0,20.36168241
63,1,169.7,67.1,20.4,79.0,129,43.8,9.5,32,190.0,23.30015636
30,1,178.3,93.5,27.3,81.0,129,57.0,16.1,47,222.0,29.41094131
51,0,160.3,56.4,28.4,83.0,119,21.1,22.5,38,134.0,21.94886459
24,1,162.9,72.2,21.4,72.0,102,49.0,21.6,65,237.0,27.20790039
42,0,163.0,57.6,24.1,98.0,148,30.6,16.6,33,148.0,21.67940081
31,1,169.1,67.4,22.3,84.0,138,48.4,12.2,46,222.0,23.57071091
41,1,167.9,71.8,13.1,65.0,113,51.7,13.4,47,225.0,25.4696544
29,1,176.2,72.2,17.5,73.0,130,46.1,15.4,60,239.0,23.25548436
37,1,172.5,81.9,21.0,83.0,146,46.7,14.3,50,226.0,27.52362949
54,1,173.9,75.2,25.9,92.0,141,37.8,2.1,39,185.0,24.86672987
22,1,181.3,64.8,10.1,77.0,125,43.9,13.2,51,256.0,19.71421087
42,0,163.3,53.7,33.0,58.0,114,21.4,4.1,6,133.0,20.13733135
24,0,160.0,46.8,30.3,75.0,121,12.4,11.9,30,118.0,18.28125
22,1,167.2,76.5,30.21,58.0,107,28.2,2.8,21,181.0,27.36458643
40,0,159.4,52.6,25.9,96.0,134,26.9,26.3,31,162.0,20.70184774
53,0,165.9,69.5,34.4,85.0,139,24.2,16.4,28,129.0,25.25178207
37,0,148.7,38.1,22.8,83.0,123,19.7,19.6,31,165.0,17.23070466
21,0,155.1,52.8,28.3,86.0,137,20.3,18.8,46,203.0,21.94877704
52,0,160.7,74.1,31.8,90.0,154,23.3,16.7,26,154.0,28.69369347
53,1,173.7,64.7,12.8,80.0,127,40.5,19.4,43,215.0,21.44394298
29,1,174.3,84.3,22.9,66.0,115,51.6,8.1,56,223.0,27.74807121
21,1,185.3,72.0,16.0,67.0,120,41.3,8.0,52,260.0,20.96919014
60,1,171.6,62.4,18.5,80.0,140,35.8,18.3,24,160.0,21.19093028
60,0,141.0,46.1,25.5,80.0,120,21.1,15.3,14,140.0,23.18796841
25,0,159.2,51.0,31.0,60.0,101,22.0,15.7,30,135.0,20.12259791
33,1,179.4,65.9,17.0,64.0,120,41.6,17.8,41,231.0,20.47578389
22,1,170.2,78.6,22.6,77.0,123,45.4,14.6,57,210.0,27.1333511
57,1,167.9,68.1,17.6,78.0,113,38.7,20.0,50,215.0,24.15715131
57,1,171.7,73.8,24.6,87.0,158,41.1,7.3,25,187.0,25.03316555
59,1,178.9,83.6,20.5,79.0,127,46.9,8.6,42,180.0,26.12074722
26,1,176.0,70.6,15.6,72.0,121,49.2,-6.1,47,246.0,22.79183884
21,0,162.2,59.8,30.4,70.0,108,24.4,20.6,44,192.0,22.73000254
32,1,167.1,69.5,26.0,51.0,117,46.5,8.6,42,201.0,24.89040165
59,0,155.4,52.6,30.7,66.0,103,18.0,20.0,0,103.0,21.78129591
25,0,169.0,55.7,19.4,74.0,115,23.5,18.8,42,183.0,19.50211827
21,1,171.1,72.8,20.0,93.0,145,31.7,19.4,64,220.0,24.86745612
38,1,177.4,72.1,11.8,88.0,141,43.0,21.5,46,265.0,22.91015533
60,1,170.5,72.6,20.9,85.0,146,49.2,20.9,48,217.0,24.97398543
36,1,178.5,90.5,14.7,87.0,125,64.0,26.4,45,262.0,28.40351827
26,0,167.7,63.4,27.6,78.0,133,34.5,17.3,36,182.0,22.54359287
25,0,170.3,73.2,29.5,55.0,109,33.0,26.8,46,189.0,25.23956032
60,1,163.9,67.8,24.2,78.0,123,40.1,3.1,16,180.0,25.23897926
27,1,178.6,70.5,18.8,90.0,156,44.3,22.7,52,216.0,22.10172688
55,1,180.0,80.0,17.6,70.0,128,50.4,18.5,50,208.0,24.69135802
26,1,171.3,82.8,27.8,85.0,130,46.9,17.2,61,227.0,28.21731009
45,1,170.0,76.4,20.6,97.0,150,31.7,15.3,48,191.0,26.43598616
23,0,155.2,49.6,23.8,72.0,119,23.2,28.5,55,191.0,20.5919864
37,1,173.7,76.1,21.8,74.0,129,41.0,7.2,45,201.0,25.22231933
61,1,164.6,70.4,23.4,86.0,134,38.8,11.5,26,160.0,25.98441821
32,1,168.8,62.6,18.5,66.0,108,38.0,11.4,46,224.0,21.96996923
31,0,167.0,58.1,27.4,84.0,121,22.3,14.9,19,142.0,20.83258632
23,1,181.0,97.2,25.7,45.0,128,48.7,-4.9,40,201.0,29.66942401
22,0,161.2,57.9,24.3,65.0,114,26.8,23.6,53,180.0,22.28170853
63,1,163.9,76.2,29.2,76.0,154,53.8,15.0,33,170.0,28.36593244
40,0,166.0,58.5,25.8,83.0,123,31.0,22.0,33,156.0,21.2294963
31,0,164.8,56.1,26.0,64.0,104,26.4,16.1,27,145.0,20.65610567
41,1,165.7,61.0,22.1,96.0,120,44.8,-2.7,28,158.0,22.21696947
23,1,175.4,68.1,14.9,90.0,158,42.6,20.1,50,230.0,22.13542852
64,1,160.5,67.9,26.7,91.0,157,41.3,6.5,27,180.0,26.35843984
31,1,172.0,66.3,19.7,77.0,112,42.0,16.3,53,230.0,22.41076257
55,1,169.5,68.9,23.6,85.0,134,41.2,15.1,46,197.0,23.98169177
32,1,172.0,82.66,15.1,82.0,144,46.5,11.1,45,228.0,27.9407788
37,1,175.0,76.7,24.4,97.0,139,51.8,11.6,34,176.0,25.04489796
21,0,162.7,49.72,21.1,65.0,106,21.3,22.7,49,179.0,18.78261316
49,0,151.5,48.4,29.5,75.0,115,22.9,23.3,32,132.0,21.08725724
62,1,175.9,66.0,20.2,73.0,141,34.6,5.4,20,159.0,21.33105113
48,1,162.1,73.82,24.3,67.0,100,41.2,23.0,49,187.0,28.09363988
25,0,157.2,51.2,22.1,70.0,118,27.4,15.3,45,180.0,20.71881333
43,0,162.3,54.7,26.4,81.0,123,31.7,23.5,42,195.0,20.76587745
29,1,182.7,70.5,12.9,83.0,123,43.6,5.5,43,201.0,21.12088064
22,0,160.1,54.4,25.8,64.0,98,23.4,18.2,37,166.0,21.22346238
54,0,169.1,51.9,21.9,84.0,135,28.9,15.7,26,157.0,18.15014683
57,0,149.0,54.4,37.5,75.0,130,24.9,7.0,20,105.0,24.50340075
32,1,179.7,90.0,29.3,96.0,151,49.7,1.5,50,216.0,27.87060237
23,0,171.4,57.6,24.9,74.0,119,32.2,17.3,43,172.0,19.60653497
22,0,153.6,48.5,26.2,79.0,117,33.4,24.9,47,196.0,20.55697971
28,1,173.7,75.1,18.3,60.0,106,39.9,5.9,44,213.0,24.89088281
38,1,171.4,71.7,17.2,90.0,150,42.5,21.3,54,216.0,24.40605134
27,0,163.1,60.7,26.0,82.0,136,26.4,21.4,44,191.0,22.81816777
45,0,164.2,55.0,27.2,67.0,125,27.4,18.6,34,161.0,20.39935256
42,0,162.1,56.3,29.6,83.0,123,30.9,14.9,28,142.0,21.42606239
54,0,151.4,55.5,31.4,84.0,134,26.0,16.4,33,113.0,24.21258915
54,1,177.2,73.0,22.0,95.0,147,36.5,12.7,32,183.0,23.24852611
62,1,171.2,62.5,22.8,78.0,123,41.0,4.3,21,177.0,21.3241877
57,0,155.0,48.0,29.9,61.0,111,24.2,20.1,11,125.0,19.97918835
29,1,169.6,62.8,12.5,79.0,142,45.7,16.6,66,229.0,21.83272517
42,1,180.6,88.8,25.9,82.0,126,45.1,-0.7,35,213.0,27.22560089
36,1,172.4,68.5,12.0,73.0,128,50.2,22.4,55,220.0,23.04708739
23,0,165.6,48.6,25.8,99.0,129,20.6,22.7,28,140.0,17.7221172
59,1,160.8,58.2,23.5,85.0,153,35.4,12.6,35,188.0,22.50872503
30,1,170.0,74.74,23.4,78.0,147,47.0,15.0,55,204.0,25.8615917
48,0,159.1,56.2,32.2,93.0,136,23.0,22.8,30,168.0,22.20219723
32,1,177.3,66.0,13.9,85.0,132,40.6,7.6,52,240.0,20.99551173
42,0,167.9,54.3,18.0,91.0,134,28.4,28.5,38,157.0,19.26186955
22,1,174.3,66.9,15.1,69.0,133,40.6,7.6,51,238.0,22.02071132
29,0,160.7,49.24,22.0,84.0,119,29.2,19.4,44,197.0,19.06717228
25,1,177.0,75.2,24.9,76.0,123,27.1,-2.3,36,175.0,24.00331961
29,1,173.3,83.6,21.3,72.0,113,47.9,9.7,59,194.0,27.83614897
61,1,169.5,82.5,24.3,86.0,154,43.3,7.0,31,184.0,28.71537839
49,0,160.8,57.0,30.9,75.0,128,24.2,2.6,12,134.0,22.04462761
39,1,176.8,86.0,24.5,90.0,132,47.9,0.6,34,218.0,27.51274544
58,0,165.4,65.6,35.4,92.0,147,30.6,20.1,22,120.0,23.97909725
31,1,178.3,80.8,19.9,81.0,155,53.7,20.4,54,201.0,25.41608618
34,0,147.8,46.5,30.7,58.0,114,18.7,18.7,24,68.0,21.28649146
23,1,168.1,106.3,44.2,75.0,155,34.1,6.1,15,164.0,37.61818498
33,1,174.6,77.7,20.3,79.0,123,49.8,14.9,47,251.0,25.48781112
29,1,170.0,69.7,23.2,63.0,154,39.6,14.1,57,223.0,24.11764706
35,1,184.7,84.18,16.3,70.0,120,48.8,15.3,56,229.0,24.67602096
21,1,184.9,72.4,18.2,88.0,137,34.9,17.7,43,250.0,21.17701498
29,1,171.0,66.6,15.6,62.0,117,56.8,8.1,46,222.0,22.77623884
64,0,148.6,57.8,36.7,82.0,118,24.7,20.8,14,120.0,26.17521271
23,1,167.7,61.8,9.9,71.0,131,43.4,12.3,56,236.0,21.97466939
39,1,173.2,79.3,29.0,79.0,123,39.6,9.9,22,199.0,26.43488418
49,0,166.9,66.8,32.2,66.0,130,23.6,26.1,27,145.0,23.98080674
24,1,177.8,81.64,16.2,82.0,141,50.0,7.0,44,244.0,25.82494961
28,0,166.2,59.7,21.9,72.0,118,32.1,15.6,38,165.0,21.61286259
31,1,176.5,77.5,20.7,84.0,138,51.8,-9.2,57,203.0,24.87781781
21,1,182.4,76.1,22.2,86.0,135,39.1,19.5,46,226.0,22.87362458
26,1,183.3,77.7,18.3,74.0,132,43.6,14.3,50,218.0,23.12576398
37,1,174.0,75.2,18.5,82.0,142,39.7,20.5,50,224.0,24.83815563
28,1,176.5,68.0,16.7,80.0,140,41.5,8.9,31,224.0,21.82827886
60,1,165.4,62.5,19.8,84.0,142,34.2,0.1,29,200.0,22.84593869
52,1,175.0,65.1,17.5,89.0,147,41.7,15.0,34,214.0,21.25714286
24,1,175.9,75.4,21.8,79.0,135,43.5,1.4,54,222.0,24.36910992
27,1,172.1,74.6,25.1,81.0,127,37.4,16.1,51,195.0,25.18703739
22,0,162.6,54.9,26.0,77.0,117,24.2,29.8,36,192.0,20.7649678
31,0,155.0,53.5,36.1,70.0,114,20.4,14.3,17,147.0,22.26847034
25,1,172.2,69.9,20.4,91.0,139,42.0,18.9,57,243.0,23.57278426
36,1,170.0,73.5,19.5,64.0,116,41.7,24.7,42,213.0,25.43252595
51,1,174.5,79.9,17.8,88.0,134,53.7,15.8,49,228.0,26.23952184
44,0,152.4,50.9,26.6,95.0,184,23.6,20.3,37,192.0,21.91532161
35,1,175.0,79.8,19.2,89.0,146,45.9,14.0,52,197.0,26.05714286
27,1,180.2,79.9,16.5,86.0,129,46.9,11.0,50,245.0,24.60578393
28,1,178.0,83.46,19.4,84.0,147,48.6,25.3,55,231.0,26.34137104
23,0,161.3,61.2,34.5,66.0,121,22.8,20.2,23,128.0,23.52245722
21,1,177.7,70.7,22.2,86.0,142,45.0,25.0,55,230.0,22.38950841
56,0,155.8,83.0,44.0,95.0,154,31.5,16.4,6,142.0,34.19347078
21,0,167.3,55.1,34.9,83.0,117,20.8,21.5,40,160.0,19.68610136
36,1,177.7,83.5,21.6,66.0,132,58.7,5.4,50,244.0,26.44305449
28,1,172.7,69.8,27.6,81.0,149,46.5,10.0,48,185.0,23.40295769
39,1,184.3,95.0,31.9,96.0,138,42.2,6.4,32,213.0,27.96874213
25,1,169.0,66.1,19.3,80.0,124,32.7,21.6,59,231.0,23.14344736
21,0,149.9,48.4,31.2,65.0,117,22.5,23.0,42,162.0,21.5398213
24,1,171.0,63.1,16.3,83.0,141,37.1,17.2,51,240.0,21.57928935
22,0,164.3,53.1,19.9,61.0,121,28.9,23.7,60,177.0,19.67068094
35,1,167.6,76.5,25.4,91.0,139,45.2,13.7,68,220.0,27.23412375
25,1,178.2,80.6,17.2,84.0,151,52.7,22.6,54,254.0,25.3816378
58,1,170.0,79.8,25.5,98.0,146,28.7,21.7,26,166.0,27.61245675
22,0,159.0,58.1,31.9,76.0,133,12.0,16.5,26,141.0,22.98168585
47,1,164.8,81.9,33.3,94.0,156,45.9,16.5,41,185.0,30.15570506
33,0,161.3,54.8,30.56,82.0,121,23.3,0.6,33,143.0,21.06259241
27,1,173.0,72.8,16.9,74.0,127,53.4,15.5,54,261.0,24.32423402
21,0,159.9,52.0,24.0,57.0,109,26.8,26.4,36,218.0,20.33791445
24,0,161.7,50.0,24.8,75.0,122,18.2,15.5,20,114.0,19.12273314
22,1,183.0,87.6,20.9,74.0,135,40.9,25.7,49,163.0,26.15784287
25,1,175.1,71.0,15.8,98.0,158,53.1,7.5,49,227.0,23.15720054
44,0,160.2,56.9,22.5,83.0,130,33.3,12.3,36,182.0,22.17110011
58,0,155.6,82.0,47.1,97.0,157,22.1,5.1,12,95.0,33.86839897
35,0,165.4,86.3,38.6,99.0,149,32.3,12.4,9,147.0,31.54567214
26,0,159.4,54.6,18.2,72.0,115,34.2,26.4,50,180.0,21.48899024
48,0,160.0,57.34,32.4,77.0,139,23.0,18.9,20,140.0,22.3984375
56,1,162.7,74.8,31.3,79.0,140,36.6,3.9,24,160.0,28.25702865
44,1,172.3,70.1,24.5,86.0,132,35.7,-5.5,33,197.0,23.61279861
23,0,157.9,52.2,34.1,75.0,102,27.6,15.8,25,100.0,20.9366042
21,1,168.3,60.5,16.4,66.0,122,31.0,18.7,62,226.0,21.35930625
47,0,159.7,60.6,34.3,73.0,127,24.7,12.6,25,148.0,23.76089482
25,1,173.6,74.0,11.0,65.0,129,49.1,27.5,67,213.0,24.55456688
60,1,163.7,72.7,28.1,83.0,180,40.5,23.0,38,185.0,27.12920405
61,0,161.5,48.3,28.9,72.0,117,22.6,26.3,9,104.0,18.51834102
33,1,176.9,71.2,11.1,89.0,119,41.9,24.2,60,237.0,22.75224878
23,1,171.2,65.7,10.4,66.0,122,40.0,12.4,60,237.0,22.41598611
21,1,179.0,84.1,22.9,60.0,114,43.7,4.3,33,171.0,26.24762024
41,1,178.3,75.4,11.3,90.0,150,44.1,19.3,63,241.0,23.71748636
25,1,168.5,73.0,27.7,81.0,135,47.5,14.2,47,213.0,25.71124162
33,1,172.7,65.9,19.6,98.0,145,41.8,12.9,52,184.0,22.09534258
55,0,161.0,61.9,35.6,92.0,160,25.1,16.3,13,110.0,23.88025153
30,1,174.1,70.8,20.9,77.0,117,39.4,11.9,35,205.0,23.3580033
50,0,158.8,50.7,35.3,65.0,107,11.3,12.0,26,119.0,20.10513359
51,1,175.0,68.0,19.0,87.0,129,42.6,13.0,37,215.0,22.20408163
25,1,170.6,66.5,14.7,86.0,140,49.4,19.0,57,263.0,22.84881028
46,0,159.0,53.4,25.6,71.0,130,21.7,25.3,38,150.0,21.12258218
21,1,180.2,90.9,31.2,92.0,156,36.7,-1.3,38,223.0,27.99331363
21,0,160.6,59.0,24.8,80.0,127,33.4,24.4,45,210.0,22.87499089
50,1,178.3,85.7,30.3,88.0,149,54.8,25.8,52,234.0,26.95740824
28,1,173.2,73.7,22.7,78.0,130,40.7,5.3,45,202.0,24.568108
22,1,183.3,82.22,12.0,60.0,120,44.9,19.9,48,231.0,24.47104651
42,1,185.6,83.0,19.2,75.0,118,44.1,5.3,45,224.0,24.09473469
60,1,166.6,62.1,17.6,65.0,105,41.5,14.6,31,186.0,22.37389554
24,0,162.0,47.9,15.6,81.0,114,27.5,24.7,34,175.0,18.25179089
60,1,168.8,66.7,19.2,83.0,131,50.3,18.6,41,198.0,23.40889693
27,1,175.5,63.3,12.0,80.0,128,45.5,26.2,50,230.0,20.55178124
24,1,166.8,70.0,13.0,81.0,134,50.4,16.7,60,244.0,25.15972833
33,0,157.2,50.8,32.6,67.0,127,22.6,18.8,38,141.0,20.5569476
45,1,167.4,63.8,19.08869,80.0,136,37.4,20.0,60,199.0,22.7672078
54,1,171.0,75.4,26.7,94.0,154,43.6,21.0,43,220.0,25.78571184
22,1,176.5,69.0,15.7,59.0,113,36.9,20.6,57,233.0,22.14928296
47,0,154.2,59.2,29.7,71.0,136,24.3,16.2,23,155.0,24.89734053
55,1,169.6,67.3,21.6,71.0,127,35.0,17.5,32,183.0,23.39717204
51,1,173.0,65.9,15.1,61.0,139,42.6,11.4,38,197.0,22.01877777
28,0,165.9,86.9,45.5,89.0,130,23.4,2.8,16,95.0,31.57381096
57,0,154.6,59.3,41.1,67.0,113,21.7,16.7,0,106.0,24.81051129
60,1,168.2,66.9,24.4,81.0,155,40.3,22.6,31,194.0,23.64689565
51,0,161.2,47.8,17.1,75.0,123,23.9,14.1,29,154.0,18.39491654
35,0,171.1,63.1,24.3,67.0,114,31.3,25.9,48,167.0,21.55407254
33,1,166.7,70.2,22.5,77.0,134,49.7,17.9,50,200.0,25.26189423
57,0,159.7,52.5,29.2,80.0,130,25.9,17.8,17,134.0,20.58493363
26,1,173.3,70.2,19.2,71.0,129,40.1,11.7,34,232.0,23.37437389
23,0,166.6,57.3,24.5,78.0,137,25.5,26.6,51,186.0,20.64451231
30,1,174.0,78.8,20.0,80.0,120,54.4,17.2,45,222.0,26.02721628
21,1,169.7,65.6,20.2,84.0,131,39.0,18.7,42,208.0,22.77928849
23,0,158.7,67.2,36.8,83.0,133,31.1,15.9,32,156.0,26.68181813
43,1,173.0,71.5,22.3,94.0,154,34.0,9.8,30,196.0,23.8898727
43,1,164.8,69.0,15.3,98.0,158,45.3,16.6,45,218.0,25.40590536
25,0,156.3,53.3,26.8,50.0,96,28.4,12.9,40,190.0,21.81771443
64,1,169.8,69.2,18.5,70.0,130,53.2,27.1,51,214.0,24.00107658
41,0,162.6,55.0,26.6,69.0,107,27.2,21.8,26,163.0,20.80279105
22,0,161.5,54.7,26.7,69.0,110,23.4,19.9,36,205.0,20.97211705
21,1,169.6,64.5,10.9,77.0,134,46.2,21.5,65,248.0,22.42373843
61,1,178.0,64.9,21.2,78.0,151,40.3,11.5,30,168.0,20.48352481
21,1,170.0,62.0,17.1,80.0,120,38.4,18.5,50,230.0,21.4532872
42,1,174.5,77.14,15.0,89.0,157,46.3,26.2,55,234.0,25.33312534
58,0,160.6,55.8,28.6,73.0,119,20.3,20.3,25,147.0,21.63431342
33,1,175.6,93.5,32.4,95.0,138,46.9,3.4,45,215.0,30.32233125
53,0,155.1,60.0,31.2,78.0,125,28.2,17.6,19,139.0,24.94179209
27,0,168.9,59.2,22.7,73.0,133,27.1,24.7,43,188.0,20.75211701
40,0,157.2,58.4,30.6,77.0,112,24.6,13.3,40,160.0,23.63239645
61,0,160.0,59.4,33.8,95.0,134,20.8,16.8,21,89.0,23.203125
21,0,164.5,54.02,24.7,72.0,142,24.7,22.6,45,176.0,19.96286065
22,1,180.2,92.2,21.8,79.0,128,54.7,21.5,64,250.0,28.39365805
26,1,166.0,67.3,23.6,75.0,140,32.6,16.1,48,220.0,24.42299318
41,1,174.0,69.1,12.0,80.0,98,42.2,24.4,66,244.0,22.82335844
48,1,163.9,66.2,31.2,92.0,142,40.0,2.1,26,196.0,24.64336913
25,0,164.7,57.3,17.2,72.0,121,23.8,23.5,50,161.0,21.12357513
27,1,177.6,76.7,15.6,79.0,117,51.0,10.8,55,216.0,24.316969
59,1,168.1,66.3,15.6,97.0,151,40.0,12.0,44,216.0,23.46270615
23,0,160.7,45.2,17.6,67.0,107,17.7,19.9,41,155.0,17.50276579
30,1,182.8,76.4,8.8,72.0,132,56.3,19.6,57,228.0,22.86340849
41,1,168.2,70.0,19.8,72.0,121,42.8,7.3,49,199.0,24.74264119
54,1,174.1,71.2,20.7,91.0,158,42.6,13.4,40,203.0,23.48996942
60,1,190.9,70.3,19.1,90.0,156,40.3,12.9,41,198.0,19.29049928
57,0,148.0,52.1,35.0,80.0,127,19.9,17.7,17,113.0,23.78560993
27,1,180.0,92.6,29.2,91.0,151,38.5,3.2,40,207.0,28.58024691
23,1,178.9,77.6,17.6,70.0,124,44.3,15.2,53,250.0,24.24605244
24,0,158.4,53.7,33.9,81.0,142,22.8,19.9,40,162.0,21.40247169
38,0,151.5,49.6,32.4,77.0,132,11.8,19.5,36,102.0,21.6100818
58,0,154.1,60.2,37.4,80.0,158,29.1,21.5,8,115.0,25.35077343
22,0,161.5,48.9,18.3,71.0,110,23.0,19.3,55,160.0,18.74838252
21,0,174.0,64.64,23.2,77.0,130,19.6,18.5,28,160.0,21.35024442
51,1,160.7,58.7,9.4,84.0,154,47.3,24.4,54,237.0,22.73036176
30,1,175.8,73.8,16.2,75.0,135,50.2,19.1,56,250.0,23.87913662
27,1,169.6,60.0,6.4,74.0,125,42.4,12.7,64,257.0,20.85929156
35,1,168.1,85.6,28.0,88.0,144,54.0,11.7,52,202.0,30.29272469
22,1,166.0,76.1,19.1,77.0,140,37.1,17.8,61,226.0,27.61649006
60,1,167.2,75.9,22.8,83.0,150,42.1,15.9,39,195.0,27.14996223
27,1,168.2,72.5,19.8,73.0,132,39.6,6.6,51,255.0,25.62630694
21,0,162.4,49.2,21.3,92.0,124,22.8,28.0,41,186.0,18.65490548
25,1,183.5,89.3,17.7,69.0,123,60.4,19.8,51,252.0,26.5203543
34,1,173.3,74.0,20.4,91.0,149,50.6,24.4,40,229.0,24.63965339
64,1,170.8,75.8,30.1,86.0,144,43.1,10.0,26,171.0,25.98325006
23,1,167.5,64.6,13.2,73.0,157,49.4,21.1,68,234.0,23.02517264
21,1,178.9,75.5,17.2,81.0,138,40.8,15.4,55,213.0,23.58990927
42,1,173.4,69.2,16.8,98.0,153,54.2,19.9,47,233.0,23.01483725
30,1,172.0,68.5,20.0,85.0,148,47.7,14.0,68,232.0,23.15440779
59,1,160.4,64.0,24.4,93.0,154,33.7,15.1,21,217.0,24.87546719
35,1,175.4,73.9,24.9,85.0,119,45.7,15.0,41,223.0,24.02067794
22,0,174.2,61.12,28.7,91.0,134,25.2,25.8,43,178.0,20.14127894
24,1,173.0,62.4,13.9,69.0,118,34.9,14.0,31,188.0,20.84934345
22,1,182.0,70.5,17.6,62.0,117,47.8,-2.3,34,202.0,21.28366139
24,1,172.7,88.3,27.2,71.0,121,38.7,20.6,60,197.0,29.60574734
29,1,162.9,76.3,21.4,80.0,123,48.1,-8.8,30,164.0,28.75294737
43,1,167.1,61.3,18.4,69.0,148,41.8,16.9,52,223.0,21.95369239
21,0,161.0,58.4,30.2,53.0,103,25.0,28.5,34,144.0,22.52999498
24,1,159.4,66.6,19.9,64.0,134,33.9,19.3,52,208.0,26.21184524
27,1,180.9,82.3,23.2,95.0,152,49.6,15.4,46,225.0,25.14911469
23,1,174.8,60.8,12.5,74.0,122,38.6,20.1,56,221.0,19.89851756
37,1,177.1,76.0,18.9,65.0,111,44.9,12.3,40,207.0,24.23128635
34,0,157.2,43.9,20.7,71.0,117,23.1,24.4,40,183.0,17.76476377
24,1,167.9,58.8,13.9,83.0,125,40.3,1.0,38,225.0,20.85815708
21,0,172.8,54.8,25.0,77.0,110,20.9,18.8,39,172.0,18.35240912
44,1,172.0,79.3,26.3,84.0,139,45.2,11.4,48,192.0,26.80502975
43,1,173.5,77.7,16.1,63.0,110,40.0,14.6,57,230.0,25.81202402
56,1,171.4,75.0,23.5,80.0,154,44.9,18.7,36,180.0,25.5293424
22,0,153.5,49.7,25.9,61.0,117,29.3,22.0,44,168.0,21.093062
48,1,163.8,70.6,25.3,97.0,152,50.9,14.6,37,198.0,26.31339628
51,1,178.9,81.4,21.8,89.0,156,49.0,11.7,29,207.0,25.43335913
48,1,166.7,64.0,23.4,88.0,129,39.0,7.2,49,206.0,23.03078676
56,1,173.8,89.3,24.8,98.0,147,40.3,17.5,42,219.0,29.56323221
30,1,167.6,70.2,25.7,74.0,131,41.4,15.8,55,222.0,24.99131356
38,1,175.6,74.5,22.5,83.0,134,42.7,4.6,37,235.0,24.16057409
27,1,178.2,73.2,24.4,94.0,139,31.7,6.2,39,189.0,23.05131374
33,1,179.0,74.4,12.6,77.0,142,52.3,12.3,49,218.0,23.22024906
31,1,174.1,76.9,20.2,73.0,122,44.4,12.3,59,212.0,25.37048663
61,0,161.3,57.0,35.1,81.0,128,26.7,12.3,10,140.0,21.90817094
24,1,171.6,70.4,10.7,70.0,111,44.9,21.3,61,251.0,23.90771622
64,0,155.5,57.7,35.5,76.0,121,22.3,19.3,13,95.0,23.86244973
52,1,171.7,73.96,28.3,81.0,129,41.9,1.2,31,184.0,25.087438
43,0,164.1,64.7,30.3,68.0,114,26.7,13.5,27,174.0,24.02631234
43,1,168.6,69.7,27.5,82.0,114,33.4,-10.3,25,193.0,24.51984031
25,0,151.4,47.0,21.5,60.0,100,25.9,26.6,52,173.0,20.50435478
21,1,173.0,83.4,28.6,81.0,126,32.2,-3.4,38,223.0,27.86594941
33,1,169.2,63.8,10.8,84.0,134,46.4,30.0,60,241.0,22.28537576
21,1,178.6,70.0,17.9,77.0,119,37.8,13.8,48,226.0,21.94497705
21,1,171.6,72.5,24.5,74.0,136,33.3,-3.0,33,203.0,24.62087252
24,1,181.3,80.4,21.6,83.0,123,36.3,26.0,44,232.0,24.4602246
21,0,155.7,44.7,19.0,73.0,122,28.8,22.6,35,184.0,18.43869999
24,1,179.0,66.0,7.1,84.0,152,48.5,26.6,66,267.0,20.59860803
40,0,158.4,55.3,26.1,84.0,125,30.3,20.0,20,178.0,22.04016172
35,0,154.5,61.5,37.2,90.0,139,27.5,6.4,23,116.0,25.76428818
22,0,164.5,54.6,21.9,84.0,130,31.9,23.3,40,185.0,20.17719718
25,0,166.7,49.9,19.1,81.0,136,26.2,27.1,44,176.0,17.95681656
60,0,160.2,64.2,35.2,81.0,131,28.1,11.3,9,108.0,25.01554705
43,1,167.9,87.3,28.9,97.0,154,43.6,18.7,39,208.0,30.96797812
43,1,168.9,76.2,23.7,91.0,141,41.5,12.8,34,201.0,26.71133981
50,1,173.0,71.7,19.8,76.0,124,42.7,8.0,33,226.0,23.95669752
22,1,179.9,72.4,12.7,73.0,128,44.5,14.5,57,234.0,22.37052825
26,0,157.9,60.2,33.1,70.0,127,37.2,24.9,34,178.0,24.14527918
29,1,169.7,75.2,23.0,50.0,118,38.8,14.0,53,227.0,26.1128429
29,1,173.1,76.8,21.3,72.0,129,48.2,13.7,44,192.0,25.63109051
50,0,155.1,55.7,32.2,80.0,112,27.1,6.7,12,139.0,23.15429699
61,1,165.9,63.6,18.3,74.0,144,40.9,17.7,46,211.0,23.1081056
21,0,165.7,56.0,18.6,95.0,132,32.9,17.8,40,191.0,20.3959064
40,1,167.8,69.8,23.2,64.0,136,45.4,26.6,56,210.0,24.78971362
22,1,166.6,59.1,15.4,72.0,128,39.1,15.6,65,245.1,21.29303102
42,0,161.3,61.0,35.6,58.0,100,26.3,8.8,20,122.0,23.44558645
24,0,162.9,49.6,17.0,73.0,116,22.6,28.8,42,162.0,18.69129999
40,1,174.5,77.7,29.3,82.0,123,29.3,8.4,35,159.0,25.51703188
46,1,171.3,65.86,8.3,74.0,143,38.4,18.8,46,205.0,22.44434834
38,1,175.7,70.3,17.9,88.0,136,38.4,7.3,54,205.0,22.77255722
24,1,165.7,63.0,21.6,77.0,131,36.3,19.8,49,201.0,22.9453947
21,1,172.8,67.9,13.8,73.0,116,50.0,25.1,69,245.0,22.73957262
22,0,165.7,59.4,34.1,77.0,118,21.5,14.9,27,149.0,21.63422928
23,1,178.0,74.4,21.9,91.0,133,35.9,15.2,40,235.0,23.4818836
50,1,178.2,88.4,23.4,85.0,146,54.9,19.3,51,25.0,27.83792533
25,1,176.5,74.2,20.7,71.0,118,44.5,2.3,53,176.0,23.81850428
59,0,157.7,61.1,35.7,90.0,141,22.7,14.7,0,127.0,24.5684537
29,1,173.0,67.6,12.0,88.0,120,50.7,23.0,60,231.0,22.58678873
61,1,168.4,72.1,21.5,89.0,153,39.1,4.1,40,158.0,25.42442211
56,0,153.3,51.6,28.3,93.0,111,24.8,21.2,29,158.0,21.95661526
21,1,174.4,73.1,20.2,68.0,113,38.9,16.2,54,245.0,24.03390918
62,0,158.1,58.0,29.0,76.0,118,19.9,12.5,12,117.0,23.20407464
24,1,179.4,78.1,23.9,76.0,121,37.9,-13.1,37,217.0,24.26644494
47,0,169.6,81.4,39.6,84.0,135,26.5,-10.0,11,128.0,28.29910555
29,0,167.2,54.4,30.0,76.0,116,20.1,14.8,0,115.0,19.45926146
25,1,176.2,72.1,9.9,69.0,128,50.1,18.6,54,249.0,23.22327455
23,0,160.5,55.0,27.5,82.0,130,23.9,21.1,52,192.0,21.35072447
38,0,162.9,49.22,21.8,80.0,122,23.8,23.9,36,170.0,18.54810052
25,1,176.4,96.96,29.4,93.0,152,43.2,11.9,42,214.0,31.15985623
44,1,171.3,77.9,22.8,94.0,148,42.0,17.9,45,205.0,26.54744512
34,1,183.6,76.82,16.3,80.0,120,46.3,14.2,55,220.0,22.78919314
22,1,176.1,88.2,20.1,83.0,141,52.6,15.6,48,238.0,28.44132815
30,1,188.3,99.4,16.0,92.0,144,58.6,25.8,46,193.0,28.03404359
59,0,162.4,64.2,33.8,69.0,102,29.2,15.7,12,115.0,24.34237667
27,1,189.5,72.5,11.8,82.0,152,46.3,14.8,43,272.0,20.18922174
26,0,156.2,46.5,29.2,75.0,124,26.2,14.0,25,177.0,19.05859555
29,0,158.7,47.2,20.4,74.0,113,23.3,19.9,37,171.0,18.74080083
29,1,175.9,66.1,21.1,81.0,121,32.0,1.0,28,181.0,21.3633709
62,1,170.8,76.4,28.0,99.0,156,42.8,12.3,39,194.0,26.18892222
32,1,176.9,78.3,12.9,67.0,112,55.5,16.3,54,248.0,25.02108258
54,0,156.8,68.4,39.4,61.0,149,22.2,13.5,16,133.0,27.8204394
25,1,172.1,66.5,22.2,72.0,119,35.1,-14.8,27,190.0,22.45225183
24,1,164.0,63.3,20.8,72.0,128,40.6,8.0,43,203.0,23.53509816
44,1,174.6,75.0,18.5,80.0,142,48.0,12.0,38,218.0,24.60213428
36,1,178.6,81.4,21.0,85.0,133,52.5,18.0,47,219.0,25.51887331
60,1,171.4,68.4,17.1,72.0,110,35.6,13.4,44,200.0,23.28276027
24,0,159.8,48.8,18.2,77.0,117,31.2,29.2,45,192.0,19.11024575
26,0,172.0,57.1,28.9,68.0,106,27.8,2.0,20,140.0,19.3009735
26,1,179.5,97.6,29.6,96.0,137,39.5,-13.6,32,183.0,30.29150922
24,1,174.5,75.7,18.8,67.0,128,44.2,3.4,43,173.0,24.86022282
63,1,177.2,66.12,14.4,89.0,158,39.6,12.8,44,177.0,21.05743214
30,1,192.0,99.5,26.9,73.0,135,50.5,-8.2,41,138.0,26.99110243
22,1,169.3,67.0,19.3,81.0,127,40.6,10.8,58,191.0,23.37549878
45,1,172.1,79.2,21.3,78.0,120,40.8,10.8,45,198.0,26.74012548
63,1,175.2,75.4,24.0,91.0,158,48.5,12.1,31,162.0,24.56422927
39,1,178.8,76.7,13.2,75.0,119,50.8,20.5,52,261.0,23.99166204
26,0,167.6,52.0,16.9,70.0,118,25.4,28.5,20,180.0,18.51208412
27,1,172.9,87.9,25.1,88.0,133,58.3,18.0,52,227.0,29.40349049
63,1,164.8,71.2,25.8,97.0,148,45.9,21.4,28,157.0,26.21594872
31,1,172.5,83.4,24.6,93.0,148,43.8,4.7,50,201.0,28.02772527
42,1,172.4,67.5,18.6,86.0,124,46.3,25.4,60,226.0,22.71063356
26,0,168.6,53.2,23.1,75.0,120,28.6,29.9,40,165.0,18.71528701
50,0,160.4,67.5,36.4,61.0,115,31.2,17.4,25,137.0,26.2358443
21,0,161.8,53.6,27.0,71.0,124,19.4,12.6,11,167.0,20.47423837
64,0,149.8,64.6,43.6,76.0,146,16.9,12.8,2,83.0,28.78782747
22,0,156.0,53.0,30.1,69.0,112,25.8,17.4,50,183.0,21.77843524
30,1,173.3,79.54,22.5,87.0,137,47.9,22.4,52,228.0,26.48429771
44,1,170.5,71.6,22.5,71.0,117,52.1,11.3,41,195.0,24.62999114
56,0,152.0,49.0,35.0,79.0,134,21.6,15.8,10,129.0,21.20844875
37,1,167.4,84.5,35.4,82.0,108,38.8,2.0,36,200.0,30.15406049
53,0,163.5,67.72,29.9,80.0,120,25.9,11.0,22,161.0,25.3326974
36,1,180.7,78.9,22.2,64.0,123,40.5,6.0,41,198.0,24.16354771
24,1,167.7,63.0,20.0,70.0,128,38.9,9.2,42,197.0,22.401362
35,1,184.5,109.9,27.6,67.0,121,68.4,12.8,47,200.0,32.2853093
54,0,160.5,63.8,35.7,81.0,132,19.8,7.8,22,137.0,24.76684038
28,1,177.0,79.9,24.7,89.0,151,44.7,11.5,39,244.0,25.50352708
63,1,178.5,83.3,24.9,82.0,152,35.3,15.0,33,180.0,26.14379085
21,1,185.9,69.5,11.9,61.0,109,38.8,13.4,54,208.0,20.11064617
23,1,170.1,70.9,30.4,71.0,128,31.4,7.6,38,190.0,24.50403522
27,1,186.7,75.8,16.2,69.0,125,40.1,8.9,48,223.0,21.74605939
26,1,163.0,74.4,19.1,85.0,146,53.6,12.1,64,245.0,28.00255937
40,0,160.9,48.9,26.9,52.0,97,25.2,11.8,25,168.0,18.88846957
51,1,166.5,63.5,19.0,69.0,123,34.1,17.1,52,210.0,22.90578867
35,1,163.4,72.3,25.4,67.0,125,42.8,12.7,48,237.0,27.07909793
24,0,162.9,55.2,31.4,68.0,122,24.4,2.0,25,135.0,20.80160805
21,1,171.5,65.5,17.4,68.0,107,44.2,24.0,56,250.0,22.26963255
39,1,177.2,76.7,20.8,78.0,135,43.3,5.7,45,232.0,24.42687606
51,0,160.6,52.7,21.5,76.0,136,29.4,25.0,34,144.0,20.43240712
21,0,165.3,61.5,26.1,68.0,114,24.6,20.0,24,153.0,22.50761142
25,1,171.6,76.0,13.2,96.0,137,50.2,13.6,47,211.0,25.80946637
27,0,167.6,57.6,27.9,82.0,131,28.4,26.2,44,170.0,20.50569318
26,1,177.5,77.84,19.5,66.0,130,49.2,20.3,60,242.0,24.70620909
26,0,159.3,50.5,23.4,80.0,118,27.9,24.4,30,138.0,19.9003093
42,1,175.2,83.6,22.8,99.0,151,46.3,11.8,36,232.0,27.23567065
36,1,182.4,89.3,23.1,78.0,126,47.1,10.0,35,218.0,26.84119152
21,0,170.0,57.8,19.4,74.0,128,27.4,21.4,34,179.0,20.0
25,1,168.8,87.3,20.6,77.0,143,60.9,20.7,68,230.0,30.63863121
38,0,160.0,56.1,22.49118,93.0,146,28.4,31.2,31,180.0,21.9140625
49,1,181.9,73.4,16.4,74.0,133,40.7,-7.0,36,200.0,22.18353033
25,0,164.4,54.4,30.0,58.0,116,24.4,24.6,50,168.0,20.12775203
45,0,156.6,60.6,29.7,75.0,139,23.3,-4.5,20,128.0,24.71093104
21,0,158.8,49.7,28.4,84.0,139,15.2,24.2,28,174.0,19.70858263
21,1,179.0,79.4,20.1,77.0,118,34.7,8.0,42,207.0,24.78074966
29,0,168.6,76.7,39.0,93.0,145,24.6,13.8,26,160.0,26.98237808
23,0,156.9,47.4,26.1,59.0,95,21.2,9.2,30,113.0,19.25450927
26,1,177.0,69.5,11.2,71.0,128,51.4,20.0,65,279.0,22.18391905
55,0,155.1,47.7,25.60989,88.0,123,26.8,29.2,31,146.0,19.82872471
34,1,174.3,80.1,16.1,92.0,150,49.5,21.8,61,245.0,26.36560503
21,0,152.5,47.0,36.9,67.0,109,17.5,1.3,9,139.0,20.20962107
62,0,152.7,59.8,33.5,47.0,98,21.7,20.7,19,124.0,25.64620503
34,1,170.2,79.3,27.3,81.0,133,43.0,-3.7,35,196.0,27.37499672
43,1,167.0,60.58,11.5,64.0,125,45.4,14.4,52,238.0,21.72182581
63,0,153.0,50.3,25.9,69.0,118,26.8,18.8,11,106.0,21.48746209
40,0,160.4,78.1,35.5,82.0,119,34.3,18.0,41,170.0,30.35584356
49,1,172.3,78.3,27.4,83.0,143,43.4,-8.0,29,161.0,26.37492341
28,1,174.3,59.48,13.0,70.0,119,36.7,16.1,53,233.0,19.5783544
55,0,158.4,71.1,39.8,86.0,152,28.3,7.5,8,136.0,28.33735078
40,0,157.5,53.4,27.1,53.0,102,28.4,22.0,35,160.0,21.52683296
49,0,163.1,45.6,17.4,74.0,110,28.0,28.2,25,155.0,17.14181961
21,1,187.0,81.9,11.3,84.0,147,47.8,21.4,50,240.0,23.42074409
61,1,162.9,51.6,12.3,76.0,134,32.5,13.4,29,187.0,19.44498144
47,1,174.4,86.5,26.0,89.0,133,41.5,-0.4,30,206.0,28.4395779
54,0,157.8,67.2,35.0,91.0,153,27.3,20.5,27,175.0,26.9870414
29,1,173.3,77.7,23.0,92.0,153,45.6,6.2,31,218.0,25.87163606
64,1,163.2,58.52,20.7,75.0,147,34.7,-4.2,28,169.0,21.97171761
30,1,172.9,77.7,17.3,68.0,118,49.0,15.3,39,233.0,25.99148135
39,1,182.7,80.0,17.2,92.0,142,50.7,14.9,46,222.0,23.96695676
48,1,179.1,80.9,25.3,81.0,133,39.1,-0.4,27,162.0,25.22071241
49,1,170.0,66.2,18.0,82.0,130,39.5,20.0,39,156.0,22.90657439
41,0,153.6,46.7,26.4,65.0,109,24.3,11.0,20,155.0,19.79404026
21,1,167.4,74.9,16.4,77.0,139,44.9,21.6,63,252.0,26.72827373
22,0,160.0,54.9,22.7,75.0,118,20.5,12.8,32,164.0,21.4453125
55,0,153.6,52.8,28.6,75.0,119,29.1,18.0,24,155.0,22.37955729
32,1,171.1,80.8,15.4,94.0,155,64.7,18.5,44,263.0,27.6001436
49,1,173.0,76.86,27.3,91.0,154,50.8,26.0,34,205.0,25.68077784
21,1,174.4,62.42,15.1,68.0,119,35.1,-6.6,30,207.0,20.52252546
58,0,155.3,58.2,32.0,86.0,154,22.7,20.4,24,136.0,24.13126413
28,0,159.8,62.68,34.3,96.0,130,29.0,22.0,41,164.0,24.5457009
23,1,172.7,77.9,12.1,98.0,155,48.9,16.8,55,245.0,26.1187737
29,1,178.6,78.7,16.1,73.0,120,42.4,24.7,70,232.0,24.67242419
37,1,175.3,72.8,16.4,79.0,127,42.9,14.2,48,165.0,23.69013563
26,1,181.8,82.56,23.9,95.0,158,47.7,13.9,49,200.0,24.97939563
64,0,154.4,48.2,29.6,69.0,140,23.2,8.8,30,160.0,20.21866359
62,0,149.2,49.6,31.4,90.0,159,21.5,23.5,12,121.0,22.28147978
23,1,181.0,69.4,10.0,79.0,144,45.7,3.8,52,252.0,21.18372455
42,1,180.0,75.4,16.8,77.0,116,47.2,19.3,37,217.0,23.27160494
50,0,162.9,66.3,27.8,84.0,129,29.4,20.9,32,155.0,24.98454011
28,0,158.9,56.5,32.4,89.0,127,27.5,16.5,50,130.0,22.37693773
52,0,149.4,53.3,36.1,82.0,144,20.4,22.7,15,111.0,23.87954316
58,0,158.6,72.5,40.9,86.0,130,23.4,18.0,23,126.0,28.82249952
24,1,185.0,83.4,14.0,83.0,119,53.0,7.0,45,200.0,24.36815194
39,1,171.0,75.5,24.3,78.0,138,44.8,14.6,43,205.0,25.8199104
55,0,153.4,63.2,39.5,78.0,123,23.2,2.6,6,117.0,26.85754791
24,0,158.2,47.8,22.4,66.0,112,22.6,25.9,46,156.0,19.09918952
30,1,167.5,61.7,19.1,81.0,133,39.7,13.1,42,217.0,21.99153486
42,1,172.9,64.0,12.8,90.0,125,52.6,10.4,43,234.0,21.40868477
22,0,161.0,46.1,25.8,58.0,105,17.9,20.6,55,165.0,17.78480768
34,1,168.5,87.1,29.4,85.0,148,53.2,19.0,40,176.0,30.67738555
59,1,157.1,60.3,22.5,83.0,137,42.2,16.5,36,192.0,24.43233317
50,0,160.4,62.7,32.4,74.0,135,26.3,18.0,28,135.0,24.37018427
24,0,168.3,61.3,24.5,72.0,110,30.1,35.2,39,182.0,21.64174336
21,1,175.0,64.0,14.8,83.0,133,44.6,16.4,60,231.0,20.89795918
64,0,144.1,54.8,37.4,76.0,136,17.5,3.4,0,60.0,26.39080252
48,1,169.4,72.9,24.9,99.0,153,35.4,9.0,32,193.0,25.40391882
24,0,160.6,60.24,29.6,61.0,122,32.3,8.6,28,151.0,23.35575341
21,0,170.3,62.8,29.6,78.0,130,28.3,27.1,30,188.0,21.65361186
22,0,167.7,53.7,15.7,77.0,121,34.9,11.8,34,169.0,19.09449428
44,1,169.4,75.0,26.3,83.0,136,45.5,15.2,26,204.0,26.13571896
37,1,173.3,66.0,16.5,68.0,119,42.0,12.2,39,229.0,21.97590708
21,1,173.3,60.8,13.3,74.0,137,40.6,6.2,46,226.0,20.24447198
46,1,175.9,83.1,22.5,80.0,123,45.9,8.4,46,201.0,26.85773255
58,0,155.7,53.4,26.6,92.0,139,28.2,21.2,35,153.0,22.02744025
30,1,180.7,86.6,17.7,73.0,128,49.7,23.9,43,239.0,26.52171396
23,1,170.1,62.4,21.7,67.0,115,38.0,23.8,56,215.0,21.5663159
27,0,162.2,48.3,14.1,56.0,110,17.7,15.2,25,172.0,18.3588482
23,1,160.0,65.3,35.8,73.0,142,39.3,-3.4,29,164.0,25.5078125
64,1,165.0,78.7,31.7,77.0,134,38.4,9.6,25,190.0,28.90725436
58,1,175.2,75.0,26.0,80.0,120,45.8,-2.0,29,198.0,24.43391506
31,1,178.2,87.8,33.2,93.0,156,26.7,18.4,24,123.0,27.64898014
49,0,161.5,56.2,30.0,79.0,118,26.5,17.0,14,119.0,21.54722081
26,1,170.6,59.4,17.7,81.0,141,35.4,16.5,58,235.0,20.40931324
26,1,172.6,75.5,17.1,75.0,122,40.7,17.2,52,240.0,25.34342863
60,0,147.5,48.5,39.3,75.0,146,18.8,19.0,5,130.0,22.2924447
51,0,154.2,61.6,32.3,71.0,127,25.1,14.1,8,130.0,25.90669217
54,1,174.8,73.2,23.4,91.0,151,43.9,14.9,52,198.0,23.95676785
27,0,159.9,59.9,31.8,75.0,128,31.6,28.2,37,180.0,23.42771299
51,1,175.5,66.0,13.2,68.0,118,47.4,17.1,44,216.0,21.4283975
28,0,157.9,52.3,29.8,84.0,118,25.6,19.4,57,155.0,20.97671264
27,1,182.8,96.3,29.6,72.0,138,44.1,9.2,30,180.0,28.81866803
44,1,169.4,70.72,19.6,70.0,111,44.3,14.3,40,221.0,24.64424059
27,1,178.0,85.7,20.0,94.0,143,52.0,23.3,54,209.0,27.04835248
62,0,150.4,50.9,38.6,70.0,137,18.0,16.2,16,85.0,22.50205127
21,1,181.8,72.2,17.0,84.0,143,48.5,11.8,59,240.0,21.84486876
21,0,167.3,63.5,26.5,71.0,118,35.4,29.9,48,183.0,22.6872493
36,1,176.0,67.5,20.5,91.0,128,36.0,2.6,44,197.0,21.79106405
63,0,154.9,60.1,34.4,97.0,138,22.7,12.2,0,78.0,25.04791821
21,1,177.3,67.0,16.8,81.0,122,43.4,3.4,26,219.0,21.31362555
44,1,182.3,74.3,20.6,85.0,149,43.0,13.6,32,185.0,22.35710037
27,1,181.6,83.1,24.9,86.0,137,45.2,5.5,53,224.0,25.19818937
21,0,167.6,68.9,32.2,71.0,129,32.3,24.9,43,199.0,24.52851146
62,0,159.9,52.3,28.0,72.0,125,27.6,19.4,2,139.0,20.45524857
26,1,171.6,74.7,24.5,82.0,115,40.0,12.6,47,204.0,25.36798865
28,0,157.3,67.44,27.8,61.0,125,32.2,27.4,43,157.0,27.25587422
62,1,170.0,72.7,22.5,95.0,145,42.5,20.2,46,199.0,25.15570934
31,0,161.8,52.5,24.1,72.0,111,27.0,15.5,34,172.0,20.0540581
49,0,157.6,46.9,22.8,55.0,101,24.1,20.0,41,155.0,18.88254013
36,1,165.2,55.4,11.4,74.0,119,38.8,12.9,41,219.0,20.29970276
45,0,154.0,52.9,26.0,72.0,118,24.4,14.8,21,140.0,22.30561646
26,0,159.7,53.3,25.5,62.0,102,28.5,17.2,30,191.0,20.89860881
21,1,178.0,71.7,20.4,78.0,117,39.9,5.3,54,179.0,22.62971847
24,1,171.0,75.6,25.5,92.0,145,36.8,-11.4,36,190.0,25.85410896
47,0,159.8,54.3,31.1,71.0,128,21.5,18.8,21,159.0,21.26406444
46,0,165.5,56.7,28.0,83.0,133,31.4,18.9,31,161.0,20.70079682
31,1,179.5,78.7,22.9,72.0,132,44.0,18.3,47,214.0,24.42563295
40,1,172.0,61.8,8.0,77.0,132,44.0,15.4,58,192.0,20.88967009
28,1,179.7,69.9,14.1,86.0,152,53.4,27.2,59,225.0,21.64616784
39,1,174.8,71.0,11.7,75.0,137,46.1,16.5,45,237.0,23.2367557
35,1,178.3,102.9,30.5,80.0,122,65.5,7.6,46,202.0,32.36776322
23,0,169.1,68.5,32.5,76.0,118,33.3,21.1,47,181.0,23.9553961
23,0,160.6,58.3,29.3,69.0,124,33.4,20.9,39,175.0,22.60359269
63,0,153.6,58.2,37.7,65.0,122,22.4,25.0,18,120.0,24.66837565
38,0,169.9,68.8,34.1,80.0,133,28.7,24.6,38,177.0,23.83426043
44,0,154.6,55.2,43.6,69.0,90,23.5,13.4,7,129.0,23.09511338
24,1,181.1,83.8,19.6,67.0,121,44.5,21.0,43,235.0,25.55095388
58,1,165.7,65.34,20.9,77.0,135,27.2,11.7,16,179.0,23.79765221
35,1,171.0,71.6,24.6,81.0,129,41.0,4.8,46,213.0,24.48616668
62,0,159.6,59.3,34.4,80.0,113,27.5,22.6,21,131.0,23.28031859
60,1,176.5,69.5,16.5,77.0,123,41.9,11.8,33,182.0,22.30978501
62,0,163.7,61.4,28.5,85.0,134,25.9,26.6,16,131.0,22.91242268
26,1,172.8,68.6,18.4,67.0,126,44.3,12.7,58,201.0,22.9740012
57,0,153.5,52.9,30.1,66.0,102,21.5,20.6,31,124.0,22.45116659
64,1,169.2,76.6,17.3,86.0,160,44.6,14.8,46,165.0,26.75642294
31,1,164.6,62.0,19.0,72.0,131,39.7,16.7,45,211.0,22.88400467
30,0,164.6,57.9,26.1,75.0,135,25.1,25.0,36,158.0,21.37070759
21,0,162.4,62.2,33.9,69.0,121,29.3,22.2,41,185.0,23.58404717
64,1,171.5,72.8,13.6,79.0,137,42.9,11.8,41,190.0,24.7515916
30,1,176.5,70.5,16.2,97.0,148,41.1,11.3,50,250.0,22.63078911
34,1,180.1,82.6,18.33787,88.0,150,56.0,12.5,48,218.0,25.46552427
24,0,163.3,51.3,26.4,77.0,114,23.4,21.6,35,161.0,19.23733889
48,1,168.0,80.5,25.4,84.0,130,51.0,7.1,23,195.0,28.5218254
38,0,159.7,55.9,27.7,60.0,120,30.7,25.0,27,176.0,21.91805314
60,1,165.9,61.9,10.3,77.0,150,42.3,22.1,45,215.0,22.49043611
35,1,175.9,83.8,22.0,97.0,128,44.8,12.2,54,206.0,27.08397098
25,1,175.8,84.6,28.8,84.0,146,36.8,15.2,37,162.0,27.37364442
41,1,169.7,79.2,23.7,86.0,144,38.0,9.2,47,199.0,27.50182391
35,1,188.5,87.3,16.5,77.0,143,44.2,6.9,39,217.0,24.56922936
47,1,180.0,68.6,10.2,75.0,135,52.1,14.2,46,213.0,21.17283951
50,1,156.7,56.1,20.0,99.0,156,37.1,21.2,55,208.0,22.84677309
24,0,173.3,65.3,33.6,77.0,118,26.5,8.4,13,131.0,21.74282928
64,0,155.9,51.5,30.2,93.0,137,20.9,22.2,25,107.0,21.18922139
61,1,174.5,80.76,28.1,78.0,119,43.7,15.7,33,204.0,26.52194974
64,1,169.9,83.02,28.6,81.0,149,34.1,5.6,22,147.0,28.76046949
59,0,154.7,60.34,37.3,91.0,149,26.7,20.5,25,148.0,25.21300898
33,0,159.6,52.3,30.0,96.0,155,24.4,18.8,35,158.0,20.53222027
25,1,173.0,69.6,15.2,80.0,120,44.1,7.3,44,188.0,23.25503692
64,0,145.5,54.38,35.1,76.0,126,13.1,3.6,15,81.0,25.68699
36,1,176.6,75.2,17.4,71.0,109,49.4,20.9,49,241.0,24.11217806
28,1,174.4,86.3,17.8,67.0,135,49.4,6.8,45,220.0,28.37382165
23,1,168.5,65.9,12.7,95.0,149,37.5,21.4,62,254.0,23.21055922
60,1,166.5,66.9,26.4,75.0,122,35.6,9.9,27,170.0,24.13224035
22,0,160.3,62.4,37.8,98.0,136,24.1,20.4,33,174.0,24.28385019
39,1,174.0,82.1,24.0,90.0,132,41.5,7.0,41,223.0,27.11718853
60,1,164.2,66.0,26.1,80.0,135,44.1,15.7,35,184.0,24.47922307
46,0,166.8,55.86,22.7,68.0,124,27.9,14.2,33,161.0,20.07746321
59,0,156.0,50.96,28.6,81.0,124,24.0,11.9,11,126.0,20.94017094
26,1,172.7,76.1,12.2,70.0,129,58.7,18.7,59,222.0,25.51525903
53,0,162.3,57.0,33.7,75.0,127,27.0,21.5,13,160.0,21.63903135
29,1,171.7,69.9,13.2,72.0,124,49.5,15.0,65,259.0,23.71027469
46,1,176.1,69.7,11.6,82.0,153,54.4,16.6,59,236.0,22.47574345
26,1,176.1,73.7,18.1,62.0,126,42.4,17.9,57,234.0,23.7655996
62,0,159.3,56.6,27.7,87.0,155,27.4,12.8,17,137.0,22.30410904
42,0,155.2,52.5,25.8,61.0,101,28.7,20.9,27,155.0,21.79595334
22,0,159.9,59.8,23.5,85.0,127,33.5,22.0,46,188.0,23.38860162
36,1,168.0,83.5,22.9,87.0,139,55.9,13.0,61,222.0,29.58475057
37,1,165.4,64.9,20.3,89.0,129,41.8,19.1,54,246.0,23.72322273
35,0,168.4,61.88,22.7,96.0,150,31.2,24.2,36,179.0,21.82057199
55,0,154.6,61.6,35.3,71.0,118,24.4,11.5,4,138.0,25.77280768
35,1,180.6,78.0,23.9,90.0,133,39.1,-10.7,14,179.0,23.91437916
30,1,173.4,83.34,26.7,85.0,128,31.3,2.7,43,196.0,27.71758001
22,0,165.6,47.3,26.6,81.0,136,23.1,23.6,38,167.0,17.2480688
36,1,182.0,82.9,20.3,76.0,128,48.8,16.6,50,232.0,25.02717063
31,1,164.7,62.9,18.3,78.0,129,40.6,6.0,49,190.0,23.1880083
58,0,166.0,54.5,23.0,89.0,124,25.0,22.7,10,149.0,19.77790681
39,0,161.1,51.0,22.7,76.0,127,22.6,18.8,29,164.0,19.6507484
59,0,159.8,64.9,34.2,82.0,131,24.6,16.2,26,125.0,25.41506044
46,1,183.5,84.2,24.9,93.0,148,35.9,-3.1,31,226.0,25.005754
21,0,160.6,55.2,28.5,65.0,115,24.9,29.1,46,199.0,21.40168639
45,1,162.5,69.5,25.4,79.0,136,49.2,20.1,52,235.0,26.31952663
21,0,169.1,56.1,22.6,77.0,120,26.3,31.3,24,162.0,19.61894484
36,1,169.5,70.6,15.6,94.0,138,45.1,23.4,50,236.0,24.5734026
56,1,173.6,77.4,22.6,74.0,136,42.1,8.2,30,206.0,25.68274969
30,0,155.6,53.9,27.7,63.0,108,31.7,23.7,45,170.0,22.26227688
37,0,163.0,54.9,16.1,80.0,148,32.6,26.7,58,201.0,20.66317889
44,1,177.5,84.2,28.0,91.0,150,36.2,9.6,38,185.0,26.72485618
43,1,175.5,75.9,18.0,64.0,130,30.6,18.0,50,209.0,24.64265712
63,1,162.9,64.5,20.8,75.0,141,37.6,14.0,44,185.0,24.3062268
25,0,162.8,57.9,33.6,69.0,148,25.0,20.1,44,177.0,21.84589101
23,1,171.2,75.0,22.8,87.0,128,60.9,24.8,59,210.0,25.58902524
54,1,170.7,57.6,17.4,89.0,142,33.7,11.7,44,219.0,19.76766813
52,1,165.5,67.7,19.7,90.0,159,37.3,9.6,30,193.0,24.71682442
48,1,162.8,72.4,27.3,96.0,140,37.6,20.1,31,174.0,27.31679636
30,1,171.5,75.6,18.3,90.0,136,38.5,14.7,43,221.0,25.70357589
21,0,157.0,56.1,28.8,69.0,115,28.3,15.2,39,162.0,22.759544
37,1,165.3,65.0,19.4,78.0,124,38.4,15.2,46,223.0,23.78853239
24,1,179.2,85.1,25.4,69.0,134,50.9,18.2,57,227.0,26.50046835
63,1,159.3,64.6,24.9,75.0,139,34.7,8.1,23,181.0,25.45663329
32,0,170.0,56.6,27.2,85.0,114,28.6,10.9,43,159.0,19.58477509
60,1,174.3,72.9,20.5,50.0,109,38.4,12.1,44,158.0,23.99566301
55,0,156.3,54.9,35.7,73.0,114,23.2,16.1,16,135.0,22.4726552
57,0,163.0,56.0,28.6,98.0,158,29.7,28.0,25,124.0,21.07719523
26,0,163.7,60.9,24.2,65.0,110,31.4,15.5,50,191.0,22.72583943
25,1,169.8,70.0,16.9,62.0,136,43.7,8.0,49,211.0,24.27854567
47,0,169.3,51.9,24.1,70.0,100,24.3,12.7,30,133.0,18.10728935
25,1,176.3,63.8,9.8,95.0,130,39.9,23.4,45,238.0,20.52655438
34,1,173.1,87.8,23.8,83.0,123,41.8,19.7,55,214.0,29.30221025
56,0,160.2,62.4,33.3,67.0,103,28.8,20.7,15,133.0,24.31417657
33,1,179.0,75.7,21.9,79.0,123,41.4,15.0,50,218.0,23.62597921
44,1,180.5,79.5,21.7,87.0,127,42.3,10.8,33,196.0,24.40128606
21,1,168.9,70.7,17.3,77.0,123,38.9,13.4,71,235.0,24.78335596
50,0,164.8,60.2,23.6,58.0,106,24.7,20.4,13,146.0,22.16573193
21,1,173.8,63.1,8.2,86.0,134,43.5,18.3,63,273.0,20.88958513
27,1,172.8,69.7,18.6,94.0,157,47.5,20.2,53,224.0,23.34238897
54,0,147.4,53.64,34.6,83.0,154,17.4,24.4,31,125.0,24.68844871
33,1,174.9,79.9,20.7,71.0,130,52.1,16.2,76,244.0,26.1196384
26,1,162.2,76.7,31.6,83.0,121,37.0,3.2,29,214.0,29.15369891
28,1,163.4,59.7,15.8,82.0,128,37.3,10.8,42,211.0,22.35991904
51,1,179.8,78.56,21.9,94.0,156,47.2,13.9,42,196.0,24.30088555
38,1,167.6,61.8,16.9,64.0,121,46.8,5.9,40,198.0,22.00089997
21,1,176.1,68.4,17.0,67.0,129,41.7,9.7,47,219.0,22.0565402
25,1,175.0,72.0,16.1,77.0,116,50.1,20.0,62,221.0,23.51020408
40,1,170.8,68.5,23.1,79.0,133,28.8,-1.0,43,204.0,23.4809054
22,0,162.4,49.3,29.1,69.0,127,19.3,8.9,26,147.0,18.69282196
62,0,154.9,42.4,17.7,85.0,126,21.2,32.0,26,141.0,17.67107707
33,1,171.7,71.62,21.0,65.0,116,51.3,23.8,47,224.0,24.29370348
59,0,152.5,52.3,31.8,59.0,109,20.9,20.9,13,128.0,22.48857834
27,1,178.8,73.38,7.8,75.0,126,49.6,21.5,54,223.0,22.95317028
58,1,167.6,68.4,17.0,84.0,133,40.1,9.8,32,185.0,24.35051065
39,0,154.1,48.2,26.9,78.0,133,26.6,11.1,25,144.0,20.29746311
27,0,157.4,53.0,26.2,86.0,114,21.9,29.0,30,180.0,21.39274003
22,1,167.6,72.7,18.6,75.0,123,53.5,22.1,67,260.0,25.8813176
23,1,181.9,89.1,13.5,71.0,130,51.6,17.7,49,250.0,26.92850889
23,1,174.4,71.5,10.9,70.0,141,48.7,18.1,53,204.0,23.50785919
39,0,167.1,64.48,18.4,74.0,125,21.7,29.4,33,143.0,23.09256257
27,1,176.4,76.2,20.9,83.0,131,49.4,2.3,58,217.0,24.48825335
39,1,184.4,85.7,18.5,92.0,138,49.8,13.7,46,223.0,25.20339166
22,0,167.9,66.7,33.1,87.0,136,33.3,27.7,51,176.0,23.66052853
21,0,166.9,85.0,35.8,89.0,143,36.2,14.2,32,156.0,30.51449959
33,1,174.8,69.4,13.6,97.0,153,55.7,17.7,59,241.0,22.7131105
23,1,173.0,73.9,11.7,59.0,125,38.0,13.0,53,181.0,24.69177052
59,1,170.0,59.1,15.0,71.0,115,28.3,8.6,15,162.0,20.44982699
30,1,186.1,93.6,28.7,73.0,128,46.1,6.9,30,186.0,27.02608277
31,0,161.5,63.9,25.5,76.0,119,30.0,31.4,39,177.0,24.4994201
35,1,176.2,63.9,17.4,88.0,135,33.9,6.6,45,204.0,20.58206996
36,1,172.3,87.5,29.6,80.0,137,40.6,12.5,41,200.0,29.4738927
45,1,187.5,108.1,27.0,89.0,140,45.5,6.7,42,220.0,30.74844444
55,0,156.0,58.1,36.6,80.0,120,22.8,12.7,21,158.0,23.87409599
28,1,172.1,67.0,17.8,78.0,138,41.1,13.7,50,215.0,22.62106575
49,1,168.8,73.3,14.7,95.0,132,45.9,15.4,44,203.0,25.72521956
24,1,173.0,73.6,11.9,65.0,133,57.1,22.1,59,255.0,24.5915333
21,1,185.5,79.2,14.6,86.0,134,42.9,10.5,51,208.0,23.01639773
62,0,152.7,48.6,31.5,66.0,118,23.1,19.6,24,142.0,20.84290241
63,0,154.3,45.6,17.9,70.0,120,19.3,13.6,7,129.0,19.15283162
53,1,179.4,80.68,20.6,86.0,141,35.0,14.0,33,178.0,25.06807654
32,1,177.1,72.9,17.4,69.0,119,52.2,22.5,54,222.0,23.24290494
60,1,171.6,70.6,22.6,89.0,128,34.1,11.2,30,186.0,23.97563586
42,1,165.1,54.4,14.5,82.0,146,36.5,16.2,47,211.0,19.95743636
51,0,166.0,47.0,20.1,70.0,130,22.5,27.2,26,162.0,17.05617651
30,1,171.3,70.1,15.4,69.0,118,44.6,26.5,50,238.0,23.88929272
61,0,154.3,41.4,23.0,65.0,121,25.8,23.0,21,123.0,17.38875502
55,1,162.4,64.38,21.2,85.0,143,39.3,10.1,28,124.0,24.41062632
31,1,168.4,63.38,19.4,77.0,130,44.2,17.5,51,227.0,22.34951281
58,1,167.2,67.3,24.5,83.0,140,30.9,14.2,20,178.0,24.07368192
25,1,177.1,76.3,23.4,90.0,142,49.6,2.2,50,254.0,24.32693617
46,1,177.4,76.2,21.0,82.0,129,43.5,19.0,49,227.0,24.21295196
23,0,157.6,60.2,22.6,61.0,106,29.4,28.1,57,173.0,24.23729032
44,1,172.0,71.0,18.1,69.0,113,48.3,28.7,52,203.0,23.99945917
24,0,159.6,62.9,30.9,85.0,128,29.2,26.5,43,177.0,24.6936263
22,1,177.8,90.5,27.1,72.0,126,37.3,-1.2,38,206.0,28.62760828
24,0,166.9,70.0,23.7,55.0,102,39.1,23.8,47,186.0,25.1295879
27,1,189.2,78.0,11.6,79.0,136,49.1,13.6,49,248.0,21.78975457
58,1,178.0,72.8,24.3,62.0,129,39.0,23.5,30,168.0,22.97689686
25,1,171.6,64.6,11.6,73.0,119,43.8,11.9,50,204.0,21.93804641
32,1,166.5,67.8,20.0,90.0,147,41.6,11.4,46,197.0,24.45688932
23,0,162.5,54.4,27.5,57.0,109,33.7,-7.6,34,176.0,20.60118343
29,0,164.1,52.54,21.4,73.0,116,32.6,31.3,40,172.0,19.51070248
54,1,169.6,63.3,15.0,74.0,123,42.9,22.5,44,174.0,22.0065526
42,1,174.0,66.1,21.9,97.0,140,36.7,-0.4,27,190.0,21.83247457
33,0,165.2,61.9,29.9,92.0,143,30.4,20.5,39,186.0,22.68143684
21,0,165.8,61.6,34.9,60.0,114,24.6,10.3,29,151.0,22.40844187
24,0,164.8,51.5,20.4,72.0,117,26.6,17.3,45,174.0,18.96237864
62,1,165.9,69.9,24.8,99.0,156,42.8,6.2,22,148.0,25.39711606
24,1,170.0,75.6,20.0,70.0,105,42.2,15.6,56,233.0,26.15916955
44,0,156.2,49.8,23.7,60.0,115,22.4,26.6,41,128.0,20.41114104
45,0,150.4,49.0,25.4,78.0,148,22.7,5.0,30,159.0,21.66209258
63,1,165.4,60.6,16.8,75.0,125,37.7,21.0,49,187.0,22.15142215
45,1,176.6,72.3,19.7,84.0,152,49.7,18.6,35,222.0,23.18232013
56,1,166.2,70.2,22.9,86.0,140,42.7,3.5,15,200.0,25.41411982
62,0,152.5,49.0,28.3,73.0,127,23.6,19.6,15,120.0,21.06960494
28,1,183.6,88.2,20.7,77.0,137,55.8,7.1,42,266.0,26.16515016
28,1,178.7,86.0,11.9,90.0,141,61.0,12.7,48,263.0,26.93080568
38,0,159.6,52.2,28.9,73.0,127,34.3,19.3,39,157.0,20.49296173
21,1,170.8,66.28,17.1,78.0,121,42.7,15.7,55,232.0,22.71991839
56,0,154.0,61.9,33.5,70.0,123,22.2,17.2,14,145.0,26.10052285
51,1,173.8,64.6,15.8,82.0,135,31.4,12.8,53,220.0,21.38616798
23,0,163.0,51.7,24.5,74.0,123,22.4,12.5,30,160.0,19.45876774
26,1,172.7,71.3,19.2,80.0,154,53.3,22.3,56,243.0,23.90588658
26,1,177.3,78.4,17.0,77.0,146,52.3,22.4,57,243.0,24.94012303
26,0,165.4,59.1,21.9,68.0,119,28.9,18.5,42,151.0,21.60311962
47,1,174.3,78.1,22.8,83.0,142,46.7,16.8,52,231.0,25.7072878
51,0,163.9,52.82,15.7,74.0,116,32.1,20.7,30,164.0,19.66257942
59,1,160.3,56.1,18.4,93.0,137,37.8,16.8,36,185.0,21.83211531
51,1,165.1,87.2,30.4,87.0,140,46.2,6.0,21,206.0,31.99059653
27,1,172.2,71.28,22.8,63.0,112,44.0,11.8,54,226.0,24.0381697
25,0,161.2,70.6,38.5,68.0,118,29.1,8.7,24,165.0,27.16906083
31,1,175.1,81.22,21.7,85.0,149,45.5,10.6,44,185.0,26.49053278
59,1,179.3,69.8,17.6,91.0,134,42.7,15.2,23,178.0,21.71175069
60,0,156.6,55.7,31.6,80.0,120,26.8,13.7,18,140.0,22.71285246
62,0,156.4,59.7,36.0,63.0,114,23.9,19.5,13,136.0,24.40623753
44,0,159.9,49.8,27.1,76.0,123,13.3,25.5,19,153.0,19.47746422
27,1,186.8,99.3,30.8,74.0,139,49.8,-6.3,43,195.0,28.45741876
64,1,176.1,81.1,23.8,77.0,142,44.2,14.0,29,169.0,26.15183348
61,1,166.8,62.7,20.8,98.0,154,35.7,12.1,38,188.0,22.53592809
26,0,170.0,62.98,28.7,66.0,121,34.6,24.5,48,189.0,21.79238754
21,0,157.2,48.5,26.4,54.0,130,19.2,30.3,37,177.0,19.62621966
22,1,170.1,66.2,15.3,72.0,132,44.4,19.6,52,228.0,22.87964924
25,1,172.3,92.0,35.8,79.0,144,37.5,17.1,38,182.0,30.9896929
61,0,153.7,59.0,37.2,62.0,105,22.6,18.6,12,121.0,24.97492983
31,1,171.4,77.0,28.6,92.0,128,40.5,5.0,37,205.0,26.21012487
25,1,172.0,66.0,15.4,77.0,116,47.0,12.7,61,210.0,22.30935641
46,0,163.2,58.08,26.1,67.0,117,35.0,32.3,35,171.0,21.80651672
34,1,183.8,81.2,22.8,78.0,150,50.0,2.4,34,209.0,24.03615606
22,1,172.6,70.2,17.1,70.0,139,43.0,14.5,48,211.0,23.56435351
31,0,160.2,57.4,29.3,75.0,129,29.7,18.2,35,181.0,22.36592524
59,1,171.0,66.2,15.6,96.0,129,37.1,15.6,41,184.0,22.63944462
42,1,169.6,71.6,30.2,80.0,127,38.3,3.7,43,211.0,24.89208793
53,0,150.7,47.6,28.7,79.0,128,22.9,10.9,10,119.0,20.95947732
62,0,158.7,56.0,31.8,96.0,145,26.6,26.0,18,145.0,22.23484844
27,1,177.3,75.88,15.4,72.0,141,48.0,20.7,50,226.0,24.13847622
27,1,170.8,66.5,25.8,82.0,143,42.3,8.5,45,208.0,22.79533152
43,1,177.0,63.6,12.4,67.0,130,42.8,16.1,48,220.0,20.30067988
35,1,179.2,75.0,22.8,97.0,148,45.3,12.0,60,228.0,23.35528938
27,0,165.5,80.38,44.3,92.0,129,24.7,7.5,43,115.0,29.34620896
39,0,152.1,46.1,25.5,72.0,118,24.3,21.8,24,127.0,19.92702645
58,1,168.9,74.9,28.7,92.0,138,38.9,18.3,29,155.0,26.25563453
44,1,170.6,62.7,14.0,76.0,115,45.7,15.3,44,191.0,21.54316398
25,1,173.8,83.6,21.6,86.0,139,53.1,28.6,53,242.0,27.67621739
38,0,159.0,53.3,25.9,70.0,132,26.9,22.5,34,165.0,21.08302678
57,1,163.4,71.5,26.4,75.0,115,41.3,18.4,39,210.0,26.77946753
42,0,153.0,42.8,27.4,100.0,130,17.8,-4.7,22,127.0,18.28356615
48,1,168.1,68.0,29.3,97.0,149,37.0,-0.2,17,169.0,24.064314
29,1,173.4,75.1,21.6,78.0,138,38.0,18.0,53,215.0,24.97708494
24,1,168.0,65.2,21.4,80.0,120,44.2,15.5,55,214.0,23.10090703
31,0,162.9,47.8,21.0,61.0,100,28.8,23.8,21,171.0,18.01298669
26,1,177.1,77.9,18.4,93.0,152,43.0,-5.1,42,239.0,24.83706851
29,1,176.2,71.1,25.3,87.0,135,41.8,6.0,61,207.0,22.90117643
21,0,171.1,70.1,28.4,87.0,125,31.2,19.0,52,198.0,23.94517409
23,0,169.4,56.0,24.8,67.0,100,29.7,26.0,34,161.0,19.51467015
59,1,172.3,78.0,24.0,86.0,150,31.8,12.7,39,184.0,26.27387006
39,1,178.3,80.3,21.0,73.0,126,49.7,8.9,36,201.0,25.25880842
21,1,183.6,78.0,13.8,86.0,149,49.9,21.3,63,250.0,23.13924844
55,0,159.4,57.6,28.3,82.0,135,29.2,14.6,26,156.0,22.66970399
24,0,161.7,61.5,27.5,77.0,117,30.6,24.9,37,190.0,23.52096177
24,0,162.4,57.9,32.9,73.0,122,30.6,18.9,46,180.0,21.95363877
24,0,163.1,51.5,23.6,67.0,111,27.2,21.2,36,182.0,19.35973048
21,1,183.4,81.8,21.4,75.0,134,47.6,9.7,49,212.0,24.31949996
39,1,177.1,75.3,24.9,90.0,153,49.1,6.8,31,194.0,24.00810345
22,1,178.0,62.3,11.8,61.0,125,41.0,15.0,54,214.0,19.66292135
29,0,152.6,50.9,31.8,62.0,103,27.2,22.3,50,157.0,21.85791411
35,1,178.3,61.12,19.2,89.0,148,46.2,3.9,42,200.0,19.22563351
51,0,151.0,50.2,28.5,54.0,100,20.9,17.8,13,131.0,22.01657822
21,0,169.8,54.4,24.2,80.0,120,24.2,-9.6,27,123.0,18.86789835
59,0,152.9,47.9,33.3,78.0,121,17.6,12.6,17,90.0,20.48898963
47,1,171.3,73.8,23.8,85.0,130,49.6,13.9,36,231.0,25.15021117
59,1,170.4,69.3,18.6,84.0,133,49.0,19.6,35,197.0,23.8667923
60,1,167.3,60.6,22.4,76.0,118,27.1,5.3,20,180.0,21.6511387
27,1,169.2,72.5,17.6,79.0,132,45.5,10.9,60,203.0,25.32429064
28,0,166.4,51.7,24.1,78.0,117,24.0,20.6,31,147.0,18.67170165
21,1,177.6,72.4,21.9,70.0,123,49.3,7.8,49,250.0,22.95369694
46,0,159.7,49.3,27.2,73.0,121,19.3,28.2,31,172.0,19.33023292
23,0,160.2,56.8,18.1,69.0,114,28.8,28.2,48,199.0,22.13213508
22,1,176.8,84.8,28.5,71.0,141,42.7,6.5,39,183.0,27.12884667
41,0,159.4,53.1,21.1,68.0,105,23.3,11.1,38,164.0,20.89863336
49,0,156.1,50.6,16.3,95.0,147,27.6,23.7,37,152.0,20.76561084
62,1,161.2,63.8,25.9,95.0,158,36.0,15.8,37,162.0,24.55221078
51,1,170.8,70.1,24.1,85.0,122,38.9,18.4,41,213.0,24.0293645
21,0,167.3,82.3,31.7,52.0,127,42.7,21.9,41,172.0,29.40410421
29,1,177.1,85.5,22.6,76.0,142,35.7,14.7,44,184.0,27.26019715
39,1,188.1,81.6,16.1,92.0,149,46.3,20.4,46,242.0,23.0628284
25,1,165.6,80.3,23.3,89.0,145,50.9,17.1,52,209.0,29.28160517
34,1,182.1,79.1,22.9,75.0,125,40.8,9.9,35,204.0,23.85374608
21,1,167.5,63.4,12.4,85.0,134,40.4,15.7,59,234.0,22.59746046
32,0,163.9,62.0,35.8,79.0,143,25.7,23.1,25,154.0,23.07989254
57,1,172.7,81.6,37.3,94.0,154,47.1,9.1,33,178.0,27.35933163
26,1,172.1,73.0,17.8,79.0,141,52.9,11.6,47,214.0,24.64683283
21,1,171.6,78.6,16.7,85.0,143,43.7,20.7,56,241.0,26.6924218
64,0,166.0,59.3,35.3,62.0,122,23.2,15.0,15,115.0,21.5198142
49,1,179.3,75.8,15.7,90.0,149,43.8,14.2,41,220.0,23.57809029
25,1,177.2,70.7,14.9,90.0,141,48.9,19.2,52,227.0,22.5160383
21,1,169.9,76.6,27.8,72.0,140,34.1,17.1,37,237.0,26.53640042
21,1,182.9,68.1,11.4,72.0,138,43.3,20.1,64,243.0,20.3572777
24,0,169.0,65.1,20.2,78.0,129,31.9,14.6,51,234.0,22.79331956
60,1,165.5,56.9,14.9,72.0,136,29.6,15.6,30,169.0,20.7738155
60,0,160.2,57.9,34.1,67.0,118,19.0,19.0,24,145.0,22.56075037
61,1,163.2,74.9,32.1,65.0,124,36.0,1.3,15,146.0,28.12169598
60,1,168.5,79.1,32.4,83.0,156,36.8,1.7,21,171.0,27.85971524
21,0,159.5,56.3,37.3,62.0,103,21.9,17.0,24,115.0,22.13028567
28,1,175.5,76.4,24.5,79.0,129,41.4,6.9,56,203.0,24.80499347
62,0,160.6,69.28,28.8,66.0,124,27.4,23.0,34,118.0,26.86066727
39,1,180.8,85.9,23.4,94.0,142,51.4,21.1,50,221.0,26.27824223
22,0,162.0,53.8,29.0,80.0,120,27.0,10.8,25,140.0,20.49992379
22,1,167.0,65.0,20.2,84.0,127,50.2,15.3,59,240.0,23.30668005
21,0,154.8,49.16,18.1,69.0,113,23.2,16.7,40,194.0,20.51492632
57,0,157.0,61.1,34.8,74.0,128,22.8,13.5,21,124.0,24.78802385
27,0,152.9,47.1,22.5,80.0,110,24.1,20.1,29,158.0,20.14679356
28,1,175.1,71.5,26.6,99.0,129,38.9,15.9,49,224.0,23.32027941
25,1,175.9,81.1,27.8,75.0,133,48.6,14.9,56,211.0,26.21133707
22,0,158.0,53.8,30.1,77.0,108,17.8,5.8,22,115.0,21.55103349
54,0,157.8,54.4,40.7,73.0,128,15.6,-0.5,2,90.0,21.84665256
43,1,175.9,90.0,26.9,81.0,147,50.7,0.0,33,221.0,29.08779699
58,1,163.0,57.5,9.963,94.0,138,39.5,22.9,48,180.0,21.64176296
29,0,170.7,58.82,21.2,90.0,131,37.0,20.5,35,141.0,20.18635832
23,1,175.9,65.3,11.8,81.0,149,45.8,0.1,46,261.0,21.10481271
26,1,172.9,83.3,31.5,64.0,133,45.2,9.2,44,174.0,27.86474127
64,0,148.6,66.46,41.7,80.0,120,16.2,0.9,8,144.0,30.09696603
22,0,162.4,60.84,25.1,74.0,126,25.5,31.7,55,201.0,23.06838312
56,0,157.2,60.4,36.2,70.0,118,24.2,14.3,16,132.0,24.4417251
62,1,161.3,55.1,20.4,79.0,138,25.0,17.2,25,193.0,21.17789858
23,1,177.4,69.7,12.77857,82.0,145,48.9,10.5,49,242.0,22.14754267
37,1,165.0,86.9,28.9,70.0,114,42.7,17.3,51,242.0,31.91919192
27,0,170.8,67.2,19.6,76.0,120,33.1,2.2,53,168.0,23.03528237
50,1,169.5,87.8,29.7,95.0,156,53.6,17.4,36,204.0,30.56012391
22,1,172.0,70.0,15.0,85.0,122,40.3,14.1,55,230.0,23.66143862
59,1,173.3,67.5,17.2,80.0,140,37.9,11.5,36,190.0,22.47535951
23,0,162.3,49.4,26.1,66.0,121,21.4,22.4,40,165.0,18.75382717
59,1,171.2,69.1,25.4,77.0,120,25.9,5.2,24,126.0,23.57602192
31,1,178.6,64.1,15.5,60.0,112,34.7,14.4,58,228.0,20.09532898
21,1,166.1,64.1,13.0,79.0,120,41.3,18.9,56,230.0,23.23372072
21,1,168.7,62.3,16.7,86.0,137,36.4,8.7,68,240.0,21.8906109
48,0,161.5,60.6,26.3,82.0,118,29.9,20.2,32,156.0,23.23419184
30,1,171.4,66.0,13.6,46.0,102,48.8,22.9,51,230.0,22.46582132
31,1,171.3,61.4,17.6,82.0,127,35.6,2.3,44,184.0,20.92443043
47,1,179.0,74.5,26.9,61.0,114,34.5,15.4,34,214.0,23.25145907
35,1,163.1,58.42,17.3,77.0,125,35.1,16.3,42,214.0,21.96107679
29,0,156.8,54.2,32.3,72.0,110,24.5,23.7,55,162.0,22.0448511
29,0,151.8,46.3,29.7,64.0,99,17.8,8.2,29,138.0,20.09266058
31,1,177.5,94.6,27.3,82.0,140,49.0,13.4,30,200.0,30.02578853
27,1,179.6,80.9,18.2,94.0,157,49.9,15.0,63,229.0,25.08048075
59,0,163.6,62.8,32.5,80.0,121,25.3,26.4,37,176.0,23.46351349
27,0,160.6,62.0,31.6,70.0,128,33.8,21.9,42,161.0,24.03812602
22,0,166.0,54.9,23.5,82.0,155,28.1,21.5,46,167.0,19.92306576
23,0,166.1,54.4,23.0,75.0,132,31.0,21.4,46,152.0,19.71785347
36,1,179.1,96.2,26.6,83.0,123,54.7,17.0,40,200.0,29.9905134
53,0,163.9,60.8,35.0,89.0,145,21.3,4.1,17,130.0,22.63318494
22,1,175.8,73.3,17.5,83.0,120,50.5,7.2,43,232.0,23.71735386
28,0,168.3,55.3,19.7,75.0,123,27.2,24.6,36,182.0,19.52346505
25,1,171.3,79.6,24.2,81.0,121,43.8,8.0,52,239.0,27.12678603
30,1,177.3,70.6,8.8,76.0,130,61.1,17.9,48,229.0,22.45883528
26,1,173.1,77.7,21.1,82.0,130,49.1,9.8,50,224.0,25.93145485
21,1,171.0,67.7,10.9,80.0,120,47.2,17.0,68,266.0,23.15242297
58,1,171.3,74.2,25.0,95.0,144,36.2,18.8,40,177.0,25.28652668
25,1,166.9,71.5,17.8,73.0,131,45.7,14.9,58,201.0,25.66807907
29,1,174.3,75.5,9.4,71.0,142,43.4,20.8,60,256.0,24.8514754
28,0,158.1,58.6,29.9,79.0,117,21.1,-6.2,23,130.0,23.44411679
23,1,174.3,72.1,14.1,91.0,145,46.5,15.4,57,237.0,23.73233611
26,1,181.6,73.1,15.6,74.0,122,34.0,16.9,53,237.0,22.16591628
63,1,167.1,61.6,26.5,70.0,103,33.8,3.0,26,123.0,22.06113298
22,1,172.3,68.5,13.7,64.0,134,36.7,12.1,60,230.0,23.07384743
35,1,170.9,64.5,24.1,72.0,115,44.1,5.8,50,190.0,22.08389071
27,1,166.1,76.0,21.2,80.0,133,46.5,20.9,58,240.0,27.54700116
57,1,167.7,65.98,25.7,97.0,157,43.5,16.5,33,183.0,23.46098198
21,1,171.5,62.6,18.2,84.0,143,36.8,17.9,48,195.0,21.28364882
23,1,181.0,93.2,21.3,72.0,129,56.8,25.5,52,214.0,28.44846006
49,0,154.6,54.0,31.8,96.0,151,24.3,25.3,0,160.0,22.59304569
56,1,172.1,65.7,22.5,90.0,140,40.1,18.2,35,170.0,22.18214955
23,0,165.4,51.2,26.4,71.0,115,21.9,25.5,38,140.0,18.71539297
28,1,170.0,84.2,13.5,93.0,139,42.6,23.5,51,241.0,29.1349481
27,0,164.6,60.5,28.1,79.0,127,28.7,18.8,36,151.0,22.3303594
23,0,166.0,79.5,34.0,81.0,132,34.7,24.4,39,200.0,28.85034112
31,1,177.3,74.4,19.3,81.0,133,43.8,15.8,54,217.0,23.66766777
24,0,169.4,72.8,43.6,89.0,133,30.7,18.7,33,143.0,25.3690712
21,1,171.0,75.7,15.8,89.0,150,34.1,7.2,43,251.0,25.88830751
27,0,169.8,58.2,24.5,61.0,111,30.1,17.5,53,151.0,20.18587655
32,1,174.9,87.4,20.7,97.0,153,58.8,15.2,54,240.0,28.57141923
29,1,171.5,75.36,27.1,88.0,156,42.5,21.9,51,217.0,25.62197724
25,0,166.6,51.98,20.2,67.0,118,26.1,12.5,34,166.0,18.72777923
62,1,169.3,66.2,25.0,60.0,117,33.6,-5.0,16,175.0,23.09638835
48,0,153.8,53.7,34.2,86.0,120,22.6,5.3,28,143.0,22.70186908
28,1,176.5,87.2,22.7,93.0,144,58.0,13.9,57,218.0,27.99155759
26,0,152.5,48.1,35.7,98.0,127,24.5,19.4,47,158.0,20.6826122
42,1,168.7,68.5,27.7,91.0,156,36.5,10.2,44,203.0,24.06913076
25,0,157.9,61.2,32.5,85.0,142,30.4,29.9,58,183.0,24.54636355
22,1,171.6,73.4,17.0,78.0,123,44.6,21.7,48,267.0,24.92651094
61,0,165.9,65.8,28.4,78.0,140,24.3,4.4,11,112.0,23.90744259
40,0,157.1,61.1,25.8,81.0,143,29.1,21.2,34,166.0,24.7564769
21,0,166.1,61.2,19.2,71.0,137,29.8,29.1,61,213.0,22.18258515
28,1,180.3,80.1,21.1,78.0,111,49.3,17.2,57,220.0,24.64002038
25,1,170.0,82.8,31.9,81.0,121,46.8,5.4,35,190.0,28.65051903
21,1,168.3,64.8,17.8,77.0,135,39.2,-10.7,40,212.0,22.8774057
63,1,173.3,73.8,18.9,84.0,153,49.4,13.3,32,186.0,24.57305974
61,1,167.5,54.9,15.4,84.0,134,38.6,21.0,22,215.0,19.56783248
27,1,173.5,74.5,18.6,65.0,121,35.3,14.1,50,230.0,24.74898056
45,0,163.5,51.56,21.3,81.0,115,23.3,15.8,25,130.0,19.28756465
36,1,173.7,65.9,9.4,85.0,140,47.1,14.8,50,241.0,21.84166681
27,1,168.9,70.2,25.3,77.0,136,44.5,7.6,57,194.0,24.6080847
54,0,156.5,50.32,28.1,85.0,129,24.2,18.7,29,122.0,20.54527453
35,1,175.0,74.0,19.2,84.0,123,46.0,11.5,47,217.0,24.16326531
31,0,159.3,47.9,19.2,96.0,125,27.4,25.4,57,211.0,18.87573892
24,1,173.3,69.4,21.4,88.0,125,40.4,8.6,50,230.0,23.10799926
28,1,175.5,80.0,14.1,64.0,122,50.1,19.2,57,254.0,25.97381515
26,1,173.6,70.8,18.9,72.0,113,44.5,11.8,63,205.0,23.49274778
25,1,180.0,78.9,17.9,95.0,110,49.5,21.5,63,265.0,24.35185185
21,1,179.6,89.4,13.5,85.0,158,57.9,29.4,59,270.0,27.71563633
22,1,185.9,94.1,15.0,76.0,131,49.2,9.5,49,225.0,27.22894683
44,1,178.6,91.2,30.5,95.0,157,53.8,12.4,48,208.0,28.59117009
42,1,175.0,80.4,27.1,93.0,149,40.6,16.0,22,210.0,26.25306122
43,0,159.6,63.8,38.1,69.0,110,24.1,24.1,12,130.0,25.04695322
39,1,178.7,65.1,18.2,71.0,120,48.3,15.7,39,208.0,20.3859936
23,0,156.7,58.1,34.7,70.0,138,27.1,18.6,43,166.0,23.6612748
22,0,168.2,56.2,19.45304,94.0,153,29.7,32.7,37,193.0,19.86480621
21,1,181.4,85.4,16.5,64.0,120,44.1,22.1,65,237.0,25.95274534
30,1,180.6,76.5,19.5,86.0,147,42.2,15.0,49,220.0,23.45448726
31,1,180.5,90.0,16.8,98.0,149,52.8,17.1,51,250.0,27.62409742
59,1,174.5,77.4,31.4,97.0,158,36.9,11.5,23,168.0,25.41851052
55,0,155.0,57.7,31.5,88.0,145,27.6,21.2,35,149.0,24.01664932
43,1,173.3,76.1,21.4,85.0,144,43.4,10.7,48,220.0,25.3388868
50,1,170.2,77.1,19.6,91.0,136,43.9,15.8,45,188.0,26.61553906
23,1,181.5,82.5,19.5,79.0,137,54.5,16.3,58,244.0,25.0438267
59,1,166.4,64.5,22.3,91.0,155,36.6,17.6,38,189.0,23.29448271
21,1,173.3,92.2,32.4,72.0,138,37.9,1.8,30,218.0,30.69967625
52,1,173.6,84.1,30.2,86.0,129,32.9,4.2,36,195.0,27.90593345
36,1,169.3,57.9,8.0,77.0,117,46.2,11.9,53,238.0,20.2006176
51,0,151.9,48.78,23.7,82.0,140,20.7,16.7,20,156.0,21.14103515
27,1,173.8,74.9,9.5,72.0,155,48.6,10.6,51,238.0,24.79603687
37,1,178.5,75.0,15.4,66.0,124,60.0,18.2,51,240.0,23.5388273
58,0,150.4,60.8,31.8,65.0,122,33.1,7.3,22,122.0,26.87867813
42,1,173.2,65.0,20.4,80.0,129,35.8,4.8,33,194.0,21.66793785
39,1,174.1,76.7,23.5,87.0,135,45.9,7.2,52,242.0,25.30450357
60,0,160.0,76.9,50.3,82.0,141,20.1,-8.1,0,25.0,30.0390625
31,1,184.3,78.7,18.7,76.0,135,41.8,1.3,62,215.0,23.1698948
27,1,168.0,69.8,25.5,84.0,133,37.2,17.0,54,219.0,24.73072562
29,1,175.3,71.9,15.3,56.0,115,50.9,18.5,49,223.0,23.39726307
23,1,173.0,66.8,12.0,54.0,115,41.0,18.5,63,262.0,22.31948946
28,1,171.3,76.0,20.5,83.0,121,47.3,14.0,55,213.0,25.89994646
35,1,167.1,68.9,14.6,81.0,149,36.8,22.0,55,237.0,24.67552049
24,0,165.8,82.5,42.7,85.0,133,26.3,6.6,15,97.0,30.01130608
27,1,174.9,71.4,18.7,78.0,139,41.4,19.5,44,234.0,23.34095347
64,0,152.2,55.1,34.1,64.0,109,17.8,18.1,25,115.0,23.78604817
32,1,182.3,78.72,14.8,88.0,152,53.2,17.4,56,238.0,23.68709207
55,1,170.2,63.0,21.9,65.0,119,40.1,11.9,31,180.0,21.74810584
37,1,176.1,78.2,16.7,96.0,151,45.5,15.7,57,218.0,25.21668777
31,0,167.4,74.3,37.7,82.0,142,21.6,26.0,23,120.0,26.51416206
33,1,167.6,65.3,11.6,72.0,132,58.1,20.5,58,265.0,23.24690563
25,1,164.8,67.0,16.8,84.0,130,43.0,1.1,56,187.0,24.66950231
60,0,152.6,52.2,27.9,81.0,125,17.5,4.3,25,131.0,22.41617125
23,0,166.1,51.7,20.7,66.0,123,26.3,22.5,49,197.0,18.73921
40,1,177.3,75.3,18.1,88.0,138,42.9,14.4,42,208.0,23.9539702
46,1,171.0,73.6,19.5,85.0,136,46.6,14.4,43,206.0,25.17013782
59,0,155.1,57.3,40.4,73.0,155,19.4,16.21,0,116.0,23.81941145
64,1,168.0,73.0,20.5,84.0,127,41.8,12.6,27,190.0,25.86451247
32,1,189.1,117.4,37.1,91.0,131,48.3,-3.0,25,179.0,32.83107016
22,1,175.1,75.3,29.4,79.0,133,36.2,-0.3,24,202.0,24.55967888
21,0,160.0,53.1,31.4,94.0,127,23.3,20.8,35,173.0,20.7421875
33,0,157.9,53.2,22.7,45.0,97,21.5,20.0,47,171.0,21.33768857
56,0,151.3,50.0,32.4,75.0,122,21.4,19.5,16,140.0,21.8419872
24,1,171.3,60.6,17.6,61.0,120,31.9,-7.7,33,220.0,20.65179942
34,1,171.2,88.5,27.4,81.0,149,51.1,7.4,51,210.0,30.19504979
21,1,175.6,77.0,15.0,56.0,121,45.5,4.6,35,218.0,24.97133161
27,0,166.7,47.9,24.9,56.0,115,21.8,19.0,20,151.0,17.23710447
25,1,171.1,78.9,18.4,67.0,137,46.0,14.2,47,217.0,26.95113032
24,1,174.7,72.1,16.5,79.0,132,46.0,15.8,42,217.0,23.62378355
24,0,165.2,53.7,28.9,68.0,105,21.8,23.3,45,163.0,19.67678769
38,1,180.2,74.0,17.5,72.0,131,45.5,10.9,40,213.0,22.78883618
24,1,177.6,78.9,24.8,84.0,115,40.1,16.6,46,255.0,25.01445702
44,0,160.0,62.4,27.6,77.0,125,24.9,12.6,40,161.0,24.375
33,1,178.8,83.3,21.9,75.0,110,47.9,0.0,40,225.0,26.05613361
30,1,169.4,62.4,13.6,103.0,154,33.5,16.5,54,197.0,21.74491817
50,1,171.5,71.8,23.3,97.0,148,44.5,15.6,33,203.0,24.41159721
26,1,162.6,81.1,33.1,77.0,116,41.1,10.7,53,194.0,30.67466099
44,0,165.7,57.1,21.3,91.0,119,21.7,30.3,50,187.0,20.79654027
42,1,168.9,69.9,23.2,81.0,158,48.7,15.8,33,225.0,24.50292195
49,1,175.9,74.4,19.3,85.0,132,40.5,10.1,42,218.0,24.04591218
32,0,166.2,70.8,39.5,61.0,109,24.9,5.8,7,158.0,25.63133452
60,1,173.3,74.0,26.1,87.0,156,42.6,7.8,32,198.0,24.63965339
21,0,160.3,48.7,26.7,70.0,107,27.3,18.8,32,175.0,18.95229975
37,1,173.4,70.0,22.5,97.0,137,46.1,6.8,39,228.0,23.28090474
43,0,166.7,55.9,28.5,81.0,119,28.3,20.4,19,181.0,20.11595281
56,1,168.8,66.4,23.8,91.0,143,34.3,20.2,35,186.0,23.30360953
30,1,182.5,77.0,24.3,83.0,125,40.8,0.3,41,204.0,23.11878401
43,1,169.1,66.5,18.7,68.0,116,46.9,10.4,51,209.0,23.25596848
34,1,166.5,50.6,5.8,88.0,124,37.6,10.5,35,232.0,18.25248672
23,1,169.9,69.4,16.4,61.0,132,37.4,8.2,42,201.0,24.04211736
25,1,170.1,59.6,21.2,86.0,156,39.6,5.0,44,205.0,20.5985966
62,0,161.9,61.6,31.4,82.0,132,24.4,20.5,15,98.0,23.50103637
21,1,170.2,62.0,13.8,65.0,131,35.9,16.4,65,245.0,21.40289781
24,1,176.0,67.2,10.8,81.0,120,47.7,17.2,55,242.0,21.69421488
25,0,163.4,54.9,26.3,84.0,123,30.8,11.5,25,177.0,20.5621366
26,0,162.0,49.6,21.5,81.0,127,26.1,20.4,21,166.0,18.89955799
24,1,187.9,80.8,9.5,72.0,141,56.2,24.9,58,230.0,22.88536274
60,1,168.5,79.6,24.3,88.0,143,40.7,15.7,40,170.0,28.03581963
27,0,152.3,55.5,37.5,81.0,126,16.6,16.1,37,113.0,23.92727144
29,1,174.3,84.12,26.5,94.0,145,32.3,-4.4,42,156.0,27.68882266
34,0,164.2,56.9,26.7,67.0,105,25.9,28.8,31,156.0,21.10405747
38,0,163.1,63.0,40.7,74.0,116,25.1,1.7,20,139.0,23.6827771
47,0,158.0,47.0,22.7,60.0,117,17.1,20.0,25,144.0,18.82711104
56,0,150.1,67.2,39.9,97.0,140,23.7,12.6,25,125.0,29.82688423
60,1,165.0,57.9,25.3,87.0,144,37.9,18.7,49,197.0,21.26721763
62,1,153.4,56.5,29.6,89.0,153,31.6,12.9,26,160.0,24.01030786
57,0,158.7,59.66,36.9,77.0,104,26.2,17.5,20,119.0,23.68805461
44,1,177.6,80.7,19.0,77.0,111,43.0,19.5,48,235.0,25.58512905
41,0,158.4,54.8,24.7,70.0,119,24.9,18.6,40,159.0,21.84088358
46,1,172.8,67.5,24.1,89.0,137,37.1,19.7,37,213.0,22.60561343
26,0,165.5,63.7,26.9,89.0,140,31.8,16.5,43,191.0,23.25645074
60,0,154.4,61.9,44.2,99.0,147,25.6,11.0,8,119.0,25.96546216
24,1,171.8,71.7,19.8,60.0,129,38.4,8.4,63,227.0,24.29253498
25,0,159.6,64.3,29.4,92.0,123,33.8,21.5,50,188.0,25.24324596
56,1,168.2,53.5,12.7,60.0,110,33.1,13.3,34,197.0,18.91044719
33,1,171.1,68.7,21.6,84.0,147,48.5,11.6,47,217.0,23.46695378
23,0,161.2,55.46,28.9,70.0,101,20.5,6.3,12,148.0,21.34272115
28,1,172.0,68.8,19.4,88.0,115,47.9,20.2,58,259.0,23.25581395
56,0,165.5,58.9,16.1,75.0,123,26.9,34.8,22,163.0,21.50400234
24,1,172.1,74.7,24.1,69.0,114,45.7,11.1,53,244.0,25.22080017
48,0,161.2,50.0,30.9,60.0,100,20.8,5.0,15,104.0,19.2415445
21,0,171.8,70.8,28.2,66.0,150,32.2,23.0,47,189.0,23.98760776
28,1,178.5,81.4,26.7,83.0,144,54.4,22.9,50,229.0,25.54747389
27,0,169.8,64.4,24.4,72.0,112,30.1,22.3,19,141.0,22.33626202
25,1,173.8,72.8,25.0,96.0,145,48.2,12.2,52,213.0,24.10082088
59,1,166.3,77.1,27.9,77.0,117,27.5,14.5,15,162.0,27.8785306
29,1,164.3,57.2,7.4,64.0,104,41.7,15.0,69,228.0,21.18950941
57,0,148.0,54.0,33.6,78.0,135,27.4,18.8,16,137.0,24.65303141
21,1,169.5,76.1,16.0,75.0,116,52.5,20.9,55,260.0,26.48776116
64,0,157.4,52.3,23.8,79.0,117,22.4,22.4,31,143.0,21.11019441
28,1,177.5,69.4,14.5,92.0,149,53.9,21.3,51,234.0,22.02737552
42,1,162.3,67.3,18.0,64.0,130,48.5,15.2,52,219.0,25.54924227
59,0,150.9,55.8,35.6,84.0,128,21.6,19.2,7,117.0,24.50505713
43,1,172.0,69.4,21.0,77.0,127,42.7,17.0,48,221.0,23.45862628
24,0,166.6,51.3,19.43861,72.0,118,26.9,19.2,42,184.0,18.48278327
63,1,159.5,52.0,13.1,72.0,125,34.4,26.5,52,189.0,20.44005071
26,0,161.2,47.0,18.5,74.0,124,24.5,25.4,42,168.0,18.08705183
27,0,168.8,83.4,36.2,81.0,133,37.6,23.1,45,183.0,29.26989511
61,0,155.7,49.6,25.2,64.0,131,19.7,23.0,16,120.0,20.4599445
23,0,154.9,61.24,34.2,65.0,114,24.1,23.7,44,145.0,25.52303679
26,0,158.8,44.5,22.3,81.0,113,24.3,20.0,24,147.0,17.64651765
21,0,169.5,62.2,30.6,83.0,122,37.9,27.8,50,179.0,21.64965498
46,0,163.0,63.8,34.6,64.0,120,17.2,-4.0,0,110.0,24.01294742
23,0,160.3,46.8,25.6,80.0,123,16.0,12.7,17,126.0,18.21288764
53,0,162.5,63.18,32.7,87.0,148,27.6,11.4,12,133.0,23.92615385
58,1,167.5,65.5,17.8,83.0,158,43.6,9.7,34,180.0,23.34595678
29,0,165.0,50.5,21.0,76.0,122,34.3,31.3,40,200.0,18.54912764
30,1,191.8,91.0,15.5,79.0,131,53.7,16.4,53,248.0,24.7368381
23,1,168.7,62.8,9.643515,92.0,133,40.8,16.5,58,257.0,22.06629798
21,1,173.0,66.2,16.7,78.0,133,48.2,25.2,57,235.0,22.119015
24,0,163.2,55.7,28.5,82.0,137,25.0,2.6,30,161.0,20.91293012
23,1,171.5,92.2,33.4,88.0,107,46.9,21.8,30,222.0,31.34748277
63,1,164.9,61.3,22.2,79.0,140,32.1,7.3,42,178.0,22.54338683
25,1,178.1,80.6,18.5,90.0,153,45.4,22.6,57,261.0,25.41014849
21,0,163.4,55.92,30.9,85.0,116,28.3,31.5,43,186.0,20.94416537
24,0,154.1,42.1,22.2,88.0,128,20.7,23.4,41,179.0,17.72869703
63,0,152.7,50.0,21.2,87.0,153,31.4,21.6,17,135.0,21.44331524
22,0,164.0,57.0,19.7,66.0,113,29.9,21.4,48,156.0,21.19274242
25,1,162.9,60.3,27.4,69.0,108,35.1,9.5,38,195.0,22.72349576
64,1,163.3,61.0,24.0,54.0,130,35.7,17.5,31,180.0,22.87480842
37,1,169.3,73.84,27.7,83.0,149,38.9,15.6,45,183.0,25.76189298
60,1,160.8,53.8,19.8,92.0,133,24.4,5.0,42,150.0,20.80703448
21,1,168.4,74.88,15.5,81.0,154,45.8,20.9,53,244.0,26.40472577
31,1,168.0,64.1,23.1,83.0,138,36.3,13.9,35,225.0,22.7111678
30,0,168.6,56.2,23.3,89.0,139,28.2,13.8,49,174.0,19.77066034
35,0,162.3,74.7,33.9,96.0,148,30.1,16.7,26,193.0,28.35852003
54,1,173.4,86.9,22.8,90.0,152,51.7,16.7,49,190.0,28.90158031
21,0,158.5,51.9,18.0,87.0,139,20.3,13.8,61,214.0,20.6589776
39,0,163.2,57.6,32.9,81.0,119,19.3,14.1,10,138.0,21.62629758
49,0,162.2,56.0,25.0,85.0,133,31.9,18.2,30,180.0,21.28562111
43,1,180.7,80.1,21.6,80.0,130,42.9,-0.7,50,214.0,24.53105414
55,0,154.6,58.9,41.3,80.0,130,23.1,18.5,27,115.0,24.64315539
31,1,171.2,64.1,21.9,85.0,142,44.6,4.9,55,223.0,21.87008691
39,1,177.5,77.0,22.1,82.0,134,51.2,17.3,46,239.0,24.43959532
59,1,161.5,53.9,18.3,76.0,126,42.1,13.1,34,181.0,20.66539505
23,1,170.8,61.4,17.1,65.0,129,37.3,10.5,51,198.0,21.04711812
21,1,178.8,78.9,18.0,63.0,130,41.2,11.9,58,222.0,24.67981923
27,1,171.0,63.5,14.7,96.0,144,35.6,2.7,47,229.0,21.71608358
45,1,176.0,79.2,27.8,98.0,143,36.8,2.2,28,212.0,25.56818182
26,1,174.2,64.8,12.9,62.0,113,55.7,5.7,45,222.0,21.35397375
23,1,169.7,67.0,17.1,69.0,111,41.0,9.6,58,210.0,23.26543184
23,1,170.8,74.1,20.0,65.0,116,46.0,21.2,48,255.0,25.40051226
26,1,172.8,65.3,17.0,96.0,159,51.9,10.4,48,218.0,21.86883788
41,1,174.6,76.6,19.9,75.0,123,45.9,17.0,45,224.0,25.12697982
37,1,184.8,89.4,16.1,76.0,158,64.5,24.3,58,241.0,26.1778265
46,0,164.0,59.14,31.1,76.0,118,22.1,13.1,20,155.0,21.98839976
61,1,168.7,69.5,29.3,80.0,133,31.8,8.9,32,166.0,24.42050493
21,0,159.1,57.4,24.2,79.0,121,30.5,21.2,51,179.0,22.6762655
36,1,165.6,64.0,28.1,83.0,142,34.1,0.3,35,168.0,23.33776751
33,1,177.3,75.4,12.3,85.0,144,57.5,14.6,62,241.0,23.98578158
64,1,159.3,56.5,19.8,82.0,154,34.2,-1.4,16,144.0,22.26470249
62,1,161.6,62.2,19.6,87.0,145,37.8,15.3,33,179.0,23.81813058
23,1,171.0,85.0,23.3,97.0,150,51.2,8.2,42,241.0,29.0687733
24,0,165.0,67.8,32.0,81.0,121,28.1,27.0,46,152.0,24.90358127
40,1,175.9,81.7,23.7,82.0,138,41.2,14.3,46,180.0,26.40525571
21,1,177.6,85.8,21.4,79.0,142,43.5,20.8,43,248.0,27.20203311
30,0,167.2,61.0,34.3,69.0,97,29.0,20.5,41,170.0,21.82012774
58,1,174.1,71.96,25.7,75.0,136,43.0,-5.4,15,118.0,23.74070505
26,1,163.5,65.7,21.5,89.0,148,48.0,17.4,60,219.0,24.5770558
50,0,152.4,61.1,35.8,59.0,101,24.8,15.1,0,83.0,26.30699706
54,1,174.1,64.3,13.0,78.0,114,42.7,6.6,27,172.0,21.21355384
29,1,173.4,76.0,21.8,85.0,137,50.3,13.5,55,230.0,25.27641086
56,1,161.5,58.8,19.0,93.0,157,41.6,18.1,53,211.0,22.54406733
33,1,170.6,67.8,18.2,71.0,102,53.0,23.0,53,239.0,23.29547875
22,0,162.0,57.4,30.9,56.0,120,18.8,18.6,36,128.0,21.8716659
55,1,169.6,71.8,18.5,80.0,124,42.8,16.0,26,210.0,24.9616189
28,1,171.0,74.6,25.2,83.0,143,42.4,8.0,52,213.0,25.51212339
54,1,168.2,73.4,29.6,85.0,155,35.3,8.2,33,174.0,25.94442661
26,1,183.0,71.1,15.4,69.0,109,40.3,18.7,54,222.0,21.23085192
31,1,171.3,65.4,23.0,79.0,139,39.9,9.4,38,195.0,22.28758551
37,0,167.2,57.6,21.1,77.0,121,28.1,26.0,21,170.0,20.6039239
35,1,181.2,77.5,14.8,64.0,123,49.0,9.1,49,203.0,23.60398423
48,1,175.6,73.1,17.9,83.0,142,45.0,21.1,45,220.0,23.70654988
40,1,177.5,86.6,24.8,90.0,142,51.6,16.1,43,237.0,27.4866098
31,0,161.1,52.2,25.9,57.0,107,26.4,19.0,36,164.0,20.11311896
28,1,175.9,80.8,25.0,81.0,120,46.7,16.3,44,239.0,26.11437774
22,1,171.4,72.0,10.2,72.0,138,44.9,23.6,66,233.0,24.50816871
32,1,170.8,72.2,24.1,80.0,127,47.4,16.6,60,205.0,24.74921707
25,1,171.4,74.5,16.6,84.0,130,43.3,15.3,42,140.0,25.35914679
25,0,163.0,47.5,26.9,83.0,132,24.5,18.2,43,132.0,17.87797809
53,0,159.2,57.2,26.3,70.0,119,20.7,20.6,24,132.0,22.56887452
38,1,164.8,60.3,21.9,73.0,119,37.7,7.7,30,196.0,22.20255208
39,1,175.7,72.2,23.2,84.0,127,42.2,14.9,51,235.0,23.38803174
27,1,181.4,88.74,26.1,75.0,131,40.9,11.0,56,195.0,26.96775903
27,1,165.0,64.3,25.4,75.0,123,49.0,16.1,55,218.0,23.61799816
51,0,161.0,66.0,30.4,94.0,147,23.3,14.0,22,165.0,25.46198063
60,1,166.6,68.1,21.2,77.0,128,36.0,19.9,38,170.0,24.53562457
28,1,173.8,67.7,17.1,70.0,127,43.5,27.1,45,217.0,22.4124392
21,1,173.0,65.7,16.0,80.0,120,43.3,18.5,50,248.0,21.95195296
42,0,163.2,54.3,25.5,73.0,102,31.9,24.2,35,164.0,20.38729095
33,1,174.7,76.0,19.7,83.0,123,49.9,5.2,48,214.0,24.90163037
64,0,156.7,60.2,35.9,90.0,151,25.7,16.5,7,118.0,24.5165016
25,0,157.8,58.5,21.6,52.0,99,27.6,27.3,47,167.0,23.49318336
31,0,158.9,56.7,22.0,83.0,119,24.7,20.2,52,174.0,22.45614813
27,1,158.0,49.7,25.9,83.0,116,23.7,8.0,43,147.0,19.90866848
28,1,175.3,85.2,21.0,76.0,129,47.9,7.6,60,240.0,27.72526862
47,1,169.6,70.2,22.1,84.0,141,38.0,21.1,38,218.0,24.40537113
28,1,187.0,98.54,24.2,81.0,135,49.4,15.2,54,184.0,28.17924447
40,1,168.8,68.8,20.3,81.0,120,48.0,11.4,47,220.0,24.14590867
21,1,175.7,71.8,12.8,61.0,118,46.6,25.0,62,262.0,23.25845816
39,1,177.0,74.3,25.6,72.0,121,43.8,10.2,44,211.0,23.71604584
60,1,170.2,65.4,16.5,90.0,133,34.3,15.9,33,192.0,22.57660511
58,0,160.2,57.2,42.5,68.0,106,22.2,14.5,12,103.0,22.28799519
29,1,170.6,69.4,19.0,61.0,134,52.6,9.0,43,223.0,23.84522456
30,0,166.0,59.0,25.1,73.0,114,24.2,18.7,42,186.0,21.41094498
37,1,176.0,81.3,20.6,96.0,149,46.0,25.1,64,236.0,26.24612603
24,1,174.1,74.5,16.5,84.0,136,52.0,16.7,58,218.0,24.57868991
38,0,162.6,59.6,25.7,77.0,126,30.3,20.0,36,164.0,22.54266085
23,0,161.9,57.1,23.8,74.0,119,28.6,18.9,40,195.0,21.78423988
34,1,174.0,73.7,21.2,73.0,140,39.3,11.3,51,191.0,24.3427137
53,1,172.3,71.8,17.0,90.0,135,48.7,24.9,43,211.0,24.18543424
50,0,159.8,57.1,24.4,63.0,103,30.8,24.4,30,143.0,22.36055395
38,1,168.9,75.7,14.4,83.0,140,53.1,21.3,64,251.0,26.53606855
47,0,157.7,59.6,31.4,61.0,118,31.0,16.9,36,175.0,23.96530018
22,0,157.5,56.7,33.3,78.0,123,25.6,20.1,48,163.0,22.85714286
25,1,181.7,88.7,22.3,89.0,149,44.3,14.7,53,223.0,26.86666531
49,1,163.8,67.1,23.6,69.0,106,37.0,11.4,35,200.0,25.00890779
45,1,174.0,71.2,13.3,92.0,136,46.2,13.9,43,210.0,23.51697714
27,0,163.6,54.9,29.3,99.0,144,28.9,29.6,30,177.0,20.51189316
21,1,160.9,63.5,20.9,73.0,135,36.4,-8.9,35,183.0,24.52797174
52,0,160.1,55.4,26.2,74.0,131,24.4,24.3,24,125.0,21.61359956
34,1,179.8,79.9,19.7,71.0,126,50.1,10.6,51,255.0,24.7153864
29,1,184.6,82.6,23.3,77.0,132,34.0,-8.1,36,196.0,24.23910913
25,1,171.2,65.1,11.8,67.0,127,45.1,22.2,54,239.0,22.21127391
25,1,176.6,71.1,12.9,84.0,138,58.6,11.0,34,224.0,22.79755133
50,1,174.7,65.9,17.6,86.0,147,32.9,17.6,38,212.0,21.59233475
52,0,155.3,56.0,22.33,77.0,130,34.6,23.3,39,154.0,23.21908576
22,1,168.7,83.1,32.0,90.0,131,44.5,6.1,48,162.0,29.19919367
26,0,160.8,66.12,39.4,76.0,126,19.0,16.7,17,132.0,25.57176803
28,1,181.3,82.0,17.2,84.0,122,58.6,14.9,55,265.0,24.94699524
64,0,153.4,47.4,30.9,79.0,125,21.0,23.3,18,127.0,20.14316093
64,1,167.4,61.5,24.1,84.0,139,35.0,6.2,18,165.0,21.94644639
22,1,179.6,66.3,11.1,81.0,134,41.7,16.8,61,233.0,20.55421352
31,0,161.8,53.6,26.2,80.0,138,24.3,14.7,46,183.0,20.47423837
44,1,169.2,80.8,30.9,91.0,147,45.3,12.4,43,185.0,28.22348529
26,0,158.0,47.9,27.4,79.0,117,25.3,4.5,35,144.0,19.18763019
60,1,172.1,70.5,20.2,78.0,126,45.0,16.5,39,181.0,23.80276321
40,1,167.9,68.2,18.7,80.0,137,37.2,13.8,53,212.0,24.19262437
25,0,165.8,55.4,34.5,71.0,101,28.1,20.6,19,152.0,20.15304675
27,1,179.0,72.52,11.4,85.0,132,50.9,15.9,53,252.0,22.63350083
23,1,178.0,69.9,14.4,59.0,109,33.8,12.5,58,245.0,22.06160838
36,1,176.8,106.6,36.8,90.0,144,49.3,13.9,25,160.0,34.10300772
28,1,178.5,70.8,26.1,70.0,121,40.8,7.4,51,230.0,22.22065297
25,1,168.5,74.1,23.0,79.0,120,45.4,16.2,50,204.0,26.09867129
62,0,154.0,63.1,38.8,68.0,124,22.3,3.9,0,70.0,26.60651037
22,1,182.9,82.7,17.0,67.0,123,50.9,23.9,59,238.0,24.72168672
27,0,164.0,51.0,20.4,75.0,122,25.3,19.4,36,163.0,18.96192742
21,0,165.2,59.1,30.2,64.0,101,24.7,18.1,35,156.0,21.65545908
41,1,170.7,70.6,14.1,80.0,139,41.6,24.6,47,237.0,24.229121
24,1,180.0,88.8,20.3,76.0,129,46.8,20.7,54,230.0,27.40740741
21,1,180.1,76.9,17.6,75.0,154,48.6,9.1,50,223.0,23.70821812
29,1,180.1,83.8,18.2,85.0,138,51.9,12.2,55,222.0,25.83548346
24,0,169.5,58.8,22.3,88.0,137,30.6,22.9,38,182.0,20.46623333
55,1,166.8,59.5,24.9,81.0,133,34.7,9.9,28,166.0,21.38576908
22,0,162.3,51.0,25.0,80.0,118,25.0,22.9,33,160.0,19.36123857
25,1,174.7,59.3,12.0,69.0,113,38.4,3.4,43,219.0,19.42982475
43,1,173.3,64.76,14.4,78.0,154,60.1,20.0,48,238.0,21.5630264
23,1,169.4,60.3,11.0,67.0,126,40.4,18.0,61,285.0,21.01311804
39,1,175.5,88.1,31.0,97.0,159,50.1,27.3,37,194.0,28.60366393
35,1,171.6,94.7,36.8,97.0,145,34.0,-7.6,22,171.0,32.15995349
24,0,168.1,55.1,27.2,70.0,115,26.1,22.5,28,157.0,19.49917208
24,1,173.8,78.5,17.3,63.0,113,50.7,2.8,54,180.0,25.98783571
23,1,178.3,87.2,27.1,82.0,140,38.3,7.4,37,220.0,27.42924152
51,1,174.5,92.2,34.0,96.0,139,42.3,-4.4,32,157.0,30.27889755
45,0,156.5,56.8,30.4,59.0,110,20.4,16.2,25,158.0,23.1910094
21,0,168.8,63.38,24.3,68.0,109,30.2,27.5,37,186.0,22.24371645
47,0,166.7,55.7,17.1,95.0,145,25.5,24.0,35,180.0,20.04398161
38,1,181.3,71.2,5.8,71.0,106,46.6,17.2,40,240.0,21.66129343
27,0,164.2,55.1,20.2,68.0,112,30.3,28.3,30,162.0,20.43644229
22,0,153.8,53.6,30.0,61.0,118,25.9,27.1,54,172.0,22.65959372
24,1,176.5,82.3,13.8,99.0,144,60.8,28.3,50,240.0,26.4186375
23,1,175.7,74.8,15.3,66.0,122,38.9,21.1,57,246.0,24.23026003
49,0,153.9,49.4,35.5,84.0,145,23.2,10.9,21,120.0,20.85689762
43,0,155.7,72.04,39.6,88.0,148,28.5,6.8,0,146.0,29.71641939
32,1,173.5,79.5,33.7,90.0,153,49.2,16.7,42,222.0,26.40998596
22,1,168.0,55.1,6.2,90.0,131,39.8,27.4,60,230.0,19.52239229
51,0,161.6,55.6,21.1,89.0,142,21.8,20.1,43,167.0,21.29080482
23,1,172.4,80.3,22.2,90.0,151,53.5,17.1,60,213.0,27.01724259
23,1,170.3,76.92,23.0,98.0,151,43.8,9.5,55,236.0,26.5222265
22,1,180.3,91.7,32.1,75.0,134,28.6,-6.9,36,210.0,28.2083629
30,1,174.0,77.0,13.9,84.0,122,50.0,21.2,50,229.0,25.43268596
64,0,160.9,58.6,27.1,96.0,158,26.2,22.5,23,126.0,22.63526211
33,1,177.5,68.0,16.9,83.0,117,43.5,12.1,52,195.0,21.58301924
24,1,183.1,73.9,17.0,70.0,131,50.9,18.9,43,241.0,22.04285023
56,1,171.1,62.6,14.0,78.0,136,46.8,27.2,45,217.0,21.38327957
60,1,165.0,71.7,29.0,73.0,136,41.2,21.6,34,178.0,26.33608815
21,1,171.7,65.2,18.4,70.0,135,37.9,23.1,51,237.0,22.1160216
63,1,172.9,68.2,23.2,83.0,131,38.3,7.6,32,184.0,22.81362971
56,1,176.8,70.9,23.6,92.0,135,43.6,10.5,34,190.0,22.68201921
31,1,177.7,106.4,36.8,93.0,147,49.7,-10.0,43,201.0,33.69510176
39,0,152.3,57.6,34.6,82.0,126,25.4,6.3,12,150.0,24.83262766
23,1,170.5,56.14,14.1,65.0,113,38.0,15.6,56,217.0,19.31183942
21,1,173.9,72.4,22.4,80.0,136,46.3,10.7,42,184.0,23.94084099
24,0,171.7,57.7,21.5,91.0,139,30.6,12.2,40,194.0,19.57200071
41,1,170.1,60.6,14.4,96.0,142,38.6,13.7,43,222.0,20.94421064
45,0,156.2,68.1,34.4,90.0,144,28.7,16.9,28,169.0,27.91162058
28,1,176.2,88.5,28.4,71.0,127,51.9,10.1,47,212.0,28.50568374
61,0,160.7,58.4,25.3,86.0,142,28.7,23.9,19,133.0,22.61419296
32,1,168.5,73.6,23.4,64.0,120,38.9,7.6,56,200.0,25.9225669
47,0,157.2,55.1,31.6,83.0,132,27.5,12.0,33,171.0,22.29700419
54,1,162.9,73.4,23.6,98.0,159,49.0,12.0,28,188.0,27.66010926
47,1,173.1,73.5,22.2,84.0,136,30.7,5.8,16,180.0,24.52975459
50,1,183.6,83.9,21.0,92.0,151,59.4,21.5,46,227.0,24.88952492
21,1,180.4,94.9,30.9,80.0,140,40.9,7.5,36,163.0,29.16037778
22,1,176.8,73.4,22.1,85.0,142,38.7,0.1,27,168.0,23.48180832
37,0,161.6,52.7,22.6,76.0,115,23.9,23.6,31,173.0,20.1803132
24,0,159.2,55.9,28.2,73.0,123,27.1,26.4,48,188.0,22.05594556
24,0,161.9,56.1,20.9,73.0,112,28.8,24.5,56,204.0,21.40272955
21,1,174.4,64.6,17.7,59.0,121,41.3,21.3,48,256.0,21.23926858
34,1,170.7,53.7,11.6,89.0,139,36.9,18.1,48,199.0,18.42923226
39,1,173.4,82.5,22.7,81.0,125,52.4,9.4,59,228.0,27.43820915
60,1,177.6,69.3,28.3,81.0,159,38.8,11.3,29,146.0,21.9708729
39,1,183.0,72.0,7.7,79.0,145,38.1,18.7,46,219.0,21.49959688
26,1,178.0,70.5,11.9,80.0,120,57.5,26.2,65,250.0,22.25097841
22,1,178.7,76.4,13.1,93.0,140,50.4,20.4,53,230.0,23.92457621
59,0,155.3,48.7,26.1,71.0,123,17.0,17.6,0,107.0,20.19231208
53,1,164.9,60.3,9.7,66.0,109,34.0,18.4,35,194.0,22.17563174
37,0,159.4,53.8,19.9,65.0,110,26.7,21.1,22,142.0,21.17413324
25,0,154.8,56.78,30.4,97.0,113,22.4,18.8,35,172.0,23.69482336
63,1,165.9,65.8,21.8,73.0,120,31.1,12.8,35,186.0,23.90744259
21,1,181.0,71.8,8.3,82.0,136,45.3,14.6,60,220.0,21.91630292
21,0,165.6,68.0,35.8,82.0,127,21.2,10.1,33,154.0,24.79637798
32,1,166.6,68.1,17.4,86.0,156,41.9,13.9,38,203.0,24.53562457
33,1,177.6,78.7,19.8,78.0,131,46.2,13.1,47,213.0,24.95104902
31,1,169.8,69.52,14.1,84.0,137,47.6,24.7,58,225.0,24.11206422
21,1,171.4,84.3,24.5,86.0,130,41.8,12.1,52,223.0,28.69498086
37,1,181.2,86.0,23.0,83.0,137,52.8,21.3,44,222.0,26.19280831
22,1,175.5,64.5,14.4,81.0,111,39.4,19.1,45,237.0,20.94138846
43,1,175.2,76.1,7.6,74.0,117,47.0,2.4,50,191.0,24.79227914
43,1,176.6,59.6,9.3,87.0,137,43.6,20.6,41,229.0,19.11018368
44,1,180.8,78.4,21.7,90.0,138,36.0,9.7,32,183.0,23.98386718
48,0,159.8,62.96,36.4,96.0,154,26.5,10.4,24,124.0,24.65534985
49,0,161.2,60.3,28.0,68.0,117,33.5,15.0,36,164.0,23.20530266
22,1,170.7,60.3,20.0,74.0,129,29.3,18.7,56,212.0,20.69427757
61,1,174.4,80.8,26.1,79.0,147,42.1,8.3,30,199.0,26.56552479
21,1,171.7,83.8,17.9,55.0,132,41.8,3.3,63,217.0,28.4251934
24,0,162.4,50.92,20.0,79.0,129,30.5,20.2,46,201.0,19.30706884
25,1,175.4,73.7,17.3,84.0,142,47.2,7.0,56,233.0,23.95566934
56,0,153.5,46.3,20.0,63.0,123,24.1,17.1,28,145.0,19.65007586
23,0,156.0,51.7,23.7,72.0,118,24.6,20.0,46,157.0,21.24424721
21,1,187.9,114.8,24.5,74.0,132,49.5,9.1,41,182.0,32.51534211
21,1,180.9,77.7,16.1,92.0,153,43.6,9.1,43,215.0,23.74345336
31,1,173.3,77.4,20.2,78.0,131,49.9,19.5,52,223.0,25.77174558
43,1,173.0,69.0,16.1,96.0,131,41.6,9.5,45,199.0,23.05456246
25,0,160.0,57.3,27.6,60.0,100,29.3,19.8,44,178.0,22.3828125
58,1,174.9,79.2,20.8,98.0,141,53.0,11.5,53,212.0,25.89080553
48,1,173.6,72.3,16.5,82.0,141,51.4,20.4,56,240.0,23.99047548
23,0,156.0,57.2,32.7,67.0,110,25.7,32.1,20,169.0,23.5042735
28,1,170.6,74.9,21.8,71.0,140,37.5,16.3,59,237.0,25.73497579
31,1,172.0,73.4,21.6,88.0,144,49.6,5.3,49,224.0,24.81070849
35,1,164.0,69.1,16.2,88.0,153,47.2,27.1,50,251.0,25.69155265
30,0,154.4,48.9,27.2,69.0,105,21.0,20.6,23,135.0,20.51229563
47,0,169.3,61.6,25.3,60.0,101,26.3,18.5,32,135.0,21.49150336
39,0,154.0,53.88,26.1,73.0,126,19.5,17.6,27,134.0,22.7188396
52,1,170.6,69.5,15.0,65.0,101,28.4,12.3,30,170.0,23.87958368
29,0,154.2,49.3,30.7,73.0,130,20.0,17.3,44,154.0,20.733765
50,1,177.8,86.3,26.3,85.0,136,54.1,11.3,27,205.0,27.29903419
21,1,170.4,107.9,42.1,85.0,136,49.5,5.9,37,200.0,37.16056118
42,0,160.5,63.3,33.4,85.0,119,28.1,23.7,28,186.0,24.57274289
28,1,163.0,67.9,23.3,86.0,140,38.1,0.9,61,180.0,25.55609921
28,1,179.0,80.6,10.7,85.0,149,49.6,17.7,57,247.0,25.15526981
50,0,159.3,60.4,30.2,81.0,117,22.0,21.4,21,142.0,23.80155806
64,1,167.7,73.8,29.7,81.0,136,39.5,6.4,30,185.0,26.24159549
21,0,171.5,52.5,22.7,74.0,120,32.8,20.7,41,185.0,17.84970548
27,1,170.4,59.3,11.4,86.0,129,46.6,14.6,53,211.0,20.42281073
25,0,163.2,54.4,26.8,85.0,119,27.7,24.8,36,164.0,20.4248366
40,1,178.7,91.5,27.8,84.0,137,50.5,10.8,39,195.0,28.65312465
29,1,189.8,87.9,13.5,93.0,149,49.6,20.4,55,235.0,24.40037264
25,0,156.1,49.7,18.1,67.0,118,31.7,20.4,35,152.0,20.39626203
27,0,164.7,68.1,38.6,91.0,123,28.4,13.8,42,140.0,25.10498196
33,0,163.5,50.1,20.9,64.0,112,30.3,23.5,33,154.0,18.74140785
31,0,156.7,55.5,23.5,73.0,130,28.9,22.5,45,156.0,22.60242257
56,1,160.2,62.7,30.2,85.0,140,35.4,9.5,27,184.0,24.43107165
21,0,165.9,69.2,37.8,84.0,127,25.2,22.2,39,163.0,25.14278157
22,1,174.6,92.2,20.9,98.0,159,49.5,10.5,59,245.0,30.24422375
42,1,176.9,69.5,20.0,77.0,123,37.3,13.0,41,188.0,22.20900689
23,1,175.1,82.7,18.7,74.0,142,56.8,11.1,58,217.0,26.97324626
31,1,183.8,84.9,22.9,90.0,123,57.7,15.5,50,221.0,25.13139963
34,1,170.6,75.5,16.5,58.0,119,53.2,18.6,49,232.0,25.94113047
21,1,164.7,76.0,23.2,67.0,123,57.4,17.3,59,232.0,28.01730732
48,1,166.1,68.1,21.6,71.0,126,43.2,19.1,39,208.0,24.68356289
49,0,155.2,75.1,44.3,67.0,128,25.4,25.1,5,125.0,31.17859231
31,0,160.7,54.3,27.9,83.0,118,30.3,25.5,33,157.0,21.0265527
37,0,161.7,58.3,31.6,86.0,137,22.7,16.0,27,172.0,22.29710685
30,0,165.4,57.7,24.8,73.0,135,30.0,25.9,45,188.0,21.0913706
21,0,160.4,53.8,27.5,60.0,108,25.1,21.7,41,184.0,20.91093961
40,1,167.6,71.0,22.1,75.0,134,43.4,7.0,35,182.0,25.27611485
54,0,150.7,54.0,33.0,80.0,131,24.6,13.1,27,123.0,23.7775583
39,1,179.1,81.1,13.5,87.0,138,51.5,15.4,49,241.0,25.28306275
33,1,178.6,74.5,13.5,85.0,151,52.7,14.2,34,225.0,23.35572557
41,1,169.1,78.4,23.1,90.0,140,47.1,6.4,44,177.0,27.41756284
29,0,155.6,57.7,34.7,80.0,141,19.5,16.4,12,129.0,23.83178805
28,1,173.9,72.0,16.9,82.0,143,46.6,21.8,45,229.0,23.80857115
23,1,165.7,62.7,23.2,70.0,123,37.7,25.5,35,237.0,22.83613091
23,0,172.4,86.9,40.5,61.0,111,29.2,8.4,30,152.0,29.23783787
63,0,159.1,64.0,38.9,97.0,149,30.8,22.0,0,117.0,25.28364097
37,1,170.0,73.1,14.9,79.0,144,55.1,14.8,66,249.0,25.29411765
64,1,165.1,67.8,24.2,99.0,152,34.7,17.1,19,196.0,24.87342253
21,0,160.6,62.9,33.9,80.0,122,24.4,13.9,44,180.0,24.38706656
62,0,156.5,61.3,40.2,87.0,136,27.5,18.5,11,119.0,25.02832529
30,1,180.3,78.8,16.5,85.0,141,45.1,10.0,48,240.0,24.24011992
24,1,182.0,85.8,25.0,81.0,123,50.3,-11.9,52,212.0,25.90266876
51,0,152.8,70.1,37.4,79.0,127,23.2,21.4,11,118.0,30.02419067
22,1,179.9,81.1,18.4,86.0,132,52.1,10.8,49,237.0,25.05869946
52,0,161.3,56.0,28.4,83.0,149,27.0,14.9,21,131.0,21.52381706
46,0,157.4,50.8,24.0,60.0,94,22.3,19.4,26,124.0,20.5047395
30,0,159.6,49.24,22.0,81.0,118,24.8,23.9,36,162.0,19.33090873
36,1,178.1,74.7,22.2,78.0,133,38.6,8.4,37,217.0,23.5501004
27,1,176.8,72.2,16.3,91.0,149,45.9,18.4,64,244.0,23.09790954
27,0,148.8,41.3,27.5,68.0,108,18.2,20.5,24,153.0,18.65280668
39,0,161.4,48.16,22.4,98.0,153,27.9,19.2,46,161.0,18.48755238
34,0,166.7,60.4,28.7,73.0,119,25.7,26.1,30,134.0,21.73530501
24,0,166.8,65.8,28.8,94.0,143,33.9,22.6,52,162.0,23.65014463
26,0,166.5,61.48,30.2,97.0,124,19.2,30.8,39,140.0,22.17713209
29,0,161.0,52.6,26.6,72.0,116,31.7,13.9,45,178.0,20.29242699
64,0,149.0,65.3,32.7,77.0,142,20.5,8.0,12,92.0,29.4130895
25,1,180.9,91.2,23.4,76.0,117,53.8,21.3,55,259.0,27.86876379
28,0,165.0,76.5,21.7,56.0,107,39.6,23.0,39,185.0,28.09917355
21,0,169.1,65.1,35.3,61.0,104,28.3,21.9,40,196.0,22.76636914
26,1,170.1,67.1,16.4,68.0,113,35.2,15.4,51,225.0,23.19070188
44,1,170.4,71.0,19.7,79.0,141,51.0,11.0,50,225.0,24.45226917
38,1,170.8,78.3,34.3,91.0,150,43.5,16.9,42,192.0,26.84021741
54,1,169.7,66.6,18.6,75.0,147,47.2,21.7,43,213.0,23.12653374
38,0,167.2,74.9,35.0,61.0,120,29.4,22.4,28,134.0,26.79225521
28,1,180.0,84.5,19.3,75.0,135,60.7,24.8,58,263.0,26.08024691
54,1,171.5,78.2,24.0,80.0,120,42.8,8.5,33,193.0,26.58756131
21,1,182.4,60.0,15.0,91.0,150,35.1,15.9,40,204.0,18.0343952
23,1,169.6,62.4,11.8,78.0,130,38.0,19.4,45,246.0,21.69366323
55,1,179.7,74.6,20.5,84.0,144,47.6,3.8,36,216.0,23.10163263
35,1,173.7,68.5,23.2,87.0,142,43.5,13.5,43,195.0,22.70340177
55,1,162.5,66.4,28.1,89.0,134,38.9,12.0,40,188.0,25.14556213
49,0,158.2,53.1,31.6,77.0,125,24.8,24.4,38,175.0,21.21688209
36,1,178.2,76.7,15.2,93.0,149,53.5,16.5,63,150.0,24.15349404
50,1,173.1,75.98,26.9,84.0,153,43.1,13.7,33,169.0,25.35742522
63,1,168.8,63.2,13.9,92.0,156,38.3,13.2,34,193.0,22.18054401
23,1,183.3,79.4,19.8,79.0,136,48.9,23.0,48,199.0,23.63173307
54,1,171.8,65.6,19.7,97.0,131,35.4,14.8,32,189.0,22.22580606
22,0,157.3,49.7,23.7,65.0,111,24.5,17.5,31,161.0,20.08625369
58,1,174.6,92.3,25.3,89.0,146,43.4,11.8,29,185.0,30.27702659
43,0,163.8,59.1,26.1,69.0,115,30.7,27.0,32,160.0,22.02721983
64,0,156.3,55.5,32.3,67.0,107,21.8,22.9,36,137.0,22.71825799
49,0,165.7,55.3,27.8,75.0,133,26.5,23.1,28,152.0,20.14095757
39,1,176.0,93.1,32.0,91.0,146,44.6,4.0,0,135.0,30.05552686
60,1,167.2,72.1,27.3,99.0,143,39.0,7.1,44,170.0,25.79067558
25,1,185.0,88.1,18.0,66.0,123,42.7,5.3,45,222.0,25.74141709
31,0,162.7,53.58,29.3,78.0,142,32.8,24.2,47,180.0,20.24079673
34,1,167.4,70.56,26.7,95.0,145,33.7,10.6,37,181.0,25.17953264
47,0,160.0,59.6,32.4,88.0,147,21.4,15.5,26,155.0,23.28125
31,0,165.1,73.8,36.0,76.0,117,35.2,21.2,34,170.0,27.07461036
27,1,176.9,76.6,13.5,81.0,137,53.5,32.0,56,262.0,24.47784068
60,1,164.9,67.56,25.0,80.0,120,39.0,4.5,24,174.0,24.84553367
30,1,178.4,84.9,23.4,88.0,140,45.2,16.7,42,192.0,26.67583301
21,1,176.2,86.72,30.3,92.0,157,35.5,-4.5,41,185.0,27.93234909
42,1,185.3,89.6,20.2,74.0,148,51.3,19.2,45,210.0,26.09499218
55,0,156.4,54.3,27.5,74.0,100,32.1,19.5,43,154.0,22.19863816
55,1,170.0,79.9,30.0,85.0,141,29.0,21.1,30,172.0,27.64705882
64,0,155.0,50.0,26.3,62.0,104,21.9,20.3,20,142.0,20.81165453
38,1,166.2,62.7,18.8,75.0,139,50.6,19.7,62,228.0,22.69893608
27,1,184.6,78.1,9.6,66.0,110,48.4,11.0,48,263.0,22.91857655
21,1,169.9,64.8,12.1,90.0,141,42.9,16.8,74,260.0,22.44854762
53,1,175.5,81.0,30.3,93.0,145,39.9,12.0,21,180.0,26.29848784
35,1,177.3,72.4,12.8,72.0,129,40.6,13.0,58,236.0,23.03144014
42,1,179.8,80.0,19.1,86.0,137,47.8,22.2,51,239.0,24.74631929
21,0,164.9,57.1,33.3,69.0,108,32.7,18.9,27,117.0,20.99881546
30,0,170.3,61.2,17.6,61.0,113,36.2,24.1,50,181.0,21.10192748
31,1,186.7,82.9,21.3,84.0,132,41.4,6.0,44,185.0,23.78295941
55,1,164.3,56.8,18.4,79.0,117,34.1,9.7,41,201.0,21.04133103
23,1,166.6,69.8,17.8,71.0,136,45.3,13.7,57,242.0,25.14811447
53,0,159.0,61.1,31.7,68.0,104,29.5,23.7,22,130.0,24.16834777
26,1,165.7,58.9,17.4,69.0,121,41.6,11.7,57,211.0,21.45212298
44,1,177.4,69.9,9.5,74.0,130,42.4,-15.0,39,222.0,22.21109373
46,0,158.0,52.3,26.5,81.0,120,28.6,19.3,32,158.0,20.95016824
24,0,160.1,51.0,23.8,71.0,117,24.0,26.6,57,183.0,19.89699598
57,0,154.4,55.5,34.2,83.0,127,27.9,16.5,16,113.0,23.28082633
22,1,169.2,70.2,17.5,99.0,143,43.9,25.6,61,254.0,24.52089935
21,1,173.2,65.2,18.0,67.0,124,35.2,12.3,50,208.0,21.73460843
60,1,172.2,80.0,19.6,83.0,158,43.2,16.1,30,180.0,26.97886611
22,1,182.5,80.04,17.9,63.0,123,46.6,13.0,37,230.0,24.03152561
45,1,165.9,70.3,22.1,84.0,143,49.9,19.4,58,230.0,25.54245006
24,0,174.5,62.8,26.3,84.0,130,27.6,24.7,35,176.0,20.6238044
28,1,167.9,62.1,14.0,62.0,110,45.3,19.0,55,238.0,22.02876794
26,1,182.9,77.32,14.2,80.0,120,49.2,18.5,57,227.0,23.11343189
40,1,172.6,64.4,19.1,93.0,145,40.6,19.1,50,220.0,21.61744111
29,0,158.0,48.86,35.1,48.0,92,17.4,-10.9,40,118.0,19.57218394
64,0,153.0,52.3,31.9,70.0,140,22.1,28.4,18,125.0,22.34183434
51,1,181.9,96.9,20.4,96.0,150,56.1,12.0,30,204.0,29.28588677
26,1,177.5,83.5,24.3,71.0,130,33.4,0.0,46,197.0,26.50267804
30,1,169.6,75.9,19.7,73.0,130,47.8,17.5,51,217.0,26.38700383
24,1,173.9,64.0,15.2,79.0,121,42.0,22.0,55,252.0,21.16317436
32,1,174.2,74.3,23.8,84.0,118,51.0,16.5,51,215.0,24.48457175
60,1,180.0,84.1,27.3,88.0,124,45.2,19.8,28,161.0,25.95679012
37,1,175.2,66.7,19.6,59.0,99,39.6,7.6,44,194.0,21.72989512
21,1,183.0,80.1,17.6,72.0,138,44.7,21.0,52,238.0,23.91830153
46,1,171.7,74.5,25.9,94.0,154,35.4,12.8,31,195.0,25.2706075
21,1,174.6,65.0,15.1,64.0,127,41.7,15.9,57,227.0,21.32184971
23,0,157.1,57.7,33.7,67.0,106,29.0,33.0,33,153.0,23.37886607
44,1,172.3,69.3,22.9,75.0,130,39.7,15.4,39,221.0,23.34332302
22,0,164.6,66.4,32.7,62.0,103,25.8,21.2,48,179.0,24.50803081
28,0,162.8,70.8,33.1,78.0,106,34.7,17.5,27,174.0,26.71311025
43,0,168.1,54.5,20.3,99.0,143,24.4,21.0,32,120.0,19.2868399
30,0,162.7,51.1,23.9,79.0,136,27.7,21.2,33,181.0,19.30393268
61,0,161.2,59.2,22.8,92.0,140,33.4,26.2,37,178.0,22.78198868
28,0,168.6,60.2,24.5,77.0,131,30.0,18.9,32,159.0,21.17782478
25,0,159.0,58.5,27.0,77.0,118,32.5,31.5,57,200.0,23.13990744
25,1,173.4,67.6,28.3,77.0,117,33.2,6.4,25,195.0,22.48270229
54,1,166.0,62.5,12.1,79.0,139,45.6,18.2,48,234.0,22.68108579
27,1,175.4,78.4,18.04355,89.0,132,46.3,27.1,56,245.0,25.48337145
60,0,155.2,48.9,26.8,71.0,120,20.6,27.9,36,150.0,20.30137368
46,1,172.9,73.4,19.1,83.0,130,30.5,-1.1,18,211.0,24.55308534
25,1,174.4,77.0,12.5,41.0,97,54.0,18.9,57,252.0,25.31615605
43,0,165.6,60.4,27.1,80.0,124,28.7,21.4,29,166.0,22.02501809
23,1,185.1,75.4,13.6,77.0,137,52.7,19.4,66,238.0,22.00688167
44,0,162.2,60.3,20.2,85.0,141,31.5,31.2,38,188.0,22.92005273
43,0,171.3,67.0,32.7,63.0,109,25.9,17.0,25,150.0,22.83284754
23,0,161.5,59.2,30.0,81.0,126,28.9,22.9,48,183.0,22.69742833
28,1,169.0,70.7,14.5,84.0,140,61.9,14.4,56,246.0,24.75403522
28,1,174.7,82.7,25.4,98.0,140,53.1,16.7,60,237.0,27.09690568
25,1,168.8,71.2,19.4,89.0,133,33.9,9.5,47,210.0,24.98820781
29,1,169.5,76.2,20.1,95.0,159,46.3,21.3,61,225.0,26.52256768
21,1,167.5,56.2,9.7,81.0,120,45.0,17.2,65,270.0,20.03118735
34,1,169.0,80.2,20.2,92.0,148,47.6,27.0,55,237.0,28.08024929
39,1,170.5,77.2,27.1,81.0,138,46.8,13.5,46,222.0,26.55635916
22,1,176.5,69.88,17.0,79.0,159,43.2,16.9,50,220.0,22.43176657
25,0,158.8,74.1,36.0,60.0,121,34.1,27.6,56,189.0,29.38442602
48,1,169.8,75.4,14.7,94.0,149,51.4,24.7,55,246.0,26.15146205
30,1,177.8,82.3,19.5,74.0,143,42.0,14.5,49,225.0,26.03372554
21,0,169.2,55.4,23.6,67.0,115,27.3,20.5,45,181.0,19.35125105
55,1,167.3,78.0,27.8,78.0,136,42.5,8.2,30,148.0,27.86780229
28,1,175.5,86.8,34.4,91.0,148,44.2,9.0,56,167.0,28.18158944
36,1,176.7,88.0,28.6,83.0,131,44.5,11.1,52,166.0,28.18445057
63,1,159.8,53.6,20.8,58.0,133,31.0,10.2,28,182.0,20.98994206
62,1,164.6,56.4,12.1,77.0,137,35.9,14.0,37,187.0,20.81706231
23,0,162.5,51.1,28.5,78.0,118,19.3,28.8,44,188.0,19.35147929
37,1,181.0,76.1,14.8,68.0,127,47.1,15.3,40,217.0,23.22883917
64,0,158.6,52.7,28.9,57.0,114,21.1,25.5,21,126.0,20.95097551
27,0,159.3,50.9,28.3,58.0,124,27.0,6.5,41,118.0,20.05793551
53,0,143.6,53.9,32.7,76.0,120,17.1,16.8,1,86.0,26.1384533
40,1,179.8,75.3,14.9,66.0,112,44.2,29.4,54,235.0,23.29247304
37,1,173.3,68.8,22.3,79.0,135,49.2,15.5,57,249.0,22.90821829
22,1,171.1,77.5,13.5,77.0,111,56.6,9.2,54,230.0,26.47291001
22,0,166.1,61.0,20.6,74.0,129,33.0,30.7,44,209.0,22.11009304
26,0,158.1,62.8,39.8,60.0,86,18.9,18.0,25,139.0,25.12441185
33,0,161.0,54.3,27.3,68.0,112,34.6,27.6,50,167.0,20.94826588
22,1,172.0,61.5,13.2,78.0,126,43.8,13.9,53,234.0,20.78826393
26,1,177.4,78.3,14.0,74.0,115,53.3,15.3,63,234.0,24.88023804
36,1,174.2,80.4,22.2,78.0,121,41.6,17.6,38,217.0,26.49474521
24,1,179.6,76.82,16.4,90.0,145,51.9,20.6,56,246.0,23.81560607
22,0,157.8,57.9,30.7,72.0,118,28.0,25.6,47,203.0,23.25222764
23,1,168.1,84.8,34.0,92.0,143,36.7,-7.9,41,183.0,30.00961511
22,1,177.1,62.1,14.4,60.0,125,33.3,13.8,48,228.0,19.79951161
62,1,171.9,70.2,15.8,87.0,155,41.8,19.4,30,196.0,23.75665872
60,0,156.2,60.7,36.2,97.0,151,23.5,20.7,10,109.0,24.87863978
44,1,179.4,92.7,29.8,81.0,139,44.5,15.6,33,208.0,28.80280981
31,1,171.5,61.0,16.8,76.0,130,33.3,21.0,51,218.0,20.7396578
24,0,161.5,54.0,23.0,72.0,121,26.8,23.7,47,198.0,20.7037353
23,1,167.4,57.5,14.2,94.0,148,39.7,17.1,58,231.0,20.51903524
22,0,160.3,49.5,27.2,92.0,132,19.9,27.4,38,144.0,19.26363116
26,1,179.5,95.0,30.5,83.0,130,45.7,11.8,33,207.0,29.48456328
38,0,160.8,53.5,22.1,79.0,128,25.9,27.6,30,164.0,20.69101012
27,1,167.6,61.5,20.5,100.0,138,38.5,12.7,57,206.0,21.89409949
49,0,155.9,57.0,23.3,67.0,104,25.1,17.5,25,110.0,23.45214795
24,0,177.3,63.3,25.3,83.0,149,26.8,22.8,36,176.0,20.13660443
57,0,159.4,56.2,26.6,62.0,112,23.1,11.7,0,90.0,22.11870424
21,1,178.0,69.8,12.2,65.0,117,45.2,9.3,64,271.0,22.03004671
45,1,175.1,71.7,19.7,82.0,129,46.6,14.8,41,206.0,23.38551096
26,1,175.6,71.1,20.7,74.0,116,41.2,7.9,41,195.0,23.05794387
63,0,150.0,53.0,34.9,55.0,126,21.3,3.9,22,130.0,23.55555556
48,0,158.1,62.3,34.0,95.0,149,27.0,26.5,40,163.0,24.92437672
57,1,170.5,73.0,22.0,97.0,152,45.6,8.5,40,198.0,25.11158315
22,0,157.9,55.6,31.1,69.0,132,25.4,20.1,54,175.0,22.30029107
61,0,161.1,62.8,37.0,86.0,136,22.3,18.7,18,123.0,24.19739215
21,0,165.7,65.3,33.0,98.0,145,28.8,27.2,37,187.0,23.78308371
26,1,178.4,84.8,34.2,86.0,152,38.2,15.4,61,190.0,26.64441272
30,1,174.3,73.7,20.4,89.0,150,57.8,16.4,51,226.0,24.2589899
28,0,154.3,45.0,29.3,75.0,124,21.3,18.5,26,146.0,18.90082067
46,1,175.6,69.0,19.7,88.0,123,49.1,15.7,45,214.0,22.37690755
40,0,165.0,53.1,16.7,62.0,108,30.0,22.8,53,181.0,19.50413223
28,0,164.2,54.7,15.7,75.0,99,33.1,20.2,45,163.0,20.28808337
21,1,171.1,83.0,25.8,96.0,146,42.5,7.3,48,227.0,28.35163266
31,1,175.0,76.4,22.6,97.0,151,49.5,19.3,57,221.0,24.94693878
61,0,158.0,50.0,30.0,90.0,130,24.0,14.0,18,120.0,20.02884153
45,1,174.7,90.3,26.1,79.0,126,35.7,-10.7,33,201.0,29.58706871
26,0,161.9,53.9,20.7,68.0,110,30.3,26.0,40,173.0,20.56340683
61,0,159.0,61.0,34.5,74.0,124,23.4,-1.5,19,134.0,24.12879237
54,0,152.2,56.5,35.2,76.0,126,17.7,12.7,8,105.0,24.39041237
24,1,175.7,66.4,9.8,61.0,122,48.9,12.9,46,205.0,21.50921479
22,1,179.4,78.6,16.5,86.0,155,56.2,18.2,56,245.0,24.42179991
26,0,164.3,55.6,24.5,64.0,113,26.3,13.4,28,166.0,20.59679586
28,1,171.0,74.8,19.1,75.0,132,48.4,19.5,56,230.0,25.5805205
28,1,168.5,67.3,17.6,68.0,131,37.3,7.8,45,190.0,23.70365152
25,1,170.8,71.4,25.7,67.0,129,42.6,14.8,49,231.0,24.47498752
53,0,151.9,54.7,34.3,70.0,116,23.2,26.4,22,155.0,23.70673683
22,0,159.1,48.9,27.4,64.0,114,22.3,19.1,50,172.0,19.31828193
30,1,184.0,84.6,15.8,74.0,131,55.1,19.5,48,245.0,24.98818526
23,0,163.6,64.0,33.0,81.0,134,28.5,18.5,47,180.0,23.91186088
21,1,169.5,76.0,27.8,71.0,120,41.4,3.6,57,211.0,26.45295464
35,1,168.6,70.8,17.4,87.0,158,46.2,18.3,51,227.0,24.90681054
59,0,157.2,55.8,30.1,91.0,143,31.1,25.6,8,137.0,22.58026922
53,0,151.9,59.6,39.2,80.0,139,24.8,19.4,19,136.0,25.83037505
36,0,164.8,58.8,25.8,63.0,114,27.2,19.3,30,162.0,21.65024979
27,1,174.2,84.3,30.8,83.0,131,46.3,0.4,55,184.0,27.77993807
25,0,157.2,43.5,22.8,70.0,109,21.0,15.9,30,145.0,17.60289804
23,0,165.5,48.62,19.9,83.0,127,29.6,22.0,44,176.0,17.750842
31,1,174.6,61.2,12.1,77.0,137,36.4,20.9,55,219.0,20.07534158
52,1,167.8,69.5,20.5,89.0,147,43.1,19.0,35,197.0,24.68316757
48,1,166.9,69.5,26.8,95.0,148,40.0,11.9,43,189.0,24.95009084
21,0,155.3,62.5,28.6,89.0,133,35.5,22.1,56,220.0,25.91415821
46,1,171.5,72.2,19.5,72.0,117,48.8,12.0,49,209.0,24.54759496
30,1,168.6,80.3,20.6,80.0,145,62.6,25.1,62,265.0,28.24882607
60,1,163.0,74.6,27.09044,91.0,158,37.5,18.8,26,202.0,28.07783507
36,1,181.2,72.3,17.0,94.0,157,41.4,10.3,53,215.0,22.02023303
51,1,171.3,74.1,21.1,86.0,140,46.1,7.7,45,211.0,25.2524478
25,1,178.7,63.8,15.2,74.0,122,29.7,1.5,33,214.0,19.97890003
43,0,168.3,69.3,31.9,88.0,139,32.1,20.2,33,164.0,24.46611443
27,0,167.0,55.6,24.1,70.0,105,28.4,26.4,43,173.0,19.93617555
38,1,171.7,77.0,26.9,84.0,138,45.9,7.5,27,201.0,26.11861447
61,0,153.3,52.3,37.0,69.0,113,15.8,16.8,10,118.0,22.25447632
21,1,179.7,73.6,32.7,67.0,159,34.9,11.1,40,227.0,22.79195927
28,1,179.4,67.4,19.5,76.0,128,42.9,8.6,48,219.0,20.94184877
39,1,180.1,73.8,28.1,80.0,133,47.9,9.5,37,198.0,22.75249021
31,1,167.0,71.1,20.0,81.0,140,46.9,14.6,53,228.0,25.49392233
29,1,169.3,76.8,20.8,80.0,120,52.6,21.2,40,212.0,26.79460159
31,1,167.5,70.4,18.3,71.0,125,46.4,18.8,55,243.0,25.09244821
26,1,170.3,72.3,14.8,78.0,130,55.9,3.6,43,229.0,24.92923786
25,0,155.0,54.4,22.6,78.0,117,28.6,22.7,42,171.0,22.64308012
28,1,173.2,72.6,15.3,88.0,139,39.2,15.7,55,233.0,24.20141982
37,1,165.8,72.8,17.3,92.0,155,41.3,15.7,53,224.0,26.48270403
36,0,160.3,62.16,32.2,80.0,120,29.8,19.8,26,166.0,24.19045077
32,1,175.2,82.1,18.8,87.0,132,54.9,21.5,50,250.0,26.74699235
36,1,173.9,89.2,25.8,77.0,120,51.2,16.0,40,206.0,29.49617426
48,1,171.1,73.2,21.3,75.0,132,38.9,18.6,48,221.0,25.00409049
36,1,172.7,70.1,17.2,75.0,128,36.5,9.3,42,231.0,23.50354347
62,1,172.0,69.1,19.8,72.0,118,39.4,5.2,22,188.0,23.35722012
24,1,177.9,83.8,18.4,80.0,143,47.7,18.8,54,226.0,26.4784234
53,0,165.5,55.3,23.5,64.0,102,29.0,10.0,50,182.0,20.18966603
50,0,161.0,58.2,24.7,96.0,149,29.9,22.4,40,157.0,22.45283747
22,1,185.2,71.7,8.3,89.0,147,45.0,11.7,58,234.0,20.90437517
21,1,175.0,64.1,14.8,70.0,120,39.7,24.7,61,240.0,20.93061224
41,1,179.7,72.2,18.6,97.0,145,46.8,14.9,45,245.0,22.35841657
30,1,178.7,83.6,16.8,65.0,127,47.0,15.9,54,246.0,26.17924831
25,0,159.1,55.3,23.2,79.0,136,27.5,22.0,45,173.0,21.84664603
57,1,158.0,58.4,22.2,65.0,118,39.9,23.3,41,187.0,23.39368691
57,0,160.8,59.6,33.9,66.0,116,24.8,6.4,12,141.0,23.05017203
33,1,173.3,76.2,18.4,76.0,126,39.8,12.5,47,231.0,25.37218363
36,1,174.1,68.2,15.8,97.0,157,43.7,20.3,48,219.0,22.50022352
45,1,167.4,82.9,33.4,87.0,145,39.3,2.8,17,185.0,29.58309603
21,1,173.6,69.12,16.1,89.0,127,48.8,10.1,50,221.0,22.93529274
59,0,161.4,53.2,29.0,82.0,144,24.3,21.4,24,122.0,20.42229623
58,1,172.9,82.5,26.2,81.0,159,45.8,3.2,15,170.0,27.59713271
21,0,161.8,50.3,25.4,76.0,116,24.6,23.9,43,180.0,19.21369757
45,1,174.0,80.8,21.5,75.0,123,51.4,9.1,41,200.0,26.68780552
22,0,163.0,51.5,23.7,82.0,139,28.0,28.0,34,164.0,19.38349204
53,1,167.0,61.4,17.8,89.0,154,30.2,21.0,43,210.0,22.01584854
63,1,172.9,69.5,25.9,85.0,144,39.6,17.2,38,208.0,23.24849361
29,1,179.2,76.9,16.6,88.0,154,51.1,24.3,58,271.0,23.94695671
23,0,164.4,64.3,27.7,72.0,130,29.0,23.4,43,199.0,23.7907069
23,0,168.5,59.6,15.7,97.0,140,38.2,24.4,55,171.0,20.99164385
47,1,175.5,79.8,31.1,99.0,146,39.5,-1.0,40,171.0,25.90888061
29,1,169.0,78.6,28.1,80.0,120,50.4,20.9,66,215.0,27.52004482
37,1,173.9,78.2,17.8,92.0,148,58.2,11.9,46,211.0,25.85875367
59,0,162.0,65.3,37.6,74.0,133,24.7,16.5,11,125.0,24.88187776
23,1,164.2,68.5,25.2,73.0,123,40.7,9.2,46,215.0,25.40646637
21,1,172.5,66.4,12.5,82.0,130,51.2,6.3,46,178.0,22.31463978
24,0,157.0,52.6,24.4,74.0,115,21.9,20.3,43,174.0,21.3396081
21,0,162.5,59.8,31.3,81.0,131,26.5,21.9,40,195.0,22.64615385
23,1,173.0,70.1,9.9,68.0,122,41.4,11.0,53,247.0,23.42209897
21,0,165.1,55.0,17.5,91.0,140,24.0,20.2,51,203.0,20.17755515
37,1,169.7,68.4,21.0,99.0,141,38.3,7.4,55,197.0,23.75157519
37,1,170.2,70.5,27.6,74.0,139,34.8,18.9,43,240.0,24.33716606
22,0,160.3,58.84,33.7,74.0,112,27.1,4.7,44,152.0,22.8984254
24,0,154.6,51.8,26.9,66.0,121,25.6,24.0,46,150.0,21.67258828
56,0,152.3,61.3,25.8,51.0,123,25.4,24.5,16,122.0,26.42777909
24,1,173.0,65.3,9.5,64.0,103,46.7,24.2,58,254.0,21.81830332
33,1,169.3,71.1,20.0,79.0,136,45.8,17.2,52,223.0,24.80593975
51,1,164.6,62.1,21.9,96.0,157,37.0,20.5,51,215.0,22.92091436
62,0,151.2,55.9,37.9,72.0,142,19.4,18.4,21,99.0,24.45165309
43,1,167.8,68.24,21.1,82.0,118,39.5,12.5,31,214.0,24.23567417
36,1,167.0,63.1,19.4,80.0,124,37.9,9.5,49,207.0,22.62540787
23,1,179.2,86.2,22.7,44.0,102,48.5,17.5,56,205.0,26.8430126
45,0,162.7,54.4,27.0,97.0,128,26.0,18.7,35,160.0,20.55056629
22,1,174.5,73.2,17.1,74.0,122,60.3,7.6,53,204.0,24.0392115
59,0,160.2,61.7,35.2,86.0,140,26.9,20.8,9,114.0,24.04142138
26,0,157.8,57.1,37.9,84.0,127,28.1,20.0,48,155.0,22.93095333
34,0,155.4,54.0,30.7,92.0,131,23.6,26.6,22,148.0,22.36102622
47,0,161.6,55.0,31.2,78.0,126,22.6,-1.4,10,130.0,21.06104794
24,1,175.8,69.3,21.2,76.0,133,50.4,15.6,51,222.0,22.42309171
26,1,178.8,78.1,10.3,87.0,139,31.3,21.8,61,264.0,24.42958025
21,0,162.1,49.6,21.2,65.0,114,21.3,28.2,38,166.0,18.87624679
29,1,171.0,72.5,17.5,64.0,122,45.3,18.0,55,254.0,24.7939537
40,1,179.4,84.1,17.1,89.0,152,41.6,4.7,52,234.0,26.13070448
21,0,167.8,57.4,26.3,63.0,109,27.5,21.8,51,186.0,20.38581034
22,1,174.0,80.2,16.3,98.0,146,47.7,26.6,61,237.0,26.48962875
21,1,175.1,63.9,22.2,81.0,102,31.7,10.0,51,195.0,20.84148048
22,1,169.0,78.9,25.4,65.0,108,37.1,14.4,52,215.0,27.62508316
23,0,157.1,48.6,32.8,83.0,124,27.1,20.4,43,162.0,19.69173122
24,0,164.7,62.4,38.5,64.0,107,22.2,20.0,22,150.0,23.00368391
35,1,172.2,66.2,8.1,65.0,135,41.3,23.2,55,246.0,22.3250117
52,0,156.8,58.8,32.1,55.0,113,23.5,25.4,29,171.0,23.91581633
53,0,171.8,65.2,25.3,83.0,124,31.3,30.0,51,152.0,22.09028285
27,0,159.5,68.8,35.4,74.0,118,32.9,18.9,51,168.0,27.0437594
57,0,155.7,74.2,42.4,87.0,142,22.4,12.2,0,100.0,30.60741698
52,0,156.9,58.68,37.3,96.0,152,20.4,19.2,26,115.0,23.83659502
23,0,163.8,52.7,31.3,72.0,111,27.8,26.0,27,156.0,19.64186946
21,1,185.3,93.4,26.2,89.0,130,48.3,18.5,64,202.0,27.20169944
35,1,166.9,75.8,33.0,95.0,156,41.2,15.7,37,208.0,27.21175375
28,0,157.1,52.5,28.3,74.0,127,25.0,21.6,42,165.0,21.27193187
59,0,154.1,59.92,34.6,74.0,127,20.1,21.4,16,103.0,25.23286286
63,1,171.2,70.9,17.1,90.0,136,44.9,12.5,44,203.0,24.19015853
21,1,165.2,62.9,22.6,89.0,130,35.6,23.2,58,230.0,23.04785747
64,0,158.0,62.3,32.8,94.0,148,22.4,21.2,7,121.0,24.95593655
29,1,176.2,74.9,20.9,85.0,128,38.6,15.0,47,223.0,24.12514929
40,1,173.0,84.2,35.3,96.0,146,44.5,9.7,19,178.0,28.13324869
39,1,181.7,94.0,27.6,75.0,134,55.4,6.4,26,217.0,28.47200157
21,1,173.9,62.3,8.3,69.0,131,40.0,13.6,52,253.0,20.60102754
63,1,169.1,62.7,18.7,80.0,141,42.3,14.2,34,178.0,21.92705599
53,1,173.1,73.5,21.9,87.0,144,41.7,5.5,39,198.0,24.52975459
56,0,155.1,46.4,30.2,82.0,149,24.9,24.3,11,121.0,19.28831922
62,0,163.0,57.0,30.0,91.0,160,25.2,22.5,20,108.0,21.45357371
22,1,174.9,65.2,12.9,71.0,133,46.0,16.5,62,234.0,21.31414798
38,1,171.1,68.3,19.8,92.0,136,35.1,10.0,41,222.0,23.33031941
21,1,186.8,79.1,12.3,79.0,135,50.4,-1.5,45,235.0,22.66849772
23,1,172.5,70.0,19.4,94.0,133,34.0,9.6,53,187.0,23.52446965
24,1,177.4,70.5,12.4,75.0,156,44.5,22.6,59,219.0,22.40174689
44,0,165.8,62.0,24.6,60.0,105,28.3,14.8,21,142.0,22.55395123
22,0,149.8,50.8,33.8,69.0,126,20.5,19.9,25,133.0,22.63810581
32,1,176.2,81.6,21.0,79.0,130,53.3,14.9,69,232.0,26.28320671
26,1,178.7,64.7,25.9,81.0,144,38.7,3.0,30,132.0,20.26073404
46,0,161.7,57.1,24.9,78.0,124,29.0,11.9,35,163.0,21.83816125
39,1,169.9,62.7,19.9,67.0,130,39.0,24.8,57,192.0,21.72104839
21,0,156.1,52.7,23.2,78.0,118,26.7,15.3,47,182.0,21.62742472
56,1,166.8,64.0,21.4,75.0,132,50.7,13.0,36,197.0,23.00318019
61,0,156.3,58.3,35.6,67.0,142,21.5,26.6,23,132.0,23.86440434
36,1,170.0,63.6,12.0,96.0,127,45.2,16.6,62,233.0,22.00692042
22,1,179.3,75.1,16.7,76.0,130,52.0,6.3,53,182.0,23.36035067
23,0,168.8,59.3,18.7,82.0,106,30.1,24.2,39,216.0,20.81180791
49,0,153.1,53.8,26.7,94.0,159,33.0,13.2,32,144.0,22.95260032
49,1,172.1,80.6,17.2,89.0,129,49.7,15.7,51,233.0,27.21280447
61,0,158.5,60.5,34.3,84.0,122,25.7,21.0,30,150.0,24.08223786
24,1,173.0,67.6,16.8,79.0,129,43.9,17.1,60,248.0,22.58678873
29,1,172.6,65.3,10.3,82.0,125,43.5,21.0,56,230.0,21.91954821
22,0,168.1,101.1,44.6,96.0,148,41.5,14.2,28,171.0,35.77797273
22,0,169.3,53.4,23.8,79.0,128,28.2,22.5,47,168.0,18.63062141
39,0,161.8,62.1,23.6,78.0,121,24.7,29.0,35,154.0,23.72108587
36,0,155.4,49.9,24.17116,73.0,117,27.5,20.8,32,159.0,20.6632446
30,1,182.7,78.3,13.7,90.0,138,46.0,24.7,48,247.0,23.45765893
23,0,153.2,53.4,34.0,99.0,135,24.3,26.3,43,187.0,22.75221728
52,1,153.5,48.9,24.8,88.0,153,24.7,-7.1,31,140.0,20.75353585
36,1,177.1,80.0,19.4,77.0,123,40.8,15.0,44,237.0,25.50661721
45,1,166.0,57.6,15.5,68.0,133,36.7,12.5,38,199.0,20.90288866
42,1,166.3,71.6,23.2,82.0,135,41.9,11.5,48,197.0,25.88978977
58,0,146.5,46.4,32.9,71.0,127,18.7,17.4,20,111.0,21.61935491
50,1,177.8,69.9,19.6,79.0,133,35.8,10.3,37,205.0,22.11126871
61,1,168.9,66.5,19.1,68.0,127,31.4,11.7,45,190.0,23.31107739
49,0,162.6,56.7,25.9,63.0,109,30.4,26.3,37,159.0,21.44578641
22,0,156.9,49.2,21.1,78.0,106,24.5,29.5,40,165.0,19.98569317
28,1,181.3,73.0,17.1,76.0,121,43.8,14.5,51,234.0,22.2089104
36,1,175.5,82.9,23.2,73.0,122,52.4,7.6,48,186.0,26.91536595
28,1,171.7,77.6,14.0,85.0,132,59.1,19.7,53,257.0,26.32213614
28,0,160.9,63.6,35.2,94.0,136,27.7,22.1,52,179.0,24.56659846
23,1,167.9,66.3,23.1,73.0,151,35.2,16.2,50,219.0,23.5186363
33,0,149.5,45.6,30.8,73.0,123,26.2,29.5,35,182.0,20.40245635
36,1,167.7,64.7,18.8,71.0,117,38.3,4.8,35,210.0,23.0058432
22,0,164.1,60.8,32.4,30.0,122,29.7,-4.6,31,159.0,22.57804931
31,1,177.8,89.3,24.9,78.0,145,55.5,9.5,35,185.0,28.24801568
22,1,175.8,66.6,14.7,71.0,128,34.2,2.9,52,240.0,21.54946476
31,1,171.1,71.8,16.3,73.0,133,51.0,12.5,53,201.0,24.52587018
50,1,179.1,102.2,30.5,83.0,130,40.1,-6.5,14,162.0,31.86102359
31,1,188.4,92.4,30.3,87.0,146,50.1,17.5,45,215.0,26.03215817
21,0,165.0,53.4,22.6,79.0,119,29.7,24.8,25,136.0,19.61432507
28,0,160.0,60.0,28.0,80.0,120,30.6,20.6,39,213.0,23.4375
31,1,172.9,72.9,13.1,79.0,145,44.6,17.8,63,240.0,24.38582999
23,0,163.1,55.2,32.3,70.0,95,25.1,12.8,23,133.0,20.75062374
25,1,171.4,74.1,17.9,74.0,118,48.7,18.9,53,224.0,25.2229903
39,1,176.9,77.0,21.3,91.0,139,59.4,12.1,48,240.0,24.60566231
41,1,167.8,69.6,17.5,86.0,131,49.0,22.8,64,213.0,24.71868292
44,1,170.1,73.3,19.7,79.0,138,43.3,21.2,48,221.0,25.33350891
29,1,168.4,77.9,29.9,75.0,128,39.5,1.7,45,203.0,27.46965995
21,1,180.3,86.4,30.9,85.0,136,37.0,1.2,29,191.0,26.57799951
23,0,159.2,47.7,26.0,91.0,131,23.0,28.0,44,185.0,18.82054746
31,1,176.5,85.4,32.0,96.0,159,46.2,3.7,44,175.0,27.41375021
31,1,173.0,72.7,27.0,73.0,117,42.0,3.7,34,199.0,24.29082161
63,1,163.4,56.64,20.4,63.0,126,29.8,11.6,22,159.0,21.21383274
63,1,168.0,70.2,22.8,79.0,159,33.3,24.2,30,191.0,24.87244898
58,0,160.6,62.3,30.5,70.0,126,27.2,16.5,17,141.0,24.15443953
42,0,158.1,51.0,14.0,68.0,112,23.9,20.3,30,121.0,20.40358287
39,1,173.9,65.5,11.1,81.0,130,47.8,16.0,54,255.0,21.65918626
31,1,175.9,76.6,18.2,79.0,120,59.5,25.4,65,263.0,24.75694722
21,1,173.3,69.2,23.3,66.0,126,40.3,-11.4,41,169.0,23.04140561
38,1,173.0,71.3,15.6,91.0,136,44.5,19.4,50,230.0,23.82304788
32,0,170.8,71.5,22.9,73.0,131,28.0,21.1,47,144.0,24.50926622
24,1,170.2,67.0,18.6,93.0,131,40.9,21.7,57,204.0,23.12893796
56,0,167.0,69.2,30.9,68.0,113,27.8,20.5,22,143.0,24.81265015
36,1,182.0,83.0,22.0,87.0,134,50.0,15.9,45,210.0,25.05736022
62,1,171.0,70.1,19.1,86.0,146,35.8,10.0,49,176.0,23.97318833
62,0,155.7,61.04,41.1,69.0,111,21.3,23.2,23,133.0,25.1789317
55,1,163.1,62.1,20.6,88.0,147,36.0,12.9,31,173.0,23.34445171
57,1,173.3,67.1,13.1,84.0,146,44.8,25.2,47,215.0,22.3421722
22,0,161.3,54.3,22.2,85.0,135,23.7,31.1,37,180.0,20.87041548
42,0,160.1,66.7,37.8,86.0,135,26.3,19.3,23,150.0,26.02214965
25,1,176.8,81.5,10.3,67.0,119,51.1,18.0,65,239.0,26.07312504
29,0,160.2,58.0,30.7,72.0,122,27.7,23.1,35,183.0,22.5997154
21,0,163.2,52.2,29.7,78.0,132,26.9,12.5,54,174.0,19.59883218
49,0,156.6,56.0,24.6,95.0,139,22.4,26.1,33,135.0,22.8351838
28,0,153.1,50.4,29.3,89.0,125,23.4,22.5,36,159.0,21.50206424
40,0,162.6,54.2,31.0,75.0,116,19.1,24.2,16,141.0,20.500205
39,1,178.1,67.3,20.9,79.0,131,47.6,23.1,34,196.0,21.21715872
21,1,185.8,83.6,13.4,90.0,142,45.0,-6.2,59,232.0,24.21669422
34,0,161.9,57.3,31.7,66.0,103,21.8,24.8,37,158.0,21.86054195
22,1,171.9,54.8,17.7,72.0,115,35.0,2.3,24,183.0,18.54508401
22,0,161.0,55.9,28.2,81.0,132,27.5,27.1,45,180.0,21.56552602
43,1,166.8,75.6,28.4,79.0,132,42.4,14.6,51,198.0,27.1725066
48,0,158.0,48.0,25.6,64.0,108,21.8,20.0,23,130.0,19.22768787
21,0,158.9,50.04,22.8,74.0,147,27.9,21.0,39,185.0,19.81844184
30,1,176.9,77.9,19.6,96.0,141,40.6,13.4,53,256.0,24.89326096
32,0,173.6,63.8,22.3,83.0,128,34.4,18.2,40,175.0,21.17001848
41,1,183.8,76.8,16.9,74.0,129,50.6,11.2,40,217.0,22.73370426
35,1,175.5,74.5,20.7,68.0,125,56.6,20.9,52,225.0,24.18811536
46,1,177.8,83.0,20.0,94.0,144,46.4,13.5,41,182.0,26.25515455
32,1,168.2,62.9,18.6,97.0,134,37.8,20.7,56,226.0,22.23303044
42,1,170.8,71.56,20.5,80.0,128,47.1,-1.4,47,217.0,24.52983343
24,0,166.4,53.7,31.2,74.0,134,24.3,11.8,14,132.0,19.39401119
61,1,170.9,102.2,33.2,92.0,153,39.4,6.2,19,178.0,34.99183923
22,1,180.4,76.4,11.7,62.0,113,44.3,13.3,42,243.0,23.47579412
51,1,172.0,67.8,21.7,71.0,136,47.2,6.3,22,200.0,22.9177934
59,0,163.3,62.54,34.8,81.0,151,24.2,22.5,34,135.0,23.45230359
33,0,162.2,51.8,28.0,62.0,102,25.2,19.8,24,155.0,19.68919952
55,1,163.7,66.9,21.7,77.0,137,30.1,10.5,20,177.0,24.96483839
41,1,168.7,74.1,16.9,66.0,117,43.3,15.1,45,217.0,26.03682612
30,1,176.4,71.6,17.2,83.0,117,48.7,16.0,53,225.0,23.00995984
57,1,174.3,80.4,29.8,85.0,152,46.3,23.9,29,175.0,26.46435262
28,1,175.0,76.6,18.3,69.0,127,53.9,8.4,55,182.0,25.0122449
60,1,164.4,63.7,21.2,83.0,147,35.78,8.3,33,142.0,23.56870963
27,1,175.1,68.4,17.5,60.0,107,52.1,22.9,49,250.0,22.30919038
56,1,166.7,64.9,22.7,81.0,156,38.9,14.1,33,166.0,23.3546572
21,1,174.4,72.8,17.7,66.0,110,49.9,17.8,42,229.0,23.93527481
29,1,186.1,79.7,26.3,78.0,119,32.2,-10.5,27,117.0,23.01259398
23,0,166.5,57.5,34.1,86.0,126,25.8,18.8,42,178.0,20.74146218
29,1,186.8,83.8,14.0,83.0,147,41.9,15.5,62,227.0,24.0154249
37,1,174.9,84.0,19.4,89.0,140,47.4,19.1,73,222.0,27.45994526
62,0,156.3,60.1,36.58319,69.0,116,26.1,12.7,7,126.0,24.6012127
32,1,176.3,71.8,21.2,72.0,126,45.3,15.4,45,209.0,23.100417
32,1,170.0,75.9,34.4,78.0,124,34.1,7.3,37,211.0,26.26297578
51,0,151.6,47.0,26.4,77.0,117,19.7,19.6,21,135.0,20.45028926
57,1,159.1,60.8,20.6,89.0,140,39.2,16.2,42,199.0,24.01945892
55,0,150.3,60.7,39.8,85.0,138,24.8,19.7,20,145.0,26.87018954
43,1,168.8,75.7,20.62151,93.0,144,43.3,20.1,57,212.0,26.5675187
38,1,170.0,78.6,23.4,91.0,145,43.7,4.5,42,208.0,27.19723183
46,1,182.5,80.8,23.2,95.0,147,42.2,8.8,41,222.0,24.25971102
33,1,176.6,76.3,11.7,81.0,136,59.1,15.7,54,253.0,24.46488279
42,0,152.2,86.6,46.3,78.0,138,29.7,3.0,3,119.0,37.38424267
50,1,167.0,64.8,19.8,90.0,135,30.6,15.9,20,186.0,23.23496719
34,1,182.4,90.3,17.7,71.0,123,52.0,13.8,38,213.0,27.14176477
27,1,166.3,70.7,20.9,81.0,139,40.2,5.7,51,211.0,25.56435945
29,1,177.0,88.3,25.7,64.0,132,45.2,16.3,44,194.0,28.18474895
48,1,170.4,74.8,21.6,79.0,145,39.5,6.1,51,197.0,25.76098217
63,1,165.7,74.7,26.8,90.0,140,42.8,20.1,27,184.0,27.20668228
29,0,162.6,53.7,29.2,67.0,117,25.0,25.4,31,151.0,20.31108872
46,0,153.9,67.74,35.2,66.0,127,31.1,15.8,31,141.0,28.60012641
62,0,163.8,64.9,29.3,79.0,136,31.4,24.3,21,119.0,24.1889436
32,0,160.4,48.3,32.1,80.0,133,25.8,26.2,31,139.0,18.77320415
32,0,172.9,60.8,20.1,86.0,126,30.4,22.2,34,186.0,20.33825053
31,0,164.0,52.4,24.9,84.0,117,25.9,18.0,34,170.0,19.48245092
30,1,178.4,87.5,32.2,86.0,134,45.1,7.6,36,177.0,27.49276076
23,1,174.0,69.4,12.2,73.0,127,40.7,16.3,59,261.0,22.92244682
25,1,168.2,68.8,25.5,81.0,119,38.7,7.4,47,201.0,24.31848162
22,1,175.9,73.3,18.2,70.0,120,44.5,18.8,43,213.0,23.69039466
28,0,157.4,48.6,19.6,71.0,120,32.3,18.5,39,169.0,19.61673897
30,1,179.0,68.8,12.3,63.0,103,52.0,19.0,54,233.0,21.47248837
28,0,161.1,59.3,32.1,99.0,131,25.5,12.9,26,174.0,22.84881138
27,1,179.3,67.5,17.5,65.0,121,50.1,18.2,62,242.0,20.99632051
53,1,180.8,78.0,25.9,81.0,140,39.1,0.1,22,187.0,23.86150051
25,1,170.1,108.6,39.0,97.0,154,35.1,1.5,34,198.0,37.53368441
58,1,165.0,61.6,19.0,78.0,121,37.6,17.0,38,173.0,22.62626263
36,1,171.0,80.9,27.8,95.0,145,43.2,23.3,45,203.0,27.66663247
27,1,165.8,73.8,29.1,84.0,143,35.3,6.0,39,197.0,26.84647744
48,0,160.3,52.3,16.4,71.0,114,37.3,23.6,47,178.0,20.3532911
44,1,169.3,75.6,23.1,99.0,156,50.3,10.6,40,227.0,26.37593594
26,1,184.5,80.6,18.7,88.0,151,41.9,11.1,52,217.0,23.67785195
22,1,167.6,63.5,9.8,62.0,134,43.9,13.5,55,231.0,22.60610272
61,1,175.4,53.3,16.7,87.0,155,30.2,3.2,20,157.0,17.32479207
29,0,168.8,51.0,23.2,58.0,110,30.1,22.8,43,167.0,17.89885672
38,1,170.4,69.5,23.1,84.0,139,42.7,14.5,43,208.0,23.93567193
31,1,173.3,70.4,25.1,72.0,120,36.2,6.6,44,199.0,23.44096755
27,1,169.5,56.52,16.6,88.0,127,35.3,-0.3,38,202.0,19.67264469
62,1,166.3,63.7,23.9,80.0,123,39.7,9.6,41,178.0,23.03323475
30,1,172.6,102.7,28.3,96.0,160,57.5,11.2,48,246.0,34.47377643
23,1,169.2,57.48,8.1,95.0,141,39.3,4.3,51,242.0,20.07779622
22,1,180.2,79.6,14.2,95.0,153,43.0,25.2,50,260.0,24.51339676
28,1,176.4,86.0,9.3,83.0,140,46.6,23.4,62,239.0,27.63766126
41,1,174.7,75.2,21.2,74.0,122,52.0,22.0,46,211.0,24.63950794
38,1,173.2,94.1,33.1,87.0,154,58.1,3.0,44,170.0,31.36850695
27,0,162.5,55.8,30.4,90.0,120,28.6,20.6,35,177.0,21.13136095
25,1,178.9,71.4,14.2,62.0,117,44.8,16.0,51,243.0,22.30886784
34,0,156.8,55.0,32.4,80.0,120,19.7,20.4,26,140.0,22.37023636
24,1,184.6,82.4,21.2,78.0,120,43.5,-0.8,41,224.0,24.18041879
40,0,163.3,47.7,16.1,70.0,122,27.9,27.6,32,185.0,17.88735019
38,1,179.4,80.0,16.8,91.0,151,55.1,13.9,57,243.0,24.8567938
47,1,169.1,64.6,13.7,80.0,129,44.6,18.1,45,201.0,22.59151224
31,1,173.6,94.4,35.5,91.0,141,50.4,7.2,45,212.0,31.3236637
61,0,158.9,59.2,40.1,88.0,154,23.3,12.6,18,112.0,23.44627812
25,1,176.1,83.0,17.35555,81.0,139,53.7,20.0,61,241.0,26.76451515
30,1,172.2,79.18,28.3,80.0,122,50.8,8.4,49,197.0,26.70233273
62,0,150.2,50.9,27.9,78.0,123,20.5,23.9,22,149.0,22.56201673
29,0,157.3,45.3,23.6,68.0,109,23.9,25.2,37,196.0,18.3079938
27,0,174.4,64.4,29.1,81.0,109,34.0,21.5,45,156.0,21.17351233
29,1,182.0,77.2,19.0,78.0,134,52.9,5.3,56,234.0,23.30636397
38,1,172.7,70.0,23.9,83.0,123,38.5,12.5,35,171.0,23.47001488
35,1,185.2,81.1,12.7,70.0,129,53.5,15.0,58,246.0,23.64497665
21,1,177.3,81.4,11.8,74.0,144,43.9,5.9,51,202.0,25.89446447
34,1,177.3,79.1,12.8,74.0,130,51.4,11.2,45,197.0,25.1628027
58,1,172.5,74.2,30.5,84.0,156,35.3,17.1,31,161.0,24.93593783
56,1,167.4,72.2,18.8,84.0,153,36.6,19.9,44,217.0,25.76477121
39,0,152.9,42.2,21.5,63.0,108,19.4,12.9,30,158.0,18.05084264
28,1,178.4,83.3,11.6,80.0,141,52.0,8.7,46,229.0,26.17310825
26,0,163.6,71.3,37.2,78.0,133,20.7,22.7,15,157.0,26.63930751
58,0,164.4,60.9,33.3,78.0,134,27.1,23.8,8,109.0,22.5327224
21,1,165.3,63.5,15.1,71.0,117,49.3,18.0,59,243.0,23.23956626
27,1,168.6,67.2,23.7,77.0,123,45.0,11.6,41,223.0,23.64036254
24,1,170.0,72.5,27.3,74.0,123,57.0,5.0,53,212.0,25.08650519
61,0,155.5,53.8,30.4,77.0,155,21.5,23.4,28,136.0,22.24956318
31,1,175.0,95.7,36.6,81.0,128,52.6,6.5,42,204.0,31.24897959
54,0,162.8,56.9,28.7,70.0,120,23.5,9.7,23,116.0,21.46858719
32,0,163.0,51.6,15.6,87.0,120,39.7,26.2,40,191.0,19.42112989
55,0,158.4,58.1,33.1,64.0,118,26.4,21.2,17,138.0,23.15611927
58,0,157.9,67.9,41.8,95.0,159,23.9,18.8,13,99.0,27.23362884
37,0,161.0,62.7,29.7,80.0,123,24.8,31.2,15,128.0,24.1888816
23,0,164.3,56.1,20.0,73.0,108,28.8,25.5,37,158.0,20.78201885
62,1,169.3,66.9,25.4,87.0,143,42.7,11.2,27,161.0,23.34060997
29,1,175.1,84.5,15.6,78.0,131,51.1,15.0,54,234.0,27.56033022
62,0,154.3,51.2,31.6,75.0,114,26.0,20.8,26,129.0,21.50493374
40,1,173.9,74.8,21.1,87.0,137,55.1,16.2,33,218.0,24.73446003
24,1,167.5,65.66,19.1,98.0,154,45.3,18.3,44,241.0,23.40298507
46,0,158.1,58.5,31.9,79.0,121,20.7,10.6,23,151.0,23.40410976
40,1,173.2,75.5,18.0,89.0,129,46.6,24.0,46,215.0,25.1681432
60,0,154.6,73.5,39.7,75.0,142,19.8,9.8,11,98.0,30.75164553
63,0,153.1,53.0,30.2,63.0,103,22.1,20.8,17,94.0,22.61129771
25,0,163.3,52.36,29.2,70.0,114,21.5,20.4,40,145.0,19.63483556
48,0,162.6,62.1,17.8,98.0,152,37.1,25.8,34,161.0,23.48824226
49,0,162.5,63.3,28.6,63.0,119,30.9,23.7,40,161.0,23.97159763
30,1,165.0,75.6,27.5,91.0,136,39.3,3.5,41,200.0,27.76859504
32,1,171.7,78.5,16.8,81.0,139,25.6,18.3,68,236.0,26.62741864
27,1,175.4,86.7,22.2,75.0,133,54.7,27.8,47,214.0,28.18122838
48,0,165.9,60.32,30.0,80.0,128,27.6,21.7,34,173.0,21.91636682
36,0,160.5,53.6,22.3,67.0,135,26.7,27.1,37,155.0,20.80725148
21,0,169.3,60.18,23.3,67.0,128,24.5,11.0,33,166.0,20.99608234
23,0,164.4,60.6,28.5,74.0,133,28.2,21.3,38,171.0,22.42172376
50,0,167.0,57.0,24.0,66.0,101,23.4,28.6,17,175.0,20.43816558
25,0,164.4,55.5,34.4,85.0,128,24.4,23.5,50,165.0,20.53474701
41,0,158.0,50.5,20.3,87.0,128,21.7,30.3,56,182.0,20.22912995
25,1,180.6,84.1,22.6,74.0,150,46.1,22.0,52,220.0,25.78460625
26,0,168.5,62.8,26.38361,78.0,132,34.6,31.7,44,184.0,22.11871197
60,0,166.8,56.0,18.3,77.0,142,23.7,21.8,31,123.0,20.12778267
60,1,175.5,82.2,25.3,112.0,170,35.4,-2.1,35,169.0,26.68809506
25,0,170.1,62.1,30.1,71.0,103,29.5,19.8,42,193.0,21.46263169
26,0,169.9,53.72,18.3,65.0,123,20.0,14.0,45,205.0,18.61012312
26,0,162.8,54.4,22.2,84.0,132,34.6,22.9,57,186.0,20.52532765
22,0,167.9,53.9,22.9,69.0,96,36.9,22.9,47,190.0,19.11997733
44,1,172.5,68.8,16.0,80.0,115,26.8,8.0,31,210.0,23.12119303
24,1,167.7,68.9,22.7,73.0,124,38.4,17.6,44,212.0,24.49926733
57,1,174.8,78.7,23.6,98.0,156,43.6,23.2,32,183.0,25.75679822
57,1,167.6,75.8,21.1,89.0,152,40.5,27.2,40,178.0,26.98492262
31,1,177.5,79.5,23.0,90.0,148,51.2,18.4,62,208.0,25.23308867
55,1,173.7,67.3,19.9,71.0,110,28.5,-1.3,25,152.0,22.30567794
41,1,181.3,84.2,12.5,95.0,135,54.7,18.1,47,236.0,25.61630487
23,0,165.5,53.5,19.1,69.0,139,31.8,31.1,50,208.0,19.53249788
34,1,174.5,74.4,24.3,94.0,154,39.3,22.5,56,224.0,24.43329694
44,0,171.0,58.7,33.0,64.0,100,26.9,21.3,30,150.0,20.07455285
25,1,180.7,76.7,23.3,43.0,122,43.1,19.4,34,217.0,23.48978592
64,0,163.0,65.0,30.67352,76.0,121,34.9,17.5,13,155.0,24.4646016
30,1,174.2,70.1,15.0,75.0,121,52.5,13.6,47,248.0,23.1005179
52,0,147.8,49.6,28.8,80.0,130,19.1,13.5,15,160.0,22.70559089
56,1,173.1,77.5,20.2,82.0,120,52.3,28.8,55,221.0,25.86470722
32,1,172.3,77.6,22.6,83.0,140,43.9,8.9,36,208.0,26.13913227
24,1,171.7,78.1,21.1,88.0,141,50.2,21.6,42,239.0,26.49173753
26,1,177.8,74.1,8.4,86.0,135,54.2,11.7,57,277.0,23.4398428
25,1,173.7,77.5,14.4,83.0,131,49.8,20.3,56,258.0,25.68633046
26,0,166.2,58.5,30.8,65.0,114,17.9,4.5,17,142.0,21.17843319
22,1,183.7,74.4,10.9,77.0,123,44.8,11.5,66,222.0,22.04725996
34,0,166.0,55.4,22.0,93.0,140,24.7,23.3,35,157.0,20.10451444
23,1,183.5,96.3,29.6,78.0,117,44.7,-12.4,22,170.0,28.59921746
28,1,176.4,66.6,9.5,66.0,112,44.7,18.8,61,262.0,21.40311907
29,1,171.8,72.0,22.8,75.0,120,39.7,-8.4,35,210.0,24.39417738
24,0,160.0,49.6,23.8,62.0,101,25.0,19.9,50,176.0,19.375
56,0,158.3,51.1,31.0,59.0,113,19.1,6.8,12,120.0,20.39196469
36,1,180.0,98.9,38.0,91.0,141,45.7,8.0,34,204.0,30.52469136
27,0,167.8,60.9,17.0,60.0,114,27.9,28.5,45,182.0,21.62884756
61,0,166.1,57.6,30.0,52.0,120,25.8,20.3,12,117.0,20.8777272
21,0,165.3,58.1,30.3,80.0,120,23.1,17.7,26,131.0,21.26328818
34,1,174.9,86.9,25.8,90.0,149,51.7,10.4,39,182.0,28.40796718
33,1,172.6,79.3,32.8,84.0,141,39.9,16.1,51,200.0,26.61899193
24,1,177.1,71.96,11.4,80.0,120,50.3,17.9,55,204.0,22.94320218
31,1,168.2,70.5,15.5,82.0,145,39.6,19.9,66,264.0,24.91937434
23,0,162.0,46.0,27.4,65.0,106,23.7,28.0,8,182.0,17.52781588
46,1,168.4,75.0,19.0,74.0,119,44.0,16.4,41,195.0,26.44704103
63,0,160.3,54.5,29.6,79.0,139,24.0,25.7,20,108.0,21.20945249
30,1,166.8,70.3,17.8,59.0,89,54.2,19.2,60,234.0,25.26755574
32,1,171.5,84.4,25.7,80.0,139,52.8,21.3,52,221.0,28.69552652
24,1,174.6,91.12,29.4,80.0,120,43.9,3.0,36,195.0,29.88995301
26,1,187.9,95.4,12.4,95.0,150,53.2,19.3,47,227.0,27.02058918
21,0,161.3,50.6,23.5,69.0,127,27.5,29.4,39,175.0,19.44830613
27,1,179.3,74.5,20.6,86.0,118,46.6,22.6,55,240.0,23.17371671
41,1,175.4,71.8,20.6,68.0,117,28.0,4.6,31,185.0,23.33808763
36,1,184.0,87.7,16.1,70.0,140,52.5,22.3,63,253.0,25.90382798
46,1,155.0,59.8,40.6,85.0,140,19.7,7.0,3,132.0,24.89073881
26,0,166.4,62.7,36.3,63.0,100,24.9,0.6,30,159.0,22.64440412
32,1,177.8,72.5,18.7,72.0,125,51.8,17.7,55,239.0,22.93371934
22,1,180.6,63.2,7.8,74.0,122,45.3,13.2,42,220.0,19.37677902
21,0,159.6,65.9,33.8,78.0,128,27.2,15.7,41,174.0,25.87138272
26,1,169.2,70.6,21.0,63.0,129,41.3,15.1,53,225.0,24.66061958
40,1,175.1,65.9,16.3,90.0,138,47.9,16.5,35,219.0,21.49379599
22,1,177.0,65.28,10.2,54.0,120,43.4,20.7,55,243.0,20.83692426
51,1,167.7,72.7,29.0,90.0,148,36.3,6.1,37,180.0,25.8504606
40,1,169.1,66.7,26.2,96.0,144,36.9,14.4,27,171.0,23.32591124
23,0,153.4,52.8,28.6,66.0,119,20.6,20.2,31,176.0,22.43795142
27,1,172.8,70.2,16.5,84.0,120,45.9,23.8,52,222.0,23.50983796
24,1,177.9,75.7,9.3,83.0,146,52.3,24.6,62,250.0,23.91905312
55,1,163.6,71.68,27.3,90.0,142,46.1,19.0,35,211.0,26.78128419
36,0,147.6,61.4,34.9,64.0,112,23.5,7.5,16,134.0,28.18354742
45,0,160.1,51.4,22.6,61.0,94,22.7,14.4,28,145.0,20.05305085
63,1,168.7,67.6,20.9,98.0,158,42.5,21.3,35,184.0,23.75289401
64,0,153.2,51.3,33.0,70.0,139,19.0,18.2,10,108.0,21.85746716
60,1,166.7,68.6,25.7,63.0,120,42.1,17.6,38,187.0,24.68612456
21,0,160.2,51.0,28.2,78.0,117,22.6,20.6,57,206.0,19.87216354
61,0,150.7,50.2,27.5,71.0,129,22.9,19.6,8,122.0,22.10432272
50,0,159.4,61.3,31.3,93.0,150,27.7,18.3,15,136.0,24.12591761
39,1,183.9,82.6,20.7,91.0,131,45.4,11.7,46,190.0,24.42398861
41,0,160.0,50.0,20.6,62.0,106,27.4,22.6,38,178.0,19.53125
27,1,174.0,71.4,15.2,68.0,129,49.8,11.0,46,229.0,23.58303607
39,1,180.0,77.7,18.7,99.0,155,50.8,25.0,43,227.0,23.98148148
21,1,186.1,91.0,22.1,79.0,139,45.3,5.9,37,258.0,26.27535825
60,0,143.4,52.2,34.2,99.0,151,26.1,21.8,22,71.0,25.38470965
33,0,169.2,67.3,31.2,70.0,122,25.0,19.6,40,155.0,23.50792773
53,0,155.5,49.6,28.6,95.0,142,23.3,24.9,34,126.0,20.51260843
30,1,175.0,81.2,25.2,89.0,144,53.0,14.0,46,236.0,26.51428571
45,1,179.4,78.6,22.8,92.0,159,31.7,15.9,51,218.0,24.42179991
24,1,167.0,71.3,25.1,99.0,143,42.4,13.0,57,194.0,25.5656352
28,1,177.0,74.1,14.0,99.0,147,52.8,26.4,59,249.0,23.65220722
50,0,163.3,66.62,36.6,94.0,145,30.0,23.2,19,137.0,24.98229077
25,1,186.1,97.4,25.6,64.0,135,66.8,-14.6,36,199.0,28.12329553
46,1,165.3,70.6,19.6,85.0,121,47.1,14.7,50,208.0,25.83800595
55,1,168.3,65.7,23.2,80.0,113,38.9,14.6,33,191.0,23.19514745
25,1,177.3,71.3,19.9,81.0,127,36.8,10.2,53,217.0,22.68151495
46,1,172.0,82.2,25.9,91.0,136,46.9,11.0,52,221.0,27.78528935
21,0,156.4,48.7,27.8,65.0,91,19.9,21.0,37,160.0,19.90927584
28,1,175.2,79.0,23.2,73.0,128,42.9,20.2,52,200.0,25.73705719
29,0,157.6,58.1,31.4,75.0,111,23.0,6.8,32,151.0,23.39180345
64,0,150.6,57.8,45.6,92.0,153,18.0,14.5,0,96.0,25.4846043
60,1,170.7,64.3,11.7,88.0,126,42.6,10.8,35,211.0,22.0670323
34,1,170.6,68.3,18.7,86.0,131,43.4,12.1,47,206.0,23.46727432
34,1,166.6,63.3,21.0,78.0,113,36.8,8.4,46,194.0,22.80624134
36,1,167.7,77.7,29.8,82.0,154,40.3,10.3,32,207.0,27.62834647
33,1,178.0,78.3,13.5,80.0,148,46.2,14.2,62,264.0,24.71278879
21,1,170.1,66.5,14.3,73.0,117,43.1,18.7,61,237.0,22.98333345
27,0,150.5,55.7,39.6,66.0,114,29.7,13.4,23,159.0,24.59134005
22,0,166.3,53.8,19.7,76.0,128,28.0,21.3,46,181.0,19.45350125
48,0,154.3,60.4,37.1,79.0,116,25.3,13.2,21,130.0,25.36910153
31,1,166.8,66.0,27.1,79.0,130,32.7,2.1,32,183.0,23.72202957
32,1,172.6,63.5,13.4,85.0,140,51.1,18.6,50,218.0,21.31533402
37,1,183.2,74.0,15.0,84.0,136,49.5,21.5,52,222.0,22.04858794
38,0,160.2,55.8,27.1,91.0,136,35.5,21.5,26,154.0,21.74248482
39,1,173.8,70.9,19.7,86.0,148,40.9,3.1,36,207.0,23.47181594
41,1,176.4,75.1,23.7,94.0,131,40.1,8.9,41,196.0,24.13474838
52,1,173.4,81.2,23.9,90.0,149,39.9,-2.3,29,173.0,27.00584949
33,1,163.4,72.6,28.2,61.0,117,39.7,-1.4,36,168.0,27.19145933
27,0,166.5,58.5,19.7,79.0,125,31.4,22.0,32,150.0,21.10218326
24,1,173.9,58.4,16.5,77.0,122,31.2,12.8,38,210.0,19.3113966
22,0,158.7,56.7,30.1,71.0,118,27.6,15.9,47,163.0,22.51278405
21,0,164.0,53.9,26.4,63.0,103,25.1,21.2,30,171.0,20.04015467
23,1,169.1,66.1,14.4,61.0,108,33.8,8.5,43,225.0,23.11608295
60,0,155.6,72.5,36.5,82.0,126,20.0,18.2,15,85.0,29.94462104
28,0,161.4,55.9,35.2,77.0,128,22.4,18.1,30,152.0,21.45876616
28,0,164.9,54.18,22.0,72.0,118,29.0,17.7,42,175.0,19.92497061
54,1,168.6,66.0,24.0,95.0,145,36.0,4.3,17,143.0,23.21821321
28,1,180.7,84.1,15.0,80.0,136,50.5,19.1,46,196.0,25.75607557
58,0,162.6,71.3,40.5,93.0,148,24.8,4.5,23,103.0,26.96798186
21,1,169.1,63.0,18.4,61.0,98,36.9,4.6,45,210.0,22.03197014
24,1,163.0,62.4,14.2,98.0,156,48.0,19.5,65,236.0,23.48601754
29,1,174.3,78.7,13.9,85.0,135,46.1,16.8,62,242.0,25.90478297
21,1,177.0,70.0,16.4,72.0,133,38.9,19.3,49,222.0,22.34351559
35,1,170.5,77.7,33.2,73.0,118,34.6,-4.4,45,197.0,26.72835631
22,1,177.3,70.2,13.3,70.0,155,50.6,23.0,55,235.0,22.33158975
57,0,158.1,57.6,29.1,76.0,128,26.3,20.5,32,142.0,23.04404653
25,0,163.9,56.5,26.0,60.0,110,26.6,29.8,34,170.0,21.03248272
29,1,169.5,81.4,20.9,86.0,151,42.7,19.5,44,251.0,28.33250668
48,1,176.5,66.1,8.1,80.0,129,39.3,14.1,33,204.0,21.21837106
30,1,173.2,69.1,15.2,69.0,137,48.5,15.6,52,245.0,23.0346847
44,0,167.1,58.4,23.7,81.0,122,23.1,12.1,12,127.0,20.91510009
51,0,154.1,47.1,28.7,71.0,109,31.1,7.6,6,132.0,19.834243
44,0,164.3,53.9,22.0,75.0,110,29.5,14.3,23,133.0,19.96703772
23,0,155.5,46.5,25.2,57.0,101,20.8,7.5,24,165.0,19.2305704
30,1,171.2,69.3,22.9,94.0,135,36.5,-2.7,38,160.0,23.64425932
21,1,173.3,74.9,25.5,82.0,136,41.2,0.9,50,212.0,24.93932485
50,0,167.7,64.4,18.7,87.0,142,31.4,22.0,33,167.0,22.89917005
37,1,179.8,76.1,14.2,80.0,155,54.2,19.1,58,229.0,23.53993623
34,0,163.7,50.6,20.7,63.0,120,24.6,28.4,19,170.0,18.88222455
25,0,175.1,59.8,27.0,81.0,120,27.0,29.1,40,200.0,19.50423369
29,1,180.6,65.5,14.9,84.0,130,48.2,7.6,49,232.0,20.08194661
62,1,174.4,77.4,19.3,98.0,158,50.5,24.4,59,183.0,25.44766855
23,1,173.3,90.4,29.4,75.0,148,34.2,3.6,43,179.0,30.10033333
28,1,181.2,75.94,19.2,65.0,134,40.7,20.4,54,238.0,23.12885887
37,1,176.1,74.3,18.1,71.0,125,39.3,13.5,46,232.0,23.95907802
28,1,164.5,66.8,17.6,61.0,107,47.1,25.3,47,227.0,24.68565516
23,0,155.8,50.4,26.3,67.0,97,23.9,19.2,32,162.0,20.76326418
25,1,175.2,73.9,11.0,82.0,140,54.3,18.4,58,252.0,24.07555097
62,1,168.4,71.6,15.7,73.0,157,42.7,17.1,45,213.0,25.24810851
43,1,172.2,87.8,28.5,96.0,151,31.8,-2.1,37,185.0,29.60930555
31,1,175.9,76.8,21.3,75.0,124,46.7,-6.1,35,193.0,24.82158677
49,1,166.4,66.6,21.5,67.0,117,40.5,21.3,53,215.0,24.05290773
59,1,175.4,68.1,21.3,74.0,122,36.2,40.0,40,174.0,22.13542852
40,1,174.4,70.2,26.4,90.0,145,48.5,15.2,44,215.0,23.08044357
21,1,172.9,76.4,26.0,70.0,122,31.0,14.5,50,220.0,25.55661744
25,0,161.5,48.5,29.3,65.0,118,19.9,8.8,45,182.0,18.59502152
27,1,169.0,68.1,14.2,71.0,152,39.7,13.6,49,279.0,23.84370295
30,0,155.0,49.2,28.2,83.0,119,37.2,19.3,49,160.0,20.47866805
30,1,184.0,87.0,19.6,82.0,126,57.0,17.5,52,252.0,25.69706994
59,0,156.9,49.3,27.9,95.0,156,21.3,27.6,25,105.0,20.0263145
26,1,186.0,79.3,23.5,70.0,140,50.9,5.3,45,176.0,22.92172505
26,0,161.3,49.0,22.1,69.0,116,18.5,10.4,42,166.0,18.83333993
24,0,159.9,52.7,21.4,80.0,120,24.4,23.8,48,200.0,20.61169407
33,1,181.7,81.9,18.2,82.0,157,54.9,13.5,47,215.0,24.8069886
39,1,167.0,69.1,19.4,67.0,117,41.0,6.0,36,220.0,24.77679372
23,1,171.0,67.6,20.2,75.0,124,38.3,18.5,48,230.0,23.11822441
43,1,173.2,79.56,28.5,72.0,118,33.0,-0.6,40,188.0,26.52155593
64,1,165.5,77.9,25.9,89.0,151,43.2,16.1,27,95.0,28.44077728
36,1,175.6,84.8,24.4,76.0,131,47.1,12.2,34,229.0,27.50089508
33,1,170.5,74.8,17.3,64.0,123,49.4,21.1,55,235.0,25.73077287
21,0,168.8,53.5,20.0,72.0,121,30.3,24.7,38,185.0,18.77625166
24,0,155.5,64.4,34.8,60.0,109,24.7,16.7,43,174.0,26.63330611
22,1,175.7,67.1,15.0,64.0,115,44.6,14.3,64,257.0,21.73596856
27,0,158.9,47.3,18.1,75.0,130,30.8,22.8,55,198.0,18.73325938
21,0,164.0,58.2,28.9,87.0,141,24.4,25.7,45,173.0,21.63890541
58,0,151.0,60.0,24.7,92.0,151,19.0,20.0,6,47.0,26.31463532
40,1,170.0,67.7,22.3,86.0,131,43.2,0.5,31,206.0,23.42560554
38,0,161.5,53.3,23.9,80.0,117,27.9,24.1,40,184.0,20.43535355
32,1,184.7,85.6,16.0,76.0,153,55.1,26.1,50,237.0,25.09227126
25,1,171.0,61.0,10.7,88.0,139,43.0,10.3,49,234.0,20.86111966
63,1,164.2,59.1,22.6,80.0,137,31.4,12.0,24,178.0,21.92003157
48,1,161.6,60.5,28.5,81.0,119,44.1,-2.5,19,118.0,23.16715273
25,1,180.7,77.1,17.9,86.0,146,45.8,17.8,52,227.0,23.61228807
28,0,162.0,58.3,25.2,90.0,132,29.4,22.5,48,170.0,22.21460143
48,1,176.7,80.6,22.2,78.0,117,43.8,12.7,45,222.0,25.8143945
32,1,167.9,58.7,15.9,80.0,126,45.9,12.1,51,226.0,20.82268403
24,0,171.5,61.7,32.5,88.0,146,25.3,-2.2,18,149.0,20.97765387
33,1,178.0,90.4,26.3,80.0,120,60.3,17.7,51,239.0,28.53175104
25,1,181.9,86.12,24.2,83.0,133,47.0,14.4,61,210.0,26.02786965
38,1,169.3,77.7,23.3,82.0,135,40.1,12.8,27,217.0,27.10860082
37,1,171.1,69.6,22.2,85.0,134,46.8,6.6,38,230.0,23.77438112
27,1,167.4,63.4,23.8,90.0,150,39.8,18.7,52,218.0,22.62446668
26,1,165.2,67.2,23.1,86.0,126,40.4,18.1,55,236.0,24.62346616
34,1,181.0,68.6,14.3,79.0,134,49.8,17.4,59,254.0,20.93953176
50,0,159.8,59.0,30.3,72.0,114,24.1,26.8,35,150.0,23.1046004
29,0,163.1,60.9,35.6,65.0,113,31.1,10.8,32,146.0,22.89335119
32,1,175.3,76.9,21.4,76.0,116,47.4,24.4,54,185.0,25.02433283
25,0,167.0,61.3,32.5,66.0,109,28.5,-6.5,22,169.0,21.97999211
49,1,173.7,76.2,19.6,93.0,142,45.0,11.8,46,224.0,25.25546299
53,1,172.9,83.9,29.6,99.0,153,53.7,14.1,25,168.0,28.06544769
23,0,164.2,54.2,17.4,74.0,132,29.5,31.2,55,153.0,20.10263471
58,1,165.5,71.8,24.4,76.0,117,34.3,9.0,30,171.0,26.21370743
22,0,164.4,57.7,27.7,80.0,120,31.3,21.2,43,180.0,21.34873698
62,0,164.9,60.6,23.9,77.0,121,31.1,25.5,29,142.0,22.28595826
21,1,182.2,73.5,18.2,68.0,129,35.5,10.0,38,203.0,22.14066158
43,1,177.6,69.6,12.0,78.0,129,50.4,23.9,50,227.0,22.0659849
62,1,165.0,67.4,18.8,89.0,139,43.0,11.5,34,174.0,24.75665748
24,0,163.9,70.5,34.1,85.0,129,27.0,20.6,43,156.0,26.24407135
27,1,165.6,65.6,10.8,60.0,123,37.1,14.5,43,210.0,23.9212117
27,1,170.7,72.0,14.0,95.0,154,54.9,20.6,59,237.0,24.70958516
28,1,181.0,66.8,12.5,75.0,116,42.9,14.9,57,239.0,20.39009798
21,1,167.2,59.7,19.3,78.0,134,35.3,3.3,47,231.0,21.35510863
30,1,173.7,71.5,25.2,92.0,140,39.0,17.4,43,213.0,23.69771133
25,0,166.2,60.9,26.5,98.0,150,32.6,29.2,55,205.0,22.04729198
21,0,164.9,54.58,23.2,78.0,114,22.8,33.3,30,184.0,20.07207264
22,1,179.9,74.1,16.0,76.0,135,36.1,13.1,21,212.0,22.89580308
40,1,166.9,71.2,22.1,91.0,145,41.5,13.9,38,187.0,25.56038084
37,1,166.0,64.5,12.0,64.0,126,51.8,15.5,60,234.0,23.40688053
62,0,150.3,51.4,25.6,74.0,144,21.3,18.3,8,115.0,22.75334007
63,1,173.1,70.4,20.9,109.0,188,40.0,16.8,43,192.0,23.4951663
26,0,172.6,75.1,37.0,80.0,126,29.8,21.5,44,197.0,25.20915881
21,1,163.3,70.4,34.1,91.0,152,31.5,19.0,50,219.0,26.3997789
26,0,160.7,70.4,38.1,69.0,123,28.4,17.6,33,165.0,27.26094494
22,1,176.7,76.2,16.6,94.0,157,44.8,11.7,51,165.0,24.40517197
43,0,161.0,65.8,38.2,95.0,141,27.2,18.0,36,100.0,25.38482312
58,1,168.6,64.0,19.2,94.0,145,40.4,20.1,37,209.0,22.51463099
25,1,177.1,73.1,10.9,66.0,116,43.5,17.4,51,233.0,23.30667148
63,0,159.5,60.8,34.6,76.0,146,25.8,16.3,14,113.0,23.89913621
50,1,171.9,66.7,20.2,76.0,124,43.6,19.2,36,195.0,22.57220992
39,0,159.7,45.7,19.4,68.0,104,22.1,8.1,7,150.0,17.91869461
21,0,166.8,57.9,27.2,78.0,130,29.7,16.5,57,179.0,20.81068958
23,1,181.8,78.9,18.3,91.0,149,51.6,15.4,51,210.0,23.87202417
43,1,175.1,69.9,14.7,93.0,157,43.2,20.5,45,232.0,22.79842701
36,1,181.5,84.8,27.4,96.0,143,45.5,16.5,49,220.0,25.74201823
36,1,172.5,80.8,19.9,86.0,124,49.3,17.5,55,212.0,27.15395925
34,0,156.9,49.4,24.5,65.0,106,22.2,23.1,35,162.0,20.06693582
53,1,167.8,75.3,26.6,95.0,146,44.8,13.8,33,201.0,26.74305781
23,0,163.7,53.4,29.6,73.0,116,26.6,28.0,43,204.0,19.92709073
56,0,164.4,57.9,34.9,88.0,145,25.1,16.1,23,135.0,21.42273607
42,1,175.6,75.12,23.3,86.0,142,37.4,11.9,40,189.0,24.36164196
41,1,178.4,76.8,15.3,82.0,142,50.9,21.5,54,236.0,24.13078888
23,0,161.0,52.5,28.7,88.0,114,21.9,24.8,41,184.0,20.25384823
57,0,164.8,52.2,20.6,72.0,128,21.9,19.5,20,186.0,19.22011971
23,0,161.3,66.4,35.9,78.0,134,26.8,21.2,52,166.0,25.52109738
29,1,187.0,88.2,21.4,76.0,132,43.9,17.0,41,232.0,25.22233979
40,1,177.1,67.6,16.6,72.0,140,39.9,14.6,50,243.0,21.55309155
57,0,167.2,87.3,49.8,73.0,126,17.5,-3.4,0,65.0,31.22782217
49,0,160.8,58.6,28.9,78.0,116,29.0,18.1,20,137.0,22.66342417
41,0,160.2,71.3,38.4,69.0,116,22.0,8.0,18,125.0,27.78206393
56,0,160.6,55.96,38.1,80.0,130,25.9,2.0,25,127.0,21.69634729
27,1,177.2,73.2,14.8,79.0,121,47.0,23.8,55,245.0,23.3122207
44,1,174.3,66.7,21.7,79.0,143,49.9,26.6,32,184.0,21.9548796
42,1,171.7,70.5,21.1,86.0,144,47.7,16.5,47,216.0,23.91379636
59,1,166.0,67.6,23.0,74.0,126,31.9,5.9,33,163.0,24.53186239
57,1,172.6,66.4,19.3,99.0,157,42.9,17.8,52,201.0,22.28879022
24,0,157.1,60.3,30.6,86.0,130,31.9,20.2,41,186.0,24.43233317
34,1,175.1,71.5,18.2,79.0,122,46.4,9.9,44,227.0,23.32027941
25,1,167.7,54.7,15.4,83.0,123,42.1,12.5,48,231.0,19.45007145
34,1,177.0,70.4,18.8,96.0,144,49.4,16.1,55,221.0,22.47119282
49,1,164.0,64.0,25.8,80.0,120,36.3,2.1,26,170.0,23.7953599
25,1,170.7,68.86,13.3,60.0,106,39.2,14.1,51,235.0,23.63197269
57,1,172.4,69.1,21.1,96.0,143,33.8,6.3,31,181.0,23.24895968
25,1,167.3,63.2,10.8,65.0,125,29.4,22.1,49,214.0,22.58006545
32,0,160.1,51.8,18.1,73.0,120,30.3,23.8,37,180.0,20.20910572
25,1,181.8,81.1,21.7,82.0,120,50.7,13.3,52,217.0,24.53765729
24,1,173.8,80.7,21.7,93.0,152,43.9,8.5,64,186.0,26.71615722
60,0,149.8,57.0,42.8,73.0,139,12.9,9.7,0,90.0,25.40102424
36,1,172.1,77.0,18.0,69.0,135,38.7,13.6,50,243.0,25.99734422
27,1,167.6,65.3,25.7,76.0,123,40.7,17.3,58,193.0,23.24690563
52,0,160.3,57.48,27.2,88.0,157,30.3,4.2,27,148.0,22.369162
51,0,154.0,49.5,26.6,57.0,115,21.0,14.5,32,133.0,20.87198516
24,1,172.0,70.6,14.7,62.0,112,50.1,7.8,59,218.0,23.86425095
52,1,171.5,73.0,28.9,84.0,140,47.4,14.0,26,204.0,24.81959048
26,0,156.0,50.7,30.1,75.0,126,24.6,16.6,31,116.0,20.83333333
28,0,158.0,51.9,26.3,90.0,135,24.1,30.9,70,191.0,20.78993751
43,1,175.4,81.8,24.0,80.0,119,42.7,8.3,38,209.0,26.58851766
27,1,171.0,65.1,17.9,69.0,111,39.2,19.5,50,211.0,22.26326049
60,1,161.6,47.3,3.5,82.0,130,32.0,13.3,22,156.0,18.11250123
35,1,165.6,88.5,40.1,87.0,136,33.9,7.4,6,151.0,32.27175663
34,1,174.0,75.8,15.9,84.0,156,51.3,23.0,53,245.0,25.03633241
55,1,165.2,66.5,21.3,92.0,137,43.2,21.4,46,191.0,24.36697172
28,0,166.7,58.1,18.0,60.0,100,37.9,24.4,37,198.0,20.90763611
28,1,181.1,89.3,32.8,79.0,130,34.6,-8.3,39,187.0,27.22792579
22,1,171.5,62.2,13.3,66.0,124,37.6,18.3,56,252.0,21.14765106
46,0,162.0,63.2,25.9,62.0,110,23.3,0.7,12,138.0,24.08169486
60,0,157.5,47.4,25.1,71.0,137,20.4,20.9,13,147.0,19.10808768
46,0,164.3,71.2,32.6,80.0,120,28.0,10.5,21,156.0,26.37575298
36,0,159.0,52.0,26.7,96.0,147,26.7,24.2,23,171.0,20.56880661
48,0,158.8,66.1,33.3,99.0,158,23.8,20.6,13,142.0,26.21201835
33,1,171.7,85.0,29.6,72.0,131,45.3,8.7,44,197.0,28.83223675
29,1,179.9,87.3,22.8,86.0,132,50.6,-5.0,24,225.0,26.97440768
26,0,161.4,57.9,35.9,81.0,108,16.2,0.9,28,144.0,22.22652165
56,1,177.4,76.7,24.7,86.0,148,40.0,13.9,33,192.0,24.3718296
48,1,173.6,75.8,24.4,77.0,117,42.8,21.1,44,201.0,25.15184013
23,1,175.0,73.18,14.3,78.0,126,45.7,23.7,53,243.0,23.8955102
21,0,161.0,55.1,27.3,80.0,120,26.8,22.0,54,175.0,21.25689595
26,1,175.0,63.0,15.0,77.0,125,38.0,17.0,38,195.0,20.57142857
52,1,172.6,76.4,20.3,80.0,133,36.4,16.3,40,184.0,25.64553573
25,0,158.9,45.6,22.7,83.0,135,26.0,11.1,31,168.0,18.05997099
46,1,172.0,79.5,21.2,90.0,110,42.5,22.6,37,229.0,26.87263386
32,1,173.2,71.0,24.1,64.0,120,47.6,11.2,36,205.0,23.66805519
63,1,168.4,86.1,32.4,80.0,124,36.2,-6.4,2,166.0,30.36120311
21,1,169.5,75.2,24.0,68.0,122,49.0,18.7,58,230.0,26.17450248
34,1,172.0,61.0,15.0,60.0,106,38.6,15.0,41,230.0,20.61925365
27,0,162.7,64.0,28.3,76.0,119,33.3,25.5,38,175.0,24.17713682
25,1,176.4,84.7,19.3,80.0,133,57.5,10.2,51,228.0,27.21988266
60,1,159.2,69.2,20.5,96.0,143,47.8,7.6,33,206.0,27.30360344
24,1,178.7,76.1,15.9,83.0,133,40.2,16.7,61,240.0,23.83063154
27,0,161.3,54.08,24.0,74.0,115,32.7,18.8,48,176.0,20.78585762
35,0,170.8,79.7,32.1,92.0,157,31.8,19.5,33,179.0,27.32011913
57,0,150.2,62.1,43.3,81.0,132,19.1,11.9,4,117.0,27.52654694
31,0,156.6,58.9,38.1,83.0,121,32.8,20.2,44,162.0,24.0177201
22,1,171.4,56.6,17.0,76.0,114,27.9,15.0,48,259.0,19.26614373
21,0,163.6,52.1,29.6,66.0,114,27.0,15.9,47,162.0,19.46574925
54,0,150.2,48.3,37.1,90.0,145,18.3,2.8,1,85.0,21.40953651
39,1,170.7,108.8,35.3,68.0,123,50.8,12.8,35,199.0,37.33892868
43,1,168.0,72.9,22.6,73.0,116,40.6,16.1,45,196.0,25.82908163
61,1,167.6,67.46,24.1,73.0,135,38.0,7.9,33,186.0,24.01586913
50,1,163.9,57.8,15.0,76.0,143,42.3,17.0,41,221.0,21.51641595
50,0,162.0,61.0,26.2,72.0,124,27.2,4.0,16,110.0,23.24340802
55,0,154.6,59.4,32.3,92.0,139,26.6,23.9,28,125.0,24.85235026
28,1,172.2,71.52,17.0,78.0,126,44.3,4.8,37,214.0,24.1191063
36,0,164.8,66.4,35.0,77.0,118,26.3,9.9,16,137.0,24.44858139
27,1,174.6,66.3,13.3,93.0,147,58.6,17.0,53,244.0,21.74828671
21,0,167.4,63.2,25.0,81.0,107,28.7,27.5,43,181.0,22.55309613
25,1,184.0,75.7,9.2,87.0,130,51.5,21.8,58,230.0,22.35940454
23,0,157.5,50.8,24.2,86.0,121,29.3,21.7,42,185.0,20.47871
29,0,164.3,61.6,31.4,95.0,151,31.0,18.8,32,157.0,22.81947168
61,1,167.7,67.7,25.1,69.0,149,36.2,8.1,29,200.0,24.07257472
23,0,161.8,47.8,17.2,66.0,103,25.2,21.5,47,178.0,18.25874242
21,1,177.9,84.3,21.6,71.0,124,49.4,15.8,38,231.0,26.63640922
57,0,153.0,57.6,34.7,80.0,120,20.3,20.4,35,139.0,24.6059208
50,1,172.2,67.0,13.2,72.0,121,48.4,15.5,50,176.0,22.59480036
25,1,170.7,83.1,26.4,67.0,124,43.2,14.0,38,199.0,28.51897954
24,0,158.4,59.1,33.1,71.0,118,30.1,2.7,15,120.0,23.55467554
28,0,165.4,62.0,31.1,58.0,102,25.0,21.7,31,170.0,22.66317118
43,1,181.0,74.3,13.9,63.0,117,50.0,23.4,58,238.0,22.67940539
60,1,157.1,47.0,15.7,86.0,141,31.1,15.8,36,173.0,19.04344377
50,0,167.2,60.1,27.8,52.0,104,28.9,24.0,33,144.0,21.49819143
26,1,182.5,71.68,11.0,82.0,143,55.7,12.9,45,196.0,21.52148621
47,0,158.2,53.9,25.1,73.0,143,25.8,17.3,42,167.0,21.53653379
26,1,178.5,81.2,13.9,90.0,140,48.7,17.5,49,234.0,25.48470369
40,0,168.5,58.4,22.1,82.0,153,28.8,25.7,41,217.0,20.5689933
45,1,172.5,64.4,16.5,81.0,136,44.7,8.7,30,211.0,21.64251208
33,1,178.0,67.5,16.7,74.0,139,46.5,15.8,53,221.0,21.30412827
61,0,154.2,59.1,35.5,77.0,118,24.9,22.0,19,120.0,24.85528421
31,1,177.7,76.3,16.4,62.0,129,47.9,16.3,56,232.0,24.16293482
48,1,175.9,77.4,24.9,79.0,137,47.3,-4.8,15,208.0,25.01550541
42,0,169.5,55.56,27.3,65.0,112,22.8,8.1,23,142.0,19.3385021
28,1,176.3,70.94,15.6,85.0,147,49.0,17.5,45,234.0,22.82372677
27,0,164.8,50.4,16.8,61.0,110,26.5,25.5,41,181.0,18.55735696
28,1,171.7,74.4,17.3,74.0,131,49.1,7.9,53,250.0,25.23668722
28,1,174.5,69.4,16.1,63.0,109,35.8,19.5,53,195.0,22.79127429
30,1,170.7,71.9,16.0,80.0,139,48.8,16.6,60,233.0,24.67526629
52,1,167.9,73.8,20.6,80.0,129,40.7,21.4,31,210.0,26.17911552
34,1,171.1,68.5,23.4,88.0,124,36.4,21.9,40,225.0,23.39863659
21,1,183.8,86.2,20.63538,89.0,125,50.9,8.4,50,214.0,25.51621493
22,1,172.8,73.8,20.5,65.0,124,39.6,15.2,51,211.0,24.71547068
28,1,167.2,64.5,13.6,54.0,104,48.4,13.4,51,232.0,23.07210229
25,0,161.7,63.36,31.3,89.0,128,25.0,10.7,39,160.0,24.23232744
29,0,163.7,51.2,19.1,64.0,117,33.0,29.2,35,153.0,19.10612445
23,1,175.5,67.2,9.4,97.0,135,56.4,20.8,55,233.0,21.81800472
55,1,171.4,75.2,22.1,80.0,142,50.1,10.8,39,197.0,25.59742065
49,0,163.0,46.6,18.6,85.0,151,21.9,19.5,36,170.0,17.53923746
29,1,177.1,77.4,15.2,90.0,149,61.0,23.0,61,282.0,24.67765215
57,1,173.3,69.9,26.4,96.0,159,31.7,9.8,27,182.0,23.27448341
46,1,169.2,69.9,23.6,98.0,153,30.0,12.0,40,192.0,24.41610918
29,1,179.1,74.1,18.8,84.0,134,42.1,18.6,55,229.0,23.10080086
60,0,156.5,50.54,35.0,68.0,141,22.0,22.0,13,135.0,20.63509886
34,1,175.0,74.0,25.0,71.0,112,43.3,7.2,45,216.0,24.16326531
59,1,174.9,68.7,19.9,87.0,151,43.5,21.1,36,188.0,22.45831237
39,1,176.7,83.4,25.3,91.0,143,50.9,20.7,40,213.0,26.71117248
44,1,185.2,86.4,24.5,100.0,145,48.8,-4.4,36,233.0,25.19020941
36,1,169.6,81.3,34.1,90.0,150,35.6,7.2,40,183.0,28.26434007
33,1,174.0,67.7,19.5,97.0,119,50.1,21.5,67,255.0,22.36094596
22,1,171.2,67.1,13.6,69.0,141,52.1,16.2,72,275.0,22.89364792
54,1,171.6,56.6,10.9,94.0,151,36.0,1.7,33,203.0,19.22126048
52,0,165.4,61.06,33.5,87.0,129,23.6,19.6,24,122.0,22.31956826
63,1,170.0,80.2,28.0,77.0,137,47.7,1.3,28,188.0,27.75086505
44,1,160.2,44.9,14.8,82.0,141,36.5,21.3,50,221.0,17.49529692
53,0,154.5,50.88,30.7,88.0,141,18.4,15.8,32,127.0,21.31523549
23,1,176.5,85.7,26.8,84.0,124,39.3,-4.0,49,207.0,27.51005144
54,0,150.1,56.1,37.2,63.0,115,22.6,15.8,20,162.0,24.9001221
33,1,180.7,69.0,13.2,64.0,116,48.4,20.0,52,248.0,21.13161967
26,1,166.8,64.7,19.5,59.0,116,40.1,18.1,51,241.0,23.25477747
32,0,169.0,65.2,31.6,80.0,110,36.4,12.2,46,170.0,22.82833234
55,0,153.5,48.6,35.0,75.0,122,22.8,19.0,33,158.0,20.62621354
27,1,179.9,92.88,32.0,79.0,123,42.8,14.1,55,192.0,28.69854508
32,0,157.1,49.96,23.9,80.0,120,28.0,14.0,39,165.0,20.24277555
45,1,171.9,67.3,28.7,87.0,142,32.9,7.5,50,196.0,22.77525829
30,1,181.9,80.9,13.4,75.0,132,58.5,22.1,59,263.0,24.45023983
21,0,163.8,58.2,23.1,80.0,143,24.6,19.6,41,175.0,21.69177993
47,0,165.2,52.1,14.3,75.0,140,32.6,22.3,33,196.0,19.09051469
35,1,175.0,83.0,24.7,81.0,138,35.3,15.4,51,206.0,27.10204082
63,1,163.0,60.9,23.4,76.0,159,39.5,9.9,28,195.0,22.92144981
27,1,168.3,66.5,13.9,59.0,115,47.9,11.8,70,231.0,23.47758456
64,1,155.6,59.0,28.8,87.0,158,34.1,-0.5,41,171.0,24.36872609
27,1,173.7,77.2,10.1,75.0,128,51.1,13.4,42,246.0,25.58689951
32,1,177.3,81.7,25.1,78.0,123,48.3,21.1,32,210.0,25.98989861
63,0,156.5,43.6,22.5,52.0,99,22.0,12.3,14,94.0,17.80154947
28,1,177.9,59.7,13.1,90.0,143,40.9,23.0,70,247.0,18.86350689
28,1,180.6,66.6,12.7,98.0,143,39.4,4.4,53,236.0,20.41920067
26,1,175.3,67.3,20.6,89.0,118,45.6,-14.5,45,230.0,21.9003589
38,0,169.8,58.8,26.0,82.0,123,25.4,19.0,26,128.0,20.39397837
21,1,168.8,72.82,24.0,81.0,142,36.8,5.1,25,179.0,25.55675973
60,1,165.5,74.2,35.2,95.0,158,31.9,7.4,27,146.0,27.08993164
37,1,178.3,72.4,17.5,81.0,131,43.1,18.0,40,249.0,22.7738198
29,1,172.1,71.8,17.4,74.0,139,40.9,13.6,64,222.0,24.24167941
57,1,172.8,59.8,19.6,61.0,103,32.8,9.1,32,171.0,20.02689901
64,1,166.5,60.92,21.7,82.0,138,30.9,4.9,13,143.0,21.97512828
21,1,181.3,96.2,32.0,99.0,153,39.4,5.2,25,189.0,29.26708466
36,0,160.4,49.1,17.0,55.0,114,26.2,24.9,39,166.0,19.08414749
34,1,188.5,118.8,31.5,67.0,118,35.8,2.2,34,125.0,33.43441521
54,0,159.2,53.5,26.2,70.0,100,23.1,21.9,35,154.0,21.10899977
27,1,180.2,76.24,21.2,82.0,148,37.0,13.1,61,218.0,23.47866041
22,0,163.2,60.9,29.7,84.0,135,28.0,27.3,47,180.0,22.86530421
60,1,159.0,64.8,26.3,78.0,123,40.3,13.9,31,185.0,25.63189747
22,1,170.9,57.1,9.9,70.0,116,40.0,12.1,49,226.0,19.55023503
21,1,172.1,74.4,18.0,89.0,132,46.1,7.6,56,200.0,25.11951182
21,1,159.4,50.1,14.4,92.0,132,38.0,11.0,44,216.0,19.71791961
57,0,165.4,61.86,37.1,90.0,154,23.6,19.6,10,134.0,22.61199627
52,0,160.0,60.5,33.5,98.0,153,22.4,19.5,22,177.0,23.6328125
25,0,168.4,52.06,26.2,70.0,110,22.1,14.3,37,151.0,18.35777275
33,1,175.5,59.14,7.1,64.0,127,30.8,7.5,43,227.0,19.20114285
46,0,159.7,52.8,24.0,85.0,131,24.8,16.9,21,152.0,20.70256182
33,0,153.2,49.0,33.0,80.0,114,20.3,-0.4,1,144.0,20.87750274
23,1,179.0,86.9,20.1,81.0,123,46.6,19.6,56,207.0,27.12150058
39,0,162.2,54.4,19.1,77.0,136,29.4,26.7,43,179.0,20.6774605
45,0,161.3,55.0,27.6,48.0,96,25.1,3.0,24,136.0,21.13946319
23,0,166.0,55.8,26.4,63.0,108,27.0,21.0,38,165.0,20.24967339
64,1,172.3,81.6,24.0,89.0,156,45.8,13.1,31,170.0,27.48651022
26,0,157.5,50.5,30.2,68.0,112,23.8,17.0,55,139.0,20.35777274
53,1,176.6,86.1,20.8,89.0,133,42.2,10.9,60,192.0,27.60716132
23,0,165.8,59.84,28.4,62.0,119,28.9,13.6,30,144.0,21.76820067
23,1,179.1,65.5,12.2,71.0,111,38.6,6.5,41,252.0,20.41973625
52,0,151.4,59.6,39.6,82.0,140,19.0,7.9,6,118.0,26.00126691
57,0,154.0,59.6,40.8,76.0,132,22.4,7.4,0,116.0,25.13071344
26,1,174.7,90.1,21.6,96.0,159,59.6,25.0,66,230.0,29.52153811
21,1,173.0,81.0,26.4,70.0,130,47.2,6.1,41,195.0,27.06405159
44,1,170.2,70.4,20.4,92.0,132,39.4,9.8,41,224.0,24.30264526
53,1,169.3,76.7,21.8,85.0,140,44.6,14.3,41,211.0,26.75971278
33,0,159.6,60.5,32.1,62.0,106,21.9,22.2,24,129.0,23.75142116
29,1,181.0,68.6,22.5,85.0,126,35.6,14.8,48,188.0,20.93953176
26,1,174.1,73.4,15.8,77.0,119,57.7,23.9,51,238.0,24.21578308
22,0,163.2,52.4,22.7,85.0,131,27.5,29.1,40,185.0,19.67392349
28,1,176.3,78.0,18.8,87.0,129,52.1,13.7,47,239.0,25.09516053
21,1,169.2,64.6,11.3,72.0,125,40.2,25.7,45,252.0,22.56481621
21,1,176.5,78.8,24.7,97.0,159,33.1,10.6,61,165.0,25.29512315
64,1,170.7,62.2,20.3,78.0,117,38.8,16.4,19,200.0,21.34633607
37,0,163.5,52.7,27.2,74.0,109,34.4,-8.2,31,135.0,19.71401584
23,1,175.7,93.0,25.7,74.0,142,64.1,11.6,46,211.0,30.12585806
59,1,175.7,72.1,24.3,99.0,143,40.8,12.2,23,155.0,23.35563835
26,0,158.4,60.4,31.79044,98.0,142,33.8,13.2,35,162.0,24.07279869
60,0,159.3,59.6,26.22061,78.0,135,29.3,19.8,33,150.0,23.48630563
21,1,180.2,80.3,24.7,72.0,124,47.3,10.4,53,239.0,24.72896683
33,1,180.2,68.4,14.5,77.0,127,44.0,16.2,49,232.0,21.0642756
35,0,162.0,48.2,31.3,63.0,107,20.3,21.0,35,146.0,18.36610273
24,1,177.6,76.5,6.6,67.0,142,50.3,19.7,63,248.0,24.25356099
22,1,170.5,77.2,23.2,84.0,134,47.7,21.0,55,233.0,26.55635916
27,0,164.0,59.2,34.3,80.0,120,26.1,10.3,40,166.0,22.01070791
37,1,172.6,75.12,16.8,85.0,141,50.3,18.0,49,226.0,25.2158723
56,0,151.5,54.7,29.7,68.0,143,29.3,26.0,28,147.0,23.83208618
28,1,182.6,71.7,10.2,72.0,133,43.3,18.1,62,269.0,21.50391869
60,1,163.2,72.3,27.3,86.0,136,39.6,11.9,31,195.0,27.14550894
60,1,165.6,70.3,23.4,75.0,125,41.6,14.3,32,191.0,25.635079
35,1,159.4,64.2,24.7,88.0,152,35.6,6.0,34,199.0,25.26727424
22,0,163.4,75.0,33.2,61.0,121,31.5,16.0,39,172.0,28.09035055
36,1,179.7,86.7,22.2,80.0,128,45.6,6.4,49,211.0,26.84868028
27,1,175.3,77.0,9.9,70.0,135,51.0,17.9,67,259.0,25.05687422
50,1,169.5,82.8,30.3,90.0,145,40.9,0.9,36,169.0,28.81979795
29,0,163.5,52.2,22.8,61.0,109,26.4,25.7,44,174.0,19.52697584
40,1,179.8,80.3,24.3,92.0,150,49.0,19.5,41,228.0,24.83911799
23,1,182.7,91.7,28.7,88.0,146,49.4,-4.2,51,208.0,27.47212418
62,1,161.0,66.5,25.4,99.0,157,35.8,9.1,34,177.0,25.65487443
28,1,169.2,72.7,27.3,79.0,133,39.6,14.9,47,212.0,25.39415075
35,1,168.6,68.24,9.6,85.0,135,42.4,14.6,45,235.0,24.0062253
46,1,170.6,86.3,31.5,96.0,154,33.0,2.1,17,151.0,29.6519147
28,1,176.7,85.8,25.7,80.0,138,41.8,9.2,40,240.0,27.47983931
51,1,175.5,76.1,21.5,98.0,138,54.0,19.6,35,222.0,24.70759166
39,1,181.5,79.5,12.2,79.0,123,47.9,23.8,55,277.0,24.13314209
21,1,176.2,94.5,26.5,68.0,132,47.4,-12.3,47,183.0,30.43827247
44,1,172.4,74.8,18.7,75.0,120,45.2,13.7,58,194.0,25.16674652
39,1,173.0,73.2,17.30705,82.0,139,44.6,14.9,60,219.0,24.45788366
32,1,183.9,87.6,29.3,96.0,146,46.6,10.4,36,201.0,25.90243829
63,1,166.6,75.5,31.6,62.0,122,34.1,6.7,17,140.0,27.20175705
28,1,175.5,73.1,23.4,78.0,128,46.1,12.6,41,227.0,23.73357359
32,1,170.7,90.5,36.2,82.0,133,45.1,11.4,33,188.0,31.05857579
54,0,157.7,56.4,27.4,69.0,157,25.2,9.1,0,104.0,22.67857265
25,0,163.5,56.18,28.2,67.0,100,24.9,12.8,27,161.0,21.01581423
48,1,159.7,59.4,18.9,76.0,122,42.1,14.5,50,228.0,23.29038205
44,1,175.6,72.1,15.5,85.0,150,44.6,12.5,40,228.0,23.38224688
27,1,178.2,82.1,16.2,75.0,120,49.3,16.5,55,229.0,25.85400079
64,1,172.0,67.9,15.9,76.0,135,34.3,22.5,51,186.0,22.95159546
26,1,181.9,69.9,11.4,86.0,152,39.3,10.5,63,232.0,21.12573256
64,0,151.6,64.2,39.4,63.0,122,28.1,6.4,7,87.0,27.93422491
21,0,165.3,51.1,23.1,70.0,100,25.9,27.1,44,192.0,18.70144623
60,0,161.0,63.2,28.2,70.0,124,33.1,21.0,39,127.0,24.38177539
41,0,153.8,49.2,27.7,63.0,106,22.8,22.5,32,152.0,20.79947781
44,1,167.1,57.9,24.8,72.0,114,22.5,16.3,24,170.0,20.73603246
35,1,165.0,82.7,28.8,79.0,133,46.0,17.0,40,197.0,30.37649219
38,1,183.6,83.7,17.2,82.0,152,50.6,17.0,52,226.0,24.83019352
39,1,176.8,77.9,15.7,75.0,129,48.1,15.1,49,217.0,24.92142872
26,1,167.3,71.8,15.0,62.0,146,35.9,18.0,54,245.0,25.65266929
37,1,173.6,75.2,18.1,75.0,118,48.1,17.8,53,215.0,24.95274905
28,1,184.8,84.6,17.2,83.0,123,52.5,11.7,56,257.0,24.77230562
21,1,173.7,63.2,9.3,79.0,139,40.3,13.1,57,244.0,20.9467882
21,1,171.5,80.0,20.6,71.0,128,42.6,8.9,44,243.0,27.19955121
27,1,170.5,64.6,22.9,96.0,130,43.9,7.9,55,207.0,22.22203111
30,1,176.1,84.2,14.6,75.0,145,60.8,22.6,46,237.0,27.151472
41,1,172.5,65.8,17.4,92.0,124,51.7,11.3,32,220.0,22.11300147
55,0,152.8,55.6,31.3,78.0,129,23.9,15.7,23,130.0,23.81376607
27,0,166.0,54.1,29.1,75.0,134,22.4,24.6,29,179.0,19.63274786
61,1,173.5,71.0,17.6,90.0,149,51.2,11.7,38,174.0,23.58627677
45,0,160.9,80.9,47.7,80.0,128,28.4,-4.5,2,86.0,31.24902226
37,0,159.0,57.5,27.0,88.0,131,25.1,6.5,27,167.0,22.74435347
25,0,168.1,57.5,30.2,60.0,96,26.9,19.8,30,174.0,20.34850081
33,1,168.3,63.8,17.4,81.0,125,40.6,2.5,45,205.0,22.52435932
55,0,166.0,68.6,28.4,82.0,123,29.9,16.6,24,171.0,24.89475976
30,1,174.1,76.02,16.0,79.0,141,49.6,15.6,55,222.0,25.08016117
55,1,170.1,59.3,15.3,79.0,150,28.4,14.2,42,162.0,20.49491239
61,1,167.4,80.8,29.1,58.0,137,43.8,16.8,28,179.0,28.83370517
22,0,165.8,62.5,33.0,77.0,130,29.7,19.0,30,183.0,22.73583794
26,1,169.2,66.8,13.8,78.0,143,40.3,16.0,54,225.0,23.33327745
22,0,160.2,58.8,31.1,72.0,118,27.9,23.5,54,206.0,22.91143561
41,1,178.2,65.0,13.0,76.0,118,41.9,17.0,44,239.0,20.46906274
24,1,178.7,79.5,23.1,73.0,122,36.5,6.0,30,196.0,24.89533781
21,1,177.7,63.6,11.1,63.0,107,44.9,3.5,44,247.0,20.14105707
24,1,164.9,78.3,25.9,75.0,137,35.7,7.9,19,171.0,28.7952233
48,1,171.0,66.2,17.3,99.0,144,48.8,16.0,49,225.0,22.63944462
62,1,170.8,67.4,22.7,88.0,152,36.5,21.2,21,181.0,23.10383976
25,0,166.3,53.6,20.2,81.0,126,32.8,21.1,54,189.0,19.3811834
32,1,171.5,68.1,19.0,94.0,139,40.9,18.1,50,232.0,23.15361797
42,1,169.9,72.3,14.2,92.0,131,49.6,28.3,62,225.0,25.04675915
21,1,180.0,73.4,20.1,67.0,120,42.1,6.7,54,232.0,22.65432099
37,1,170.5,69.3,23.8,80.0,120,40.1,4.3,41,186.0,23.83880428
48,1,165.2,70.0,29.1,90.0,147,39.5,14.5,44,211.0,25.64944392
32,1,178.1,70.9,17.2,75.0,137,40.9,24.6,33,235.0,22.35210332
39,0,159.6,65.7,35.4,89.0,132,23.7,3.1,28,172.0,25.79286562
23,1,171.1,64.8,14.8,83.0,128,38.2,12.3,55,241.0,22.13476863
34,1,180.3,74.9,18.3,86.0,142,42.7,-13.9,31,214.0,23.04041855
32,0,156.3,61.7,29.7,88.0,124,27.7,21.7,41,165.0,25.25615348
44,0,168.8,52.1,21.6,96.0,148,30.0,25.3,25,173.0,18.28491049
31,0,156.5,54.4,27.3,57.0,108,19.5,4.8,19,161.0,22.2111076
37,1,177.8,88.9,25.5,93.0,153,41.8,13.7,50,183.0,28.12148481
55,1,170.9,70.8,26.1,88.0,142,41.0,12.0,32,180.0,24.24092189
54,1,160.7,59.7,17.2,92.0,139,41.5,19.5,51,206.0,23.11759109
21,1,176.7,80.9,22.9,77.0,125,44.7,13.9,52,219.0,25.91047786
60,0,153.2,61.4,35.7,66.0,103,20.7,5.3,0,70.0,26.16078915
46,1,170.5,75.1,20.1,78.0,133,39.0,18.7,63,206.0,25.83397116
52,1,167.9,69.7,22.5,99.0,158,42.9,18.0,60,206.0,24.72472022
47,0,165.9,58.8,23.9,73.0,119,24.2,25.3,30,160.0,21.36409763
28,1,171.5,69.6,24.2,99.0,153,36.2,6.6,43,220.0,23.66360955
40,1,173.2,67.7,13.1,83.0,144,39.3,18.2,57,218.0,22.56799066
37,1,170.0,74.4,19.4,87.0,133,46.3,17.4,37,224.0,25.74394464
43,1,176.3,69.7,25.3,91.0,144,39.9,20.0,44,196.0,22.42477806
22,1,168.5,65.0,18.7,85.0,131,39.4,14.0,50,258.0,22.89357131
38,1,177.4,81.6,24.6,79.0,129,46.0,16.5,51,232.0,25.92883044
42,0,152.3,52.8,25.9,78.0,122,24.8,17.2,55,166.0,22.76324202
22,1,171.3,74.3,12.1,81.0,141,52.8,21.4,45,214.0,25.32060555
27,1,174.3,65.2,14.6,94.0,146,48.2,22.7,57,266.0,21.46114167
25,1,171.0,62.0,15.8,68.0,132,45.3,6.0,40,235.0,21.20310523
56,0,155.1,58.5,30.6,64.0,128,24.5,19.4,9,122.0,24.31824729
40,1,177.6,88.6,20.3,93.0,138,51.5,12.1,54,224.0,28.08974515
27,1,176.8,68.8,9.0,76.0,114,41.8,19.6,52,258.0,22.01019635
21,0,167.4,55.5,24.0,65.0,117,24.3,27.3,49,217.0,19.80532967
24,1,170.1,76.96,20.6,75.0,119,54.4,10.2,53,197.0,26.59845628
64,1,155.7,61.4,22.1,98.0,137,31.4,14.8,32,180.0,25.3274313
43,1,174.2,77.6,21.1,89.0,143,43.6,22.4,63,240.0,25.57204264
46,1,173.0,72.6,22.8,65.0,126,46.6,14.9,33,210.0,24.2574092
32,1,172.7,68.34,15.3,85.0,142,38.0,23.2,42,224.0,22.91344024
37,1,176.4,75.3,30.7,97.0,159,46.4,8.8,31,183.0,24.19902201
64,0,152.7,59.8,29.5,60.0,110,21.1,23.7,12,134.0,25.64620503
37,1,179.2,89.5,20.2,95.0,145,49.4,21.9,45,232.0,27.87064533
23,1,174.8,89.0,26.9,89.0,145,45.1,9.1,41,228.0,29.12776419
51,1,164.2,62.8,24.4,98.0,137,48.4,7.6,43,220.0,23.29235165
31,0,162.5,56.7,29.8,92.0,132,37.2,18.9,37,151.0,21.47218935
61,0,147.4,51.3,41.3,61.0,114,22.3,19.6,14,123.0,23.61143585
28,1,174.2,75.6,16.6,74.0,117,54.8,12.0,52,240.0,24.91296938
31,1,166.4,64.7,13.1,60.0,123,50.9,11.1,50,223.0,23.36671366
48,0,164.0,65.6,35.6,91.0,146,23.7,24.1,40,142.0,24.3902439
21,1,175.0,61.8,11.0,65.0,120,40.3,11.9,48,232.0,20.17959184
24,0,169.1,50.4,25.9,61.0,116,21.4,33.3,26,182.0,17.62557611
32,1,178.3,70.3,19.2,56.0,132,50.7,0.9,47,230.0,22.1132532
39,0,163.8,73.3,38.8,77.0,118,35.1,12.4,9,125.0,27.31971596
56,1,171.2,75.1,24.8,91.0,159,37.3,-10.6,26,214.0,25.62314394
35,0,163.2,61.2,36.8,74.0,102,23.9,22.9,22,167.0,22.97794118
54,0,155.9,53.2,38.7,85.0,120,15.6,13.8,5,118.0,21.88867142
21,1,177.8,63.1,10.8,86.0,148,51.1,19.0,58,258.0,19.960244
33,1,163.5,54.8,18.5,77.0,122,42.9,18.3,39,209.0,20.49958384
27,1,175.7,82.1,24.2,91.0,128,50.4,1.4,36,234.0,26.59497792
45,1,172.5,85.0,31.1,84.0,135,41.6,8.5,41,195.0,28.56542743
31,1,172.2,68.3,18.4,68.0,110,35.8,17.2,55,201.0,23.03320694
24,1,177.0,55.8,12.8,70.0,115,35.1,2.2,46,212.0,17.81097386
29,1,173.2,98.1,32.5,95.0,133,59.6,10.1,45,215.0,32.70191851
28,0,173.4,66.3,24.5,81.0,125,31.3,26.3,29,157.0,22.05034263
40,0,158.2,55.9,24.9,60.0,106,31.3,23.7,41,163.0,22.33566306
37,1,169.4,73.3,14.2,92.0,140,48.9,10.9,48,242.0,25.54330933
64,0,153.0,53.2,27.7,69.0,129,15.7,20.8,13,136.0,22.72630185
26,1,180.2,79.1,20.0,68.0,120,46.1,15.5,51,225.0,24.35941813
30,1,176.4,71.7,17.9,68.0,130,53.4,24.3,56,210.0,23.04209666
51,1,161.2,56.3,23.7,93.0,136,31.3,7.2,20,183.0,21.6659791
25,0,163.5,54.5,25.0,79.0,112,26.1,25.4,41,175.0,20.38735984
32,0,162.3,50.8,19.5,58.0,101,28.9,18.8,52,163.0,19.28531215
50,1,170.8,74.7,24.6,99.0,147,43.9,22.7,38,187.0,25.60618442
23,0,162.7,51.7,19.0,76.0,110,32.6,21.4,59,200.0,19.53059333
23,1,169.5,74.0,24.8,74.0,134,46.1,18.4,46,222.0,25.75682425
22,0,159.4,48.3,21.3,81.0,128,23.9,17.2,50,166.0,19.00949136
61,1,175.4,71.2,20.2,96.0,149,40.0,10.4,27,186.0,23.14306183
28,1,171.7,73.46,20.7,85.0,147,46.8,22.5,61,238.0,24.91783661
58,1,175.0,73.8,22.2,74.0,120,45.1,9.5,33,197.0,24.09795918
59,1,162.1,66.8,16.8,66.0,123,28.5,9.0,34,174.0,25.42204205
45,0,158.3,55.4,33.9,81.0,111,24.1,21.0,34,165.0,22.10792258
22,0,161.8,63.5,30.3,82.0,131,25.6,34.6,45,175.0,24.25586075
41,0,157.5,51.8,14.2,74.0,137,29.8,30.4,50,194.0,20.88183422
26,0,164.8,46.8,20.7,83.0,125,31.6,18.1,30,131.0,17.23183146
23,0,168.1,55.9,26.3,65.0,97,28.2,15.5,35,160.0,19.78228166
22,0,157.2,58.9,33.2,64.0,122,22.2,9.0,31,159.0,23.83472862
54,1,179.2,88.1,24.4,70.0,131,49.8,-2.0,22,177.0,27.43467993
54,1,157.2,54.0,21.6,90.0,135,33.2,15.5,27,177.0,21.85187343
40,1,178.5,80.1,17.5,82.0,140,57.7,28.8,70,235.0,25.13946755
62,0,164.0,59.0,33.4,66.0,119,24.8,26.8,26,132.0,21.93634741
41,1,186.2,85.0,15.8,95.0,141,52.9,19.1,43,228.0,24.51656224
55,0,154.7,50.6,19.9,70.0,123,19.5,18.8,20,142.0,21.14315967
25,1,176.3,68.1,26.1,82.0,112,31.8,-5.8,30,165.0,21.91000554
57,1,162.4,65.8,27.6,73.0,117,38.2,10.8,23,160.0,24.94904026
23,0,160.8,60.2,21.0,70.0,122,24.9,22.3,43,158.0,23.28222074
26,1,180.8,69.26,13.6,80.0,120,44.0,1.5,53,249.0,21.18778879
54,0,147.7,60.9,36.6,80.0,129,19.7,6.4,18,129.0,27.91620006
23,1,170.0,68.2,23.0,77.0,118,40.0,6.6,52,184.0,23.59861592
21,0,154.6,54.8,35.2,78.0,116,24.4,25.5,44,155.0,22.92775748
59,1,166.5,67.6,28.6,77.0,136,36.1,4.0,37,149.0,24.38474511
23,0,160.8,45.5,15.0,67.0,101,26.7,15.0,35,152.0,17.5970273
21,1,181.7,74.9,12.2,70.0,146,46.7,22.4,56,269.0,22.68673317
60,1,159.1,70.6,30.8,95.0,142,34.2,6.8,30,180.0,27.89101645
25,1,171.4,65.7,10.7,87.0,142,49.9,15.7,62,256.0,22.36370395
21,0,155.1,41.56,21.8,72.0,124,23.4,14.6,46,169.0,17.27634799
41,0,157.2,61.7,37.0,72.0,122,17.6,-0.7,17,113.0,24.96778872
58,0,154.7,51.0,26.4462,60.0,117,25.9,23.2,20,141.0,21.31029927
28,1,175.7,88.4,32.8,66.0,119,39.9,6.1,47,219.0,28.63576186
22,0,158.1,76.1,40.7,67.0,106,26.3,5.2,29,137.0,30.4453462
36,1,167.0,73.1,24.8,72.0,142,38.0,14.1,45,227.0,26.21105095
48,1,169.9,79.6,24.1,99.0,153,42.9,4.1,49,166.0,27.57568504
27,1,171.5,71.7,21.9,80.0,118,41.9,21.5,52,210.0,24.37759777
35,1,171.5,69.9,20.5,95.0,140,47.9,19.9,60,220.0,23.76560787
48,0,162.2,60.9,20.4,79.0,119,34.4,25.9,40,173.0,23.14811295
24,0,158.3,52.3,32.8,72.0,120,26.6,18.0,43,170.0,20.87083666
25,1,180.6,83.7,14.5,64.0,111,46.5,15.2,56,212.0,25.66196841
24,0,170.6,75.5,31.3,63.0,135,31.6,14.4,46,213.0,25.94113047
24,1,186.2,82.5,22.2,68.0,117,33.3,5.0,52,206.0,23.79548688
51,1,179.3,79.3,20.9,51.0,137,56.4,20.2,30,235.0,24.66678839
37,1,171.9,67.4,20.8,88.0,153,44.0,27.0,44,211.0,22.80909968
55,0,161.4,48.9,21.0,79.0,130,20.2,13.5,31,139.0,18.77162191
54,0,162.4,56.2,23.7,96.0,145,28.0,16.6,19,143.0,21.3090587
23,0,161.7,58.4,21.6,80.0,123,34.7,24.7,51,190.0,22.33535231
26,0,165.9,59.3,25.4,74.0,123,29.4,26.8,44,211.0,21.54576513
60,0,159.2,58.1,28.9,72.0,130,27.8,6.6,10,110.0,22.92397919
22,0,160.1,48.0,21.7,69.0,122,22.9,24.1,49,178.0,18.72658445
29,1,170.0,85.3,22.8,72.0,120,43.6,18.0,45,211.0,29.51557093
56,1,166.0,77.4,26.3,85.0,155,38.8,3.5,22,184.0,28.08825664
25,1,174.5,67.5,12.1,61.0,113,40.4,5.1,47,230.0,22.16730569
33,0,163.7,49.1,25.8,81.0,117,21.6,13.9,38,191.0,18.32247481
57,0,161.3,59.8,29.1,73.0,135,23.1,15.3,7,119.0,22.98436179
37,1,175.1,63.3,12.1,89.0,151,42.3,15.6,45,219.0,20.64578583
40,0,160.5,68.8,35.1,66.0,109,20.5,2.0,16,119.0,26.70781534
23,1,181.2,83.6,23.1,81.0,129,46.2,18.8,62,221.0,25.46184622
24,0,166.6,66.0,30.2,53.0,128,31.3,22.0,40,165.0,23.77901941
36,1,177.6,88.5,24.7,91.0,139,43.4,6.3,32,178.0,28.05804115
60,0,163.2,74.5,38.8,68.0,118,26.6,19.9,13,113.0,27.97151336
40,0,167.8,51.7,18.9,74.0,122,29.0,23.4,39,182.0,18.36143545
45,1,160.1,64.8,46.1,82.0,113,15.6,1.3,3,43.0,25.28088901
26,1,164.8,60.74,16.0,91.0,136,40.6,25.4,51,226.0,22.36456075
26,1,177.0,83.6,23.0,84.0,146,58.8,24.0,49,209.0,26.68454148
24,1,177.7,100.5,27.3,85.0,141,47.4,11.0,46,218.0,31.82667037
21,1,174.5,67.5,13.7,83.0,128,42.2,18.8,58,207.0,22.16730569
56,1,178.0,71.9,17.6,76.0,133,29.6,4.9,41,175.0,22.69284181
63,1,165.5,68.3,23.4,92.0,157,39.3,13.0,29,146.0,24.93588047
26,0,168.4,54.3,26.1,78.0,119,26.9,23.9,40,167.0,19.14765771
24,1,178.4,71.8,15.1,99.0,138,46.6,10.7,54,251.0,22.55977397
32,1,176.6,75.6,21.8,72.0,103,40.6,14.9,31,215.0,24.24043433
23,1,174.8,73.8,21.3,72.0,126,33.9,-0.9,39,191.0,24.1531348
50,1,170.4,69.5,25.1,84.0,129,37.5,14.9,36,205.0,23.93567193
37,1,176.5,77.9,20.6,95.0,154,52.1,18.3,45,237.0,25.00621945
26,0,161.4,53.1,20.3,80.0,121,29.9,23.4,50,170.0,20.38390846
24,0,163.2,59.26,32.9,80.0,127,27.0,20.9,44,140.0,22.24955546
53,0,157.1,47.5,34.4,85.0,130,22.3,23.8,23,139.0,19.2460336
28,0,160.8,66.74,31.3,85.0,135,23.2,15.8,28,140.0,25.81155169
38,1,171.9,78.0,21.0,77.0,131,43.2,8.7,44,224.0,26.39628746
61,1,178.5,74.6,16.4,97.0,156,54.5,15.2,43,155.0,23.41328688
33,0,159.0,45.1,15.2,90.0,119,22.7,23.2,41,166.0,17.8394842
62,0,153.5,52.2,22.6,66.0,109,15.5,14.1,0,88.0,22.15408121
60,1,164.9,67.0,23.9,88.0,159,36.5,10.0,27,180.0,24.63959082
25,1,168.8,71.76,16.7,73.0,134,45.4,16.6,54,214.0,25.18474428
61,1,169.8,73.7,26.9,73.0,140,39.5,4.2,24,177.0,25.56184023
25,1,176.5,80.6,17.2,83.0,128,47.5,26.0,53,231.0,25.87293053
35,1,180.5,73.1,15.1,84.0,144,37.9,25.6,43,185.0,22.43690579
25,0,164.7,55.5,20.65127,70.0,130,29.9,28.2,48,188.0,20.46000732
23,1,185.3,80.3,21.7,82.0,143,42.7,11.0,64,162.0,23.38647179
24,1,169.6,67.2,16.4,60.0,110,43.7,2.4,32,207.0,23.36240655
22,1,178.4,78.6,15.7,81.0,134,41.5,12.6,47,235.0,24.69635424
50,0,155.4,50.0,28.5,73.0,125,24.6,14.9,20,134.0,20.70465391
26,0,157.6,50.1,23.9,63.0,111,24.2,22.0,52,160.0,20.17090108
24,1,164.9,57.4,14.2,81.0,154,37.1,13.9,45,226.0,21.10914199
52,1,167.2,79.2,28.5,84.0,149,40.2,3.5,38,181.0,28.33039537
41,0,156.8,61.7,28.8,82.0,152,22.6,22.5,34,143.0,25.09533788
52,1,178.5,91.6,24.7,96.0,145,39.1,10.9,31,170.0,28.7487544
46,1,173.2,74.0,25.5,93.0,151,40.0,12.2,44,193.0,24.66811386
57,1,160.5,66.62,24.6,93.0,135,47.6,15.8,41,196.0,25.86155026
45,0,162.0,51.4,27.9,79.0,128,24.3,27.0,35,135.0,19.58542905
47,1,165.2,74.9,27.1,78.0,134,40.7,13.7,24,151.0,27.44490499
64,1,183.5,75.4,17.2,80.0,143,46.5,21.0,34,188.0,22.39232603
23,0,167.2,60.3,26.1,54.0,104,25.4,30.3,47,198.0,21.56973284
37,1,171.1,84.2,20.7,64.0,125,40.9,-3.9,51,210.0,28.76153578
35,1,178.1,80.4,27.5,89.0,140,48.2,20.0,45,202.0,25.34709601
26,0,168.5,78.24,35.3,65.0,124,35.7,21.5,53,161.0,27.55681568
57,1,168.7,73.1,28.2,70.0,122,33.7,12.0,45,177.0,25.68545195
61,0,154.9,54.3,25.7,74.0,133,26.1,24.3,28,101.0,22.63064823
64,0,164.8,70.5,33.1,75.0,151,27.0,17.0,22,120.0,25.95820765
22,1,174.1,61.0,10.9,85.0,128,37.2,17.2,51,248.0,20.12483335
21,1,173.1,69.5,17.0,83.0,122,42.7,1.7,53,238.0,23.19480196
42,1,175.0,78.6,25.9,93.0,157,43.4,24.4,47,211.0,25.66530612
53,0,161.8,61.7,33.6,83.0,127,27.1,16.3,16,134.0,23.56829304
61,0,153.4,49.1,33.6,70.0,127,25.7,24.8,26,120.0,20.86559497
45,1,173.7,74.2,19.2,87.0,149,42.9,19.1,36,208.0,24.59258994
24,1,170.9,71.8,20.3,78.0,143,42.7,18.2,45,218.0,24.5833078
55,1,170.0,75.5,20.6,67.0,114,45.4,12.5,40,216.0,26.12456747
29,1,177.8,76.4,15.8,87.0,155,42.8,14.4,46,244.0,24.16739527
21,0,167.5,50.98,24.8,75.0,132,24.8,20.2,40,168.0,18.17063934
21,0,172.1,59.2,21.6,61.0,100,30.6,21.0,53,182.0,19.98756854
30,0,152.4,47.8,20.6483,73.0,120,26.0,27.8,46,167.0,20.58059672
31,1,175.0,79.4,18.7,88.0,146,61.3,27.4,47,251.0,25.92653061
57,0,160.1,43.7,18.4,62.0,127,25.2,20.8,16,144.0,17.0489946
56,0,156.1,53.9,33.3,80.0,131,23.0,17.1,22,119.0,22.1198898
51,1,174.3,59.1,14.4,84.0,136,53.2,9.7,37,211.0,19.45327412
24,0,159.3,68.9,39.1,63.0,127,24.5,19.3,30,168.0,27.15111507
35,0,160.9,46.4,22.5,68.0,103,23.1,-3.8,24,153.0,17.9228014
26,1,179.4,85.9,19.0,71.0,136,62.3,25.2,48,256.0,26.68998234
52,1,174.6,66.7,19.6,82.0,122,37.0,-10.5,24,170.0,21.87949809
27,1,181.4,83.1,19.5,91.0,135,44.9,19.0,53,232.0,25.25378381
26,1,169.3,56.8,9.0,70.0,113,42.3,23.7,21,197.0,19.81684076
23,0,165.9,55.5,26.9,70.0,121,19.6,18.7,48,155.0,20.16509215
34,1,164.4,67.3,19.4,83.0,134,44.7,10.6,41,216.0,24.90069322
47,1,164.4,72.9,25.3,85.0,135,46.4,7.6,36,192.0,26.9726677
21,1,176.2,71.6,9.4,72.0,128,45.63,13.0,65,265.0,23.06222549
41,1,175.6,74.1,18.1,78.0,135,58.3,15.6,50,234.0,24.03085289
42,1,184.9,85.9,26.2,99.0,147,39.2,-1.3,39,196.0,25.12576778
21,1,181.7,84.7,24.7,70.0,144,41.0,-2.7,46,223.0,25.65509078
61,0,161.4,58.1,26.1,92.0,137,29.0,21.5,19,155.0,22.3032972
54,1,176.0,68.9,18.9,82.0,149,40.2,10.5,44,182.0,22.24302686
62,0,144.9,47.9,36.6,93.0,159,15.4,11.5,5,91.0,22.81385844
22,1,173.5,71.9,26.9,76.0,122,36.8,-8.3,45,194.0,23.88525775
27,0,162.9,74.8,31.5,62.0,118,42.3,26.2,46,180.0,28.18768628
39,1,167.8,60.7,18.9,72.0,131,40.9,21.4,28,186.0,21.55781686
51,0,147.0,64.4,45.7,73.0,126,12.9,8.4,2,110.0,29.80239715
52,1,178.1,76.5,21.1,80.0,117,52.0,15.4,38,200.0,24.11757269
61,0,154.8,54.6,26.8,67.0,114,23.5,24.8,25,151.0,22.78508904
36,0,161.2,57.4,35.9,63.0,100,24.0,21.9,20,149.0,22.08929308
48,1,174.3,76.8,20.7,98.0,156,41.0,20.1,49,243.0,25.2793816
38,1,169.0,73.2,30.5,76.0,123,44.0,16.9,45,212.0,25.62935471
34,1,182.2,71.9,13.8,76.0,146,51.2,20.8,61,233.0,21.658688
24,0,169.6,58.7,26.9,83.0,124,25.4,20.0,36,195.0,20.40734025
25,1,170.5,68.1,10.8,67.0,112,39.7,9.4,59,247.0,23.42601113
35,1,169.8,70.82,25.1,76.0,115,45.2,12.6,42,219.0,24.56295149
39,1,177.0,83.0,28.1,76.0,132,46.2,1.3,20,210.0,26.49302563
56,0,149.0,46.7,23.2,95.0,157,25.0,28.0,41,186.0,21.03508851
31,1,172.0,78.5,17.1,80.0,130,51.3,15.3,60,250.0,26.5346133
49,0,158.4,47.22,23.2,95.0,156,28.0,16.0,25,142.0,18.81982706
30,1,169.3,71.6,17.8,75.0,117,52.0,8.5,44,220.0,24.98038377
25,0,161.9,57.1,36.9,95.0,143,28.7,23.6,38,161.0,21.78423988
61,1,167.9,65.7,12.9,71.0,132,39.4,15.0,34,166.0,23.30579796
60,1,171.8,68.3,21.2,92.0,154,39.7,16.5,35,183.0,23.14058771
26,1,183.6,91.6,24.4,67.0,132,52.7,14.7,39,209.0,27.17378406
26,1,177.8,71.0,17.5,57.0,112,48.3,-6.0,35,190.0,22.45922859
29,1,178.7,73.2,19.2,87.0,141,42.4,9.0,32,223.0,22.92249972
45,1,172.5,76.8,22.7,91.0,134,42.5,5.5,43,214.0,25.80970384
25,0,158.8,43.2,29.1,80.0,120,18.2,18.6,25,132.0,17.1310014
56,0,162.7,49.0,24.3,72.0,125,23.9,23.4,21,164.0,18.51062037
49,1,170.8,73.2,19.2,96.0,142,41.6,9.3,46,178.0,25.09200401
46,1,179.0,78.4,20.8,92.0,150,45.3,17.6,35,181.0,24.46864954
59,0,160.0,58.7,26.0,66.0,105,28.3,27.3,25,127.0,22.9296875
39,1,170.2,80.1,28.4,87.0,142,49.4,9.9,39,179.0,27.65116314
50,0,150.5,52.7,31.1,61.0,105,19.4,22.9,29,133.0,23.26685136
59,0,152.3,54.7,36.2,80.0,153,23.3,28.2,20,155.0,23.58237384
61,0,159.8,53.3,23.8,80.0,128,33.5,29.5,39,169.0,20.87246104
60,0,151.3,51.0,31.5,87.0,148,23.1,17.2,0,105.0,22.27882695
55,1,171.8,65.0,17.5,72.0,116,36.7,27.8,23,203.0,22.02252125
34,0,159.9,50.2,28.2,60.0,117,25.4,17.0,35,150.0,19.63390972
25,1,173.4,72.32,18.7,80.0,128,45.8,12.0,52,229.0,24.05250044
22,0,166.8,54.6,23.9,68.0,102,28.9,25.5,37,175.0,19.6245881
24,0,166.6,50.5,17.7,60.0,105,22.6,31.0,50,198.0,18.19455273
47,0,168.6,67.3,26.4,98.0,156,26.3,14.8,23,148.0,23.67554165
32,0,164.4,57.3,26.2,61.0,100,29.1,24.6,30,159.0,21.20073881
30,0,164.2,58.9,35.8,82.0,120,22.5,2.9,0,120.0,21.84585211
39,1,173.2,75.9,22.0,94.0,147,43.3,10.8,35,211.0,25.30148435
24,0,157.8,54.3,29.4,75.0,110,30.0,22.3,25,158.0,21.80649327
23,0,161.4,53.52,23.5,79.0,109,32.0,22.3,52,182.0,20.54513711
30,0,161.9,67.9,16.5,81.0,127,44.1,25.1,39,222.0,25.90455146
62,0,153.3,54.9,30.4,83.0,157,21.3,25.0,19,121.0,23.3608174
58,0,156.7,58.1,28.8,95.0,159,26.6,21.2,30,150.0,23.6612748
61,0,147.5,52.2,36.2,82.0,158,19.5,19.3,20,122.0,23.99310543
27,1,169.3,71.02,23.0,83.0,135,37.3,13.6,42,198.0,24.77802871
21,0,163.5,47.5,19.0,74.0,110,24.5,15.3,27,153.0,17.76879986
27,1,184.5,81.5,21.5,91.0,151,36.7,11.7,47,227.0,23.94224484
60,0,156.0,60.3,32.3,83.0,137,25.2,23.0,13,152.0,24.77810651
60,1,175.3,76.3,19.4,81.0,141,44.7,13.8,36,177.0,24.82908446
23,1,171.9,65.9,15.5,67.0,115,52.1,16.3,42,250.0,22.30147877
34,0,164.8,59.9,24.4,74.0,126,30.4,28.7,45,186.0,22.05527147
25,1,171.4,85.7,28.7,79.0,131,41.1,3.6,40,215.0,29.17152859
45,1,164.7,56.1,14.1,88.0,136,41.0,14.5,48,216.0,20.68119659
33,0,165.3,91.6,42.7,63.0,103,28.1,9.4,19,121.0,33.5235318
21,0,161.6,56.2,35.2,96.0,136,27.0,19.2,50,182.0,21.52056171
27,1,180.6,75.4,18.4,81.0,149,46.1,5.7,47,222.0,23.11723319
32,1,172.5,73.9,20.0,77.0,137,37.0,10.6,45,200.0,24.83511867
36,1,168.4,68.8,23.8,87.0,158,39.0,22.1,55,214.0,24.26075231
23,1,174.2,66.0,16.8,52.0,105,37.7,-4.9,47,189.0,21.74941771
32,1,173.2,71.0,14.7,71.0,103,54.2,18.4,55,244.0,23.66805519
21,1,178.5,69.3,14.3,81.0,137,40.8,18.1,54,232.0,21.74987642
30,1,169.5,71.9,20.6,72.0,125,45.9,13.0,66,235.0,25.02588735
41,1,179.3,73.4,18.0,99.0,150,43.3,17.3,47,246.0,22.83155445
60,0,161.0,54.1,33.5,88.0,132,19.8,11.6,3,157.0,20.87110837
26,0,157.7,51.4,19.6,71.0,111,30.1,19.5,49,171.0,20.66806089
33,1,172.7,66.1,18.3,70.0,107,42.4,18.0,51,221.0,22.16239976
60,1,166.8,54.2,13.2,88.0,146,44.3,15.7,45,191.0,19.48081822
27,0,168.2,67.24,29.4,83.0,124,37.5,26.0,45,173.0,23.76707419
24,0,162.3,59.3,29.7,66.0,109,22.7,20.6,32,138.0,22.51218524
25,1,171.6,71.1,19.2,83.0,120,53.9,19.6,60,247.0,24.14543498
42,1,168.0,61.0,14.9,94.0,151,28.9,1.0,32,230.0,21.61281179
59,1,165.5,84.7,32.1,77.0,144,42.6,-1.5,18,171.0,30.92341253
37,0,178.2,74.9,23.8,77.0,128,44.7,22.3,46,191.0,23.58665845
22,1,175.6,96.4,36.6,95.0,158,41.5,-0.4,34,159.0,31.26280997
22,0,159.4,61.3,37.2,60.0,106,26.2,11.3,36,154.0,24.12591761
54,0,160.4,54.1,36.3,95.0,151,20.4,17.0,14,140.0,21.02754336
42,0,161.3,60.2,26.6,74.0,130,32.2,22.1,32,174.0,23.13810334
29,1,168.0,83.5,24.8,70.0,122,47.7,15.8,62,229.0,29.58475057
56,1,177.3,74.0,19.9,82.0,133,39.4,12.0,30,210.0,23.54042225
22,1,168.0,63.2,18.9,62.0,110,39.9,-9.8,45,220.0,22.39229025
27,1,162.3,67.66,20.9,70.0,130,31.4,19.0,44,205.0,25.68590984
25,1,171.9,64.9,13.8,65.0,126,45.4,20.8,57,234.0,21.96306483
49,0,149.8,42.6,18.8,85.0,131,22.1,14.0,23,150.0,18.98392338
52,1,167.8,61.8,22.2,85.0,139,47.0,22.8,27,220.0,21.9484857
25,1,179.4,81.36,25.3,68.0,121,44.8,2.9,56,215.0,25.27935929
64,1,166.2,67.0,21.2,74.0,134,48.1,13.6,37,188.0,24.25564143
52,0,155.4,59.6,30.5,79.0,126,30.0,2.8,25,137.0,24.67994746
29,1,183.9,75.7,18.9,89.0,151,40.7,8.9,40,206.0,22.38372806
61,1,177.8,78.1,15.1,71.0,127,51.9,3.5,47,140.0,24.70515145
35,1,179.3,70.1,14.0,72.0,120,45.1,18.9,50,272.0,21.80506767
26,1,176.4,87.56,26.0,80.0,120,50.1,12.6,38,239.0,28.13899558
28,0,174.4,69.2,20.3,53.0,123,36.9,27.8,38,175.0,22.75166232
23,1,170.5,66.9,11.9,66.0,121,43.9,15.1,56,222.0,23.01321798
44,1,185.3,82.7,19.0,71.0,111,39.1,8.5,40,220.0,24.08544479
35,1,183.0,86.7,18.7,88.0,134,55.6,14.7,51,227.0,25.88909791
28,0,162.5,64.3,26.8,80.0,144,25.7,18.7,43,164.0,24.35029586
62,0,145.0,50.2,33.3,81.0,120,23.5,21.8,18,129.0,23.87633769
60,1,173.6,74.6,21.8,73.0,136,43.9,24.6,25,174.0,24.75365797
37,1,169.8,66.9,24.2,70.0,110,37.8,15.5,37,213.0,23.20335294
21,1,172.1,66.2,14.8,66.0,123,43.1,28.2,56,283.0,22.35096347
59,1,171.8,82.0,28.0,94.0,152,36.2,-13.6,23,175.0,27.78225757
30,1,173.0,74.12,23.7,79.0,138,43.1,5.9,45,200.0,24.76527782
25,1,165.0,55.8,15.7,77.0,126,36.4,16.3,53,229.0,20.49586777
39,1,167.0,58.4,17.5,83.0,130,43.4,12.6,35,222.0,20.94015562
22,0,157.6,54.5,28.5,69.0,114,23.5,22.5,44,162.0,21.94239738
24,0,159.0,79.7,45.4,77.0,121,16.5,6.3,16,62.0,31.52565168
55,1,173.6,77.76,22.1,80.0,120,41.9,-7.8,53,186.0,25.80220434
21,1,173.7,74.2,22.7,65.0,114,43.9,19.7,45,240.0,24.59258994
28,1,181.3,82.9,20.9,98.0,144,50.0,16.0,54,228.0,25.22080373
41,0,164.5,61.0,34.1,86.0,122,26.8,9.4,29,148.0,22.54228989
51,1,168.6,77.8,23.8,87.0,155,45.9,24.0,43,210.0,27.3693483
28,1,171.4,62.1,11.5,82.0,123,34.3,23.4,55,243.0,21.13829551
36,1,174.8,77.9,24.0,76.0,124,49.1,12.5,44,223.0,25.49497562
34,0,155.2,57.7,32.5,82.0,129,25.8,26.4,36,168.0,23.95479063
60,0,160.9,63.9,28.6,81.0,144,27.3,24.5,21,134.0,24.68247865
28,0,166.1,65.6,31.2,78.0,120,29.0,11.4,46,165.0,23.77741153
21,0,156.0,55.7,33.6,83.0,121,29.3,33.2,39,187.0,22.8879027
28,0,164.0,53.2,21.6,64.0,111,27.3,14.9,37,193.0,19.77989292
26,1,169.2,56.5,13.9,93.0,143,45.8,21.1,53,236.0,19.73548167
32,1,180.2,58.44,9.4,86.0,124,43.0,22.9,38,196.0,17.99702144
52,1,176.4,73.1,18.2,66.0,116,44.6,18.9,53,229.0,23.49201207
51,0,165.0,60.6,33.5,88.0,128,27.5,20.5,27,97.0,22.25895317
50,1,165.5,71.6,19.5,80.0,146,45.1,0.8,45,217.0,26.14068875
34,0,158.5,58.9,25.1,67.0,112,27.0,21.3,25,159.0,23.44535223
23,1,166.4,65.2,18.1,72.0,113,37.0,10.2,53,212.0,23.54729105
48,1,165.0,59.3,28.7,90.0,128,32.0,23.0,40,185.0,21.78145087
45,1,182.7,79.8,25.4,77.0,124,38.0,16.1,26,182.0,23.90703936
23,0,168.7,62.14,27.6,67.0,112,27.3,21.1,30,161.0,21.83439103
29,1,171.0,70.6,17.7,80.0,141,43.9,22.4,57,234.0,24.14418112
40,1,169.1,74.6,22.1,65.0,115,16.7,7.8,48,214.0,26.08865035
63,0,154.0,47.0,31.8,95.0,145,21.5,-4.0,0,70.0,19.81784449
37,1,171.2,79.1,23.6,82.0,148,55.8,14.4,33,214.0,26.98789196
21,1,167.9,69.1,21.4,81.0,133,39.4,12.0,43,200.0,24.51188188
52,0,152.1,49.5,30.0,79.0,130,19.7,25.5,41,110.0,21.39669868
21,1,175.1,103.6,39.1,89.0,147,28.8,-14.3,20,119.0,33.78994332
36,1,184.2,80.0,10.8,63.0,124,37.4,20.6,71,202.0,23.57820478
28,1,176.2,62.86,18.9,71.0,130,38.0,17.0,59,239.0,20.24708791
34,1,172.4,74.4,18.6,66.0,131,46.3,22.0,39,218.0,25.03216499
23,1,160.3,63.9,20.3,67.0,143,46.1,9.8,66,173.0,24.86759659
42,1,169.1,69.0,21.5,90.0,143,44.7,18.2,34,206.0,24.13025301
41,1,174.4,73.9,22.8,81.0,135,49.8,18.5,33,226.0,24.29693418
60,0,148.5,55.0,32.0,58.0,105,19.9,14.2,15,108.0,24.94076568
26,1,172.3,65.9,14.4,73.0,121,43.1,11.7,50,237.0,22.19805176
49,1,176.7,63.9,17.8,91.0,159,36.7,-8.2,30,213.0,20.46575445
25,1,184.5,85.9,18.6,72.0,118,46.5,17.0,52,195.0,25.23483229
60,0,157.6,57.2,34.4,80.0,126,23.2,17.4,17,110.0,23.02945193
27,1,181.2,68.4,21.2,68.0,131,34.8,-2.2,45,215.0,20.83241963
46,0,150.0,72.8,41.2,97.0,138,21.4,15.0,28,150.0,32.35555556
39,1,175.8,89.2,23.1,95.0,145,61.8,3.0,51,240.0,28.86204589
63,1,172.4,71.66,18.9,79.0,152,43.1,15.8,38,173.0,24.11028149
22,0,166.0,59.88,22.7,93.0,150,34.5,18.3,52,202.0,21.73029467
32,1,172.8,76.1,16.8,54.0,118,57.4,18.3,55,239.0,25.48573603
61,1,167.8,64.2,17.2,79.0,124,43.0,21.4,35,191.0,22.80085407
38,0,161.0,70.8,42.0,99.0,143,26.9,13.4,24,120.0,27.31376104
21,0,156.9,45.7,19.7,74.0,128,22.7,30.7,57,206.0,18.5639467
25,1,172.8,95.0,54.9,90.0,131,37.5,5.6,28,203.0,31.81530778
63,1,163.4,68.1,23.8,79.0,155,36.5,19.0,33,187.0,25.5060383
24,1,176.3,73.7,13.7,93.0,152,45.8,14.6,46,226.0,23.71170937
21,1,170.0,61.7,18.1,68.0,125,37.5,13.6,48,226.0,21.34948097
48,0,161.3,77.4,41.8,68.0,117,36.4,7.5,30,160.0,29.74899001
25,0,168.0,64.5,30.9,44.0,113,31.6,17.3,33,182.0,22.85289116
48,1,178.1,89.7,27.5,81.0,114,35.9,-7.5,26,180.0,28.27903622
22,0,163.0,52.7,31.4,99.0,144,25.4,-6.9,29,142.0,19.83514622
37,1,171.2,70.5,23.1,87.0,142,39.2,10.5,58,204.0,24.05368373
37,0,167.0,57.3,21.2,72.0,115,25.4,28.1,31,145.0,20.54573488
31,1,179.9,78.4,17.8,86.0,129,39.3,5.7,36,205.0,24.22443943
54,1,165.0,60.9,15.0,88.0,150,41.2,18.9,34,189.0,22.36914601
30,1,176.2,83.9,19.4,82.0,150,43.8,13.1,53,218.0,27.02403239
35,1,186.2,80.5,16.1,76.0,110,54.8,11.8,40,254.0,23.21862659
29,0,161.5,59.0,28.1,85.0,142,30.4,25.0,40,174.0,22.62074783
22,0,164.6,54.1,27.6,65.0,110,28.9,18.8,50,158.0,19.96813956
25,0,163.3,58.8,31.7,89.0,133,24.3,23.0,51,182.0,22.04981533
24,1,179.5,78.9,15.9,90.0,157,46.0,6.2,45,167.0,24.48770571
61,1,170.0,80.2,37.6,96.0,158,31.4,3.0,29,151.0,27.75086505
63,0,151.6,49.62,37.1,95.0,156,20.3,14.9,15,51.0,21.59028411
57,1,171.0,78.1,29.1,98.0,152,36.2,10.5,17,163.0,26.70907288
33,1,172.7,87.3,28.8,83.0,145,40.2,12.0,50,212.0,29.27046141
37,1,179.7,79.3,22.9,89.0,155,41.2,16.8,45,210.0,24.55709742
60,1,165.9,61.3,21.5,75.0,127,41.3,17.0,29,206.0,22.27243512
56,0,155.0,50.4,31.8,83.0,123,18.6,14.0,23,144.0,20.97814776
32,0,151.2,52.4,31.7,90.0,133,23.0,19.7,33,104.0,22.92069091
26,0,177.9,62.0,16.4,75.0,121,33.4,32.7,62,196.0,19.59024166
29,1,170.7,66.4,16.5,77.0,122,48.7,17.1,55,230.0,22.78772853
22,1,178.0,77.94,19.6,73.0,134,40.4,24.8,54,236.0,24.59916677
22,1,174.5,79.4,24.1,76.0,134,41.7,7.8,42,195.0,26.07531958
26,0,166.9,64.8,26.8,76.0,130,35.0,23.2,44,171.0,23.26281851
38,1,172.3,80.4,25.0,71.0,126,41.2,15.6,43,226.0,27.08229683
21,1,184.0,95.0,21.9,93.0,142,54.7,-5.1,55,229.0,28.0600189
55,0,156.1,56.02,32.6,72.0,117,27.9,16.8,20,119.0,22.98991144
21,1,174.6,79.4,18.3,88.0,140,38.3,10.8,46,222.0,26.0454595
36,1,172.5,72.7,21.8,80.0,136,46.5,28.0,48,225.0,24.43184205
34,0,167.6,60.0,25.2,71.0,101,20.1,20.3,39,137.0,21.36009706
21,1,179.2,72.4,13.6,81.0,139,53.3,20.2,51,240.0,22.54563935
59,1,160.7,56.8,18.2,90.0,142,29.1,15.9,45,187.0,21.99462603
39,1,180.5,77.1,12.8,84.0,144,47.8,16.2,49,219.0,23.66464346
57,0,163.8,61.1,31.9,69.0,118,19.2,12.8,7,138.0,22.77264182
25,1,170.3,68.3,19.2,84.0,136,36.7,18.5,49,209.0,23.55002691
23,0,166.1,67.2,35.8,79.0,131,24.3,16.3,25,164.0,24.3573484
25,1,168.7,74.0,21.4,82.0,130,39.7,14.1,45,158.0,26.0016887
22,1,178.1,70.2,8.4,75.0,123,38.1,17.6,55,260.0,22.13141965
51,1,172.6,70.74,15.1,77.0,138,26.8,18.1,54,216.0,23.74561777
25,0,161.8,57.7,21.7,74.0,115,29.3,26.6,50,190.0,22.04036481
50,0,163.6,50.6,22.1,80.0,140,25.3,25.1,31,128.0,18.90531501
53,1,169.1,74.3,23.2,69.0,116,38.0,20.1,32,178.0,25.98373621
35,1,173.6,84.08,25.4,97.0,157,48.8,26.4,58,229.0,27.89929708
51,0,167.2,58.52,27.3,80.0,128,19.6,12.8,21,165.0,20.93301435
21,1,180.0,76.6,25.5,90.0,134,39.9,13.6,28,219.0,23.64197531
56,1,162.8,65.8,23.6,79.0,121,37.9,-3.9,33,163.0,24.82659117
22,1,180.2,68.4,13.8,79.0,134,43.1,7.3,62,284.0,21.0642756
64,1,167.0,67.9,27.8,88.0,137,26.0,15.6,22,170.0,24.34651655
46,1,173.0,68.3,21.1,87.0,120,45.2,4.7,46,211.0,22.8206756
25,1,174.4,65.3,16.3,76.0,130,42.0,23.1,46,222.0,21.46941545
34,1,166.8,63.0,15.7,73.0,138,44.5,18.3,65,241.0,22.6437555
60,1,167.8,69.3,24.3,93.0,148,41.7,13.7,37,189.0,24.61213687
21,1,182.0,77.3,14.1,69.0,127,47.9,17.1,57,262.0,23.33655356
31,1,168.4,86.5,35.3,96.0,152,42.8,1.2,32,174.0,30.50225399
21,0,160.8,48.9,27.3,68.0,113,26.5,17.0,47,193.0,18.91197
37,0,166.0,55.2,14.4,77.0,122,26.0,28.9,33,165.0,20.03193497
58,1,163.2,54.1,14.0,79.0,149,32.4,14.1,46,187.0,20.31219963
22,0,160.1,55.1,26.9,59.0,110,30.3,19.8,58,171.0,21.4965584
25,1,178.2,74.0,21.3,80.0,130,48.3,16.3,52,230.0,23.30324066
22,0,167.1,55.5,28.0,89.0,122,23.2,13.6,38,179.0,19.87650779
22,1,171.2,59.9,18.7,81.0,148,43.2,11.4,45,242.0,20.43710149
24,0,160.7,49.4,27.8,66.0,148,20.0,13.0,26,100.0,19.12912898
43,1,169.4,69.7,25.7,87.0,149,38.5,15.0,41,222.0,24.28879482
42,1,176.2,73.5,16.3,62.0,112,53.8,20.3,52,251.0,23.67421192
54,0,162.0,66.1,33.7,96.0,145,30.3,20.0,16,145.0,25.18670934
25,1,172.0,64.5,22.9,62.0,96,37.3,-5.6,46,193.0,21.80232558
34,1,173.2,69.3,20.5,69.0,124,47.2,4.7,43,230.0,23.10135528
40,1,165.2,77.9,27.1,79.0,128,41.8,17.5,50,222.0,28.54416688
28,0,167.5,58.7,21.9,68.0,134,30.4,17.6,38,195.0,20.9222544
23,1,180.7,82.1,16.2,89.0,150,44.8,19.7,58,237.0,25.14356486
63,1,160.5,59.1,30.7,86.0,158,30.3,1.4,27,151.0,22.94232393
21,1,183.3,76.5,13.8,66.0,117,41.5,16.3,59,227.0,22.76860932
28,1,171.5,89.0,20.9,68.0,139,51.3,16.7,51,218.0,30.25950072
60,0,155.5,46.2,26.9,79.0,135,23.3,10.2,7,88.0,19.10650221
43,0,164.4,56.6,22.2,71.0,114,30.9,22.8,43,162.0,20.941742
63,1,167.6,57.5,15.0,85.0,138,43.0,12.6,28,197.0,20.47009302
41,1,170.4,66.72,12.8,91.0,142,42.4,6.2,36,193.0,22.97824506
42,1,176.9,77.0,16.4,94.0,146,46.0,13.1,51,218.0,24.60566231
21,1,178.0,64.0,13.0,80.0,119,37.6,12.4,48,244.0,20.19946976
47,1,169.1,71.2,24.7,77.0,117,41.2,12.2,37,210.0,24.89962339
55,0,157.2,54.8,34.8,71.0,123,23.9,11.3,2,112.0,22.17560489
28,1,174.5,70.3,12.0,68.0,121,44.7,10.6,50,214.0,23.08683837
35,0,162.0,53.0,24.7,68.0,107,29.1,21.4,40,155.0,20.19509221
21,1,169.0,66.1,14.4,83.0,131,41.1,8.1,48,181.0,23.14344736
21,1,170.3,60.8,13.0,59.0,115,37.1,23.0,52,266.0,20.96400639
34,1,175.0,71.0,19.7,87.0,157,45.9,20.5,57,233.0,23.18367347
62,1,163.6,57.3,22.3,82.0,130,34.2,17.0,23,185.0,21.40858794
22,1,177.9,81.2,21.5,93.0,132,44.1,11.5,48,249.0,25.65689714
62,1,166.9,70.5,21.3,98.0,149,33.8,3.7,34,159.0,25.30908496
34,1,176.3,75.5,21.9,94.0,148,41.7,20.8,38,196.0,24.29082846
62,0,160.5,55.1,34.0,80.0,128,25.1,26.2,22,108.0,21.38954397
24,1,165.7,55.8,24.0,90.0,118,36.1,-9.1,4,172.0,20.32306387
30,1,170.2,69.6,16.4,86.0,130,44.7,9.7,45,191.0,24.02647884
55,1,173.3,84.9,23.6,88.0,145,39.5,12.0,37,179.0,28.26900774
27,1,189.8,97.4,18.2,74.0,145,58.1,11.1,45,235.0,27.03750051
31,1,171.2,74.0,24.5,84.0,123,52.9,5.8,54,193.0,25.24783824
51,0,155.9,56.0,35.0,85.0,143,28.5,17.4,20,133.0,23.04070676
28,0,159.7,56.8,20.9,75.0,119,25.3,19.1,56,172.0,22.27093772
51,1,166.7,78.4,30.5,99.0,154,52.4,15.0,39,215.0,28.21271379
48,1,170.5,66.5,23.2,81.0,138,45.6,15.6,42,212.0,22.87562026
39,0,156.2,56.0,26.5,71.0,120,29.6,18.5,24,165.0,22.95228711
36,1,172.0,68.0,13.3,78.0,118,56.0,17.0,55,238.0,22.98539751
43,1,173.1,77.5,22.8,96.0,144,55.3,24.0,53,226.0,25.86470722
22,0,161.4,54.5,30.2,73.0,129,25.0,17.1,36,137.0,20.92133731
47,1,180.7,89.1,15.0,75.0,138,55.1,14.2,31,215.0,27.28735236
29,1,176.6,73.9,19.3,91.0,139,36.5,13.7,53,229.0,23.6953452
64,0,162.8,74.2,36.4,91.0,145,27.6,20.3,15,117.0,27.99594323
40,0,158.0,53.8,25.8,78.0,115,28.6,17.0,29,170.0,21.55103349
22,1,171.5,75.0,17.3,82.0,117,37.2,13.0,57,218.0,25.49957926
63,1,167.9,68.5,24.2,77.0,118,34.9,8.8,29,185.0,24.29904354
47,0,153.0,57.9,34.6,75.0,114,22.9,3.6,12,120.0,24.73407664
62,1,170.5,62.6,19.8,79.0,150,44.1,13.9,25,175.0,21.53404253
38,1,173.5,80.5,22.2,75.0,137,49.4,7.2,47,224.0,26.74218705
54,1,174.4,74.4,23.7,80.0,135,34.8,8.3,29,160.0,24.4613248
21,1,176.5,63.1,21.7,95.0,141,36.1,18.5,52,213.0,20.25535876
35,1,170.0,71.6,29.9,80.0,123,35.1,12.8,47,221.0,24.77508651
25,1,189.9,74.46,16.0,80.0,120,46.8,13.5,48,231.0,20.64776755
62,1,172.7,79.0,26.1,95.0,135,45.7,7.1,29,158.0,26.48758822
62,0,151.6,47.0,21.3,72.0,129,15.8,11.5,23,133.0,20.45028926
62,1,176.7,79.1,18.4,97.0,155,52.0,12.3,35,200.0,25.33397773
30,1,173.9,60.4,13.9,75.0,123,48.2,18.7,63,244.0,19.9727458
61,1,165.2,73.7,33.1,77.0,145,27.7,8.7,25,151.0,27.00520024
62,0,155.3,54.7,34.3,64.0,102,24.4,-0.1,3,154.0,22.68007127
42,0,158.1,62.1,29.1,72.0,130,30.4,20.1,32,146.0,24.84436267
45,0,159.0,56.5,23.5,70.0,110,30.6,27.2,52,170.0,22.34879949
57,1,174.3,78.1,17.9,74.0,137,48.1,10.0,42,199.0,25.7072878
28,0,160.1,59.6,28.5,61.0,103,28.4,19.9,46,183.0,23.2521757
37,1,174.5,74.4,14.3,71.0,118,47.3,26.8,52,233.0,24.43329694
32,1,173.1,70.7,14.6,79.0,126,51.3,4.2,43,243.0,23.59528775
61,0,166.8,60.2,28.3,88.0,151,21.8,27.5,29,151.0,21.63736637
21,0,160.2,54.9,29.4,77.0,121,26.5,22.3,57,199.0,21.39179958
22,1,175.1,67.5,18.3,78.0,118,39.4,24.9,60,163.0,22.0156484
26,1,176.7,77.2,16.3,66.0,129,50.0,9.1,51,223.0,24.72544982
21,0,161.4,57.5,36.5,69.0,112,25.0,21.7,30,122.0,22.07297055
53,1,175.9,84.66,24.7,88.0,154,45.7,8.9,25,185.0,27.36192104
22,0,153.3,50.7,33.4,83.0,124,17.5,17.6,22,134.0,21.57365104
21,0,171.9,69.5,32.1,98.0,142,27.4,17.6,34,141.0,23.51976896
26,1,177.8,74.4,17.4,77.0,131,40.3,9.4,43,234.0,23.53474095
23,0,164.1,58.3,29.7,89.0,140,27.5,22.4,47,174.0,21.64967557
22,0,176.4,67.1,30.8,88.0,143,31.6,20.4,45,159.0,21.56380315
30,1,173.0,76.6,18.9,72.0,137,47.1,7.6,61,201.0,25.59390558
44,1,183.7,77.8,22.1,77.0,124,41.2,7.4,45,211.0,23.05479603
39,1,176.2,81.5,24.8,78.0,134,43.6,6.0,38,216.0,26.25099689
61,0,162.6,65.4,32.0,89.0,140,21.9,24.9,19,106.0,24.73640973
26,1,180.1,81.4,18.3,75.0,130,45.7,16.0,54,222.0,25.09556508
29,1,173.9,77.2,21.4,78.0,128,51.1,6.8,56,180.0,25.52807907
62,1,163.3,59.84,17.9,67.0,113,31.1,23.2,36,201.0,22.43981207
21,1,173.1,80.1,21.1,83.0,135,44.0,19.2,59,237.0,26.73242643
57,1,162.1,54.0,9.0,70.0,137,32.0,20.3,46,194.0,20.55075256
21,1,180.8,87.2,19.1,86.0,145,36.4,18.4,61,241.0,26.6759339
21,1,174.5,82.14,21.2,80.0,120,58.2,18.8,55,212.0,26.97514799
23,1,168.2,65.8,18.8,73.0,130,42.8,12.5,48,213.0,23.25808271
21,1,171.1,66.3,16.7,96.0,149,42.7,14.3,56,235.0,22.64714754
26,1,168.6,56.78,16.3,80.0,120,34.0,8.5,40,180.0,19.97469918
50,1,173.4,56.6,12.6,86.0,143,40.8,11.8,54,185.0,18.8242744
55,1,165.7,64.0,20.6,62.0,111,38.3,12.3,10,163.0,23.30960731
62,0,156.3,67.28,41.6,99.0,159,25.0,-1.5,0,129.0,27.54025941
31,1,177.3,72.0,29.2,85.0,133,37.0,-7.8,17,202.0,22.90419462
54,1,165.7,68.1,24.0,92.0,131,45.4,2.5,21,180.0,24.80287903
62,1,162.0,73.1,34.7,93.0,158,28.5,6.1,15,113.0,27.85398567
55,1,163.5,69.5,22.3,93.0,147,44.4,7.8,39,190.0,25.99855979
51,1,168.2,67.6,29.3,99.0,153,33.1,12.0,46,187.0,23.89432206
41,1,170.7,73.6,23.6,75.0,137,42.9,11.9,38,193.0,25.25868705
23,0,165.1,52.8,27.5,79.0,117,24.4,20.0,23,174.0,19.37045294
37,1,168.8,73.1,14.3,61.0,100,48.9,25.3,54,268.0,25.65502796
32,1,175.0,65.5,17.9,94.0,129,42.2,18.3,52,245.0,21.3877551
25,1,178.9,81.4,21.1,90.0,154,45.6,13.9,50,230.0,25.43335913
43,1,169.7,64.7,15.7,70.0,131,41.8,10.9,38,206.0,22.46676776
45,0,156.8,51.9,28.4,78.0,146,14.1,18.4,34,128.0,21.10936849
22,1,177.0,72.16,18.8,65.0,131,45.9,16.2,52,243.0,23.03297265
64,0,159.0,58.9,30.1,79.0,140,22.0,20.1,12,145.0,23.29812903
39,1,180.3,79.9,14.2,87.0,144,48.5,13.5,44,234.0,24.57849723
23,1,174.2,67.0,16.2,76.0,124,35.5,-9.3,35,190.0,22.07895434
24,1,178.6,67.6,13.4,80.0,128,49.4,19.6,55,212.0,21.19257783
30,0,155.6,46.3,17.7,75.0,119,24.0,30.0,48,184.0,19.12325454
28,1,172.2,71.9,23.0,75.0,144,46.9,10.9,46,211.0,24.24725591
24,1,181.3,74.9,12.0,89.0,140,53.3,11.3,52,178.0,22.78695053
25,0,153.1,54.6,30.9,74.0,123,25.1,13.8,39,143.0,23.29390293
22,0,149.9,47.2,32.5,69.0,108,20.5,9.9,21,124.0,21.00577614
24,0,161.9,50.8,22.0,72.0,113,23.8,21.1,40,171.0,19.3807248
34,1,174.1,81.9,27.5,85.0,155,54.1,14.2,52,237.0,27.02006314
26,1,164.8,67.4,20.3,90.0,145,40.1,13.7,60,214.0,24.81678292
34,1,174.5,93.8,32.9,89.0,150,35.0,2.3,42,194.0,30.80434479
21,0,158.6,47.3,21.2,72.0,104,18.5,20.2,38,173.0,18.80419624
54,1,176.5,75.3,18.4,85.0,132,50.0,28.4,45,229.0,24.17160879
23,1,179.3,75.7,20.2,86.0,158,47.2,8.1,54,209.0,23.54698463
33,1,180.0,75.6,13.7,82.0,151,48.9,19.8,72,263.0,23.33333333
21,1,169.0,70.56,19.5,67.0,130,43.8,15.8,53,184.0,24.70501733
40,0,159.1,50.4,16.6,67.0,115,28.7,25.7,32,162.0,19.91086726
30,1,170.0,69.4,19.9,69.0,116,39.7,14.3,48,219.0,24.01384083
36,1,176.0,80.9,31.7,95.0,154,38.4,3.5,46,221.0,26.1169938
23,0,167.2,54.8,24.5,80.0,110,29.0,19.5,39,175.0,19.60234427
55,0,164.7,63.3,35.4,61.0,114,29.7,20.9,25,136.0,23.33546781
21,0,155.5,57.4,33.7,72.0,110,20.3,25.7,14,131.0,23.73838153
36,0,161.4,54.3,30.8,80.0,135,23.6,22.0,23,148.0,20.84456176
62,0,158.6,54.6,24.1,77.0,145,19.7,24.5,19,124.0,21.70632378
41,0,160.5,50.9,20.1,80.0,120,24.3,13.2,19,160.0,19.75912501
27,0,161.1,55.7,33.0,82.0,114,28.2,22.6,37,170.0,21.46169973
21,0,160.0,52.1,26.8,77.0,120,21.9,21.9,49,178.0,20.3515625
49,1,166.5,69.1,18.1,89.0,159,45.8,15.8,36,189.0,24.92582673
42,1,173.6,75.5,16.1,93.0,158,57.0,15.9,38,231.0,25.05229459
58,0,160.7,52.9,27.5,89.0,136,22.3,11.9,16,133.0,20.48443164
64,1,178.5,77.5,21.6,86.0,156,37.1,10.7,46,157.0,24.32345487
23,0,160.6,55.5,20.4,70.0,113,25.4,15.3,52,170.0,21.5179999
24,0,170.4,63.4,27.6,72.0,126,29.4,21.0,41,157.0,21.83484317
37,1,173.6,78.2,19.7,94.0,147,47.6,16.7,53,223.0,25.94820446
25,1,184.3,85.1,22.6,82.0,128,54.5,17.2,47,221.0,25.0541048
59,0,162.7,49.0,20.3,67.0,130,24.8,14.5,0,130.0,18.51062037
29,1,177.9,85.7,26.9,94.0,158,47.4,17.2,44,219.0,27.07876952
57,0,157.3,52.5,28.8,87.0,142,21.6,23.4,22,148.0,21.21787361
23,1,173.9,70.5,25.1,88.0,141,37.4,18.8,46,195.0,23.31255925
21,0,163.7,56.3,21.9,83.0,116,30.3,17.3,41,172.0,21.00927356
51,1,165.7,68.0,24.7,65.0,129,39.7,25.0,41,212.0,24.76645777
62,0,159.2,50.8,27.1,71.0,128,25.6,24.2,22,147.0,20.04368577
29,1,179.3,82.6,13.8,67.0,127,51.7,16.6,76,283.0,25.69327517
24,1,179.6,81.9,21.7,79.0,134,48.8,13.3,44,217.0,25.39049906
38,1,179.0,79.6,15.0,81.0,145,48.3,19.0,41,226.0,24.84316969
23,0,161.1,50.5,26.0,80.0,135,24.0,20.6,44,159.0,19.45809401
22,1,173.9,61.7,20.6,76.0,138,38.4,15.4,51,202.0,20.40262278
57,1,167.7,67.9,22.1,94.0,144,38.5,4.6,47,225.0,24.14369016
26,1,174.9,72.4,23.7,88.0,138,56.4,18.1,55,220.0,23.66785758
24,1,176.9,62.1,17.5,71.0,100,36.2,8.1,24,214.0,19.84430687
21,1,173.3,80.4,26.7,98.0,147,46.1,19.3,52,218.0,26.77065044
21,0,154.4,54.2,32.9,95.0,128,30.2,16.4,43,117.0,22.73550968
30,1,174.4,68.6,12.3,88.0,145,45.5,18.6,56,234.0,22.55439357
64,1,164.0,71.2,24.5,73.0,121,43.6,13.2,32,172.0,26.47233789
62,1,167.0,77.4,22.6,87.0,125,42.4,21.2,29,161.0,27.75287748
43,0,164.2,55.2,17.7,78.0,125,35.7,20.0,53,193.0,20.47353203
60,1,166.2,76.28,27.2,75.0,143,43.1,13.9,38,187.0,27.61522878
60,0,169.3,61.3,26.1,79.0,131,31.9,22.8,30,164.0,21.38683694
28,1,171.2,74.1,26.2,83.0,138,37.3,9.9,51,197.0,25.28195694
50,0,168.2,56.5,31.6,71.0,123,17.4,7.9,16,140.0,19.9708461
28,1,161.9,61.7,11.1,72.0,120,41.4,10.0,56,250.0,23.53918741
28,1,173.6,72.8,23.3,99.0,147,51.3,18.4,51,189.0,24.15638472
54,1,163.0,75.5,23.1,77.0,138,46.7,3.3,42,207.0,28.41657571
30,1,177.5,77.2,24.0,67.0,108,49.3,-0.5,35,210.0,24.50307479
46,1,162.7,64.1,20.2,94.0,151,35.5,9.0,33,176.0,24.21491359
26,1,178.3,83.1,16.8,82.0,120,50.6,22.1,57,255.0,26.13956388
43,1,180.2,77.6,16.5,72.0,118,51.9,8.1,30,190.0,23.89748226
22,0,155.1,59.9,29.5,72.0,116,30.5,21.8,54,177.0,24.90022244
53,1,170.2,84.2,24.5,99.0,156,48.5,20.3,42,193.0,29.06651606
62,1,162.4,64.7,30.0,90.0,148,34.8,7.6,30,183.0,24.53195904
59,0,145.5,53.8,38.7,81.0,151,21.0,1.8,2,107.0,25.41302063
60,1,171.7,77.6,15.5,95.0,143,45.9,27.9,50,211.0,26.32213614
41,0,164.5,57.7,24.4,72.0,108,29.8,19.0,32,152.0,21.32278896
30,1,181.9,70.0,9.8,87.0,135,46.2,16.6,56,245.0,21.15595536
27,1,173.7,76.1,9.2,61.0,112,44.8,24.3,51,218.0,25.22231933
37,1,173.9,76.3,22.4,92.0,156,46.1,14.1,45,216.0,25.23047193
23,1,171.4,70.1,15.2,70.0,128,46.8,-2.5,57,234.0,23.86142537
46,0,155.5,50.8,23.3,78.0,128,26.8,18.3,22,162.0,21.00888122
24,1,187.8,93.7,16.1,83.0,156,48.7,21.0,51,232.0,26.56736088
36,1,174.3,79.9,21.1,81.0,104,51.6,3.0,50,180.0,26.29977331
56,1,174.6,88.0,28.6,80.0,120,42.7,-8.0,27,163.0,28.86650423
23,0,167.7,58.2,26.2,77.0,139,26.98,22.6,66,191.0,20.69459156
63,0,154.9,49.4,26.5,99.0,158,24.8,21.8,17,75.0,20.58847187
34,1,181.1,70.5,19.4,70.0,131,34.1,12.7,40,217.0,21.49573089
56,0,169.0,53.1,17.8,74.0,119,22.2,4.8,32,147.0,18.591786
37,1,164.4,67.2,18.7,61.0,113,39.5,16.6,44,210.0,24.86369368
22,0,159.1,51.3,29.1,73.0,111,21.3,7.9,24,154.0,20.26641847
28,0,160.9,62.4,34.9,73.0,121,23.9,10.1,43,163.0,24.10307774
50,1,179.3,85.0,21.1,78.0,135,53.5,18.8,41,217.0,26.43981101
56,0,158.9,51.0,23.5,93.0,146,24.2,20.6,21,130.0,20.19865176
25,1,178.8,74.5,21.5,85.0,136,35.3,25.5,36,218.0,23.30350485
57,0,153.2,50.6,21.6,77.0,123,23.2,22.4,29,150.0,21.55921712
23,0,157.1,50.76,26.4,87.0,127,27.0,21.4,55,187.0,20.56691927
56,0,159.0,53.2,24.7,57.0,101,21.0,12.6,23,160.0,21.04347138
25,1,183.4,91.1,16.0,81.0,134,59.0,25.0,56,275.0,27.08443088
25,1,168.6,63.9,18.3,59.0,108,32.3,19.8,45,194.0,22.47945188
50,1,168.1,78.3,32.6,89.0,139,41.6,16.4,22,156.0,27.7093498
25,1,174.4,78.7,21.2,75.0,129,55.0,14.6,58,247.0,25.87508417
21,0,169.5,83.7,42.9,73.0,138,21.6,20.3,43,166.0,29.13305662
32,1,179.8,81.9,23.9,93.0,141,47.8,6.7,49,252.0,25.33404438
56,0,163.6,54.2,25.1,62.0,106,18.3,15.1,7,112.0,20.25035718
22,0,176.2,74.9,26.5,85.0,126,36.6,24.9,64,186.0,24.12514929
21,1,165.0,65.9,15.9,80.0,120,33.4,25.0,33,210.0,24.2056933
23,1,180.0,84.0,21.9,76.0,126,32.5,11.8,50,211.0,25.92592593
37,1,174.4,78.7,23.0,88.0,135,41.9,10.2,49,242.0,25.87508417
23,1,175.3,77.5,20.1,80.0,139,43.9,11.0,37,208.0,25.2195812
26,1,177.8,70.1,11.5,60.0,125,38.7,15.4,63,249.0,22.17453414
53,1,163.9,70.8,24.8,79.0,135,45.7,19.9,44,208.0,26.35574825
27,1,155.2,54.3,13.5,72.0,119,46.0,23.9,51,207.0,22.54324317
23,1,175.0,86.0,23.1,85.0,134,61.0,21.0,60,243.0,28.08163265
30,1,169.5,68.4,17.1,76.0,141,49.2,13.2,43,200.0,23.80765917
25,1,172.8,66.5,23.1,86.0,150,45.2,3.7,52,203.0,22.27071545
26,1,169.4,68.5,12.7,85.0,128,45.7,20.0,63,250.0,23.87062331
42,1,171.9,75.2,20.3,77.0,120,44.6,1.2,39,198.0,25.44872843
22,1,173.7,61.1,16.2,65.0,119,43.3,16.3,56,235.0,20.2507715
29,1,173.8,77.5,24.2,99.0,138,44.4,16.0,51,228.0,25.65678047
25,1,173.7,87.9,33.4,80.0,132,43.4,7.5,45,195.0,29.13327029
63,0,154.8,46.0,18.7,90.0,148,26.6,28.5,24,137.0,19.19622886
62,0,155.0,50.7,31.1,90.0,141,23.0,28.3,11,150.0,21.10301769
28,1,168.9,74.7,24.7,80.0,137,39.3,10.0,42,225.0,26.18552603
22,1,175.1,77.6,26.7,88.0,148,36.0,-3.1,35,196.0,25.30984171
50,0,164.8,64.1,30.0,75.0,144,37.4,21.6,26,156.0,23.60171788
21,0,175.8,54.4,32.2,73.0,122,26.5,19.7,34,175.0,17.60196521
27,1,171.2,64.3,18.1,82.0,140,46.0,15.5,53,223.0,21.93832431
23,0,167.0,52.1,15.3,49.0,88,29.1,19.9,41,175.0,18.68120047
61,0,147.9,64.7,44.7,84.0,149,25.4,11.6,4,130.0,29.57794062
59,0,161.9,56.1,22.9,71.0,133,32.8,23.7,32,147.0,21.40272955
23,1,172.0,88.7,27.0,85.0,134,42.3,17.9,29,185.0,29.98242293
39,0,170.0,51.5,16.8,55.0,100,30.6,23.5,29,140.0,17.8200692
62,1,170.8,79.88,27.9,74.0,124,32.2,15.2,36,154.0,27.38182077
42,0,165.4,49.9,24.4,67.0,119,22.8,16.0,27,125.0,18.24019745
30,1,169.0,71.9,15.0,92.0,147,51.7,25.5,46,228.0,25.17418858
23,0,153.6,45.3,28.9,71.0,121,24.6,12.9,24,106.0,19.2006429
49,1,175.9,83.8,19.6,89.0,130,45.4,3.0,43,225.0,27.08397098
27,1,174.0,70.1,19.0,85.0,135,47.4,13.6,43,214.0,23.15365306
23,0,163.9,53.2,25.5,76.0,117,31.6,21.1,43,188.0,19.80403682
32,1,181.2,87.0,24.0,95.0,154,48.9,20.2,68,239.0,26.49737585
22,1,170.4,68.7,14.4,65.0,112,33.6,17.8,59,240.0,23.66015341
26,1,171.4,69.34,13.1,77.0,129,51.3,20.1,66,240.0,23.60272803
26,1,181.9,87.3,24.8,68.0,125,47.7,5.8,49,193.0,26.38449861
24,1,171.9,96.2,34.5,96.0,152,43.8,5.7,30,185.0,32.55542121
27,1,179.7,75.72,11.9,64.0,122,47.9,18.8,55,239.0,23.44846679
40,1,178.9,73.8,11.5,70.0,110,45.0,13.4,34,194.0,23.05874575
46,1,166.5,58.9,20.2,66.0,123,41.2,13.0,44,220.0,21.2464717
61,1,171.8,83.1,25.9,93.0,149,45.5,18.3,38,193.0,28.15494639
26,0,157.9,49.5,21.6,77.0,117,31.4,21.2,41,165.0,19.8536764
21,0,153.5,42.74,24.0,78.0,124,17.4,17.4,32,175.0,18.1391845
22,1,170.0,66.0,17.9,92.0,125,40.6,19.2,61,204.0,22.83737024
52,0,155.1,47.3,25.0,80.0,132,24.2,12.5,18,149.0,19.6624461
63,1,160.0,70.3,33.6,80.0,145,38.3,6.9,16,158.0,27.4609375
52,1,172.4,71.3,23.6,86.0,128,42.3,10.0,34,200.0,23.98915811
55,0,156.4,51.6,26.79869,90.0,132,22.9,16.8,20,143.0,21.09483847
29,0,162.0,56.62,22.1,65.0,113,26.5,14.0,32,157.0,21.57445511
23,0,166.5,55.6,23.7,68.0,106,23.6,18.8,38,137.0,20.05609213
59,0,155.5,52.1,28.3,70.0,136,26.6,18.7,24,150.0,21.54651007
62,0,155.5,52.8,26.97343,73.0,114,25.0,22.4,30,148.0,21.83600252
41,1,174.5,76.32,20.1,81.0,157,46.8,21.4,57,219.0,25.06383363
22,0,167.3,72.7,38.5,86.0,126,22.2,9.3,27,126.0,25.97422085
23,1,178.6,83.9,17.9,76.0,123,48.5,16.6,43,243.0,26.30262249
28,1,165.3,69.5,21.9,75.0,125,49.2,11.1,50,218.0,25.43543079
26,1,177.2,67.98,14.4,85.0,132,44.2,17.1,54,189.0,21.64979185
39,0,164.0,64.7,34.9,80.0,116,33.4,19.3,45,176.0,24.05562165
44,0,155.2,57.1,32.4,74.0,110,25.6,8.7,13,159.0,23.70569402
39,1,170.5,71.8,29.8,78.0,121,42.3,12.5,44,185.0,24.69879
41,1,178.0,77.0,15.1,84.0,128,55.1,16.4,66,264.0,24.30248706
63,1,157.0,67.8,21.2,88.0,156,40.2,14.8,49,191.0,27.50618686
36,1,170.0,72.1,24.2,66.0,106,42.6,6.0,38,186.0,24.94809689
28,0,162.9,65.4,29.4,85.0,156,37.2,19.3,43,173.0,24.64538346
43,0,166.7,55.4,22.7,72.0,125,30.3,27.4,32,163.0,19.93602479
35,1,177.9,73.6,21.4,73.0,141,45.4,17.9,58,219.0,23.25551268
25,0,162.5,51.6,23.1,71.0,119,22.3,15.9,37,156.0,19.5408284
23,0,157.3,52.4,27.2,73.0,100,22.8,25.7,55,186.0,21.17745862
45,1,173.9,64.0,14.7,87.0,157,45.6,13.5,43,211.0,21.16317436
34,1,172.2,67.7,21.4,72.0,124,42.8,14.9,59,230.0,22.83086544
26,0,155.3,57.1,34.3,85.0,128,23.0,21.0,28,162.0,23.67517494
45,1,177.7,70.1,17.0,75.0,130,37.1,-8.6,31,191.0,22.19949844
60,1,176.9,74.18,19.5,70.0,151,42.7,12.0,35,176.0,23.70451987
23,1,174.3,71.8,18.3,60.0,133,37.9,-1.9,51,243.0,23.63358853
34,1,180.0,85.0,12.8,77.0,128,61.7,16.5,54,245.0,26.2345679
21,1,173.5,77.1,19.1,60.0,108,36.1,20.6,61,233.0,25.61270337
31,1,178.8,97.0,27.4,84.0,139,44.0,4.9,51,222.0,30.34147611
32,0,163.7,48.9,20.1,61.0,113,22.1,13.8,37,155.0,18.24784151
27,1,167.9,62.3,18.1,80.0,120,30.1,8.8,42,217.0,22.09971405
38,1,164.0,70.7,25.4,90.0,141,48.0,-3.9,50,198.0,26.28643664
50,0,165.5,53.1,26.7,93.0,158,22.0,17.1,38,149.0,19.38646051
33,0,159.5,48.7,19.1,61.0,100,28.0,10.0,41,191.0,19.14289364
26,0,163.5,52.2,25.2,73.0,126,26.3,11.6,34,167.0,19.52697584
27,0,162.7,58.9,27.7,70.0,142,31.8,19.9,59,182.0,22.25052123
35,1,178.5,78.4,13.8,81.0,136,51.5,17.1,64,237.0,24.6059208
34,1,169.0,72.7,19.0,80.0,114,47.3,20.7,49,233.0,25.45429082
23,0,157.5,46.2,23.6,72.0,105,23.9,15.0,23,142.0,18.62433862
22,1,170.7,72.2,23.8,72.0,136,46.0,20.7,49,226.0,24.77822289
21,0,167.3,52.9,21.9,65.0,140,21.9,21.1,47,189.0,18.90008643
44,0,160.3,52.8,27.9,82.0,122,24.9,13.2,19,132.0,20.54787324
50,1,163.0,58.3,18.9,93.0,149,38.0,15.4,38,203.0,21.94286575
25,1,178.6,78.5,23.7,90.0,140,44.3,23.8,60,224.0,24.60972426
61,0,148.3,41.7,22.9,81.0,146,23.2,22.3,37,136.0,18.9606732
26,1,167.8,80.5,32.3,93.0,132,51.6,14.7,49,213.0,28.58985596
35,1,176.5,82.1,21.6,86.0,137,56.4,10.1,56,252.0,26.35443668
25,1,177.0,66.4,17.3,69.0,115,29.9,7.5,47,227.0,21.1944205
59,1,173.5,74.8,17.6,65.0,123,49.7,17.9,49,198.0,24.84864088
58,1,170.7,70.0,22.5,77.0,118,40.6,12.5,30,179.0,24.02320779
32,1,172.3,72.6,29.1,99.0,142,35.6,23.7,27,195.0,24.45490983
23,0,163.2,59.1,33.9,92.0,124,28.9,20.7,34,160.0,22.18948241
36,1,181.5,76.8,21.2,65.0,120,39.9,17.7,40,211.0,23.31352594
57,0,161.3,45.2,16.4,66.0,114,23.4,27.5,22,153.0,17.3727952
39,0,164.8,52.8,16.6,85.0,136,24.3,19.7,20,140.0,19.44104063
37,0,150.4,47.7,41.5,65.0,114,15.9,8.7,6,112.0,21.087384
23,1,180.3,57.8,9.8,77.0,135,39.7,7.8,46,221.0,17.78018949
59,0,158.5,56.2,28.34,67.0,121,31.8,19.8,31,137.0,22.37060773
39,0,163.2,85.8,45.3,70.0,116,25.7,17.3,9,132.0,32.21417243
28,1,171.5,72.9,19.5,71.0,122,45.8,23.0,52,219.0,24.78559104
21,0,154.9,52.2,28.6,68.0,103,22.1,10.3,26,126.0,21.75542979
27,1,173.8,69.9,24.9,96.0,143,44.2,12.5,48,187.0,23.14076071
28,0,167.2,71.1,32.3,72.0,136,26.3,20.1,42,128.0,25.43296857
30,1,166.0,65.6,21.6,99.0,153,43.3,16.2,49,246.0,23.80606764
61,0,153.2,65.5,38.0,89.0,143,26.5,17.8,24,144.0,27.90768224
33,0,166.2,57.4,23.7,72.0,117,28.9,30.2,40,158.0,20.78020624
24,1,173.9,64.1,19.5,87.0,154,37.9,20.9,58,225.0,21.19624182
31,1,183.6,80.5,24.4,76.0,122,40.4,-1.8,59,212.0,23.88089102
24,0,167.5,58.5,26.4,95.0,133,36.1,29.1,41,209.0,20.85096904
60,1,173.6,57.9,13.7,87.0,147,38.3,13.5,41,189.0,19.21228949
61,1,172.1,76.0,29.9,97.0,154,41.7,13.2,38,199.0,25.65971637
62,0,154.4,52.7,36.0,70.0,148,22.8,14.4,3,101.0,22.10629816
37,1,179.5,76.7,19.3,94.0,122,53.0,12.5,47,236.0,23.8049053
24,1,173.3,75.6,26.3,86.0,154,40.9,7.5,45,211.0,25.17240266
41,1,173.6,86.4,24.5,100.0,135,62.0,23.2,43,241.0,28.66911593
28,1,170.1,69.9,20.6,61.0,124,41.3,5.8,58,214.0,24.15842118
23,1,169.5,77.1,24.7,73.0,125,47.1,16.2,43,193.0,26.83582635
22,1,163.9,69.4,17.0,82.0,149,50.3,17.4,66,222.0,25.83458939
30,1,180.4,74.3,19.1,93.0,136,56.7,18.0,36,240.0,22.83051706
43,1,173.0,70.3,23.0,90.0,120,32.1,10.6,42,192.0,23.48892379
22,0,160.7,54.7,26.6,74.0,125,30.6,21.4,24,179.0,21.18144444
48,0,161.5,49.4,22.4,59.0,112,19.9,11.0,37,157.0,18.94008377
21,0,162.3,52.4,23.6,72.0,111,28.0,25.8,46,177.0,19.89272355
27,1,182.7,90.5,27.6,74.0,124,43.1,17.4,55,227.0,27.11261983
60,0,155.3,53.4,35.0,87.0,155,23.4,12.5,6,117.0,22.14105678
46,1,174.6,84.3,31.3,75.0,125,49.5,1.9,32,198.0,27.65279894
22,0,162.0,58.0,29.3,79.0,130,30.2,22.1,38,153.0,22.10028959
24,1,175.3,73.3,17.2,74.0,117,50.6,17.9,61,232.0,23.8528426
29,0,168.8,63.82,18.8,71.0,129,29.4,20.0,45,203.0,22.39813796
44,1,171.2,74.8,16.2,76.0,116,43.0,8.4,49,210.0,25.52078784
26,0,162.6,57.2,32.6,69.0,116,26.9,20.6,43,128.0,21.6349027
26,1,179.0,81.6,18.1,88.0,158,57.6,13.3,51,237.0,25.46736993
48,1,167.6,66.4,16.1,94.0,140,43.4,14.4,38,235.0,23.63850741
40,0,159.6,50.8,28.3,77.0,117,23.5,20.0,24,162.0,19.94334206
28,0,171.5,64.0,18.5,85.0,135,31.4,18.5,36,198.0,21.75964097
33,1,175.2,83.3,28.1,99.0,155,45.5,18.1,39,193.0,27.13793499
26,1,176.2,83.6,24.9,75.0,140,51.8,5.9,43,206.0,26.92740295
27,1,172.3,75.24,21.3,80.0,130,54.9,18.4,60,217.0,25.34417928
48,1,191.8,87.5,19.7,67.0,110,42.1,-12.0,20,160.0,23.78542125
25,0,168.0,52.0,17.2,70.0,135,30.1,20.2,50,205.0,18.42403628
29,1,179.0,105.6,30.7,88.0,120,49.2,8.6,43,187.0,32.95777285
26,0,162.7,51.4,22.5,57.0,106,22.7,15.7,40,191.0,19.417263
63,0,151.2,58.2,33.0,63.0,103,18.6,19.8,23,135.0,25.45771395
21,0,166.5,50.4,21.4,66.0,100,30.2,19.1,33,174.0,18.1803425
24,1,177.7,84.5,16.4,88.0,155,41.2,11.0,44,241.0,26.75973777
27,0,158.6,56.52,30.9,74.0,117,32.8,19.2,35,180.0,22.46962307
56,0,156.9,49.9,35.9,67.0,128,12.1,1.2,20,118.0,20.27004246
43,0,158.6,53.4,22.5,82.0,145,23.0,20.3,50,174.0,21.22926171
45,1,167.2,72.48,25.6,86.0,138,40.1,24.2,43,219.0,25.92660424
34,1,169.9,66.5,20.0,93.0,146,41.1,-6.7,31,205.0,23.03747556
22,1,171.4,70.0,23.1,73.0,140,39.1,8.9,47,212.0,23.82738624
55,0,166.9,60.9,26.1,78.0,117,21.1,17.7,13,131.0,21.86274147
45,0,169.0,55.1,15.4,72.0,104,25.2,13.0,31,166.0,19.2920416
24,1,171.6,66.8,14.2,87.0,143,54.1,11.8,58,216.0,22.68516255
30,0,158.3,51.5,24.8,59.0,113,26.7,26.0,53,156.0,20.55158868
21,0,169.7,59.6,29.1,71.0,132,27.9,11.8,49,175.0,20.69581698
27,1,177.3,77.08,18.9,76.0,127,47.7,10.7,59,189.0,24.52021279
29,0,157.6,55.6,20.6,96.0,130,25.8,20.9,31,169.0,22.38527146
51,1,175.0,75.2,22.6,83.0,148,39.7,11.0,26,198.0,24.55510204
38,1,175.2,71.8,15.5,85.0,119,49.1,12.3,47,205.0,23.39140135
27,0,166.2,78.5,36.3,85.0,119,32.7,22.4,43,166.0,28.41892317
40,1,178.9,76.9,19.5,68.0,119,43.0,16.2,49,232.0,24.02733805
22,1,170.6,93.9,32.4,99.0,138,41.7,1.7,28,210.0,32.2632073
64,0,152.7,49.5,24.7,88.0,128,22.5,24.5,10,101.0,21.22888209
33,1,178.1,81.1,18.4,58.0,116,48.1,22.1,54,249.0,25.56777968
24,1,163.2,65.9,27.7,61.0,109,32.9,-1.0,35,175.0,24.74258699
60,1,168.0,59.0,21.1,84.0,158,37.2,15.9,37,191.0,20.90419501
22,1,175.4,64.1,17.0,88.0,134,31.1,9.7,60,211.0,20.8352565
26,1,177.4,73.2,13.7,76.0,131,43.1,12.4,60,237.0,23.25968613
26,1,165.8,62.0,17.3,81.0,122,35.7,3.6,52,199.0,22.55395123
41,0,165.0,52.4,19.7,83.0,132,21.9,29.3,35,170.0,19.24701561
22,1,168.4,80.2,25.6,66.0,141,44.3,17.0,41,209.0,28.28070255
41,0,161.4,52.6,25.6,69.0,115,29.7,-3.0,2,110.0,20.19196958
33,1,174.0,74.7,23.8,80.0,154,42.2,6.4,49,213.0,24.67300832
58,0,158.3,54.6,24.5,92.0,148,27.1,20.6,42,142.0,21.7886746
24,1,172.5,62.1,23.3,80.0,118,32.0,0.0,34,180.0,20.86956522
24,1,178.0,65.6,11.9,83.0,122,50.0,12.5,40,250.0,20.70445651
27,1,175.8,72.3,17.5,74.0,132,45.5,19.4,53,247.0,23.39378832
46,0,167.5,57.5,23.1,91.0,136,24.9,14.0,20,146.0,20.49454221
21,0,161.3,60.3,34.2,72.0,127,26.6,16.8,50,164.0,23.17653873
60,1,171.8,73.0,20.5,86.0,153,43.5,14.9,40,191.0,24.7329854
21,1,172.9,59.4,11.0,68.0,121,40.6,26.0,58,224.0,19.86993555
21,0,160.9,51.2,22.1,53.0,101,25.8,18.6,39,176.0,19.7768843
43,1,185.2,91.7,17.7,93.0,156,56.4,10.5,49,221.0,26.73544216
63,1,168.4,61.5,19.2,87.0,157,35.9,14.6,26,163.0,21.68657365
62,0,158.1,69.1,41.3,76.0,130,22.6,22.4,1,81.0,27.64485444
36,1,166.5,75.5,8.7,77.0,131,51.4,11.1,58,245.0,27.23444165
26,1,178.3,73.16,15.3,79.0,130,47.8,16.6,58,232.0,23.01288199
29,1,178.2,83.1,17.6,72.0,120,46.4,15.0,57,188.0,26.16890945
59,1,162.7,74.1,33.7,93.0,138,41.2,17.7,33,168.0,27.99259122
59,0,161.0,65.8,34.4,84.0,134,27.5,19.9,15,108.0,25.38482312
23,1,167.8,66.4,25.5,85.0,130,35.9,7.0,50,186.0,23.58219175
31,1,176.5,69.3,12.7,64.0,106,46.6,10.6,58,253.0,22.24558419
21,1,177.0,87.5,23.8,80.0,135,61.8,15.7,56,238.0,27.92939449
28,1,172.0,74.2,19.5,76.0,125,41.0,15.9,55,215.0,25.08112493
23,0,161.7,56.7,25.8,65.0,123,27.5,19.4,24,172.0,21.68517938
45,0,165.5,54.1,21.5,79.0,128,23.1,21.8,34,158.0,19.75155393
21,1,168.7,80.3,22.6,68.0,131,40.3,18.8,48,244.0,28.21534599
51,0,163.2,57.8,33.8,73.0,116,24.3,12.7,25,127.0,21.70138889
24,1,174.5,60.9,11.4,77.0,125,45.9,12.7,50,235.0,19.9998358
51,1,172.8,72.0,15.6,76.0,128,42.4,13.3,46,220.0,24.11265432
50,0,161.2,52.1,25.1,61.0,112,27.0,21.7,24,145.0,20.04968936
22,0,170.7,67.6,24.9,55.0,105,33.7,19.8,51,179.0,23.19955495
27,1,182.0,80.8,24.1,78.0,141,40.5,-1.6,52,222.0,24.39318923
59,1,165.9,64.2,12.8,60.0,119,40.0,12.6,51,186.0,23.3261066
56,0,158.3,55.8,35.8,92.0,128,23.0,23.6,20,146.0,22.26754657
62,0,154.9,58.9,35.4,74.0,109,19.1,16.1,17,102.0,24.54779339
25,0,154.0,57.9,33.1,62.0,112,30.2,18.7,36,158.0,24.41389779
28,1,171.6,69.8,21.3,82.0,131,45.0,7.1,42,211.0,23.70395727
53,0,156.1,72.9,41.3,88.0,130,19.7,11.1,11,108.0,29.91725356
23,1,174.2,75.2,16.4,68.0,138,53.3,15.5,51,240.0,24.78115472
21,1,177.0,87.0,25.5,75.0,125,40.7,8.0,54,200.0,27.76979795
30,0,162.9,52.3,18.7,69.0,113,35.7,12.4,40,170.0,19.70876995
52,0,166.4,57.38,15.6,85.0,130,27.1,27.8,50,173.0,20.72306074
61,1,167.0,56.3,18.3,63.0,122,29.2,13.5,31,188.0,20.18717057
21,1,164.5,58.2,24.7,76.0,110,30.9,-7.5,25,180.0,21.50756183
50,1,165.2,67.0,28.4,96.0,143,39.0,13.3,38,205.0,24.55018204
48,1,167.3,67.4,19.3,84.0,122,42.6,14.1,40,180.0,24.08063942
27,1,179.5,87.0,19.5,85.0,139,46.3,7.1,57,212.0,27.00165269
21,1,182.4,78.3,15.8,68.0,116,46.6,7.9,57,246.0,23.53488573
29,1,176.9,73.0,11.0,64.0,122,49.0,13.7,69,234.0,23.32744608
29,1,173.7,87.5,19.8,58.0,105,67.1,12.5,47,240.0,29.00069569
26,1,170.9,67.5,12.7,98.0,151,43.4,15.1,52,247.0,23.11104842
41,1,177.9,92.5,29.3,79.0,115,33.5,-9.9,35,197.0,29.22737667
21,0,160.2,49.0,34.1,83.0,123,17.3,19.8,15,133.0,19.09286301
43,0,162.7,51.1,25.5,56.0,108,17.1,17.1,20,136.0,19.30393268
34,1,176.3,79.1,20.0,86.0,140,43.2,12.8,42,207.0,25.44906664
43,0,160.1,53.3,28.1,79.0,117,28.1,11.4,28,147.0,20.79431149
60,0,160.1,63.9,32.0,71.0,131,23.0,13.8,12,106.0,24.92976555
39,0,168.0,61.0,22.4,74.0,119,27.0,23.5,37,152.0,21.61281179
29,1,173.1,68.6,14.3,64.0,104,45.5,10.1,58,232.0,22.89443762
24,1,174.5,71.0,21.8,66.0,125,38.0,9.6,42,220.0,23.31672154
55,0,156.7,54.3,26.0,85.0,120,23.7,15.4,16,124.0,22.11372154
59,0,153.7,49.7,24.3,77.0,130,23.9,23.3,36,140.0,21.0382036
56,1,167.2,75.3,35.3,99.0,140,35.4,-12.0,8,105.0,26.93533802
27,1,173.9,65.9,14.6,82.0,120,50.7,17.9,59,235.0,21.7914561
22,0,159.5,53.6,25.8,79.0,134,23.3,21.1,35,139.0,21.06897534
24,1,170.1,54.2,14.1,68.0,122,42.3,20.0,55,230.0,18.7322808
34,1,172.0,69.8,18.8,82.0,127,39.9,12.1,36,218.0,23.59383451
52,1,174.0,73.2,22.2,92.0,137,46.1,10.2,46,198.0,24.17756639
28,1,187.2,82.7,14.0,80.0,125,50.9,12.7,54,212.0,23.59901198
26,1,175.3,82.9,18.2,78.0,123,57.2,10.4,53,238.0,26.97681653
25,1,166.8,64.6,17.0,98.0,138,39.5,13.9,54,222.0,23.218835
62,1,175.5,72.4,14.6,83.0,134,39.4,11.7,42,188.0,23.50630271
60,0,152.4,53.6,34.3,65.0,106,25.4,21.9,14,125.0,23.07782393
30,0,164.3,56.46,26.7,72.0,113,24.9,20.9,48,155.0,20.9153794
29,0,161.6,56.1,28.2,81.0,140,30.5,13.3,40,181.0,21.4822689
35,1,181.3,78.6,21.4,91.0,137,41.4,21.5,39,235.0,23.91260763
57,0,151.4,58.9,33.7,76.0,113,22.6,6.8,28,148.0,25.6958829
34,0,162.6,52.1,20.4,72.0,115,31.3,28.2,65,208.0,19.70591662
41,1,172.2,71.9,25.5,89.0,141,44.6,14.4,47,207.0,24.24725591
29,1,170.8,81.8,25.1,90.0,140,45.3,8.2,31,215.0,28.0399717
21,0,148.0,43.7,19.3,52.0,108,28.5,28.9,55,185.0,19.95069394
24,1,173.9,76.1,10.7,71.0,117,49.1,18.6,62,241.0,25.16433701
24,1,172.1,64.5,16.8,88.0,154,40.2,21.7,63,201.0,21.77699613
27,0,158.4,51.0,26.3,75.0,118,25.9,13.1,39,148.0,20.32636976
41,0,160.8,56.9,31.3,79.0,129,30.1,18.9,33,169.0,22.00595282
21,1,181.4,69.6,17.0,86.0,136,44.0,10.8,56,206.0,21.15118355
23,1,167.7,66.6,18.1,69.0,138,42.7,15.7,57,218.0,23.68143983
24,0,157.8,51.7,25.2,78.0,113,26.1,24.2,50,187.0,20.76235179
33,1,174.2,81.1,25.7,86.0,133,46.3,14.0,45,237.0,26.72542085
23,1,173.9,65.9,10.1,86.0,129,42.0,16.3,55,185.0,21.7914561
35,1,168.1,67.6,11.1,69.0,115,47.3,26.7,65,214.0,23.92275921
23,0,162.8,53.3,18.6,73.0,107,28.5,27.7,40,196.0,20.11029345
28,1,172.6,74.3,27.8,76.0,131,40.4,25.5,46,200.0,24.94061917
41,1,168.3,63.3,14.7,73.0,115,45.3,17.0,44,215.0,22.34783613
23,0,158.0,47.5,25.5,56.0,105,23.8,21.1,46,161.0,19.02739946
56,1,161.2,60.1,21.0,91.0,145,33.6,14.0,34,190.0,23.12833648
34,1,170.8,84.4,31.4,96.0,151,42.4,-1.1,30,206.0,28.93121774
22,1,173.3,90.9,29.5,72.0,153,40.6,-3.7,30,218.0,30.26681748
53,0,157.6,46.6,24.8,82.0,123,25.9,20.0,35,160.0,18.76175629
22,0,160.3,47.1,30.5,73.0,132,20.8,20.8,43,168.0,18.32963692
32,1,180.5,74.3,15.7,83.0,130,41.9,22.5,38,241.0,22.80522709
23,0,157.9,63.1,38.0,80.0,122,22.3,17.6,17,131.0,25.30842385
32,1,170.3,66.3,9.3,72.0,151,47.9,16.7,51,247.0,22.86042144
28,1,182.1,89.3,19.6,93.0,150,50.4,13.8,55,243.0,26.92970322
23,0,161.3,63.7,27.8,74.0,121,28.1,25.0,41,171.0,24.48334191
37,1,169.1,81.6,32.5,95.0,159,38.1,-6.3,38,161.0,28.53664703
41,0,170.4,63.8,27.2,87.0,127,27.5,25.8,41,168.0,21.97260244
45,1,172.5,79.8,29.1,90.0,146,42.6,10.7,31,187.0,26.8178954
21,1,171.8,66.7,17.5,71.0,110,39.6,24.8,56,230.0,22.59849488
23,0,160.9,58.14,28.1,73.0,129,26.7,15.2,43,153.0,22.45757916
22,0,169.2,53.2,16.0,66.0,103,30.0,27.1,54,202.0,18.58278982
31,1,185.3,93.14,19.0,89.0,149,44.3,14.5,51,230.0,27.12597736
27,1,167.1,67.1,16.5,66.0,125,42.0,22.8,61,221.0,24.03087699
37,0,168.2,54.1,28.4,82.0,125,22.6,17.7,18,158.0,19.12252697
21,1,171.1,65.5,15.2,69.0,148,36.8,16.4,42,203.0,22.37387879
57,1,172.1,68.9,15.7,83.0,149,39.7,18.4,32,210.0,23.26255866
57,0,153.6,50.84,25.3,76.0,118,27.1,20.7,13,128.0,21.548801
45,0,149.0,45.9,30.3,88.0,121,20.5,6.7,22,138.0,20.67474438
25,1,182.0,81.2,19.3,80.0,120,42.4,8.2,52,193.0,24.51394759
63,1,176.9,82.0,32.2,69.0,121,39.4,7.7,12,115.0,26.20343259
24,0,148.2,44.7,23.1,70.0,104,19.6,14.9,32,138.0,20.35218847
25,1,175.0,72.6,22.0,88.0,120,49.8,21.2,58,226.0,23.70612245
38,1,172.1,66.0,13.6,77.0,121,55.2,25.5,70,220.0,22.2834379
41,1,165.5,67.8,24.4,78.0,131,31.0,14.4,48,191.0,24.75333376
61,1,168.1,69.1,21.5,90.0,139,39.8,6.2,31,185.0,24.45358967
28,1,181.0,65.9,11.7,90.0,118,47.9,20.0,56,240.0,20.11538109
40,0,161.5,58.2,30.7,78.0,108,21.6,25.2,20,127.0,22.31402582
23,1,162.2,61.5,10.9,73.0,114,35.9,11.0,55,247.0,23.37617318
21,1,178.5,73.2,17.1,66.0,112,42.5,0.2,62,198.0,22.97389544
27,1,171.2,71.3,14.8,57.0,109,55.7,18.1,60,247.0,24.32663333
23,0,167.8,51.8,23.1,97.0,132,31.3,23.0,46,191.0,18.39695079
21,1,175.8,66.26,9.9,85.0,133,42.2,14.6,42,182.0,21.43945248
26,1,188.0,73.3,15.6,80.0,132,54.4,16.9,45,216.0,20.73902218
30,1,178.3,77.8,18.2,54.0,110,50.1,6.9,38,217.0,24.47241961
22,1,165.5,75.7,30.5,88.0,143,34.2,0.6,33,169.0,27.63757176
27,1,170.1,80.0,21.9,96.0,142,45.1,17.6,49,255.0,27.64912295
40,1,183.7,97.7,32.6,88.0,155,47.3,14.0,32,206.0,28.95184541
47,0,164.7,55.3,28.0,68.0,101,22.6,19.5,26,138.0,20.38627757
54,1,170.1,78.1,24.1,78.0,134,50.3,17.5,28,187.0,26.99245628
63,1,172.1,62.3,26.8,79.0,121,37.2,17.8,24,187.0,21.03421487
50,0,158.4,57.2,32.0,69.0,134,21.1,18.6,17,136.0,22.79741863
28,1,164.3,63.2,26.2,84.0,131,44.3,5.3,43,221.0,23.41218523
61,1,163.0,67.2,37.9,75.0,136,25.9,8.5,5,98.0,25.29263427
23,0,169.9,54.2,24.9,66.0,106,18.2,22.8,21,133.0,18.77640866
25,1,170.4,74.1,19.9,67.0,123,41.0,12.2,45,215.0,25.51990346
26,1,183.0,91.5,14.2,89.0,152,59.8,24.0,52,218.0,27.32240437
63,1,169.4,76.1,24.3,79.0,135,40.4,17.3,28,168.0,26.51904283
58,0,167.6,68.6,32.4,82.0,137,30.4,17.6,26,161.0,24.42171097
55,1,162.4,63.9,23.4,91.0,132,44.3,23.9,35,211.0,24.22862724
46,0,153.1,64.8,35.2,94.0,144,23.7,9.7,20,142.0,27.64551117
38,0,171.4,56.3,29.6,57.0,96,23.4,-11.1,20,140.0,19.16402637
21,1,173.1,72.5,21.8,74.0,126,30.6,3.8,24,151.0,24.19601643
31,1,169.3,72.9,25.5,97.0,155,38.5,18.5,43,210.0,25.43393822
22,0,154.5,57.1,34.3,79.0,119,19.8,21.9,38,175.0,23.92098952
50,1,166.4,84.0,32.3,76.0,128,36.1,2.4,30,153.0,30.33700074
36,1,180.2,76.3,19.7,81.0,142,47.6,18.6,60,243.0,23.49713785
26,0,156.2,64.0,24.6,58.0,114,39.1,24.6,26,170.0,26.23118527
57,0,163.5,57.1,33.6,62.0,126,23.5,20.0,22,151.0,21.35996783
31,1,170.5,79.2,29.6,93.0,128,42.6,14.5,35,206.0,27.24434774
24,0,164.9,55.9,29.9,94.0,126,26.7,16.1,47,198.0,20.55750936
31,0,162.0,54.3,18.0,90.0,136,25.1,24.3,33,181.0,20.69044353
59,1,163.7,61.0,17.1,83.0,134,43.1,19.4,49,209.0,22.76315608
33,0,166.6,59.92,26.1,75.0,116,22.3,28.2,38,179.0,21.58846732
61,1,161.4,62.5,25.7,89.0,115,31.4,-6.0,18,180.0,23.9923593
56,1,170.1,61.5,22.0,89.0,148,37.7,20.5,40,195.0,21.25526327
31,0,157.6,53.8,32.3,70.0,127,22.4,6.5,23,158.0,21.66056842
52,0,166.4,61.1,23.9,63.0,120,15.5,21.0,27,148.0,22.06655649
59,1,173.0,67.4,20.9,86.0,160,40.5,14.9,41,208.0,22.51996391
24,1,171.9,67.8,23.3,89.0,128,41.9,11.6,48,220.0,22.94446526
55,1,162.0,57.4,15.7,86.0,137,37.4,12.5,48,185.0,21.8716659
37,1,173.0,72.0,25.9,89.0,148,44.0,18.9,52,243.0,24.05693475
48,1,172.0,75.0,38.2,71.0,139,31.9,6.5,21,202.0,25.35154137
36,1,180.7,74.0,12.8,92.0,130,56.8,21.6,66,246.0,22.66289646
26,1,169.9,95.5,33.0,91.0,152,43.8,11.9,30,190.0,33.08389348
25,1,169.9,78.2,16.9,62.0,130,57.9,23.2,61,242.0,27.09068555
23,0,156.7,52.0,23.7,80.0,118,25.1,24.4,48,172.0,21.17704457
22,1,173.7,64.9,14.9,75.0,135,45.5,7.4,36,238.0,21.51023029
47,1,172.8,81.7,24.8,77.0,122,43.6,7.5,41,189.0,27.36116469
49,0,162.5,52.7,25.2,73.0,137,24.7,16.4,24,138.0,19.95739645
36,1,171.0,69.4,9.2,57.0,111,52.2,17.0,54,238.0,23.73379843
27,1,172.3,72.3,9.8,50.0,112,44.3,18.2,72,236.0,24.35385648
56,0,156.8,49.34,25.2,82.0,140,29.7,26.6,31,156.0,20.06813567
35,1,173.1,77.6,22.8,8.0,122,46.4,16.7,47,216.0,25.89808104
30,1,175.4,67.4,12.8,85.0,140,45.2,16.0,61,234.0,21.90789841
23,1,172.0,75.5,22.1,80.0,158,36.2,15.7,56,220.0,25.52055165
28,1,167.8,66.5,15.4,70.0,125,45.0,21.0,57,235.0,23.6177071
25,1,171.7,66.0,11.6,82.0,131,47.3,16.9,64,241.0,22.38738383
54,0,163.6,78.6,40.1,82.0,118,21.9,9.6,11,135.0,29.36675414
23,1,174.0,82.2,15.4,65.0,141,43.8,18.8,51,213.0,27.15021799
55,0,152.1,59.3,35.2,70.0,127,29.4,26.4,16,136.0,25.63281277
21,0,161.0,63.5,30.4,74.0,133,30.2,22.9,48,195.0,24.49751167
29,0,161.3,52.0,19.3,71.0,128,30.9,30.3,38,164.0,19.98640156
38,1,168.2,72.0,26.0,81.0,124,44.3,10.0,47,189.0,25.44957379
46,1,168.9,68.5,16.4,83.0,123,50.5,24.3,52,234.0,24.01216242
25,1,168.8,70.6,22.1,84.0,148,45.2,13.5,41,200.0,24.77763303
23,0,178.4,75.5,34.6,63.0,121,29.6,12.6,51,183.0,23.722325
22,0,157.0,52.9,26.6,71.0,115,26.0,22.4,35,193.0,21.46131689
39,1,170.7,71.7,18.1,72.0,138,43.5,18.7,42,222.0,24.60662855
24,1,171.3,65.8,4.0,74.0,126,56.3,7.6,55,283.0,22.42390102
21,1,173.5,68.3,22.7,80.0,134,44.1,16.6,44,241.0,22.68933385
21,1,175.5,78.7,14.4,66.0,132,56.8,17.2,69,226.0,25.55174065
44,0,149.9,60.4,34.2,90.0,132,15.4,-0.1,20,63.0,26.88027286
24,1,179.2,80.3,18.2,92.0,145,52.7,22.1,44,231.0,25.00572983
61,0,148.6,54.8,34.2,54.0,104,25.4,13.5,9,122.0,24.81663765
32,0,161.3,52.0,27.4,57.0,111,24.9,15.6,26,162.0,19.98640156
27,0,158.8,47.7,26.7,80.0,127,20.3,14.0,21,144.0,18.91548071
24,1,175.7,86.2,20.9,77.0,135,43.7,16.6,56,219.0,27.92310715
38,1,177.0,69.7,15.7,68.0,103,43.0,13.6,45,210.0,22.24775767
22,1,169.5,65.0,20.1,60.0,110,38.1,16.2,40,151.0,22.62423752
24,1,174.9,77.3,17.4,77.0,139,55.5,22.1,46,225.0,25.26968772
38,1,173.5,78.2,23.9,77.0,123,44.8,7.4,33,214.0,25.97812456
39,1,170.4,92.3,27.4,99.0,144,43.5,16.7,32,212.0,31.78794992
55,0,159.1,57.4,35.4,75.0,115,22.1,13.5,9,138.0,22.6762655
64,0,148.2,53.1,33.0,94.0,152,33.3,19.6,31,119.0,24.17676081
25,1,164.3,61.18,22.0,78.0,145,43.3,18.6,47,209.0,22.66388437
32,1,174.2,77.9,20.3,93.0,159,44.4,13.4,41,223.0,25.67090363
46,0,157.3,57.12,21.8,82.0,146,28.9,12.1,30,168.0,23.08504649
24,1,169.0,59.2,11.3,78.0,132,34.3,13.3,60,213.0,20.72756556
30,1,177.8,75.9,19.1,90.0,134,53.4,16.2,48,222.0,24.00923169
26,1,178.3,68.4,17.2,81.0,123,57.0,16.0,58,230.0,21.51559771
29,1,176.9,80.9,17.4,86.0,118,36.4,14.3,50,240.0,25.85192312
40,0,163.5,60.1,26.8,93.0,117,35.9,21.7,46,168.0,22.48220782
43,1,174.6,104.9,36.2,97.0,150,32.7,-1.3,22,173.0,34.41018515
22,1,183.0,72.9,16.3,64.0,128,48.9,2.1,42,212.0,21.76834184
61,1,171.5,71.0,17.7,86.0,158,39.9,14.5,33,178.0,24.1396017
51,1,163.1,67.7,23.6,96.0,145,41.8,5.3,42,197.0,25.44958745
28,0,165.6,58.9,30.4,86.0,127,25.9,18.9,42,165.0,21.47803916
28,0,160.7,63.0,33.1,84.0,124,28.9,11.4,32,177.0,24.39544789
30,1,181.5,74.34,18.1,80.0,138,45.2,11.5,50,226.0,22.56676457
24,1,181.0,59.4,9.7,74.0,125,28.8,17.0,51,245.0,18.13131467
53,1,168.0,73.1,28.0,94.0,156,33.2,2.3,33,167.0,25.89994331
61,0,152.8,45.3,23.9,85.0,145,22.8,18.1,18,127.0,19.40222308
22,1,165.6,63.1,19.0,74.0,131,27.4,11.9,57,240.0,23.00958015
29,1,173.0,72.1,22.8,77.0,110,50.8,-3.4,35,220.0,24.09034715
36,1,179.1,69.2,18.0,96.0,155,49.1,10.5,56,235.0,21.57321754
23,1,170.2,79.5,32.6,80.0,135,35.2,2.3,28,156.0,27.44403833
26,0,167.7,50.1,16.9,59.0,107,25.7,27.3,34,174.0,17.81441645
59,0,162.6,52.98,24.5,78.0,152,24.6,13.7,15,152.0,20.03876127
30,1,162.1,62.0,21.0,84.0,139,38.1,10.3,53,195.0,23.59530849
42,0,163.2,64.8,28.7,83.0,122,30.2,15.9,29,158.0,24.32958478
56,0,172.0,60.0,19.5,70.0,120,20.6,15.0,25,170.0,20.2812331
33,0,159.7,51.9,33.1,93.0,135,25.7,16.7,35,144.0,20.34967725
37,1,170.8,64.66,16.5,94.0,151,50.6,14.9,53,221.0,22.16460355
51,0,163.3,56.4,23.5,71.0,128,20.3,18.5,34,154.0,21.14982287
63,0,159.9,61.3,35.3,64.0,129,20.1,19.1,19,118.0,23.97527222
25,1,177.8,83.5,23.1,95.0,152,43.6,4.5,32,194.0,26.41331813
40,1,175.7,70.8,14.9,86.0,137,35.8,14.6,43,211.0,22.9345242
31,1,175.6,72.6,22.2,87.0,129,41.3,19.8,48,229.0,23.54439838
60,1,160.6,64.8,29.7,98.0,139,30.2,12.8,18,179.0,25.12371881
26,1,178.5,79.5,15.3,98.0,147,46.9,19.0,60,245.0,24.95115693
26,1,175.2,85.3,14.7,91.0,156,61.3,20.5,57,266.0,27.78950606
31,0,159.1,45.5,22.2,72.0,111,18.6,18.3,37,151.0,17.9750885
36,1,178.1,79.1,20.4,68.0,128,53.9,18.5,53,245.0,24.9372549
27,0,172.0,58.7,25.6,81.0,130,29.6,20.9,40,175.0,19.84180638
49,1,173.3,70.0,14.2,75.0,134,51.2,12.3,38,199.0,23.30778024
44,1,167.1,59.9,18.8,85.0,121,42.1,14.9,42,206.0,21.45230301
21,0,167.3,76.1,41.2,85.0,118,32.5,14.0,44,162.0,27.18897121
24,1,172.8,68.7,17.8,83.0,118,37.7,-1.1,49,223.0,23.007491
47,1,174.9,58.5,16.7,63.0,100,37.8,5.6,39,207.0,19.12389045
22,0,165.2,48.3,16.2,78.0,130,30.1,25.6,37,189.0,17.6981163
40,0,175.6,60.4,17.8,76.0,146,28.7,13.0,38,195.0,19.58790168
64,0,159.9,56.7,26.4,79.0,122,25.4,21.9,23,142.0,22.17614902
38,1,170.1,69.6,23.4,67.0,116,51.7,9.9,53,200.0,24.05473697
23,1,181.8,78.8,23.8,92.0,147,38.3,6.1,55,208.0,23.84176812
41,0,164.4,62.7,28.0,91.0,146,33.9,19.0,30,180.0,23.19871419
32,0,154.4,55.8,32.2,90.0,135,26.1,23.2,35,163.0,23.40666864
62,0,161.2,74.0,37.3,83.0,124,22.0,16.4,19,113.0,28.47748585
49,1,174.8,74.5,21.7,83.0,117,43.1,2.9,40,178.0,24.38222958
26,0,170.9,55.4,22.3,59.0,109,25.0,21.7,27,164.0,18.968179
34,1,172.8,69.28,13.6,68.0,116,45.2,19.0,42,217.0,23.20173182
39,1,169.5,69.1,17.2,72.0,136,44.9,16.0,47,236.0,24.05130481
22,0,163.4,56.8,29.9,69.0,128,24.6,28.3,41,164.0,21.27375882
57,1,167.7,73.8,20.5,78.0,131,28.9,-4.5,27,139.0,26.24159549
62,1,170.0,78.9,27.4,87.0,142,42.5,7.7,41,185.0,27.30103806
39,0,159.0,54.9,18.9,62.0,116,30.6,24.4,51,198.0,21.71591314
28,1,172.2,70.1,16.0,86.0,126,48.6,11.1,49,226.0,23.64023142
28,0,172.0,63.76,17.8,60.0,115,35.2,24.4,55,185.0,21.55219037
45,0,153.6,48.5,27.7,77.0,134,15.3,17.2,15,152.0,20.55697971
28,0,171.8,63.6,23.3,98.0,139,27.5,33.4,42,189.0,21.54819002
35,1,181.8,81.3,14.5,86.0,150,48.0,11.4,44,231.0,24.59816939
26,1,165.6,64.1,21.7,74.0,119,28.3,14.7,57,203.0,23.37423277
43,1,178.4,79.2,22.6,75.0,123,41.9,17.3,51,241.0,24.88487603
27,1,173.8,87.0,24.1,95.0,158,39.9,22.5,50,189.0,28.80180518
27,1,170.3,74.6,22.0,98.0,151,47.9,14.5,53,170.0,25.72228415
29,1,168.1,64.3,20.2,78.0,134,42.7,15.7,60,233.0,22.75493221
46,0,159.1,52.9,32.5,76.0,123,21.9,8.0,21,140.0,20.89850949
22,0,165.8,56.5,33.8,67.0,125,17.2,-3.6,37,172.0,20.5531975
21,1,172.3,62.8,16.2,87.0,127,42.1,7.6,41,205.0,21.15383385
26,1,181.7,65.68,12.4,80.0,120,38.9,4.2,48,198.0,19.89405386
47,0,158.0,55.6,23.3,94.0,139,28.9,22.9,52,191.0,22.27207178
62,0,161.4,68.86,33.8,90.0,158,26.2,11.2,16,121.0,26.43382178
41,1,166.2,58.8,37.1,88.0,149,27.9,12.3,32,144.0,21.28704054
43,1,168.0,68.4,29.6,77.0,108,45.4,21.6,34,225.0,24.23469388
26,1,176.4,64.4,16.1,83.0,133,32.8,6.7,42,226.0,20.69610913
26,1,167.0,61.2,25.7,80.0,121,36.1,17.5,41,223.0,21.94413568
24,0,160.0,51.8,32.8,80.0,130,23.0,10.2,24,120.0,20.234375
52,0,160.2,55.6,20.4,87.0,131,24.2,17.6,29,135.0,21.66455476
44,1,155.7,52.2,20.9,88.0,158,37.5,17.5,48,226.0,21.53244159
31,1,172.9,69.6,16.8,69.0,110,44.0,15.5,48,233.0,23.28194468
60,1,171.9,60.9,16.7,78.0,128,33.6,10.9,28,190.0,20.60940906
30,1,181.0,91.6,21.3,76.0,130,58.9,15.4,48,227.0,27.96007448
28,1,175.4,69.9,14.9,82.0,143,45.9,23.8,58,230.0,22.72050592
28,1,171.4,79.8,18.7,64.0,136,46.6,22.9,66,258.0,27.16322032
62,0,162.2,62.1,37.2,71.0,145,28.1,26.6,21,110.0,23.60423341
57,1,168.6,75.6,24.4,81.0,132,34.2,14.4,37,211.0,26.59540786
64,0,156.0,62.2,33.2,78.0,135,31.7,15.8,23,144.0,25.55884287
26,1,174.9,86.9,29.1,92.0,142,34.6,13.1,41,219.0,28.40796718
25,1,172.3,82.5,17.3,77.0,121,50.6,20.5,58,227.0,27.78967026
27,0,154.6,43.3,22.9,67.0,109,21.7,20.0,35,167.0,18.11627553
45,1,176.0,98.5,25.7,84.0,129,46.9,8.9,40,190.0,31.79881198
22,0,163.3,57.2,25.2,66.0,112,30.0,12.9,30,138.0,21.44982036
25,1,172.2,60.0,12.8,72.0,151,61.0,15.2,55,230.0,20.23414958
27,1,172.5,74.9,23.8,78.0,154,46.6,13.3,54,233.0,25.17118252
64,0,157.4,55.1,35.2,86.0,159,27.7,14.6,11,113.0,22.2403769
21,1,172.6,82.1,23.1,101.0,152,41.2,11.1,48,215.0,27.55888067
25,1,164.9,71.7,20.6,83.0,138,40.1,18.7,70,223.0,26.36803973
44,0,153.8,49.7,29.8,72.0,110,29.2,23.6,24,158.0,21.01085462
25,1,179.7,74.4,12.9,80.0,147,47.7,9.0,55,258.0,23.03969796
56,1,160.9,59.5,21.2,96.0,140,33.0,16.7,35,156.0,22.98290265
28,0,168.1,71.3,31.8,83.0,130,25.9,18.1,43,175.0,25.23214101
54,1,171.5,72.9,20.8,88.0,145,40.5,26.2,29,164.0,24.78559104
25,0,169.3,65.3,27.9,96.0,135,31.3,25.6,55,169.0,22.78238911
51,0,155.6,58.0,33.5,92.0,128,20.6,15.9,3,135.0,23.95569683
21,1,186.4,64.5,8.7,76.0,129,29.6,24.2,57,255.0,18.5638435
57,1,161.9,61.58,26.9,75.0,124,34.1,12.3,39,186.0,23.49340617
46,1,176.5,70.0,16.1,99.0,158,44.4,16.5,45,224.0,22.47028706
63,0,150.1,68.4,43.0,74.0,134,18.0,0.0,0,70.0,30.35950716
56,0,162.7,57.8,24.4,73.0,128,28.8,27.0,19,175.0,21.83497669
52,0,157.0,57.6,20.3,82.0,129,30.8,24.2,24,166.0,23.36808795
25,1,186.0,89.8,20.2,80.0,130,44.1,8.5,38,198.0,25.95675801
21,0,172.9,65.16,25.7,80.0,120,33.3,11.9,45,189.0,21.79671718
49,0,158.1,51.9,24.9,83.0,130,24.3,19.5,37,178.0,20.7636461
34,0,163.8,57.5,31.2,57.0,93,21.8,3.3,17,120.0,21.43088224
21,1,181.0,75.3,12.9,80.0,120,45.5,18.1,57,238.0,22.98464638
60,1,172.8,70.18,23.6,82.0,140,40.7,17.2,45,186.0,23.50314
57,0,157.3,54.1,30.5,77.0,126,23.7,21.5,27,130.0,21.86451357
36,0,155.9,50.2,24.9,80.0,142,25.0,10.1,23,118.0,20.65434784
51,1,172.6,71.3,20.3,82.0,137,42.4,13.2,34,220.0,23.93359552
24,1,173.5,81.7,20.7,67.0,134,39.0,1.8,51,241.0,27.14082834
38,0,167.3,51.3,18.2,79.0,123,26.2,13.8,22,181.0,18.3284392
42,1,180.2,73.3,20.4,95.0,140,53.7,26.0,41,211.0,22.57326611
21,0,160.3,52.0,22.7,86.0,129,27.5,20.6,51,183.0,20.23654182
40,0,161.8,55.3,26.6,81.0,117,26.1,-4.0,25,138.0,21.12360787
45,1,175.6,76.9,14.9,80.0,123,48.5,10.2,53,222.0,24.93890131
40,1,171.4,73.9,16.4,81.0,141,42.9,15.8,37,202.0,25.15491205
42,0,162.8,56.5,25.3,76.0,111,24.1,16.1,25,139.0,21.31766567
36,1,177.9,67.0,10.8,64.0,118,41.9,13.9,53,240.0,21.17009986
48,0,170.1,83.5,37.5,78.0,131,29.9,12.0,17,105.0,28.85877208
23,1,169.9,80.3,24.1,79.0,155,47.9,12.6,51,222.0,27.81818478
23,1,167.7,64.5,19.7,74.0,122,47.1,9.0,52,182.0,22.93472776
23,1,183.2,89.5,17.5,97.0,138,51.0,22.4,38,264.0,26.66687325
39,0,164.1,52.8,29.0,60.0,110,21.0,25.8,33,159.0,19.60725335
23,0,164.0,60.3,23.2,60.0,105,32.0,26.0,51,205.0,22.41969066
21,1,187.4,84.4,18.8,82.0,151,50.8,16.8,49,257.0,24.0327392
62,0,155.8,62.54,40.2,80.0,120,21.7,20.8,22,155.0,25.76457425
47,1,171.0,72.64,20.6,89.0,151,45.8,18.0,45,205.0,24.84183167
36,1,170.2,60.7,22.0,69.0,129,45.4,7.8,46,229.0,20.95412738
33,0,160.0,50.7,20.2,98.0,146,20.6,-9.0,37,128.0,19.8046875
41,1,172.1,77.5,20.4,98.0,150,55.1,16.3,43,239.0,26.16615814
28,1,172.3,63.8,22.5,73.0,124,34.1,-6.2,29,180.0,21.49067833
44,1,175.1,63.4,13.1,87.0,138,50.0,19.9,43,214.0,20.67840161
23,1,187.3,76.8,14.05,62.0,106,48.9,0.3,38,237.0,21.89201138
51,1,170.5,67.9,15.6,95.0,144,45.0,21.6,41,225.0,23.35721227
60,1,173.0,76.5,24.6,92.0,158,44.2,19.6,38,200.0,25.56049317
58,1,164.3,86.0,33.6,94.0,151,40.9,-0.8,23,127.0,31.85835332
38,1,169.0,74.8,19.2,85.0,129,31.7,9.1,35,204.0,26.18955919
23,1,174.7,71.8,24.9,73.0,131,36.5,12.5,50,212.0,23.52548764
61,0,159.5,54.68,32.3,71.0,126,26.4,-3.4,0,127.0,21.49349947
34,1,178.1,74.0,12.1,74.0,127,46.6,4.7,40,262.0,23.32941672
24,0,155.4,48.0,30.2,60.0,118,19.7,17.0,19,133.0,19.87646775
24,1,177.5,83.2,19.8,89.0,144,47.6,21.6,48,254.0,26.40745884
21,1,172.5,64.2,16.0,73.0,128,34.4,9.2,59,231.0,21.57529931
22,1,181.4,77.4,11.2,94.0,127,50.0,21.6,58,244.0,23.52157482
31,1,162.6,73.8,24.7,68.0,103,42.4,19.1,56,230.0,27.91356327
46,1,172.4,77.1,19.1,69.0,126,45.1,12.9,48,188.0,25.94059033
26,0,160.0,48.36,29.8,70.0,123,21.0,22.0,22,132.0,18.890625
23,0,159.5,52.8,29.9,93.0,127,24.8,13.0,40,135.0,20.75451303
24,1,178.3,67.1,9.7,63.0,117,44.4,17.4,57,239.0,21.10667553
21,0,168.9,56.3,25.9,68.0,103,26.1,20.1,33,114.0,19.73554371
21,1,171.3,68.2,15.2,78.0,112,47.6,17.4,69,220.0,23.24179406
64,1,175.6,64.3,17.5,80.0,123,42.0,17.8,38,223.0,20.85268341
45,1,174.5,87.7,31.9,99.0,146,48.9,3.3,35,182.0,28.80107717
40,1,173.3,66.3,11.3,75.0,130,33.9,11.3,49,200.0,22.07579757
24,0,168.8,59.8,19.3,80.0,120,30.5,25.9,35,194.0,20.9872869
25,1,181.3,73.0,11.8,60.0,102,46.5,9.0,56,236.0,22.2089104
58,0,154.8,57.36,27.8,95.0,148,22.7,18.5,26,128.0,23.93686277
42,1,173.7,72.4,27.1,81.0,135,40.9,8.3,47,217.0,23.9960042
58,1,168.7,69.4,27.2,87.0,158,38.6,13.0,36,191.0,24.38536751
58,1,175.3,71.2,14.9,80.0,123,46.0,20.1,46,219.0,23.16947331
23,1,170.1,81.6,19.2,65.0,127,39.2,13.7,58,194.0,28.20210541
26,0,160.3,52.1,26.7,70.0,119,26.3,19.8,40,160.0,20.27545825
49,0,148.1,63.7,39.7,82.0,138,20.7,10.6,0,73.0,29.04218685
28,1,178.7,81.9,26.9,65.0,124,47.0,0.1,26,216.0,25.64689518
61,0,153.4,52.0,34.9,91.0,134,19.4,18.7,17,118.0,22.09798245
47,1,172.4,70.3,16.9,85.0,118,48.0,8.8,31,186.0,23.65270428
21,1,170.0,50.1,16.3,67.0,124,28.5,6.4,44,210.0,17.33564014
62,0,153.0,56.5,33.5,83.0,143,27.3,13.0,21,118.0,24.13601606
28,1,167.4,51.8,13.7,69.0,121,37.1,24.9,50,178.0,18.48497436
54,1,166.2,63.2,16.0,79.0,158,40.9,13.0,53,192.0,22.87994833
24,0,172.3,66.5,24.4,62.0,109,33.3,22.8,44,190.0,22.40015845
29,1,181.4,81.12,25.2,78.0,131,43.0,8.1,42,178.0,24.65206911
21,0,162.7,57.2,26.8,72.0,104,26.6,34.4,43,188.0,21.60831603
29,1,163.3,68.8,21.0,92.0,146,45.4,21.0,58,212.0,25.79978393
51,1,172.3,104.5,30.7,99.0,148,56.7,2.7,38,210.0,35.200249
37,1,172.6,80.2,17.12946,77.0,140,48.1,17.3,58,235.0,26.92109903
39,1,170.3,71.4,22.0,77.0,138,42.5,14.8,49,227.0,24.6189154
63,1,165.0,62.0,20.7,75.0,142,42.2,12.6,31,180.0,22.77318641
24,0,153.7,54.72,30.6,74.0,129,27.2,28.8,39,148.0,23.16318915
49,1,177.6,84.1,14.1,88.0,144,45.7,14.4,56,221.0,26.66306509
43,0,160.6,58.5,31.8,56.0,109,23.6,20.0,21,153.0,22.68113503
35,0,162.3,54.2,29.2,69.0,122,25.1,29.7,28,161.0,20.57606138
62,0,157.6,57.6,34.0,81.0,136,24.4,18.2,13,82.0,23.19049705
21,1,175.7,66.5,20.8,99.0,144,40.0,11.8,55,217.0,21.54160818
29,0,162.1,55.4,30.2,72.0,116,25.4,21.5,23,160.0,21.08354985
24,1,181.0,84.4,20.4,80.0,120,48.9,7.2,54,213.0,25.76233937
23,0,152.7,48.08,27.0,66.0,126,29.3,21.0,41,182.0,20.61989193
22,1,178.0,72.3,13.8,83.0,133,42.7,8.2,51,239.0,22.8190885
61,1,161.1,66.1,28.0,82.0,142,42.7,4.0,37,173.0,25.46891117
54,1,172.1,75.2,21.9,90.0,150,44.6,12.8,34,189.0,25.38961409
30,0,163.1,63.3,33.7,70.0,117,28.0,13.0,42,121.0,23.79555222
22,1,172.5,69.4,13.3,76.0,115,35.2,-8.0,32,227.0,23.32283134
27,1,180.7,81.1,20.7,82.0,149,50.5,11.4,40,199.0,24.8373095
23,0,155.1,53.5,40.3,65.0,115,17.6,6.0,4,106.0,22.23976462
57,0,152.4,55.2,31.0,74.0,102,25.8,18.7,25,100.0,23.7667142
64,1,163.4,62.1,27.3,89.0,146,35.1,15.5,27,175.0,23.25881026
55,0,149.6,46.7,32.5,65.0,107,20.7,16.1,20,135.0,20.86669622
53,1,174.9,86.3,23.6,84.0,137,48.6,13.8,43,215.0,28.21182471
58,0,163.7,65.0,31.4,67.0,128,29.3,15.0,13,140.0,24.25582205
52,1,162.9,63.7,20.9,68.0,117,28.4,16.4,40,204.0,24.00475422
24,1,177.5,76.4,24.1,86.0,159,39.7,11.6,48,181.0,24.24915691
21,0,160.2,56.86,16.4,80.0,120,30.5,29.1,44,189.0,22.1555141
25,0,169.5,57.56,25.3,92.0,132,23.4,24.7,37,182.0,20.03463249
60,1,173.0,71.3,18.3,93.0,154,34.5,2.7,33,149.0,23.82304788
30,0,158.9,60.4,32.2,81.0,120,33.3,15.2,27,178.0,23.92154052
24,1,176.3,73.58,13.9,65.0,146,59.5,22.4,61,235.0,23.67310143
45,1,185.4,80.0,21.9,93.0,144,46.2,7.1,22,205.0,23.27397307
64,1,164.5,69.1,28.4,65.0,145,28.0,0.2,21,173.0,25.53561035
59,0,164.6,70.4,38.3,80.0,126,26.7,16.2,6,110.0,25.98441821
30,1,180.0,83.6,13.4,99.0,145,49.0,17.0,51,264.0,25.80246914
31,1,172.6,88.4,23.1,84.0,134,58.3,21.5,51,234.0,29.67363035
21,1,185.8,88.5,13.7,74.0,119,51.3,20.3,69,240.0,25.63609377
23,1,170.6,90.2,33.8,73.0,133,30.4,8.0,45,161.0,30.99192011
44,1,172.6,76.3,23.4,74.0,114,52.3,16.3,44,204.0,25.61196827
21,1,176.1,82.8,24.9,85.0,137,46.1,17.6,56,240.0,26.70002235
22,1,170.0,67.4,14.2,70.0,136,45.0,13.2,60,220.0,23.32179931
28,0,159.1,49.1,21.0,71.0,118,27.3,11.3,41,135.0,19.39729331
31,1,169.4,67.3,20.5,84.0,132,43.8,19.4,48,247.0,23.45245181
41,1,170.6,70.3,20.1,95.0,145,48.2,14.2,41,189.0,24.15445658
23,1,171.2,67.4,15.2,81.0,134,47.8,7.6,42,239.0,22.99600402
25,1,167.8,64.4,23.1,87.0,117,38.5,12.6,45,221.0,22.87188477
41,1,184.3,78.7,15.3,89.0,152,50.8,22.8,60,244.0,23.1698948
51,1,170.0,63.8,18.1,83.0,146,29.1,16.0,38,215.0,22.07612457
41,1,180.3,79.7,20.2,79.0,118,45.7,13.0,50,208.0,24.51697408
22,1,180.6,80.0,25.2,70.0,142,35.6,20.4,49,221.0,24.52756837
43,1,167.4,74.4,28.2,92.0,137,42.7,0.3,34,182.0,26.54984734
26,0,159.2,45.4,14.8,71.0,110,25.1,14.5,16,175.0,17.91305775
27,1,174.3,66.1,16.4,97.0,153,39.0,-4.5,51,234.0,21.75738443
59,0,162.0,50.0,25.3,88.0,132,27.1,18.5,17,95.0,19.05197378
27,1,173.8,68.4,13.9,69.0,110,47.8,14.1,49,244.0,22.64417786
50,0,152.0,63.6,31.5,88.0,128,18.2,19.0,28,160.0,27.52770083
32,1,168.0,69.8,21.9,88.0,127,50.9,26.3,68,248.0,24.73072562
26,1,176.0,72.7,8.9,86.0,136,46.8,21.8,55,281.0,23.46978306
23,0,168.9,58.4,26.7,64.0,108,26.4,20.5,31,174.0,20.471683
26,1,176.8,68.0,15.5,68.0,116,41.1,21.2,45,178.0,21.75426384
28,1,180.8,90.6,10.2,73.0,134,61.6,2.7,51,246.0,27.71605059
62,1,165.6,62.6,23.3,76.0,152,33.2,14.4,26,168.0,22.82725384
22,1,179.4,70.5,17.8,72.0,113,41.1,22.2,51,222.0,21.90504953
30,1,168.2,76.6,16.1,60.0,116,47.8,4.6,55,227.0,27.07551878
24,1,177.4,71.2,11.5,91.0,128,56.8,23.6,60,283.0,22.62417558
61,1,168.5,62.1,14.8,74.0,129,33.4,17.0,31,169.0,21.87216582
32,1,176.5,80.7,23.4,96.0,156,53.4,26.2,59,248.0,25.90503094
60,0,156.6,57.9,33.5,98.0,152,39.1,17.6,17,117.0,23.60994896
25,1,174.4,69.5,14.2,79.0,135,48.2,10.1,48,250.0,22.85029669
32,0,164.8,69.6,33.2,91.0,142,29.4,15.5,28,174.0,25.62682628
29,1,167.0,78.9,24.1,81.0,136,45.8,-2.8,43,219.0,28.29072394
23,1,173.3,74.6,20.9,92.0,142,45.9,12.3,44,212.0,24.83943437
28,1,173.8,73.2,20.1,78.0,118,40.1,10.8,46,232.0,24.23324298
64,0,157.0,56.7,35.3,86.0,144,27.8,12.6,5,89.0,23.00296158
60,0,159.3,59.9,26.4,99.0,156,22.0,13.8,9,102.0,23.60452529
33,0,167.4,69.9,36.4,71.0,132,28.5,20.6,34,166.0,24.9440098
61,0,150.2,47.5,23.6,75.0,132,25.6,22.0,23,130.0,21.05492721
44,1,181.9,78.6,27.8,90.0,134,35.4,2.4,28,172.0,23.75511559
52,1,170.0,75.5,30.4,77.0,127,39.6,10.2,29,186.0,26.12456747
54,0,156.5,52.2,30.1,72.0,117,20.5,13.5,16,110.0,21.31286427
47,1,168.2,72.3,30.4,62.0,111,40.4,6.0,30,177.0,25.55561368
37,1,180.1,76.4,19.4,75.0,134,47.0,14.5,42,224.0,23.55406846
40,1,173.0,68.5,14.9,90.0,129,46.3,18.4,38,229.0,22.88750042
24,0,158.0,49.6,19.4,88.0,130,23.3,26.9,48,176.0,19.8686108
35,0,154.5,53.4,31.7,65.0,119,24.3,24.0,19,136.0,22.37094291
29,1,177.0,81.6,18.3,75.0,139,53.9,15.8,55,235.0,26.04615532
27,1,178.1,73.5,13.4,77.0,148,56.7,17.1,55,237.0,23.17178553
29,1,172.1,63.3,14.4,81.0,134,53.5,17.2,50,235.0,21.37184272
25,1,171.8,66.8,14.9,82.0,141,41.6,10.0,51,220.0,22.63237568
38,1,163.7,72.8,23.9,86.0,146,43.1,-10.7,32,205.0,27.1665207
60,0,159.0,48.8,32.1,88.0,152,22.8,15.7,7,148.0,19.3030339
38,1,167.0,63.0,9.8,70.0,115,43.3,24.21,49,228.0,22.58955144
37,1,181.3,82.0,29.1,75.0,118,38.4,23.5,34,209.0,24.94699524
26,1,172.3,83.9,22.5,80.0,130,46.5,15.4,44,254.0,28.26125254
21,1,177.5,71.4,16.3,77.0,128,39.7,6.0,61,275.0,22.6621702
22,0,151.9,45.0,27.7,75.0,117,22.7,27.6,54,184.0,19.50279995
22,1,178.1,73.6,17.4,85.0,144,50.0,26.1,59,242.0,23.20331177
38,0,158.6,58.4,34.7,76.0,138,23.8,18.5,30,162.0,23.2170203
34,1,178.3,72.4,12.7,83.0,141,48.4,7.9,51,265.0,22.7738198
64,1,170.0,84.1,24.2,95.0,154,41.0,10.1,28,181.0,29.10034602
30,1,174.3,77.86,24.9,77.0,122,49.5,12.4,55,213.0,25.62828973
48,1,174.0,68.5,18.3,72.0,127,40.6,5.8,32,184.0,22.62518166
21,0,160.6,47.96,27.7,75.0,118,20.7,19.9,42,162.0,18.59465361
39,1,177.7,81.8,20.1,86.0,151,40.6,9.0,50,184.0,25.9046929
29,1,156.7,77.0,35.4,94.0,142,46.3,18.8,30,215.0,31.358316
50,1,172.8,73.6,29.0,98.0,149,32.9,6.3,31,185.0,24.64849108
32,1,182.3,81.3,20.7,84.0,156,45.7,8.3,46,218.0,24.46342207
57,1,162.7,61.1,24.2,79.0,154,37.9,10.0,24,177.0,23.0816103
50,0,166.4,58.3,29.5,91.0,135,28.7,12.5,13,161.0,21.05532313
26,1,171.8,69.7,16.7,60.0,113,46.2,16.2,49,228.0,23.61491894
51,1,162.4,72.2,20.5,90.0,135,37.9,24.0,39,186.0,27.37569463
48,1,180.9,98.08,28.9,96.0,132,51.1,-4.7,25,201.0,29.97114422
22,1,157.8,62.2,20.0,77.0,124,39.4,18.1,49,195.0,24.97907701
39,1,180.6,73.2,14.9,79.0,119,42.8,16.1,46,226.0,22.44272506
38,1,167.7,67.9,15.6,76.0,139,39.0,20.9,57,225.0,24.14369016
57,0,151.3,60.0,39.9,60.0,122,23.9,16.2,8,155.0,26.21038464
59,1,169.4,65.4,25.6,83.0,130,41.0,19.1,27,195.0,22.79034693
21,0,154.5,47.4,27.0,64.0,98,20.1,18.5,28,185.0,19.85735382
49,0,157.5,48.0,22.3,78.0,120,22.3,22.6,38,180.0,19.34996221
27,1,179.2,86.6,23.8,63.0,124,43.5,8.3,36,198.0,26.96757414
36,1,174.6,85.1,26.4,86.0,139,40.2,-2.4,45,208.0,27.9152217
37,1,168.9,78.8,23.4,88.0,144,42.1,20.9,47,241.0,27.62275035
40,1,180.1,82.4,15.1,88.0,130,54.7,20.0,50,210.0,25.40386441
59,0,158.2,54.34,29.6,74.0,133,25.1,28.6,42,148.0,21.71234223
37,1,177.7,66.9,16.9,80.0,127,36.9,16.7,48,218.0,21.18611192
32,1,175.7,75.6,9.3,76.0,130,58.4,20.9,64,245.0,24.4894072
48,0,161.5,50.1,15.0,73.0,132,26.9,19.6,45,170.0,19.20846553
45,1,174.8,77.1,29.1,98.0,154,35.6,-7.4,29,177.0,25.23315302
64,1,167.8,64.2,20.0,96.0,158,42.6,18.6,28,180.0,22.80085407
51,0,155.8,45.8,23.6,66.0,115,22.1,22.4,31,151.0,18.86820436
35,1,174.5,77.8,16.4,81.0,140,53.7,18.2,67,232.0,25.54987233
54,1,174.5,71.6,14.5,82.0,140,34.4,23.2,38,212.0,23.51376425
29,1,179.0,96.9,24.0,89.0,145,34.6,7.6,59,180.0,30.24250179
35,1,181.0,78.5,15.4,87.0,146,45.5,-1.5,62,267.0,23.96141754
59,0,153.4,53.3,25.0,89.0,149,28.8,14.0,30,128.0,22.65043202
29,1,174.3,75.94,18.8,77.0,127,52.2,13.3,43,213.0,24.99630519
45,1,165.7,63.3,16.7,78.0,121,37.0,12.2,40,216.0,23.05465848
45,0,160.0,56.3,28.6,88.0,128,21.7,10.0,25,127.0,21.9921875
31,1,185.0,68.7,13.3,71.0,125,36.4,10.7,53,244.0,20.07304602
23,1,175.0,93.5,35.7,85.0,136,46.4,9.9,34,180.0,30.53061224
59,0,158.0,62.3,33.8,64.0,122,25.0,9.8,13,86.0,24.95593655
36,1,176.3,73.2,27.8,87.0,147,40.7,21.1,43,213.0,23.55084296
55,0,160.1,70.2,36.0,62.0,106,25.4,20.0,22,118.0,27.38762976
21,1,173.9,66.4,12.0,85.0,152,42.1,18.8,54,260.0,21.9567934
40,0,158.6,51.7,32.5,70.0,128,20.4,11.5,41,154.0,20.55342379
26,1,171.6,85.8,30.9,90.0,135,33.9,-3.9,46,190.0,29.13752914
30,0,160.7,59.4,29.0,74.0,113,22.3,12.0,23,160.0,23.00142229
50,1,174.0,75.4,26.0,93.0,138,38.3,22.8,28,227.0,24.90421456
27,1,168.9,67.2,16.2,87.0,144,49.7,19.9,54,235.0,23.55645715
24,0,158.5,55.7,29.2,58.0,116,22.4,12.4,27,145.0,22.17158097
61,0,154.2,57.78,34.7,68.0,155,23.2,16.7,10,78.0,24.3001408
22,1,160.5,60.8,18.9,64.0,118,30.9,13.7,60,196.0,23.60225541
60,1,154.0,58.2,28.1,66.0,108,27.2,5.0,11,155.0,24.54039467
23,0,167.1,58.8,28.0,60.0,104,28.9,19.8,45,166.0,21.0583542
32,1,171.0,78.2,23.2,76.0,124,35.2,7.5,57,225.0,26.74327143
27,0,163.2,53.8,23.3,88.0,148,29.1,20.1,41,201.0,20.19956267
25,0,162.6,57.54,27.4,78.0,118,25.5,25.9,49,153.0,21.76350177
38,1,183.2,94.42,21.2,89.0,150,52.3,20.2,51,235.0,28.13280639
35,1,177.8,81.5,18.0,90.0,141,40.1,13.7,46,160.0,25.78066381
29,1,170.9,63.0,14.5,83.0,123,44.0,18.8,40,227.0,21.57031186
23,1,166.6,61.1,20.2,80.0,149,33.9,6.1,44,230.0,22.01360736
25,1,180.5,69.32,12.8,88.0,146,51.9,16.1,53,225.0,21.2766937
22,1,175.8,72.0,30.4,75.0,115,34.6,19.0,54,188.0,23.29671866
28,0,169.0,56.1,24.4,86.0,112,26.3,20.4,40,166.0,19.64216939
36,1,176.6,86.7,29.8,87.0,137,34.3,-1.2,43,192.0,27.79954572
44,1,172.0,75.4,19.2,86.0,141,47.4,17.2,63,188.0,25.48674959
41,1,170.2,85.4,21.3,89.0,130,49.1,13.4,42,225.0,29.4807657
60,1,169.7,73.9,28.1,80.0,130,41.2,11.1,35,165.0,25.66142407
62,0,150.9,59.4,39.3,71.0,135,18.1,18.5,0,104.0,26.08602856
25,0,166.0,51.5,27.4,84.0,119,22.0,23.5,47,208.0,18.68921469
54,0,154.0,54.5,31.6,74.0,129,16.0,12.5,13,120.0,22.98026649
21,1,177.2,64.2,15.3,78.0,139,35.9,20.9,46,195.0,20.44596406
52,0,157.0,56.8,29.6,54.0,102,22.6,14.9,17,134.0,23.04353118
38,0,170.6,62.8,32.8,81.0,129,19.2,19.1,21,172.0,21.57752309
28,1,165.6,68.9,11.9,79.0,129,52.2,14.9,61,243.0,25.12456533
38,1,173.5,77.7,24.7,96.0,151,46.9,13.1,39,215.0,25.81202402
61,0,157.2,49.2,21.4,90.0,154,29.2,18.9,20,165.0,19.90948468
50,1,166.7,68.8,22.9,83.0,116,44.9,6.7,30,166.0,24.75809577
62,0,156.3,58.5,38.2,72.0,122,23.4,12.6,17,90.0,23.94627193
22,0,157.8,61.5,30.0,82.0,137,31.2,20.8,55,191.0,24.697962
22,0,172.1,57.16,23.1,54.0,100,27.6,7.4,31,164.0,19.29880773
36,1,180.5,79.7,16.6,61.0,123,43.8,13.1,46,239.0,24.46267294
63,0,175.1,81.2,26.3,87.0,143,40.2,24.4,36,167.0,26.48400963
21,0,157.1,68.9,42.8,70.0,121,22.6,16.5,28,147.0,27.9168782
35,1,172.9,64.9,22.8,96.0,157,35.1,2.0,59,218.0,21.7097444
33,1,173.0,64.66,21.4,74.0,129,36.1,2.1,60,197.0,21.6044639
27,0,169.6,56.2,29.3,70.0,119,29.1,20.5,40,168.0,19.5382031
47,1,168.6,71.5,19.9,74.0,116,37.7,20.6,47,227.0,25.15306431
24,1,170.1,68.9,15.9,88.0,141,39.2,6.3,49,207.0,23.81280714
40,0,168.5,64.5,28.0,84.0,135,27.6,13.4,26,168.0,22.71746691
25,1,170.9,70.7,15.7,80.0,127,36.4,26.4,38,246.0,24.2066833
60,0,159.7,58.0,33.1,69.0,132,25.0,17.0,20,131.0,22.74145049
31,1,177.2,101.1,32.0,99.0,155,45.0,9.5,42,213.0,32.19761629
54,1,173.4,56.9,15.9,87.0,136,46.0,7.5,44,181.0,18.92404971
33,1,167.7,71.6,24.5,85.0,137,45.4,13.0,50,222.0,25.4593257
29,1,181.1,103.3,31.6,81.0,131,59.0,7.2,31,202.0,31.49658157
27,1,187.1,101.7,26.9,84.0,154,39.0,27.4,39,187.0,29.05182222
56,0,159.5,50.0,28.5,90.0,122,24.7,25.7,25,139.0,19.65389491
55,0,154.6,60.4,33.9,86.0,149,20.2,6.2,9,95.0,25.27074
23,1,180.9,77.1,25.4,86.0,139,41.2,10.0,43,224.0,23.56010623
28,0,162.9,63.1,27.1,91.0,149,34.2,31.0,49,176.0,23.77864979
46,1,172.0,90.6,31.1,88.0,138,45.8,-0.1,23,196.0,30.62466198
29,0,171.0,59.5,21.5,65.0,109,26.5,16.7,44,171.0,20.34814131
46,1,170.9,74.36,19.6,96.0,135,51.4,7.3,39,209.0,25.45981571
25,1,183.2,66.6,11.7,63.0,124,48.0,19.2,53,234.0,19.84372914
62,1,175.9,59.34,22.2,90.0,154,32.6,3.3,22,144.0,19.17855415
25,1,169.0,63.1,8.7,61.0,101,49.7,19.2,52,255.0,22.09306397
24,0,165.7,52.5,19.7,70.0,118,26.3,22.3,48,177.0,19.12116225
54,0,159.6,55.94,30.5,70.0,114,23.3,15.0,13,149.0,21.9612314
31,1,177.5,79.1,16.2,56.0,113,51.3,22.1,48,244.0,25.10612974
40,0,158.5,56.9,28.6,84.0,135,30.1,16.1,17,161.0,22.64924519
29,1,177.1,60.5,19.2,84.0,131,40.4,-12.4,27,200.0,19.28937927
24,1,178.5,95.4,26.0,72.0,132,59.6,0.7,53,185.0,29.94138832
34,1,179.4,86.4,17.90698,82.0,152,55.7,14.4,68,227.0,26.8453373
33,1,181.7,81.2,21.7,79.0,125,54.4,15.5,43,226.0,24.59496306
35,0,153.3,86.0,47.7,96.0,146,20.2,19.5,17,155.0,36.59435877
64,1,169.8,58.6,13.6,87.0,158,42.8,8.5,26,168.0,20.32461109
45,1,160.0,59.3,20.2,78.0,118,31.0,11.5,40,220.0,23.1640625
55,1,166.6,56.8,16.5,92.0,155,32.6,15.9,36,178.0,20.46436822
47,0,161.7,56.6,18.7,63.0,118,32.3,22.0,43,170.0,21.64693392
26,1,183.4,77.8,8.7,81.0,136,54.1,18.8,55,253.0,23.13028236
23,1,173.4,68.8,16.2,68.0,120,41.7,-1.8,57,231.0,22.88180351
33,0,163.2,55.0,23.5,82.0,113,30.7,14.4,20,162.0,20.65011053
31,1,176.0,82.5,25.3,82.0,135,49.6,21.5,48,227.0,26.63352273
50,0,156.7,47.9,28.8,74.0,109,22.8,13.4,13,152.0,19.50731606
46,1,168.9,73.1,28.1,85.0,133,33.8,6.4,36,233.0,25.624658
23,1,173.0,64.2,17.8,98.0,151,30.2,15.3,49,235.0,21.45076681
64,0,161.4,62.5,34.8,74.0,143,22.6,17.0,23,81.0,23.9923593
41,0,161.9,46.7,21.4,84.0,140,25.4,16.4,23,131.0,17.81653244
51,1,172.7,77.12,19.9,89.0,146,52.1,19.4,39,218.0,25.85725068
32,1,171.9,66.4,13.5,63.0,112,46.7,14.0,57,204.0,22.47068574
54,1,165.7,63.4,18.7,82.0,118,42.1,11.4,46,194.0,23.09107974
47,1,172.2,72.7,27.1,82.0,138,42.1,14.7,36,213.0,24.51704457
35,1,170.4,76.3,27.7,90.0,138,47.7,17.9,52,229.0,26.2775794
30,1,166.0,61.5,15.0,84.0,142,41.7,23.4,60,227.0,22.31818842
32,1,164.7,63.8,23.0,75.0,128,40.0,22.1,50,245.0,23.5197922
64,1,167.9,69.4,26.3,71.0,141,31.6,19.5,32,181.0,24.61830105
22,1,174.1,64.1,13.7,79.0,142,41.5,16.2,58,251.0,21.14757078
63,1,179.6,71.4,12.97,92.0,148,42.8,14.3,33,195.0,22.13530687
22,0,157.1,45.4,19.8,82.0,111,26.9,21.8,43,190.0,18.39515632
21,0,153.9,56.7,33.4,72.0,116,25.6,11.2,30,146.0,23.93898977
31,1,176.0,69.1,16.1,92.0,129,53.3,14.9,56,237.0,22.30759298
40,1,174.1,71.1,13.3,80.0,134,49.0,22.9,65,253.0,23.45697789
35,1,175.1,74.2,25.5,81.0,138,38.8,7.1,41,198.0,24.20090535
42,1,173.1,68.6,18.6,85.0,128,40.3,6.8,32,205.0,22.89443762
33,1,169.9,72.1,24.6,71.0,133,37.4,10.5,47,194.0,24.97747351
50,1,173.1,81.8,30.3,72.0,115,31.7,-9.1,29,165.0,27.2997813
34,1,177.7,68.1,24.3,64.0,131,37.1,7.3,39,189.0,21.56613186
41,0,161.1,68.7,35.5,85.0,120,22.2,-7.6,17,145.0,26.47071403
61,1,165.2,62.3,20.6,75.0,135,43.5,11.7,23,193.0,22.82800509
48,0,144.5,51.8,36.2,76.0,129,22.3,14.0,30,108.0,24.80813209
23,1,173.3,65.7,10.9,75.0,108,37.8,20.0,53,233.0,21.87601659
63,1,167.6,65.4,18.3,76.0,152,40.3,11.9,37,195.0,23.2825058
62,1,168.1,73.9,17.5,97.0,151,46.9,22.0,43,194.0,26.15224713
43,0,158.7,65.4,28.0,87.0,142,33.0,25.2,42,182.0,25.96712657
22,1,183.0,65.9,12.7,62.0,104,40.3,4.0,38,197.0,19.67810326
30,1,161.7,52.48,11.7,88.0,125,33.7,17.4,39,211.0,20.07122071
22,1,173.2,62.0,11.4,87.0,119,32.1,15.8,55,247.0,20.66787918
23,0,166.8,61.6,24.9,85.0,137,34.0,14.5,20,167.0,22.14056093
61,1,159.2,67.6,25.4,81.0,137,39.0,9.0,29,161.0,26.67230625
24,1,182.4,74.1,11.1,63.0,114,48.1,11.3,53,249.0,22.27247807
48,1,180.7,95.7,19.5,81.0,139,42.0,1.6,38,208.0,29.30863772
22,0,158.5,53.0,26.0,79.0,129,25.9,21.7,34,172.0,21.09683647
51,1,179.1,83.5,28.9,94.0,150,55.8,14.6,38,205.0,26.03126682
39,1,174.3,74.14,19.0,84.0,152,41.1,24.8,55,203.0,24.40381969
23,1,176.5,66.6,21.7,78.0,122,30.6,-13.5,44,188.0,21.37887312
36,0,168.6,59.1,31.4,74.0,106,21.4,21.6,13,154.0,20.79085456
29,1,176.4,66.2,20.4,64.0,117,44.1,6.2,43,211.0,21.27457181
24,1,172.8,84.8,26.1,86.0,147,48.4,3.2,41,218.0,28.39934842
45,1,171.0,82.0,27.0,104.0,147,42.3,24.5,38,205.0,28.04281659
26,0,162.0,55.9,30.8,79.0,127,26.9,23.6,47,204.0,21.30010669
34,1,179.6,81.4,18.1,85.0,141,57.9,19.4,52,234.0,25.2354899
21,1,169.2,92.9,33.3,93.0,157,44.6,10.9,52,226.0,32.45002208
28,0,162.9,54.4,25.1,79.0,123,25.8,23.1,53,178.0,20.50013547
26,1,171.7,69.8,11.0,88.0,143,51.9,25.0,67,270.0,23.67635441
53,0,154.4,52.1,31.6,78.0,129,25.6,17.2,21,117.0,21.85461355
27,0,166.6,66.4,37.8,85.0,122,18.7,18.5,15,132.0,23.92313468
31,0,154.5,55.2,34.1,70.0,117,30.1,16.0,31,158.0,23.12501964
63,1,170.1,61.7,17.3,82.0,151,40.5,13.7,32,169.0,21.32438608
25,1,165.6,62.0,16.5,76.0,115,30.9,20.4,51,209.0,22.60846227
23,0,163.9,59.14,18.5,76.0,107,32.6,24.5,49,210.0,22.01523943
62,1,164.3,65.9,22.1,76.0,135,36.9,12.7,45,198.0,24.41238934
34,0,162.5,46.7,18.4,61.0,125,18.7,17.1,26,145.0,17.6852071
55,0,154.0,54.5,30.3,83.0,126,28.7,15.5,24,174.0,22.98026649
21,0,166.2,55.7,29.1,68.0,114,29.8,25.1,52,183.0,20.16476459
58,1,172.2,67.0,22.0,72.0,116,34.8,19.1,27,202.0,22.59480036
50,0,162.1,59.6,32.6,94.0,136,27.9,3.5,23,149.0,22.68194171
40,1,168.0,69.0,11.0,83.0,134,45.6,18.6,61,254.0,24.44727891
22,1,178.4,92.0,31.9,74.0,129,29.9,-5.5,40,188.0,28.90667417
39,0,164.0,58.7,22.6,90.0,126,24.8,27.1,43,161.0,21.82480666
21,0,169.8,67.0,30.1,76.0,115,28.6,30.2,39,183.0,23.23803657
53,1,169.7,73.9,32.7,89.0,130,36.0,-2.0,15,165.0,25.66142407
59,1,172.1,66.0,26.0,75.0,144,36.8,17.2,43,190.0,22.2834379
37,1,163.4,59.8,21.4,82.0,139,41.2,20.7,53,236.0,22.39737284
43,1,172.6,72.2,17.7,78.0,120,43.1,11.3,46,228.0,24.23570261
55,1,177.5,79.8,30.46432,82.0,133,46.3,6.3,24,168.0,25.32830788
48,1,179.2,79.7,27.3,73.0,120,42.0,17.0,31,215.0,24.81888752
58,0,164.6,56.6,37.1,70.0,103,18.9,8.4,0,90.0,20.89088168
21,0,160.9,48.04,18.4,69.0,102,25.0,21.5,42,170.0,18.55627972
47,0,164.9,60.7,29.3,97.0,159,20.7,2.0,11,152.0,22.32273377
57,0,163.9,62.1,30.1,93.0,149,25.3,-3.0,19,130.0,23.11711817
22,1,168.5,74.5,23.5,55.0,116,43.9,-8.0,45,205.0,26.23955481
29,0,157.9,55.0,32.1,58.0,119,27.4,16.8,54,170.0,22.05964044
29,1,172.8,71.5,16.2,98.0,157,49.7,15.0,58,266.0,23.94520533
31,1,182.0,81.0,24.8,90.0,130,34.7,1.4,30,203.0,24.45356841
63,1,170.2,71.0,29.8,89.0,150,34.5,8.7,31,171.0,24.50977008
21,0,165.5,63.0,33.5,60.0,116,36.6,29.4,44,168.0,23.00088535
62,0,160.2,67.1,33.7,76.0,159,23.9,19.9,14,101.0,26.14553282
26,1,174.5,73.5,21.2,81.0,130,43.0,11.2,38,210.0,24.13773286
26,0,153.5,59.7,40.2,68.0,116,19.6,16.5,7,139.0,25.33713886
63,1,164.1,59.6,19.8,81.0,144,46.3,10.9,33,218.0,22.13242991
23,1,177.2,70.8,22.8,59.0,108,35.6,27.9,52,236.0,22.54788559
23,0,161.6,52.4,30.4,84.0,137,26.0,13.0,36,185.0,20.06543476
57,0,163.3,65.1,31.7,59.0,116,20.3,26.1,10,118.0,24.41229555
27,1,174.0,72.7,24.7,83.0,141,40.3,20.1,56,220.0,24.01241908
36,1,176.0,81.3,24.5,81.0,139,46.2,8.1,54,232.0,26.24612603
46,1,176.1,69.2,11.3,81.0,151,48.1,16.3,42,238.0,22.31451143
53,0,153.9,53.0,34.2,96.0,156,22.3,14.9,20,148.0,22.37683348
47,0,159.0,60.1,39.1,61.0,95,25.6,13.5,20,116.0,23.7727938
38,0,159.8,69.5,35.3,97.0,145,28.1,17.3,30,161.0,27.21643606
42,1,175.6,95.4,46.2,89.0,142,38.1,-5.5,15,62.0,30.93850696
39,0,147.3,50.7,32.4,82.0,140,22.9,16.8,35,129.0,23.36697348
29,0,155.5,67.3,36.6,61.0,105,19.6,14.3,23,130.0,27.832632
41,0,157.4,54.0,23.5,65.0,111,25.1,16.0,40,190.0,21.79637663
30,1,174.1,70.7,18.0,72.0,130,37.4,17.9,50,230.0,23.32501177
21,1,179.5,84.9,19.6,88.0,138,45.5,19.8,42,253.0,26.34988866
62,1,169.3,59.2,13.8,68.0,121,39.9,10.7,27,190.0,20.65417206
26,1,172.5,61.8,11.8,85.0,146,40.2,2.4,33,156.0,20.76874606
22,1,170.7,74.9,20.5,78.0,118,39.4,8.0,27,135.0,25.70483234
23,0,161.8,58.7,29.6,76.0,124,29.0,10.3,44,126.0,22.42234687
24,1,171.7,78.1,30.9,65.0,122,37.2,-14.5,37,136.0,26.49173753
27,1,174.0,64.9,16.5,92.0,129,44.6,15.5,52,226.0,21.43612102
21,1,174.8,78.7,20.1,65.0,141,45.9,12.5,58,199.0,25.75679822
35,0,157.5,51.0,28.2,67.0,113,20.3,11.7,21,119.0,20.55933485
58,0,162.3,55.7,29.9,82.0,133,26.3,14.6,20,144.0,21.14550958
58,0,157.9,57.4,32.71151,84.0,117,23.6,23.1,16,135.0,23.02224294
22,0,150.7,52.6,37.1,85.0,132,23.4,27.5,2,144.0,23.16110308
34,1,169.9,74.7,15.1,83.0,138,50.1,19.0,78,250.0,25.87818684
61,1,171.9,71.4,23.4,96.0,158,41.6,8.4,40,174.0,24.16275545
25,1,167.2,69.5,22.4,77.0,133,44.4,23.8,60,215.0,24.86063735
51,1,175.1,74.1,16.9,84.0,154,46.4,7.3,46,214.0,24.16828957
48,1,167.0,65.24,22.1,86.0,142,37.2,11.2,49,210.0,23.39273549
58,0,155.0,49.4,32.1,72.0,130,23.0,18.1,30,133.0,20.56191467
33,0,162.5,55.2,26.4,60.0,100,24.3,14.2,34,104.0,20.90414201
26,0,162.5,60.88,32.9,80.0,120,29.9,29.1,50,157.0,23.05514793
23,1,181.1,77.9,16.2,86.0,144,47.8,17.0,63,250.0,23.75202037
38,1,172.5,74.1,20.4,96.0,129,44.3,22.5,33,195.0,24.90233144
48,1,174.2,84.6,26.1,86.0,121,38.5,3.0,26,190.0,27.87879906
61,1,175.5,67.6,14.7,58.0,123,30.5,4.3,25,154.0,21.9478738
33,0,169.4,56.6,27.3,79.0,135,24.8,30.3,50,138.0,19.7237559
43,1,164.0,63.6,25.2,97.0,147,45.6,19.6,52,231.0,23.64663891
25,1,185.1,87.2,16.9,92.0,159,45.8,15.4,55,196.0,25.45092947
26,1,173.7,87.4,18.1,78.0,143,45.3,16.0,56,208.0,28.96755203
57,0,158.5,59.0,38.2,61.0,115,18.8,7.1,16,115.0,23.48515758
45,1,168.2,69.1,23.9,52.0,94,38.3,9.2,33,206.0,24.42452151
22,1,170.8,86.9,29.4,89.0,155,41.2,9.4,48,199.0,29.78818509
24,1,186.7,71.8,20.4,89.0,156,46.7,15.6,43,256.0,20.59851008
44,0,160.5,62.6,38.3,79.0,126,21.5,13.6,7,132.0,24.3010064
25,1,168.6,70.7,25.2,84.0,151,40.7,11.4,64,219.0,24.87163142
38,0,159.0,49.5,15.8,93.0,144,25.1,23.4,44,154.0,19.57992168
31,1,173.8,61.9,10.9,93.0,154,43.0,13.4,47,242.0,20.49231886
37,1,174.6,83.0,28.3,99.0,142,39.2,7.9,33,177.0,27.22636194
23,1,170.8,60.3,11.5,88.0,129,38.9,20.1,45,232.0,20.67005249
51,0,159.0,69.6,35.3,88.0,130,27.7,15.5,10,127.0,27.53055654
30,1,173.0,86.5,23.5,89.0,144,59.6,20.7,69,257.0,28.9017341
26,1,181.4,74.04,15.2,74.0,129,49.9,16.5,54,231.0,22.5004832
63,0,152.1,66.7,39.8,77.0,121,22.7,10.1,4,117.0,28.83151116
64,1,172.1,70.6,22.0,71.0,127,41.6,3.0,39,215.0,23.836526
37,1,168.8,99.2,44.8,96.0,136,34.6,6.3,21,191.0,34.81503111
52,0,149.6,46.56,25.1,84.0,124,22.5,7.1,18,156.0,20.80414081
47,1,161.8,58.92,17.7,77.0,138,34.8,6.7,53,194.0,22.50638292
27,1,175.4,64.3,9.8,67.0,118,35.9,14.9,71,236.0,20.90026511
61,1,171.5,64.3,19.8,92.0,152,42.5,10.7,27,160.0,21.86163928
55,1,167.2,76.1,31.7,96.0,144,41.8,5.0,23,177.0,27.22150363
41,1,164.5,74.6,25.7,75.0,136,39.1,13.1,40,205.0,27.5681119
36,1,179.1,72.3,16.3,93.0,125,44.2,9.7,39,217.0,22.5396478
27,1,175.0,101.4,30.6,90.0,110,46.4,17.1,34,213.0,33.11020408
35,1,179.9,79.3,10.5,109.0,158,56.3,26.0,51,238.0,24.50252611
48,1,180.7,76.2,22.2,92.0,126,47.2,21.3,38,218.0,23.33665825
23,1,168.0,64.1,16.9,69.0,123,41.0,20.4,67,250.0,22.7111678
23,1,168.6,70.8,25.7,90.0,129,43.0,11.8,47,133.0,24.90681054
55,0,146.3,49.9,31.9,85.0,156,25.6,22.7,23,114.0,23.31373702
60,1,171.3,65.3,19.3,73.0,141,33.1,11.5,34,164.0,22.25350663
40,0,173.2,65.22,27.4,67.0,111,28.4,17.8,31,176.0,21.74127549
29,1,184.3,89.5,17.8,77.0,127,54.7,21.7,54,234.0,26.34949917
28,1,177.7,83.2,18.2,94.0,143,46.0,16.7,59,226.0,26.3480495
63,1,165.8,63.9,20.7,82.0,123,26.9,14.2,28,160.0,23.24512071
64,0,164.0,60.9,25.4,78.0,121,19.4,28.3,25,158.0,22.64277216
22,0,166.2,49.4,25.9,67.0,113,25.2,14.8,30,164.0,17.88401025
42,0,161.3,57.2,29.1,78.0,126,26.2,26.4,30,163.0,21.98504172
21,0,159.6,49.1,29.9,74.0,127,22.5,25.2,43,173.0,19.27594676
25,0,158.7,43.5,24.4,75.0,115,20.9,19.4,26,167.0,17.27171263
21,0,155.5,55.3,38.0,62.0,103,25.0,16.5,33,160.0,22.86990416
53,0,157.5,59.6,34.9,84.0,158,31.5,23.1,35,168.0,24.02620307
55,0,161.6,60.9,33.7,75.0,151,22.9,21.8,22,154.0,23.32032399
36,1,189.0,95.9,13.5,78.0,136,52.3,20.3,48,242.0,26.84695277
24,1,175.1,81.8,27.0,85.0,137,40.4,9.5,39,192.0,26.67970428
25,0,166.5,60.7,35.2,69.0,107,28.3,19.3,44,134.0,21.89576964
62,1,171.6,75.8,30.25304,92.0,159,39.7,-2.4,19,152.0,25.74154672
21,1,173.7,71.6,16.0,64.0,106,52.2,18.6,57,258.0,23.73085498
40,0,158.1,54.0,24.5,82.0,130,25.4,22.7,52,168.0,21.60379363
26,0,160.0,59.0,33.9,86.0,133,31.5,21.8,35,143.0,23.046875
60,0,159.5,52.5,23.4,84.0,151,30.0,20.8,27,150.0,20.63658966
27,1,184.4,84.4,18.4,78.0,131,45.3,15.0,38,239.0,24.82107651
24,1,184.0,82.3,16.2,70.0,118,49.4,25.4,65,219.0,24.30883743
28,1,175.3,82.8,23.0,92.0,147,45.9,14.6,62,205.0,26.94427514
42,1,171.9,67.7,22.9,54.0,108,43.7,6.2,36,199.0,22.91062386
21,1,179.7,63.9,12.1,74.0,128,33.0,1.1,48,167.0,19.78812768
48,1,172.0,76.4,25.9,93.0,148,40.5,12.6,31,193.0,25.82477015
26,1,168.4,75.7,32.0,95.0,143,37.0,9.2,46,167.0,26.69388008
64,0,151.6,71.6,45.9,87.0,158,20.0,13.6,0,57.0,31.15405769
60,1,161.5,59.5,19.6,75.0,149,42.3,10.6,39,175.0,22.81244908
24,1,173.7,67.4,14.7,81.0,140,51.8,20.7,64,244.0,22.33882159
35,1,172.7,65.3,19.9,96.0,135,45.3,23.2,57,135.0,21.89417102
35,1,181.5,98.5,22.8,80.0,122,61.4,18.0,56,205.0,29.90081127
64,1,162.3,59.4,20.6,93.0,146,39.3,15.1,35,176.0,22.55014846
50,1,174.0,80.2,28.9,93.0,151,41.3,3.2,27,191.0,26.48962875
62,1,169.4,65.9,15.0,77.0,143,39.3,16.7,43,195.0,22.96458506
39,1,171.2,69.9,20.7,81.0,147,40.5,18.2,49,208.0,23.84897153
31,1,174.6,72.0,15.7,60.0,106,46.6,21.9,40,219.0,23.61804891
48,1,190.0,85.9,6.2,90.0,120,56.9,16.8,39,219.0,23.79501385
60,1,168.0,62.6,20.4,72.0,109,37.4,6.0,32,159.0,22.17970522
37,0,163.3,53.9,37.0,77.0,117,18.0,3.9,2,103.0,20.21233072
25,1,166.3,53.9,12.8,89.0,142,35.7,17.0,54,240.0,19.48966017
37,1,167.9,70.7,24.7,94.0,125,29.9,8.8,40,206.0,25.07945078
56,0,158.0,59.4,35.9,63.0,129,27.4,22.0,30,148.0,23.79426374
39,1,167.4,89.3,26.6,89.0,130,43.9,14.8,49,218.0,31.86695386
25,0,162.3,57.8,24.8,71.0,115,27.0,20.0,32,146.0,21.94273705
24,1,187.0,104.0,27.6,80.0,120,39.0,-8.5,25,180.0,29.74062741
27,1,173.0,72.8,8.4,62.0,127,43.3,14.1,64,232.0,24.32423402
33,1,170.5,68.8,21.1,87.0,144,43.8,10.4,42,184.0,23.66680713
23,1,179.0,78.6,17.5,60.0,139,38.8,16.5,64,263.0,24.53106957
52,0,160.7,55.0,31.4,73.0,143,23.6,13.1,24,141.0,21.29761323
60,1,165.3,67.7,18.9,90.0,148,37.5,3.6,36,162.0,24.77667143
34,1,177.7,88.5,28.7,99.0,158,48.2,5.0,50,217.0,28.02647092
35,1,170.6,71.36,18.7,90.0,134,47.0,30.0,48,241.0,24.51866318
59,1,178.1,76.3,20.7,77.0,129,39.7,13.8,40,192.0,24.05452022
27,1,170.0,63.18,19.2,79.0,120,31.5,20.7,66,237.0,21.8615917
28,1,165.4,65.0,13.1,81.0,130,44.4,23.3,54,236.0,23.75977623
22,0,158.7,50.6,27.4,56.0,106,21.4,25.0,38,170.0,20.09077377
42,0,156.7,49.6,29.5,60.0,122,21.5,24.9,31,145.0,20.19964252
29,0,171.2,56.76,27.5,70.0,124,27.7,17.8,25,152.0,19.3657743
33,0,164.2,60.4,32.6,70.0,112,28.0,19.6,25,134.0,22.40219809
36,0,161.8,48.1,30.4,68.0,109,24.9,17.2,6,133.0,18.37333704
26,0,167.0,75.0,27.6,90.0,145,38.5,17.5,32,174.0,26.89232314
24,1,181.4,96.9,20.3,79.0,119,64.7,21.8,54,227.0,29.44755297
21,1,170.6,58.7,14.8,73.0,119,46.3,24.2,55,235.0,20.16879945
44,1,175.6,64.3,17.1,81.0,121,41.6,-0.7,46,236.0,20.85268341
46,1,168.0,62.6,14.3,80.0,120,52.7,18.1,50,224.0,22.17970522
46,0,161.8,59.7,36.4,82.0,127,21.6,0.5,10,123.0,22.80432893
42,0,164.2,64.5,26.8,67.0,113,27.0,20.6,35,164.0,23.9228771
24,1,176.3,78.04,20.9,86.0,143,49.2,12.2,52,236.0,25.10802984
22,1,168.0,64.1,10.4,87.0,126,47.6,17.0,62,230.0,22.7111678
27,1,168.0,70.8,12.5,70.0,120,59.4,17.8,70,269.0,25.08503401
62,1,176.7,69.0,23.8,85.0,130,33.7,2.8,38,179.0,22.09917147
24,0,154.5,45.4,20.5,65.0,103,25.4,25.8,48,190.0,19.01949079
32,0,164.5,59.6,19.5,95.0,142,31.1,27.6,36,170.0,22.02492586
63,1,170.7,76.84,22.5,80.0,120,41.7,9.6,30,151.0,26.37061838
21,0,158.1,53.6,27.63524,70.0,115,18.9,12.4,17,116.0,21.44376553
24,1,167.5,69.4,16.1,73.0,124,47.3,23.1,38,220.0,24.73602139
22,0,154.3,58.5,34.4,90.0,140,28.0,14.2,38,159.0,24.57106688
21,0,154.6,45.2,28.20985,78.0,117,21.8,21.4,21,139.0,18.91121602
29,1,172.0,66.3,11.7,79.0,128,41.0,26.4,60,271.0,22.41076257
31,1,168.3,59.0,13.2,66.0,121,39.3,9.7,47,231.0,20.82973667
28,1,169.6,65.3,17.3,76.0,118,45.7,12.4,45,192.0,22.70186232
25,1,180.0,67.2,14.3,97.0,155,38.3,16.7,62,239.0,20.74074074
47,0,160.2,52.8,24.6,65.0,127,24.9,22.1,28,165.0,20.57353402
21,1,173.1,67.36,14.4,69.0,147,34.2,10.0,44,176.0,22.4806023
29,1,174.3,74.4,15.7,85.0,159,52.2,15.7,41,232.0,24.48940093
34,1,167.1,62.9,19.2,82.0,132,37.7,5.3,36,221.0,22.52670883
22,0,154.1,44.8,18.6,61.0,117,26.3,21.6,40,181.0,18.86569186
25,0,154.5,49.7,28.2,80.0,125,26.5,26.9,34,163.0,20.8208963
57,0,149.1,56.0,30.6,92.0,152,25.7,27.8,12,130.0,25.19026522
43,1,167.1,58.5,17.9,88.0,114,46.2,3.2,50,216.0,20.95091362
29,0,153.6,46.2,30.5,77.0,135,26.3,24.3,41,163.0,19.58211263
49,0,160.0,56.0,25.9,81.0,118,26.9,16.2,26,134.0,21.875
23,1,166.4,71.62,31.6,80.0,120,38.3,20.7,46,212.0,25.86590468
40,1,178.5,70.5,17.5,74.0,118,42.6,17.0,33,215.0,22.12649766
29,1,166.8,69.2,26.5,78.0,129,34.6,10.0,35,183.0,24.87218858
61,0,164.7,82.3,43.7,85.0,145,23.5,15.2,0,51.0,30.33979464
41,0,169.1,62.22,26.3,70.0,110,24.6,10.7,25,133.0,21.75919336
45,1,178.8,81.3,22.2,97.0,148,39.7,13.2,52,213.0,25.43053616
31,1,178.3,68.9,17.8,91.0,154,39.1,14.6,46,205.0,21.67287547
22,1,169.7,64.7,18.7,70.0,137,35.3,20.0,63,241.0,22.46676776
21,1,176.1,72.3,14.2,70.0,134,44.4,20.0,65,249.0,23.31414995
28,0,164.0,52.6,21.3,80.0,120,24.6,18.3,32,165.0,19.55681142
30,1,169.3,53.8,10.3,82.0,125,34.4,-0.3,47,192.0,18.77017663
28,1,175.1,81.7,16.3,74.0,126,48.2,5.4,55,225.0,26.6470885
30,1,169.1,66.4,24.0,68.0,117,42.1,-6.9,42,194.0,23.2209971
22,0,165.7,57.0,20.1,61.0,113,21.3,12.7,40,194.0,20.76011901
44,1,167.6,68.2,24.6,76.0,116,36.3,15.2,38,220.0,24.27931033
37,1,175.3,65.0,8.1,72.0,142,43.2,26.0,58,227.0,21.15190681
27,0,160.7,64.8,27.2,63.0,117,30.6,19.2,52,163.0,25.09246068
22,1,175.9,70.9,16.3,82.0,147,43.0,8.4,53,251.0,22.91472007
28,0,165.8,56.4,21.0,76.0,127,33.2,17.2,38,187.0,20.51682015
25,0,162.6,52.0,23.9,90.0,140,21.6,21.9,35,136.0,19.66809336
37,0,165.1,104.7,48.3,86.0,148,28.1,12.2,16,146.0,38.41072771
21,0,155.7,51.0,29.2,61.0,110,24.4,16.2,34,164.0,21.03744294
44,1,170.1,64.3,19.0,82.0,143,45.3,14.4,29,221.0,22.22298257
27,1,180.2,76.6,19.8,79.0,143,45.0,17.4,53,200.0,23.58952502
28,1,173.9,76.5,26.8,78.0,123,48.7,18.9,53,208.0,25.29660685
41,0,160.2,65.1,39.9,74.0,130,28.3,11.2,7,113.0,25.36623228
39,1,183.0,75.0,15.7,69.0,112,38.3,11.3,40,207.0,22.39541342
21,1,179.6,78.6,16.3,64.0,118,54.1,25.9,58,248.0,24.36743865
60,1,172.8,73.4,23.2,82.0,128,47.3,20.5,43,173.0,24.58151149
61,1,166.6,65.4,18.4,83.0,135,46.0,18.9,40,200.0,23.56284651
64,0,148.2,50.7,33.7,86.0,149,22.6,26.7,26,124.0,23.08402585
21,0,161.4,57.5,32.0,77.0,108,21.6,2.5,18,153.0,22.07297055
27,1,175.4,65.5,20.3,86.0,126,47.1,23.0,71,235.0,21.29031671
25,0,170.2,58.3,24.3,87.0,138,28.2,22.7,39,169.0,20.12562811
37,1,166.2,75.6,14.8,73.0,140,47.3,17.5,49,246.0,27.36905212
55,1,159.4,57.42,15.8,86.0,136,39.0,8.7,47,137.0,22.59886116
25,1,184.6,69.9,13.1,62.0,130,45.1,23.5,58,244.0,20.51227274
57,0,161.0,50.02,15.0,76.0,119,22.3,20.5,38,153.0,19.29709502
21,0,161.0,45.2,17.4,75.0,126,27.2,22.0,40,187.0,17.43759886
23,0,164.1,59.4,29.6,91.0,126,24.6,27.5,32,169.0,22.05816002
54,0,166.9,68.8,32.4,87.0,136,29.7,21.4,28,140.0,24.69879496
34,1,169.3,75.3,17.7,83.0,120,57.4,19.6,68,233.0,26.27126952
38,1,175.7,70.7,21.6,70.0,111,41.7,15.1,43,236.0,22.90213081
58,1,168.7,76.1,27.5,84.0,139,34.5,2.0,0,25.0,26.73957446
48,1,163.0,67.0,21.1,75.0,137,34.6,25.5,53,193.0,25.21735858
36,1,171.1,62.5,15.2,71.0,136,44.3,12.0,52,226.0,21.34912098
55,0,158.5,51.8,23.9,76.0,107,25.0,28.0,32,150.0,20.61917225
61,1,174.6,70.0,19.0,69.0,129,41.4,17.9,48,211.0,22.961992
30,1,173.3,59.0,10.4,90.0,142,44.2,13.9,51,242.0,19.64512906
35,0,160.2,57.2,30.1,92.0,143,27.5,21.0,44,150.0,22.28799519
31,0,165.1,51.1,21.1,61.0,106,28.6,27.8,38,188.0,18.74678306
26,1,167.5,66.0,12.8,68.0,133,38.0,0.3,44,254.0,23.52417019
39,1,172.1,71.5,21.7,75.0,132,33.0,-9.9,36,201.0,24.14039106
38,1,174.6,65.4,13.8,84.0,147,54.1,19.0,47,226.0,21.4530611
46,1,173.9,69.4,17.8,88.0,138,43.9,14.5,46,237.0,22.94881719
47,1,183.3,84.1,18.2,99.0,154,58.2,15.8,49,210.0,25.03058881
55,1,166.2,58.8,15.4,74.0,139,41.8,18.7,54,222.0,21.28704054
42,1,174.7,76.2,20.5,77.0,113,43.4,23.4,34,239.0,24.96716097
27,0,165.5,67.6,22.0,72.0,115,38.0,26.0,47,162.0,24.68031508
23,0,167.1,67.4,30.0,85.0,143,31.0,26.6,40,155.0,24.13831757
30,1,175.5,61.2,16.3,75.0,115,43.7,25.2,32,218.0,19.86996859
23,1,175.8,73.5,23.1,66.0,123,34.0,-8.2,42,203.0,23.78206696
64,1,173.9,62.5,15.3,77.0,123,34.6,12.5,43,170.0,20.66716246
44,1,177.2,70.6,16.7,93.0,151,45.1,18.3,52,233.0,22.484191
33,0,153.0,53.2,35.5,53.0,99,18.9,6.4,11,124.0,22.72630185
27,1,175.2,75.2,27.6,83.0,132,41.5,6.0,35,172.0,24.49907216
27,0,165.8,66.0,28.0,68.0,105,26.7,30.4,50,188.0,24.00904486
22,1,166.8,57.9,13.0,96.0,126,33.0,8.1,47,225.0,20.81068958
22,0,150.8,41.3,30.8,59.0,107,19.0,27.9,36,157.0,18.16131824
37,1,175.4,79.3,25.9,83.0,132,46.6,10.0,39,229.0,25.77591015
21,0,166.5,72.3,30.5,78.0,140,36.9,22.8,44,185.0,26.08013419
29,0,158.5,53.32,23.1,78.0,138,28.4,19.2,43,169.0,21.2242136
63,0,155.6,52.7,24.2,75.0,132,23.1,23.1,23,125.0,21.76664177
29,1,175.0,73.6,15.8,75.0,143,51.5,14.9,39,246.0,24.03265306
46,1,172.2,76.1,26.7,93.0,153,42.1,-1.9,21,189.0,25.66364638
39,1,165.5,74.8,26.9,82.0,141,37.6,13.3,37,200.0,27.30898769
40,1,171.0,75.8,25.2,96.0,139,38.3,-5.4,33,201.0,25.92250607
30,1,185.4,88.6,17.6,97.0,149,51.3,1.9,61,227.0,25.77592517
48,0,167.0,61.4,18.6,85.0,134,26.1,24.4,41,178.0,22.01584854
63,0,160.9,52.1,27.2,74.0,120,22.7,22.4,24,136.0,20.12452484
63,1,163.7,83.7,29.3,95.0,137,44.0,9.2,29,170.0,31.23403547
57,1,165.2,59.0,19.6,99.0,158,25.3,-2.7,18,140.0,21.61881702
22,0,155.2,63.2,32.3,80.0,130,24.3,21.2,36,155.0,26.23817621
55,1,170.6,59.9,14.0,94.0,148,43.0,17.6,43,198.0,20.58110881
29,1,170.5,68.4,13.5,81.0,135,39.8,23.3,48,247.0,23.52920942
32,1,177.0,76.4,18.1,68.0,139,49.8,15.2,50,210.0,24.3863513
53,1,166.0,64.6,18.9,78.0,148,40.8,17.0,32,221.0,23.44317027
36,1,177.3,92.4,22.3,87.0,151,38.8,23.3,53,226.0,29.39371643
26,1,169.4,62.5,18.8,72.0,125,37.8,17.3,48,213.0,21.7797658
26,0,157.8,60.4,36.0,76.0,109,18.5,23.5,26,121.0,24.25620983
64,1,177.2,88.2,32.3,99.0,160,50.6,-7.2,19,153.0,28.0893151
59,0,152.7,63.8,39.9,90.0,151,27.1,18.2,0,101.0,27.36167025
29,1,185.0,85.8,23.6,92.0,129,51.0,17.2,55,231.0,25.06939372
49,1,166.2,63.2,19.3,73.0,117,34.5,16.9,44,207.0,22.87994833
41,0,167.6,74.3,31.6,86.0,126,20.7,10.7,15,155.0,26.45092019
26,0,163.5,50.3,28.7,75.0,107,16.7,3.7,25,147.0,18.81622385
64,1,169.8,84.9,23.0,96.0,153,50.7,12.9,32,170.0,29.44640754
27,1,181.1,60.9,10.8,72.0,128,38.5,7.3,38,228.0,18.56865264
28,1,180.7,73.5,15.5,73.0,128,44.3,18.2,48,246.0,22.50976878
24,1,164.0,63.7,22.2,80.0,120,37.3,13.9,49,214.0,23.68381916
26,0,157.7,51.1,20.3,69.0,110,25.0,23.1,39,207.0,20.54743018
45,1,170.5,72.3,30.2,73.0,122,37.9,-5.1,22,177.0,24.87078714
23,1,174.1,82.62,20.9,60.0,113,43.9,21.2,50,232.0,27.25760216
59,1,169.3,72.0,20.2,96.0,146,41.9,21.2,44,197.0,25.11993899
30,1,190.6,138.1,30.3,82.0,131,52.3,4.3,30,181.0,38.01437775
34,1,178.5,89.9,24.3,84.0,129,55.2,17.4,43,235.0,28.21520765
21,1,169.8,74.8,28.2,65.0,146,29.8,-1.4,40,177.0,25.94336023
21,1,175.1,71.5,21.1,94.0,138,33.0,10.3,26,182.0,23.32027941
51,1,173.6,69.1,17.0,96.0,158,47.3,14.5,37,222.0,22.92865637
21,0,153.9,58.8,32.3,72.0,141,28.7,19.2,45,167.0,24.82561903
28,0,153.4,54.8,25.4,64.0,114,27.6,16.0,38,173.0,23.28787382
24,1,171.6,69.0,20.5,66.0,117,50.4,7.3,53,192.0,23.43227868
52,1,177.4,75.5,22.9,69.0,119,46.0,4.0,27,178.0,23.99052327
22,0,166.0,52.1,30.1,60.0,120,22.5,11.0,37,150.0,18.90695311
30,1,173.2,64.4,15.1,81.0,137,41.6,5.2,50,220.0,21.46792612
22,0,153.4,49.5,33.7,55.0,95,17.8,20.7,10,106.0,21.03557945
57,1,168.2,74.5,20.2,96.0,158,46.8,5.8,35,197.0,26.33323955
57,0,167.9,58.8,24.0,66.0,131,29.7,22.9,34,164.0,20.85815708
28,1,174.2,70.0,11.7,78.0,117,41.1,18.2,60,245.0,23.06756424
21,1,181.6,88.4,25.3,83.0,123,39.0,14.9,20,220.0,26.80529411
33,1,179.6,75.9,18.7,75.0,108,47.0,16.4,39,243.0,23.53038923
26,0,165.7,66.1,32.2,86.0,130,33.7,14.2,49,185.0,24.0744538
37,1,174.3,78.4,16.6,70.0,125,46.0,11.9,45,236.0,25.80603539
60,1,162.7,79.7,32.6,88.0,134,26.8,7.7,24,167.0,30.10809069
26,0,170.0,58.9,18.3,71.0,123,33.3,25.0,37,161.0,20.38062284
37,1,183.6,83.9,13.8,88.0,142,49.4,3.3,38,237.0,24.88952492
61,0,157.4,58.5,33.4,64.0,129,24.9,15.6,23,105.0,23.61274135
21,1,183.0,67.0,14.9,68.0,123,35.4,4.2,54,205.0,20.00656932
56,0,159.9,80.72,46.1,88.0,152,26.1,24.5,18,138.0,31.57070104
23,1,162.6,63.8,17.9,69.0,130,39.1,5.2,45,191.0,24.13123762
39,1,175.0,81.5,22.3,88.0,137,37.3,2.0,33,214.0,26.6122449
63,1,174.6,70.46,24.7,88.0,130,42.9,1.7,29,156.0,23.11288509
23,1,175.6,65.5,13.2,84.0,133,35.4,19.8,55,224.0,21.24184702
33,1,169.1,66.1,18.6,65.0,123,43.4,10.3,48,235.0,23.11608295
58,1,166.7,73.5,29.3,82.0,121,35.6,19.7,42,190.0,26.44941917
62,0,153.6,55.1,26.7,81.0,132,17.0,23.6,28,143.0,23.35442437
47,1,186.2,96.4,29.4,77.0,132,50.1,2.4,32,204.0,27.80466588
28,0,162.1,52.9,22.7,75.0,130,31.4,25.5,41,160.0,20.13212612
31,1,178.0,87.2,32.4,89.0,135,50.1,16.7,48,211.0,27.52177755
25,1,175.2,58.1,18.2,81.0,125,54.8,9.0,40,208.0,18.92813953
21,0,168.7,62.0,30.1,79.0,134,29.4,22.1,40,188.0,21.78519864
41,1,165.5,86.0,24.3,94.0,159,49.1,18.6,45,212.0,31.39803397
60,1,167.6,68.1,27.7,65.0,119,40.5,-3.2,19,151.0,24.24371016
26,1,174.2,84.9,31.5,83.0,129,39.7,7.7,40,201.0,27.97766005
24,0,155.1,48.1,27.4,77.0,111,26.4,23.2,54,182.0,19.99500333
23,1,169.9,61.6,19.9,77.0,135,39.8,19.7,44,190.0,21.33997736
21,1,166.5,63.0,13.5,76.0,121,36.7,13.4,50,246.0,22.72542813
34,1,170.8,78.1,29.1,93.0,135,39.2,1.0,25,143.0,26.77166002
60,1,166.6,59.2,20.3,80.0,121,32.3,13.5,38,185.0,21.32905984
28,1,178.9,71.4,26.6,85.0,130,55.3,19.1,45,211.0,22.30886784
25,1,165.0,57.9,19.0,95.0,136,37.7,9.5,39,207.0,21.26721763
22,1,165.1,60.1,12.2,64.0,115,28.6,16.1,58,243.0,22.04856481
64,1,162.0,75.02,30.6,95.0,154,30.1,9.0,44,170.0,28.58558147
23,1,182.8,88.8,28.8,80.0,151,42.1,16.4,55,221.0,26.57422348
50,0,156.2,48.6,21.7,92.0,155,24.3,15.1,16,158.0,19.91930632
28,0,165.2,58.5,31.6,74.0,129,30.4,26.6,33,164.0,21.4356067
27,1,175.8,73.2,16.2,79.0,157,45.9,9.1,48,233.0,23.6849973
57,0,160.1,45.6,9.7,56.0,123,26.6,20.1,23,172.0,17.79025523
22,1,191.9,92.8,24.8,87.0,136,42.0,-11.2,41,220.0,25.19985412
55,1,170.0,73.6,20.5,64.0,127,49.3,8.2,26,163.0,25.46712803
56,0,158.5,56.2,28.8,69.0,126,23.4,20.4,23,144.0,22.37060773
41,1,169.3,54.4,24.9,96.0,148,31.8,-2.6,25,159.0,18.97950946
30,1,166.1,66.4,24.1,96.0,154,39.9,9.6,44,227.0,24.06737996
22,1,178.6,65.6,16.4,98.0,154,35.1,15.8,54,220.0,20.56557849
29,0,162.2,47.5,19.7,92.0,125,21.5,15.7,47,175.0,18.0547679
57,0,154.3,67.5,41.2,87.0,148,28.9,22.1,0,113.0,28.35123101
28,1,172.2,71.6,15.1,65.0,115,55.0,15.4,68,234.0,24.14608516
23,0,163.7,58.0,25.6,62.0,103,28.5,22.1,43,182.0,21.6436566
37,1,175.5,81.1,22.0,78.0,126,43.8,14.4,45,229.0,26.33095511
22,0,153.2,58.6,22.7,66.0,103,24.2,27.9,39,161.0,24.967789
30,1,179.5,90.8,18.3,79.0,130,56.9,21.3,51,230.0,28.18103522
26,0,162.8,47.1,20.3,72.0,114,24.6,20.3,50,190.0,17.77100979
60,0,152.0,55.6,38.9,94.0,137,26.4,16.9,1,120.0,24.06509695
31,0,153.3,42.1,18.7,75.0,129,21.6,14.7,42,162.0,17.91421516
25,1,175.9,65.4,13.1,67.0,117,44.2,21.0,51,238.0,21.13713248
32,1,174.2,77.7,23.4,75.0,126,46.2,13.3,46,238.0,25.6049963
43,1,170.0,69.3,16.9,77.0,123,43.0,19.0,30,205.0,23.97923875
62,1,174.6,66.6,28.5,87.0,139,34.8,17.7,41,179.0,21.84669524
27,0,170.8,59.72,23.2,79.0,136,29.2,20.9,40,167.0,20.47123606
41,1,176.2,93.1,35.8,85.0,135,36.3,7.1,1,182.0,29.9873351
47,1,173.1,73.25,21.4,89.0,151,46.0,19.7,35,206.0,24.44632005
44,0,167.9,64.3,38.1,80.0,127,32.3,-6.0,18,97.0,22.80917518
21,1,162.5,53.3,17.1,72.0,114,34.8,28.8,39,232.0,20.18461538
58,1,175.0,81.9,21.0,87.0,141,45.3,10.1,32,197.0,26.74285714
22,1,172.9,62.3,12.6,60.0,113,34.1,22.7,49,242.0,20.84001658
29,1,170.4,68.0,10.5,70.0,139,40.3,24.6,57,235.0,23.4190747
32,1,173.6,68.5,16.5,79.0,138,44.8,25.8,60,229.0,22.72956529
24,1,177.0,76.7,16.1,65.0,113,33.1,-3.5,40,236.0,24.48210923
39,0,160.6,49.9,26.8,54.0,105,22.6,15.3,27,150.0,19.34681433
22,0,155.1,53.0,22.3,65.0,118,31.5,21.8,55,225.0,22.03191635
28,0,166.6,63.1,34.4,83.0,117,32.4,23.0,41,171.0,22.73418371
22,1,183.5,71.4,17.6,81.0,125,34.7,-10.1,44,208.0,21.20440422
22,1,175.3,80.0,17.2,80.0,121,47.0,7.4,47,237.0,26.03311608
25,0,160.9,61.1,33.5,77.0,123,24.1,19.1,22,132.0,23.60093029
26,1,176.0,72.4,17.4,73.0,129,49.0,19.6,75,242.0,23.37293388
22,1,166.9,52.5,17.2,95.0,123,33.4,4.5,47,237.0,18.84719092
51,1,164.1,70.9,26.2,70.0,112,39.6,14.0,40,211.0,26.32867921
27,1,167.0,65.3,17.7,60.0,126,44.7,8.6,54,227.0,23.41424935
41,0,157.7,73.5,43.4,71.0,116,25.1,10.1,8,106.0,29.55452287
33,1,169.1,67.9,20.0,91.0,150,50.6,17.0,53,214.0,23.74556781
49,0,158.1,49.2,22.3,81.0,131,22.8,20.8,33,175.0,19.68345641
32,1,180.3,68.5,16.6,76.0,123,44.3,16.2,57,220.0,21.07167785
46,0,155.0,43.0,20.0,62.0,110,20.9,27.3,31,153.0,17.89802289
35,1,177.2,78.4,22.0,91.0,139,50.4,12.8,51,222.0,24.96828009
29,1,181.1,70.0,9.4,103.0,155,42.2,15.3,54,237.0,21.34327889
23,0,175.1,70.8,34.2,93.0,136,31.3,24.4,40,179.0,23.09196899
39,0,164.9,60.6,26.6,63.0,111,27.3,31.6,37,177.0,22.28595826
56,0,153.7,50.7,31.6,66.0,105,16.0,15.7,3,155.0,21.4615075
54,1,169.1,65.3,23.0,90.0,150,40.3,11.2,42,208.0,22.8363119
29,1,176.4,95.4,21.1,85.0,142,70.5,19.4,56,220.0,30.65852191
53,0,162.7,64.2,33.0,78.0,125,26.5,13.0,23,140.0,24.25269037
21,0,155.2,43.1,17.8,92.0,133,25.2,24.4,33,163.0,17.89343979
35,1,184.5,98.4,28.8,73.0,155,40.8,-12.5,51,167.0,28.90695574
29,1,173.5,60.6,11.4,85.0,140,49.3,22.2,55,247.0,20.13138553
23,0,159.0,54.3,31.4,79.0,117,24.5,16.7,43,185.0,21.47858075
24,1,182.5,66.7,20.2,98.0,138,40.3,15.1,44,222.0,20.02627135
22,0,163.9,56.2,28.2,77.0,120,26.2,21.3,40,177.0,20.92080582
50,1,167.8,69.6,24.2,97.0,166,41.7,14.8,58,212.0,24.71868292
25,0,158.7,83.1,47.5,86.0,122,21.7,7.2,0,131.0,32.99492688
21,0,153.9,59.5,23.4,87.0,137,26.7,22.6,37,162.0,25.12116211
62,1,176.3,76.6,19.5,86.0,156,32.8,7.7,34,167.0,24.64473457
29,1,180.1,72.4,13.8,91.0,155,48.4,15.2,52,223.0,22.32087116
21,0,170.1,65.9,25.4,64.0,101,21.2,25.4,44,185.0,22.77596503
45,1,170.3,76.7,17.0,86.0,154,50.8,19.5,43,214.0,26.4463699
32,1,166.8,75.9,21.7,85.0,122,45.6,14.0,43,204.0,27.28033401
22,1,172.5,67.4,20.5,83.0,128,44.5,10.7,52,211.0,22.65070363
38,0,154.2,46.3,19.3,61.0,100,20.2,16.5,32,120.0,19.47207545
37,0,155.3,45.22,25.7,88.0,137,21.6,15.6,44,181.0,18.74941175
41,0,160.7,60.8,32.3,66.0,108,26.6,23.0,38,157.0,23.54354336
22,1,170.3,63.1,16.9,74.0,122,31.7,14.9,51,206.0,21.75705268
50,1,172.5,81.0,22.8,88.0,128,50.2,20.9,40,214.0,27.22117202
57,1,165.9,85.3,26.3,82.0,150,44.9,10.8,30,180.0,30.99247497
22,1,176.8,59.66,13.2,86.0,147,37.2,6.2,49,198.0,19.08616736
28,1,173.7,70.4,20.6,81.0,144,39.1,8.4,64,200.0,23.33313116
40,0,166.1,51.0,18.5,82.0,126,25.4,22.8,37,181.0,18.48548762
40,0,161.4,45.8,21.7,62.0,119,22.1,16.0,32,165.0,17.58160089
30,1,174.4,62.14,17.7,94.0,133,33.4,14.4,40,205.0,20.43046671
38,1,175.6,77.4,24.7,72.0,124,53.4,17.3,39,215.0,25.10105282
25,0,176.0,76.0,35.8,86.0,124,38.7,10.2,40,179.0,24.53512397
59,0,157.0,50.7,36.4,85.0,154,25.9,18.9,20,155.0,20.56878575
40,1,173.8,80.6,21.7,92.0,138,44.6,18.3,33,208.0,26.68305169
40,1,185.6,79.4,15.6,73.0,116,50.5,17.7,44,229.0,23.04966186
27,0,157.0,49.1,30.7,70.0,86,27.7,19.7,51,167.0,19.9196722
25,1,173.8,80.5,14.1,96.0,153,48.8,23.2,58,233.0,26.64994617
61,0,154.8,57.1,33.8,66.0,130,27.0,17.6,24,145.0,23.82836234
22,0,154.1,43.5,26.3,65.0,105,25.2,7.0,18,140.0,18.3182499
55,0,162.0,62.9,35.6,87.0,113,12.7,24.1,20,133.0,23.96738302
22,1,186.2,135.78,35.2,69.0,141,49.7,0.1,26,216.0,39.16304495
22,1,165.8,68.5,27.4,83.0,123,38.9,7.1,38,200.0,24.91847838
40,0,171.0,53.3,20.5,65.0,120,33.3,21.8,45,155.0,18.22783079
30,1,176.9,81.6,4.7,70.0,126,65.0,14.0,49,234.0,26.07561096
28,1,171.7,78.0,24.2,89.0,146,50.1,11.0,62,245.0,26.45781725
52,1,170.8,67.9,21.5,82.0,137,44.2,9.4,32,210.0,23.27523323
33,1,181.0,79.0,19.0,83.0,132,51.4,6.2,50,186.0,24.11403803
60,0,160.3,54.3,28.5,78.0,152,23.3,21.7,12,150.0,21.13161964
31,1,174.1,73.9,23.2,91.0,142,53.3,14.2,49,219.0,24.38074073
40,1,169.4,68.8,19.7,88.0,124,44.0,23.5,51,232.0,23.97516619
39,1,172.3,74.0,27.3,96.0,139,40.1,15.4,34,186.0,24.92649211
26,1,172.3,118.6,35.4,79.0,144,57.3,3.0,29,195.0,39.94975628
22,1,165.6,76.1,26.4,84.0,146,36.5,21.9,39,214.0,27.75006418
26,1,165.3,63.5,24.3,72.0,125,40.1,14.8,51,238.0,23.23956626
54,0,155.1,52.6,39.2,71.0,118,19.2,19.0,0,132.0,21.86563773
50,1,163.4,60.8,13.9,62.0,118,43.8,19.1,47,216.0,22.77191085
22,1,175.4,61.7,7.6,74.0,122,47.1,14.9,48,242.0,20.0551533
64,0,157.4,50.2,23.4,86.0,139,22.4,23.2,27,122.0,20.26255754
37,0,166.4,58.2,24.4,72.0,123,29.1,21.7,37,170.0,21.01920766
21,0,161.6,46.2,22.3,80.0,120,23.7,15.3,30,158.0,17.69128027
40,1,171.2,73.7,23.6,82.0,149,42.3,7.0,36,201.0,25.14548214
63,1,166.3,72.8,25.9,64.0,103,41.2,2.5,22,171.0,26.32369686
47,1,178.6,79.1,17.5,94.0,134,41.8,23.3,50,216.0,24.79782406
47,1,173.7,66.6,16.5,94.0,158,38.0,7.7,39,207.0,22.07367237
21,0,162.6,60.8,36.5,86.0,134,28.2,17.1,34,150.0,22.99653993
34,1,167.4,68.9,22.5,92.0,147,35.7,8.4,53,231.0,24.58715701
22,0,171.5,56.9,26.5,85.0,132,24.2,21.2,30,182.0,19.3456808
39,0,159.0,67.4,38.1,97.0,153,24.7,15.7,21,149.0,26.6603378
25,0,161.6,50.3,32.7,86.0,132,21.9,25.4,29,123.0,19.26128566
45,1,184.3,88.3,25.4,84.0,147,47.4,17.9,32,205.0,25.99620979
32,1,162.0,73.8,35.3,94.0,155,46.5,14.9,34,189.0,28.12071331
60,1,174.0,73.3,22.9,93.0,158,43.4,19.6,32,211.0,24.21059585
38,1,177.6,86.6,17.0,70.0,123,39.3,14.5,52,235.0,27.45566512
39,1,177.3,70.4,20.7,77.0,120,37.9,17.7,59,240.0,22.39521251
26,1,182.2,79.3,21.8,86.0,145,39.2,17.8,45,235.0,23.88781583
21,0,162.6,64.3,36.0,62.0,117,26.0,9.5,47,161.0,24.3203539
50,0,157.3,51.8,31.0,65.0,105,28.3,19.1,30,144.0,20.93496863
37,1,166.7,71.6,17.7,79.0,128,38.4,11.6,34,206.0,25.76569269
26,1,178.3,86.1,23.1,94.0,157,51.7,16.5,40,218.0,27.08323045
23,1,168.1,64.6,23.1,57.0,111,38.1,13.2,48,219.0,22.8610983
21,0,168.7,62.0,19.7,73.0,136,31.2,26.8,56,170.0,21.78519864
24,1,174.3,67.6,7.2,84.0,143,60.3,26.8,61,270.0,22.25112235
22,0,172.0,60.5,20.7,76.0,117,31.0,30.2,37,198.0,20.45024337
30,1,179.7,79.3,13.7,86.0,132,51.0,16.0,53,252.0,24.55709742
30,1,175.2,91.5,24.3,80.0,134,45.3,16.4,45,212.0,29.80937637
24,0,164.1,59.3,24.4,72.0,118,32.5,21.0,51,173.0,22.02102507
56,1,164.7,66.8,17.6,77.0,123,44.0,14.2,40,214.0,24.62573854
34,1,168.4,71.8,17.0,68.0,133,46.1,15.2,45,233.0,25.31863395
41,0,163.5,55.4,28.5,64.0,102,26.1,10.9,33,162.0,20.72403183
37,0,161.8,53.8,31.8,87.0,137,22.1,20.9,34,149.0,20.55063478
29,1,178.1,68.38,23.7,80.0,138,38.0,13.9,31,177.0,21.5576421
51,1,171.5,68.8,24.3,68.0,103,29.5,-2.0,20,175.0,23.39161404
21,0,164.0,56.4,25.9,77.0,117,24.1,24.4,40,165.0,20.96966092
46,1,173.9,72.5,16.4,95.0,149,52.1,13.8,42,219.0,23.97390845
35,1,180.1,98.3,30.3,85.0,146,45.3,7.1,54,184.0,30.30582368
42,1,172.1,69.1,9.8,79.0,140,40.1,18.7,55,213.0,23.33008423
22,1,176.1,71.2,14.7,80.0,134,37.7,6.8,41,168.0,22.95943951
61,1,167.1,72.6,16.1,63.0,130,45.4,4.9,30,183.0,26.00062101
32,1,177.3,77.4,20.9,85.0,142,51.2,24.2,36,193.0,24.62200921
56,0,148.2,54.7,37.7,85.0,125,22.7,10.7,0,134.0,24.90525077
24,0,159.6,54.9,32.4,74.0,111,21.1,11.7,12,143.0,21.55294251
25,0,159.5,54.8,27.4,77.0,117,26.5,20.0,46,164.0,21.54066882
61,0,151.1,47.8,29.9,65.0,109,18.0,2.8,2,120.0,20.93625349
49,1,160.9,69.6,28.4,96.0,149,34.5,9.0,20,200.0,26.88420209
24,1,184.1,64.3,9.9,79.0,128,54.9,-10.5,52,222.0,18.97157539
35,1,171.9,73.2,24.6,69.0,129,51.0,17.6,52,205.0,24.77190054
38,0,169.0,53.3,19.8,76.0,102,23.1,28.1,32,149.0,18.66181156
29,1,176.8,79.6,15.1,92.0,154,62.6,18.8,59,241.0,25.46528531
27,1,182.3,83.2,18.1,84.0,145,41.9,11.3,47,237.0,25.03513796
29,1,179.4,77.6,16.5,82.0,141,46.1,27.0,54,248.0,24.11108998
31,1,186.4,79.9,18.1,80.0,115,49.7,10.1,53,222.0,22.99614102
26,0,170.3,63.1,20.6,75.0,119,29.6,26.0,51,170.0,21.75705268
60,1,163.2,68.94,23.1,89.0,151,31.5,11.2,27,165.0,25.88397491
54,1,173.6,78.5,24.5,86.0,135,43.7,4.5,14,178.0,26.04775001
64,1,168.2,67.7,20.9,72.0,137,37.3,7.3,31,181.0,23.92966869
48,0,168.8,59.7,26.6,70.0,120,26.2,25.5,45,169.0,20.9521911
56,0,149.8,55.3,38.4,77.0,115,14.5,-7.8,14,110.0,24.64344983
25,1,179.4,74.3,12.4,92.0,139,49.1,20.9,58,270.0,23.08574724
60,1,166.3,60.2,14.9,93.0,155,40.8,15.4,46,169.0,21.7676724
28,1,172.6,78.1,20.7,78.0,137,55.7,8.9,65,256.0,26.21618247
25,1,183.8,68.3,14.1,76.0,132,44.5,10.0,53,244.0,20.21760418
26,1,173.1,66.0,11.8,69.0,124,48.9,27.8,56,272.0,22.02671841
41,1,172.0,71.02,21.3,89.0,131,47.2,13.3,44,225.0,24.00621958
22,1,172.0,66.8,17.5,80.0,137,46.1,22.5,55,200.0,22.57977285
56,0,157.5,67.2,33.0,90.0,144,35.5,23.6,22,180.0,27.08994709
39,0,150.2,60.9,37.0,65.0,111,19.2,14.0,31,149.0,26.99463299
40,1,183.2,94.4,24.4,81.0,131,45.9,8.4,30,217.0,28.12684731
46,0,162.3,68.2,36.3,94.0,137,24.1,4.6,36,168.0,25.89091119
44,1,169.5,66.48,23.9,93.0,134,41.9,8.9,36,202.0,23.139374
21,1,171.0,67.0,21.0,65.0,109,42.0,15.5,60,209.0,22.91303307
27,1,179.5,71.7,16.0,78.0,125,49.2,10.9,46,183.0,22.25308618
23,1,176.0,69.5,10.2,86.0,143,54.0,11.2,70,227.0,22.43672521
22,1,179.0,74.6,18.1,75.0,154,41.7,7.1,54,186.0,23.28266908
27,1,170.2,76.3,23.4,76.0,129,48.1,8.0,49,204.0,26.33937263
26,1,175.4,78.8,20.5,82.0,134,46.5,21.2,69,233.0,25.61338865
24,0,159.8,57.2,30.3,92.0,125,30.3,12.4,32,176.0,22.39971429
24,0,155.6,55.9,31.4,72.0,126,29.6,25.1,56,168.0,23.08833539
62,1,172.9,63.4,24.7,77.0,128,41.9,-7.0,20,180.0,21.20797835
39,1,168.1,63.6,22.9,80.0,134,39.2,4.1,46,195.0,22.50721133
27,1,179.0,80.0,20.0,69.0,124,52.1,16.4,60,234.0,24.96800974
30,1,167.1,76.92,25.6,84.0,145,36.9,14.9,41,217.0,27.5477654
50,1,175.2,75.0,22.2,89.0,156,45.1,12.0,32,194.0,24.43391506
30,1,182.9,80.6,17.3,87.0,144,50.7,16.8,50,226.0,24.09392926
30,1,173.5,70.7,18.6,79.0,140,56.3,14.7,30,229.0,23.48661645
46,1,169.7,62.6,12.1,73.0,114,39.3,10.3,36,210.0,21.73755273
34,1,158.3,64.1,25.5,92.0,158,40.0,18.5,47,204.0,25.57974435
48,0,146.7,51.24,28.6,76.0,116,25.5,21.6,27,137.0,23.80942424
53,1,168.7,59.3,21.1,88.0,144,30.9,12.2,38,208.0,20.83648838
30,1,165.0,58.72,16.8,65.0,116,42.0,14.5,53,229.0,21.56841139
31,1,180.5,78.5,26.9,67.0,118,49.7,15.0,49,168.0,24.09435164
60,1,171.9,74.7,21.7,81.0,121,43.5,16.4,40,197.0,25.27952146
27,1,180.4,86.5,24.2,66.0,123,44.3,3.1,42,214.0,26.57926952
27,1,180.6,77.46,7.6,54.0,114,55.9,15.6,61,252.0,23.74881808
48,1,173.8,85.6,25.6,97.0,141,59.8,13.4,37,206.0,28.33832785
58,1,163.1,58.2,12.4,99.0,160,42.4,24.1,57,227.0,21.87837503
64,1,163.8,70.3,29.2,79.0,120,24.9,4.4,17,151.0,26.20158298
22,1,168.6,63.1,17.8,82.0,132,48.6,18.1,58,242.0,22.19801899
53,0,154.1,47.8,20.3,60.0,106,24.1,26.5,26,171.0,20.12901943
61,1,176.4,70.18,18.3,85.0,138,38.0,5.6,26,152.0,22.55361706
22,1,179.7,67.98,14.8,91.0,132,43.9,17.6,50,240.0,21.05159499
46,1,164.5,71.14,32.0,78.0,126,36.7,-1.9,37,177.0,26.28948365
28,0,159.1,58.4,29.5,74.0,116,26.0,17.2,31,167.0,23.07132239
44,1,176.0,76.4,11.7,95.0,120,51.9,23.7,57,249.0,24.6642562
30,1,170.1,75.0,21.2,67.0,114,50.3,18.1,60,234.0,25.92105277
53,0,151.6,45.4,32.3,80.0,138,20.1,21.7,22,142.0,19.7541092
62,1,162.1,65.4,21.8,77.0,146,36.3,15.3,30,183.0,24.88924476
25,1,178.0,82.6,20.4,77.0,130,44.8,14.6,54,228.0,26.06994066
29,1,178.2,80.3,16.4,90.0,146,53.5,19.8,59,236.0,25.2871652
52,0,154.0,55.0,36.2,87.0,142,26.4,20.0,7,120.0,23.19109462
57,1,175.7,63.5,19.7,79.0,159,49.9,4.5,33,176.0,20.56980631
64,0,156.0,55.1,33.7,94.0,152,21.3,16.4,0,91.0,22.64135437
28,1,168.8,61.2,14.8,63.0,108,36.9,17.7,52,210.0,21.47862806
25,0,163.5,58.6,25.0,74.0,117,27.3,17.3,29,181.0,21.92108782
22,1,183.4,88.5,18.5,88.0,140,46.5,13.2,57,243.0,26.31143944
53,1,164.5,63.0,19.6,83.0,127,41.0,17.7,40,213.0,23.28138136
23,1,176.0,66.6,12.4,65.0,117,49.4,14.5,51,253.0,21.50051653
57,0,153.2,59.1,40.3,83.0,142,18.6,11.7,15,103.0,25.18082474
41,0,169.4,66.3,30.1,73.0,121,37.5,20.7,31,153.0,23.10397556
30,1,167.0,69.9,19.6,83.0,149,45.0,17.5,64,235.0,25.06364516
45,0,162.1,55.0,27.4,59.0,94,25.9,14.6,25,146.0,20.93132205
33,1,188.6,90.3,17.2,76.0,123,36.5,18.3,59,242.0,25.38659026
31,1,174.5,74.0,22.3,87.0,129,40.0,23.0,37,211.0,24.30193512
26,1,176.5,70.3,22.3,66.0,112,44.0,27.0,45,206.0,22.56658829
25,0,160.6,61.3,23.2,85.0,126,31.1,24.8,46,171.0,23.76672782
47,0,158.5,74.7,43.7,72.0,134,26.3,11.1,13,132.0,29.73459782
21,0,171.3,65.46,30.7,84.0,130,25.2,22.7,30,132.0,22.30803283
58,0,146.2,51.7,3.5,48.0,152,25.1,15.4,13,110.0,24.18776819
61,1,171.6,86.4,28.7,70.0,142,35.1,-2.4,12,162.0,29.34128808
30,1,172.2,66.68,19.4,70.0,121,43.5,11.2,47,205.0,22.4868849
41,0,162.5,54.8,27.7,58.0,96,25.1,22.0,34,126.0,20.75266272
25,0,167.2,54.4,24.5,74.0,127,26.2,21.0,35,183.0,19.45926146
22,1,187.0,101.3,26.3,75.0,133,47.0,8.6,56,242.0,28.96851497
53,0,152.7,46.9,27.5,68.0,126,23.5,18.5,20,152.0,20.11382969
46,1,168.0,58.7,23.2,86.0,155,32.9,17.4,38,182.0,20.79790249
26,0,175.6,62.8,22.0,85.0,139,34.5,19.0,28,165.0,20.3662289
25,1,173.9,69.1,18.7,76.0,130,45.3,18.2,61,218.0,22.84961481
29,1,174.7,83.78,24.9,77.0,146,40.4,18.4,52,238.0,27.45077095
51,0,166.6,80.9,39.5,69.0,130,25.9,15.6,12,139.0,29.14731319
28,0,159.5,51.54,24.5,82.0,123,37.2,23.0,37,145.0,20.25923487
24,0,165.1,58.9,29.6,77.0,134,30.9,22.4,34,166.0,21.60832724
25,0,164.9,47.1,21.3,59.0,98,22.9,16.0,22,163.0,17.32126459
28,0,155.2,47.1,18.5,83.0,124,19.9,18.3,34,154.0,19.55408386
26,0,165.1,56.2,29.1,73.0,112,24.3,13.9,34,164.0,20.61779271
32,0,163.2,55.0,27.6,76.0,124,27.0,25.9,42,186.0,20.65011053
50,1,173.2,84.1,32.0,75.0,118,38.6,12.0,22,197.0,28.03497805
31,1,181.1,64.2,16.0,90.0,143,46.4,17.4,52,201.0,19.57483579
25,1,173.0,70.4,13.0,83.0,135,43.1,26.7,64,238.0,23.5223362
44,0,170.3,76.5,30.3,83.0,123,39.2,16.5,12,140.0,26.37740935
56,0,162.1,55.1,28.3,72.0,125,26.0,22.6,23,130.0,20.969379
38,1,178.0,85.0,20.9,73.0,119,52.2,13.0,54,199.0,26.82742078
43,0,155.0,52.9,26.0,81.0,134,24.1,20.8,33,146.0,22.01873049
21,1,179.9,72.1,19.7,81.0,154,43.4,6.0,55,246.0,22.27783269
55,0,156.5,57.2,32.9,66.0,105,24.4,17.1,28,118.0,23.35432637
62,1,176.2,74.2,19.8,79.0,123,38.8,3.5,29,192.0,23.89968061
32,1,173.3,66.0,16.5,70.0,143,49.9,22.3,44,227.0,21.97590708
61,1,175.7,69.54,16.4,92.0,153,36.4,9.3,31,160.0,22.52636741
38,0,163.1,61.0,26.5,77.0,123,32.4,21.8,37,170.0,22.9309429
61,1,162.1,71.7,27.8,87.0,144,36.2,22.8,37,200.0,27.28683256
21,1,169.3,71.1,21.2,85.0,128,50.1,17.1,58,234.0,24.80593975
60,1,172.5,73.9,21.2,76.0,137,40.0,13.5,36,189.0,24.83511867
22,0,163.5,60.4,34.0,80.0,125,22.4,10.6,38,173.0,22.59443182
24,1,163.9,64.8,23.6,94.0,141,39.7,13.2,47,224.0,24.12221026
23,1,179.0,87.4,29.3,92.0,157,46.8,12.4,50,211.0,27.27755064
36,1,180.8,79.3,19.6,72.0,147,55.0,21.4,50,227.0,24.25919218
37,1,185.9,84.2,13.8,77.0,143,42.0,15.8,52,264.0,24.36426486
50,0,163.4,63.2,29.1,66.0,102,24.0,24.2,31,138.0,23.67080207
31,0,160.1,52.4,24.4,85.0,143,22.5,17.4,20,161.0,20.44318803
33,0,151.2,47.1,21.4,70.0,111,27.9,24.6,38,159.0,20.60237675
27,0,164.6,56.9,29.4,68.0,148,26.8,19.9,51,183.0,21.00161074
23,1,168.7,61.0,12.1,76.0,111,36.3,24.4,59,242.0,21.43382447
31,1,177.2,75.12,21.7,80.0,136,47.7,21.1,60,227.0,23.92368878
48,1,172.3,92.2,32.0,92.0,147,35.3,6.3,23,202.0,31.05706179
43,1,175.0,88.0,23.6,88.0,125,51.0,16.1,35,204.0,28.73469388
22,1,158.7,57.7,16.4,69.0,132,45.7,11.1,53,226.0,22.90983491
37,1,175.0,76.3,18.6,80.0,120,42.0,18.0,46,240.0,24.91428571
22,1,177.2,73.4,17.9,78.0,141,50.9,10.6,55,223.0,23.37591529
22,0,160.4,56.0,25.9,70.0,108,33.2,24.5,64,195.0,21.76603379
53,1,170.2,56.9,13.3,70.0,120,35.3,12.8,31,186.0,19.64233687
23,1,175.6,83.3,15.3,56.0,126,42.2,17.5,62,230.0,27.01444056
21,0,161.7,59.7,31.2,67.0,112,29.5,22.8,15,181.0,22.83254337
26,1,167.1,67.4,18.0,66.0,117,43.9,12.5,48,229.0,24.13831757
28,1,163.4,85.9,25.5,85.0,127,36.1,11.3,28,175.0,32.17281483
43,1,162.4,66.4,20.3,66.0,126,41.2,13.2,38,178.0,25.17653911
48,1,175.3,85.4,21.1,85.0,133,56.2,22.3,35,218.0,27.79035141
28,0,160.6,53.3,22.4,89.0,141,26.4,19.0,52,157.0,20.66503414
38,1,176.7,67.7,22.4,90.0,139,42.4,7.7,38,195.0,21.68281027
48,1,173.7,70.16,12.9,60.0,118,47.1,31.0,50,205.0,23.25358639
40,1,174.4,74.7,18.0,87.0,138,46.9,22.4,47,233.0,24.55995918
59,1,173.6,74.6,21.4,71.0,110,35.6,17.7,38,172.0,24.75365797
48,0,157.1,63.6,38.9,71.0,113,20.4,21.9,0,130.0,25.76942603
57,0,156.0,53.8,22.9,83.0,131,22.0,17.0,26,143.0,22.10716634
31,0,165.3,51.2,20.5,65.0,115,23.4,20.6,32,156.0,18.73804398
56,0,163.3,66.62,38.0,90.0,151,26.8,19.9,21,101.0,24.98229077
63,1,169.8,70.7,18.4,78.0,151,44.4,11.85,28,186.0,24.52133113
31,0,160.9,61.6,33.7,72.0,131,32.0,23.5,46,159.0,23.79406392
28,1,175.9,82.04,15.0,86.0,148,62.1,18.2,60,237.0,26.51514295
58,0,147.6,45.4,33.0,61.0,120,22.4,16.5,12,158.0,20.83930053
21,1,170.3,81.2,29.4,59.0,101,33.8,12.6,35,200.0,27.99798221
41,0,160.2,67.9,35.15,85.0,142,29.5,16.6,24,144.0,26.45725303
22,1,175.0,69.8,15.0,63.0,128,50.3,26.8,60,276.0,22.79183673
24,1,171.2,64.9,17.1,80.0,123,43.7,21.3,44,208.0,22.14303651
31,1,178.5,80.4,14.8,85.0,137,40.7,28.8,57,240.0,25.23362286
21,1,178.5,85.3,18.7,67.0,113,47.4,14.8,48,222.0,26.77149291
48,0,157.0,47.6,17.1,97.0,127,35.4,27.3,66,204.0,19.31112824
47,1,168.8,68.4,26.7,78.0,124,42.1,6.5,32,207.0,24.00552548
25,1,176.3,79.1,15.1,82.0,118,50.7,10.0,54,251.0,25.44906664
51,1,164.2,58.8,18.9,79.0,136,39.1,19.6,39,212.0,21.80876237
60,0,149.3,45.1,30.4,73.0,113,20.2,12.7,0,70.0,20.23284369
50,0,163.2,54.5,23.5,72.0,113,22.3,23.5,5,100.0,20.46238226
22,1,176.6,74.4,23.7,80.0,137,35.1,4.8,34,216.0,23.85566553
34,1,173.4,85.6,28.8,83.0,123,34.1,-0.8,37,157.0,28.46922065
30,1,181.5,73.9,14.7,60.0,113,50.4,15.7,54,242.0,22.43319749
45,1,174.7,62.6,8.8,70.0,121,35.9,11.2,57,221.0,20.51107975
23,0,165.6,64.8,25.0,79.0,127,30.6,19.6,39,205.0,23.6294896
30,1,181.1,64.7,8.6,64.0,115,40.0,9.7,56,235.0,19.72728778
61,0,154.6,50.56,27.1,59.0,100,25.6,18.7,10,103.0,21.153785
23,1,177.5,72.2,17.3,70.0,118,37.1,11.4,32,167.0,22.91608808
46,0,168.5,57.0,28.0,89.0,125,26.6,27.2,32,170.0,20.07590099
29,1,162.2,73.2,20.0,94.0,154,50.8,14.5,36,210.0,27.82334759
36,0,165.3,52.3,21.0,62.0,117,22.7,20.1,25,156.0,19.14061914
28,1,174.6,76.5,13.8,87.0,148,44.9,19.1,56,266.0,25.09417697
51,1,170.4,67.4,15.5,75.0,121,45.4,26.1,35,197.0,23.2124358
35,1,173.8,97.6,31.0,97.0,155,49.4,15.2,43,220.0,32.31099064
62,1,166.7,72.4,25.4,80.0,141,47.5,21.6,28,148.0,26.05357753
43,0,161.3,60.1,30.2,70.0,111,26.7,18.0,20,143.0,23.09966796
22,0,165.8,55.4,28.8,89.0,114,21.8,8.7,31,152.0,20.15304675
29,1,168.8,73.4,21.0,76.0,127,46.4,15.2,54,235.0,25.76031536
32,1,174.9,96.9,28.4,87.0,151,49.8,20.0,45,211.0,31.67700828
29,1,168.1,74.3,22.7,85.0,143,45.5,11.2,53,233.0,26.29380192
31,1,175.3,96.0,28.2,76.0,138,53.4,18.6,50,226.0,31.23973929
62,1,173.6,81.1,23.9,82.0,143,47.3,14.8,38,202.0,26.91047803
46,1,173.3,69.3,21.9,88.0,140,44.3,15.5,45,208.0,23.07470243
36,0,171.4,64.4,28.0,51.0,96,30.6,12.0,46,191.0,21.92119535
38,1,158.9,69.9,36.0,86.0,147,30.1,2.5,26,145.0,27.68403447
23,0,162.7,63.9,36.7,77.0,134,30.5,27.3,30,169.0,24.13936004
27,1,162.6,79.6,35.6,68.0,114,18.7,-3.6,17,101.0,30.10731214
61,1,163.7,59.7,19.2,91.0,152,40.3,4.6,34,159.0,22.27803964
21,1,177.2,64.5,7.7,69.0,125,37.2,10.9,54,237.0,20.54150594
54,0,160.4,54.2,28.6,68.0,124,24.0,16.4,28,134.0,21.06641128
43,0,163.3,57.1,29.1,62.0,111,28.7,22.1,25,149.0,21.41232067
44,1,170.0,76.7,29.0,92.0,142,38.3,1.5,36,194.0,26.53979239
28,1,178.8,87.1,27.9,75.0,123,41.1,-11.5,50,198.0,27.24476875
35,1,176.2,73.7,15.7,64.0,119,47.6,18.0,46,226.0,23.73863155
37,0,164.8,72.7,31.4,52.0,101,32.2,25.0,38,155.0,26.76825101
33,1,167.4,62.0,15.2,99.0,132,44.5,18.0,58,183.0,22.12487278
29,1,169.0,73.5,28.7,61.0,115,47.7,18.8,41,204.0,25.73439305
21,1,172.7,66.3,14.5,80.0,129,42.8,23.0,67,266.0,22.22945695
41,0,161.0,54.5,25.3,70.0,119,27.9,12.2,20,148.0,21.0254234
59,1,176.9,80.8,24.3,73.0,129,44.1,13.2,38,194.0,25.81996772
22,0,171.7,68.1,21.4,75.0,112,36.5,17.1,49,191.0,23.09970968
57,1,163.2,61.2,26.4,92.0,143,35.7,9.5,31,173.0,22.97794118
49,0,153.0,53.1,35.3,62.0,104,25.7,14.2,16,124.0,22.68358324
22,1,167.7,71.1,26.0,66.0,128,39.7,5.6,44,200.0,25.28153712
30,1,174.9,74.1,20.2,69.0,123,46.0,15.3,48,239.0,24.22359457
26,0,167.2,58.16,20.9,87.0,126,32.6,20.5,36,155.0,20.80423983
62,0,166.8,58.2,23.3,94.0,159,26.7,17.5,30,156.0,20.91851698
24,1,178.1,71.6,10.1,89.0,125,49.1,16.3,55,251.0,22.57278699
64,1,169.2,64.2,15.8,81.0,148,41.6,21.9,34,186.0,22.42509599
22,1,175.3,64.2,22.3,79.0,111,33.5,-0.2,35,200.0,20.89157565
46,0,165.5,58.0,10.21084,91.0,157,29.1,27.6,54,181.0,21.17541826
31,0,160.6,53.1,28.9,85.0,125,21.0,10.4,43,150.0,20.5874918
27,1,174.4,71.8,12.5,76.0,134,55.9,30.7,59,259.0,23.60649356
38,1,169.3,69.9,14.3,80.0,115,40.8,15.0,47,237.0,24.3872741
60,1,165.4,67.7,18.2,90.0,159,43.4,25.6,43,201.0,24.74672079
44,1,170.7,71.0,23.8,91.0,141,43.1,16.6,38,205.0,24.36639647
24,0,169.6,71.48,36.7,82.0,146,27.7,21.5,30,152.0,24.85036935
34,0,156.1,55.0,25.4,80.0,121,26.9,20.7,50,185.0,22.57131613
60,0,162.8,54.4,24.6,86.0,128,26.0,25.0,33,95.0,20.52532765
49,1,179.4,79.1,18.2,96.0,145,48.7,13.6,46,208.0,24.57715487
23,1,172.5,73.8,21.8,79.0,144,43.5,20.0,68,178.0,24.80151229
22,1,180.3,73.6,27.0,83.0,123,37.7,-2.0,41,163.0,22.6405181
42,1,182.2,87.0,20.2,94.0,135,50.3,15.3,53,215.0,26.20731371
45,0,159.0,63.1,30.9,93.0,144,34.1,19.0,30,155.0,24.95945572
21,1,175.7,65.8,15.4,74.0,125,41.1,6.5,45,223.0,21.31485441
50,1,170.5,68.1,17.1,88.0,144,45.2,18.2,36,182.0,23.42601113
50,1,176.3,80.4,19.1,90.0,137,44.4,13.3,38,198.0,25.86731931
59,0,157.5,81.9,45.5,64.0,122,25.4,21.6,0,65.0,33.01587302
36,1,179.6,81.1,15.9,80.0,131,51.2,6.8,46,216.0,25.14248441
34,1,176.7,83.6,25.6,81.0,129,44.6,-12.5,41,215.0,26.77522805
21,1,184.5,76.9,12.9,73.0,112,46.6,10.7,53,255.0,22.59090342
27,1,182.4,81.18,7.6,65.0,119,53.8,5.3,56,231.0,24.4005367
27,1,175.1,68.7,17.2,72.0,130,41.9,13.4,52,241.0,22.4070377
56,0,169.0,62.9,29.5,68.0,114,24.4,14.1,17,138.0,22.02303841
21,1,177.7,63.4,12.1,71.0,132,40.2,13.5,53,230.0,20.07772041
44,1,170.3,73.1,26.0,89.0,130,45.1,20.5,38,210.0,25.20508005
41,1,185.2,88.66,20.3,98.0,148,37.9,4.5,46,229.0,25.84911998
47,1,169.9,75.1,22.2,89.0,129,46.6,16.8,31,214.0,26.01675812
62,0,157.2,50.4,26.7,83.0,140,29.4,19.8,18,159.0,20.39508187
23,1,174.0,92.7,34.0,80.0,130,40.6,-5.0,39,200.0,30.61831153
56,0,153.6,47.7,26.9,75.0,126,21.4,20.4,22,154.0,20.21789551
47,0,157.0,54.1,26.8,72.0,117,25.1,18.2,25,157.0,21.94815205
51,1,164.5,72.6,23.6,98.0,157,41.2,21.6,42,195.0,26.82902043
57,1,164.3,76.9,35.2,71.0,119,20.0,-12.6,10,152.0,28.487295
22,1,182.3,78.4,15.0,69.0,125,45.4,2.7,57,209.0,23.59080308
64,0,154.7,50.2,35.68,78.0,128,18.7,6.8,0,59.0,20.97602006
64,1,163.9,58.4,19.1,81.0,131,31.1,-13.3,24,168.0,21.73976974
29,0,157.9,59.0,31.8,61.0,97,23.0,14.0,34,123.0,23.66397793
64,1,174.0,64.1,21.9,80.0,157,31.5,3.1,34,180.0,21.17188532
21,1,168.4,66.7,22.9,70.0,119,27.5,-6.4,36,213.0,23.52023516
22,1,174.5,61.7,13.8,81.0,123,46.3,11.9,54,247.0,20.26255942
23,0,163.9,61.4,36.6,84.0,138,25.5,20.0,45,189.0,22.85653874
21,1,183.0,72.8,21.1,66.0,130,38.7,-3.0,49,200.0,21.73848129
24,1,183.6,96.5,30.7,84.0,153,51.5,8.8,55,204.0,28.62740352
27,0,161.6,47.1,25.1,98.0,138,25.5,20.0,34,159.0,18.0359156
30,1,166.0,63.3,21.0,79.0,131,35.1,7.7,38,220.0,22.97140369
21,1,175.0,84.7,28.0,61.0,133,50.9,11.6,42,156.0,27.65714286
60,0,158.9,59.4,32.9,64.0,101,24.0,16.0,17,120.0,23.52548852
53,1,167.0,65.7,23.7,99.0,153,33.7,14.2,32,185.0,23.55767507
59,1,175.0,75.9,20.2,97.0,130,42.2,16.6,39,197.0,24.78367347
36,0,156.1,48.9,21.8,89.0,133,28.3,24.5,30,166.0,20.06795197
60,1,172.0,68.3,19.5,89.0,156,43.3,6.4,27,211.0,23.08680368
22,0,162.2,60.4,27.1,74.0,115,34.9,22.6,37,148.0,22.95806277
39,1,173.2,70.9,17.7,81.0,146,53.5,16.2,51,235.0,23.6347199
61,0,152.4,59.1,35.3,99.0,158,20.5,20.8,23,122.0,25.44588423
26,1,171.9,65.2,12.3,71.0,121,44.9,23.0,59,226.0,22.06458901
37,1,172.2,66.9,17.6,86.0,128,46.2,14.9,39,224.0,22.56107678
29,1,182.4,91.3,19.9,91.0,159,60.0,25.5,51,215.0,27.44233803
41,1,170.6,72.1,28.8,84.0,135,40.0,0.8,28,223.0,24.77292062
41,1,172.6,68.9,17.3,67.0,131,43.9,18.2,52,226.0,23.12797659
21,0,162.5,49.5,24.1,75.0,134,26.5,18.4,22,135.0,18.74556213
24,1,169.2,66.2,11.9,83.0,122,43.1,12.3,25,217.0,23.12369711
52,1,157.8,62.9,22.0,76.0,119,36.0,18.4,43,216.0,25.26019203
28,1,171.5,71.8,23.4,74.0,126,42.1,10.0,49,196.0,24.41159721
51,1,174.0,75.0,20.3,65.0,115,37.6,7.3,29,197.0,24.77209671
21,1,178.6,65.1,12.2,42.0,107,40.7,21.2,52,265.0,20.40882865
39,1,181.8,68.8,18.2,66.0,112,41.1,-2.7,34,222.0,20.81616302
31,1,175.9,68.8,11.9,73.0,151,56.9,15.0,41,230.0,22.23600481
57,0,156.8,61.3,32.4,87.0,142,26.6,13.6,18,134.0,24.93264525
32,1,172.8,77.3,20.7,95.0,155,46.0,22.6,47,229.0,25.8876136
54,1,174.5,72.4,22.0,61.0,120,39.9,5.2,22,184.0,23.77648788
24,0,158.5,51.5,28.9,74.0,130,25.9,17.6,50,153.0,20.49975619
64,0,155.5,60.0,34.9,85.0,130,17.0,12.8,20,100.0,24.81363923
54,1,178.9,78.9,18.1,93.0,151,35.8,14.6,48,221.0,24.65223631
29,1,170.4,64.7,23.1,83.0,124,38.1,20.2,42,182.0,22.28256078
24,0,160.4,58.7,29.1,77.0,115,29.6,22.1,54,187.0,22.81546757
21,0,162.8,53.9,27.5,71.0,118,22.5,20.8,39,190.0,20.33667574
25,1,169.0,60.1,16.0,82.0,133,35.1,19.7,51,202.0,21.04268058
38,1,178.2,90.7,21.6,86.0,139,56.4,3.6,50,211.0,28.56221524
25,1,177.2,75.4,12.6,78.0,118,63.1,22.8,59,276.0,24.01286121
23,1,184.1,86.9,19.0,82.0,139,54.0,23.7,62,242.0,25.63965632
47,0,162.5,63.6,32.7,97.0,153,20.3,22.6,19,130.0,24.0852071
29,0,152.8,40.8,19.9,60.0,100,22.0,18.2,32,166.0,17.47484992
25,0,161.7,51.04,26.1,62.0,112,26.2,13.2,44,181.0,19.52048599
55,1,165.2,64.7,16.8,76.0,127,37.0,20.3,50,205.0,23.70741459
31,1,170.0,70.6,19.7,77.0,139,47.5,16.0,48,220.0,24.42906574
26,0,166.0,66.1,26.7,74.0,141,32.7,14.1,44,172.0,23.98751633
38,1,170.7,65.8,15.2,78.0,134,46.4,14.3,44,242.0,22.58181532
27,0,162.5,57.3,28.0,79.0,122,19.9,1.8,45,166.0,21.69940828
24,1,176.3,73.0,15.4,89.0,129,46.2,21.1,59,256.0,23.48649639
48,0,159.8,64.3,30.4,91.0,128,30.7,18.2,35,164.0,25.1800984
34,1,179.1,85.6,28.9,83.0,123,40.7,12.0,50,196.0,26.68594539
30,1,179.1,81.6,23.7,86.0,134,45.0,17.4,47,230.0,25.4389386
63,0,159.3,60.9,31.6,76.0,131,23.4,13.4,19,104.0,23.99859082
21,1,165.3,65.8,18.5,74.0,114,36.5,17.8,63,243.0,24.08131433
38,1,166.8,71.0,19.4,83.0,145,42.6,17.6,54,223.0,25.51915302
31,0,161.2,53.8,18.09828,76.0,128,34.1,31.2,44,218.0,20.70390188
32,0,160.4,58.7,30.6,65.0,109,34.2,21.4,42,158.0,22.81546757
23,0,166.2,49.0,19.9,81.0,137,25.9,27.9,46,199.0,17.73920045
24,0,155.4,65.4,39.1,90.0,152,24.3,11.6,29,130.0,27.08168731
25,1,184.8,86.6,14.8,73.0,130,64.3,19.6,62,262.0,25.35793932
27,1,172.1,71.84,14.6,65.0,119,44.6,19.0,62,237.0,24.25518453
40,1,181.7,89.8,22.7,80.0,142,51.8,8.0,10,224.0,27.19984831
25,1,170.0,63.0,10.4,64.0,128,34.6,19.3,43,232.0,21.79930796
62,1,174.8,73.4,22.0,81.0,159,46.5,15.1,30,185.0,24.0222235
49,0,163.1,61.0,32.9,85.0,129,26.1,18.3,24,146.0,22.9309429
28,0,161.5,65.5,22.0,76.0,135,37.7,28.9,49,213.0,25.11286411
27,1,171.0,69.3,17.1,97.0,133,47.4,17.1,56,216.0,23.69959988
26,0,165.8,63.5,34.0,75.0,133,27.5,15.2,28,157.0,23.09961134
29,0,150.3,54.5,29.3,64.0,122,27.5,26.0,26,150.0,24.12562323
21,0,150.7,55.1,37.0,81.0,120,23.7,19.6,45,168.0,24.26191597
31,1,176.4,72.8,13.4,76.0,112,45.9,17.1,61,235.0,23.39560163
27,1,174.3,66.2,8.7,97.0,154,42.1,16.3,67,256.0,21.79030029
24,1,174.0,75.5,11.3,75.0,130,49.3,22.5,57,250.0,24.93724402
35,1,183.1,70.8,12.0,91.0,156,45.7,16.7,44,235.0,21.11818398
26,1,171.5,80.1,28.0,98.0,157,33.8,11.6,31,183.0,27.23355065
57,0,159.3,47.8,25.4,75.0,111,16.5,22.4,19,107.0,18.83633237
21,1,182.7,81.2,21.2,77.0,139,41.4,23.0,52,223.0,24.32646111
61,1,160.0,61.2,17.8,91.0,147,40.5,19.1,45,194.0,23.90625
54,0,156.3,66.6,35.6,85.0,137,27.1,13.2,14,121.0,27.26190959
47,1,172.3,70.7,30.5,91.0,147,40.2,-9.6,36,188.0,23.8149053
44,0,164.5,63.6,28.3,93.0,123,28.6,19.9,38,138.0,23.5031088
44,0,159.7,58.8,32.6,75.0,106,23.5,21.9,20,132.0,23.05512567
32,1,179.4,80.7,21.6,78.0,128,40.7,12.7,47,224.0,25.07429074
23,1,183.4,82.6,15.0,64.0,144,45.9,6.2,52,245.0,24.55734348
56,0,154.0,54.5,23.0,95.0,144,27.8,21.0,28,120.0,22.98026649
29,1,181.2,94.72,15.8,90.0,151,43.6,16.6,53,260.0,28.84863724
39,0,158.3,53.3,20.0,77.0,114,38.0,26.0,48,173.0,21.26989663
43,1,170.2,83.6,29.5,98.0,150,43.4,-0.2,36,210.0,28.85939125
32,1,180.8,88.9,25.1,89.0,137,46.3,6.5,47,210.0,27.19599225
26,1,171.2,67.7,23.0,98.0,140,38.4,12.3,47,203.0,23.09836012
22,1,179.1,62.7,14.7,99.0,144,47.0,11.3,55,230.0,19.5468315
48,1,171.1,73.2,17.2,79.0,140,47.1,8.2,43,205.0,25.00409049
28,1,169.8,75.9,24.1,81.0,130,45.1,12.7,38,239.0,26.32488024
23,0,161.1,53.0,28.4,72.0,116,28.9,-4.4,22,143.0,20.42136599
26,1,183.5,78.1,13.4,67.0,129,44.5,9.0,47,217.0,23.19417324
26,0,163.6,60.4,35.6,85.0,116,35.1,19.3,45,159.0,22.56681871
28,1,178.8,73.5,12.2,67.0,113,42.4,14.0,49,253.0,22.99070612
26,1,171.7,66.1,15.0,71.0,123,43.2,7.4,54,242.0,22.42130411
22,0,162.5,64.1,39.5,91.0,131,17.4,21.4,25,129.0,24.27455621
31,1,179.1,71.9,15.3482,92.0,123,47.1,11.7,54,242.0,22.41494712
23,1,172.1,59.7,12.8,83.0,130,27.5,7.5,11,229.0,20.15638247
55,0,154.9,53.6,31.6,67.0,141,20.9,17.2,24,146.0,22.33890875
49,0,151.4,55.7,32.6,91.0,130,28.3,22.3,32,140.0,24.29984172
26,1,183.2,89.3,25.8,97.0,157,48.8,8.8,54,201.0,26.60728247
22,1,166.9,67.8,22.8,77.0,121,35.3,8.0,56,204.0,24.33980085
22,0,156.5,44.5,25.3,64.0,107,21.7,17.7,42,155.0,18.16901265
28,1,169.8,60.6,8.4,64.0,117,41.6,18.3,60,234.0,21.01828383
59,1,172.8,76.3,22.9,82.0,117,38.8,17.3,40,187.0,25.55271562
25,0,164.5,68.5,38.7,76.0,123,33.0,21.3,51,167.0,25.31388291
40,0,162.4,64.3,33.7,83.0,119,23.0,10.9,35,121.0,24.38029314
28,1,174.7,76.7,16.8,86.0,130,40.4,21.0,49,251.0,25.13098749
32,1,182.5,84.7,24.5,83.0,117,43.2,4.3,46,188.0,25.43066241
26,0,158.4,54.7,25.8,58.0,108,21.3,20.4,36,184.0,21.80102796
26,0,161.5,46.0,23.8,83.0,135,20.2,16.5,20,132.0,17.63651525
61,1,171.0,61.8,20.6,94.0,149,41.3,13.1,22,172.0,21.13470812
21,1,179.8,70.3,8.4,80.0,120,52.3,8.9,45,190.0,21.74582808
25,1,172.6,64.2,15.1,66.0,142,44.0,18.8,54,214.0,21.5503062
28,1,176.6,82.2,20.7,83.0,126,40.9,17.6,46,25.0,26.35666272
22,1,181.1,86.7,24.8,77.0,158,34.3,15.0,48,193.0,26.43517543
25,1,173.2,69.6,19.4,78.0,121,43.4,5.5,28,213.0,23.20136115
40,1,178.5,70.6,11.8,78.0,113,50.1,14.8,62,234.0,22.15788276
21,0,158.5,48.6,30.1,67.0,106,18.3,16.7,15,118.0,19.34540099
30,1,179.3,75.8,11.3,61.0,114,53.3,1.7,46,255.0,23.57809029
23,0,172.5,60.9,25.2,90.0,123,34.8,19.7,55,136.0,20.46628859
40,1,170.8,69.8,16.7,97.0,141,42.0,13.1,45,225.0,23.92652842
59,1,168.5,74.6,22.7,88.0,147,34.5,8.7,31,202.0,26.27477569
23,1,172.5,58.3,6.5,75.0,118,37.2,19.7,55,229.0,19.59252258
51,0,153.1,52.7,29.3,71.0,107,23.4,22.7,27,144.0,22.48330924
47,0,158.0,58.4,28.7,85.0,123,26.5,19.7,16,125.0,23.39368691
21,1,173.0,83.1,30.0,80.0,120,37.4,0.0,34,185.0,27.76571219
42,0,167.9,66.8,36.6,75.0,115,18.4,8.5,12,107.0,23.69600158
44,0,159.0,57.4,33.9,99.0,137,26.3,16.2,40,144.0,22.70479807
23,1,168.6,74.9,21.2,77.0,133,35.7,19.0,51,234.0,26.34915408
50,0,156.0,44.4,19.6,68.0,119,22.8,26.5,19,140.0,18.24457594
42,1,170.3,73.4,14.3,85.0,130,51.2,18.2,53,217.0,25.30852087
62,1,180.9,74.2,25.6,81.0,137,44.5,-2.3,22,183.0,22.67392844
27,1,166.8,71.9,13.7,69.0,109,49.0,19.6,59,240.0,25.84263524
22,1,170.0,73.3,18.3,83.0,147,39.6,18.3,58,221.0,25.3633218
26,1,170.3,74.3,16.0,92.0,144,48.6,25.1,52,234.0,25.61884333
25,1,168.0,61.4,15.4,72.0,125,41.7,-10.4,46,160.0,21.75453515
47,1,168.1,76.8,23.6,96.0,159,49.1,18.0,46,211.0,27.17851934
28,1,178.4,71.0,14.6,99.0,151,44.1,4.2,60,208.0,22.30841159
39,1,176.6,95.8,37.2,99.0,157,37.3,15.5,29,215.0,30.71737577
27,1,176.7,78.0,27.3,87.0,132,47.2,13.6,33,238.0,24.9816721
21,1,178.4,72.2,12.3,89.0,138,50.0,22.8,63,230.0,22.68545517
36,1,171.4,69.0,12.7,83.0,122,47.2,17.9,55,242.0,23.48699501
40,0,162.1,52.7,25.9,62.0,119,22.5,18.3,36,145.0,20.05601222
29,1,176.5,73.7,11.5,71.0,123,35.0,10.9,62,208.0,23.65800223
34,1,175.2,73.9,19.1,70.0,127,47.8,11.3,55,252.0,24.07555097
30,0,164.7,54.2,22.7,72.0,117,31.6,28.3,44,184.0,19.98076391
55,0,165.7,65.8,34.0,87.0,130,30.8,12.8,39,115.0,23.96519002
21,1,176.3,83.5,29.3,81.0,147,32.6,0.7,57,232.0,26.86469108
27,1,181.5,87.6,19.7,85.0,150,44.7,11.3,46,240.0,26.59199053
42,0,162.0,52.6,19.3,73.0,114,25.5,24.6,38,158.0,20.04267642
23,1,185.7,108.9,29.2,97.0,151,46.6,6.2,35,208.0,31.5794144
27,1,177.9,81.4,20.4,91.0,141,58.7,16.7,51,226.0,25.72009147
37,1,178.3,82.0,17.2,55.0,121,49.4,15.5,57,232.0,25.79355281
61,1,172.8,70.6,21.9,85.0,129,48.1,15.8,26,175.0,23.64379715
22,1,183.0,96.4,30.6,86.0,137,41.9,4.0,50,190.0,28.78557138
28,1,176.6,79.6,22.2,93.0,150,40.8,8.0,39,196.0,25.52299699
27,1,181.2,68.54,9.2,80.0,130,46.1,20.3,48,266.0,20.87505909
60,1,170.0,65.1,15.0,77.0,136,52.6,15.5,34,214.0,22.52595156
48,1,169.5,70.2,24.3,80.0,126,41.1,5.3,39,222.0,24.43417652
22,1,170.8,77.3,28.4,67.0,131,44.8,11.5,51,183.0,26.49743047
43,1,175.0,69.5,15.1,90.0,140,38.3,19.8,51,227.0,22.69387755
23,0,155.7,53.4,33.1,73.0,136,19.1,22.2,43,175.0,22.02744025
21,1,183.1,77.2,19.7,90.0,155,41.0,-0.6,56,221.0,23.02717236
23,1,168.2,61.3,19.8,85.0,148,44.2,15.5,43,253.0,21.66748435
25,1,171.4,69.0,18.3,99.0,130,40.0,10.9,50,239.0,23.48699501
36,1,179.8,83.0,16.9,90.0,144,53.8,10.75,46,220.0,25.67430627
44,1,173.8,72.0,18.6,93.0,152,43.3,18.0,48,223.0,23.8359767
22,1,173.2,73.7,20.5,71.0,135,37.1,7.3,44,209.0,24.568108
24,1,172.1,72.4,16.1,83.0,155,42.5,7.7,57,234.0,24.44425612
26,1,174.9,75.6,14.3,54.0,118,54.6,16.6,58,227.0,24.71395073
28,1,176.1,76.7,16.9,89.0,144,45.4,19.0,57,265.0,24.73299171
26,1,175.2,69.4,17.8,91.0,132,48.2,11.5,45,215.0,22.60951607
23,1,165.3,58.2,11.2,81.0,117,29.5,19.2,51,233.0,21.29988592
33,0,160.0,52.6,28.9,92.0,123,23.2,13.8,30,158.0,20.546875
60,1,173.8,76.1,21.7,99.0,158,49.0,14.0,42,190.0,25.19330315
40,1,187.3,90.3,23.1,65.0,113,59.2,7.5,27,220.0,25.74021651
34,1,174.1,66.9,18.4,83.0,126,42.9,6.2,47,222.0,22.07133363
37,1,180.8,73.3,14.1,91.0,117,45.6,-0.4,47,230.0,22.42369215
25,1,169.9,84.06,34.6,61.0,132,37.2,-8.2,24,166.0,29.12075483
21,1,173.6,84.3,24.9,76.0,135,48.1,23.6,60,250.0,27.97229714
52,0,152.7,56.7,31.0,88.0,157,26.9,20.0,27,120.0,24.31671948
26,0,159.5,49.7,23.0,65.0,122,20.5,12.8,18,110.0,19.53597154
61,1,168.3,66.3,22.5,85.0,140,38.8,16.9,35,192.0,23.40697528
21,1,172.5,67.6,16.5,80.0,120,42.3,26.5,63,273.0,22.7179164
64,1,166.2,62.5,23.5,81.0,151,37.1,13.3,32,177.0,22.62653118
27,1,172.4,83.0,20.2,99.0,153,0.0,17.2,56,261.0,27.92566793
30,1,176.1,68.9,17.7,92.0,156,48.4,17.6,63,237.0,22.21777222
40,1,172.3,73.0,15.5,71.0,129,46.6,18.1,50,242.0,24.58964762
62,1,168.8,73.9,20.8,87.0,163,46.5,16.6,34,228.0,25.93579434
24,1,175.3,72.3,15.0,95.0,152,33.4,23.0,45,240.0,23.52742865
44,1,176.1,74.4,21.7,76.0,123,49.4,16.9,47,225.0,23.99132443
62,1,165.6,64.9,15.7,94.0,154,38.9,12.9,36,200.0,23.66595486
37,0,165.3,55.1,21.9,72.0,104,29.0,20.1,25,173.0,20.16535592
21,0,158.7,60.7,29.7,78.0,117,28.7,21.8,40,174.0,24.10098751
51,0,165.1,61.7,33.4,66.0,105,24.1,15.0,20,157.0,22.63554823
33,1,179.0,71.6,13.2,63.0,112,46.3,14.6,50,252.0,22.34636872
64,1,163.4,64.1,21.8,70.0,114,24.7,-6.2,15,125.0,24.00788627
28,1,183.0,70.88,14.4,76.0,124,58.1,17.9,40,216.0,21.16515871
24,1,176.7,77.2,9.3,73.0,130,69.0,17.0,60,288.0,24.72544982
49,0,159.6,57.8,32.0,93.0,146,29.4,17.0,20,136.0,22.69144038
37,0,155.0,71.1,24.6,75.0,123,26.3,6.7,22,144.0,29.59417274
41,1,168.7,70.0,17.3,75.0,117,30.3,18.4,47,207.0,24.59619202
62,0,160.3,62.9,26.4,88.0,132,26.9,24.4,21,123.0,24.47843232
30,0,169.3,66.2,34.2,96.0,140,29.0,14.8,42,186.0,23.09638835
22,1,176.5,71.8,11.6,60.0,123,53.2,23.5,56,238.0,23.04809444
41,0,159.6,53.5,30.6,74.0,119,26.0,14.5,45,151.0,21.00332284
21,0,156.3,52.3,34.3,77.0,130,16.5,26.0,27,148.0,21.40837645
51,0,155.8,66.2,35.3,87.0,146,27.4,19.2,28,114.0,27.27238272
50,0,158.5,79.7,38.6,95.0,154,24.4,10.3,19,137.0,31.72486541
44,0,158.6,44.9,23.9,65.0,114,20.2,22.1,33,156.0,17.85007212
25,1,176.7,68.9,18.6,90.0,134,41.6,14.2,52,195.0,22.06714369
31,1,180.3,73.3,14.5,74.0,118,53.0,14.4,54,207.0,22.54823338
22,0,160.5,50.8,17.0,57.0,107,30.2,35.2,46,181.0,19.72030551
29,1,179.5,76.7,19.0,86.0,132,34.5,3.7,52,204.0,23.8049053
27,0,163.2,51.84,23.0,61.0,116,27.7,22.2,43,172.0,19.46366782
23,1,173.7,78.5,12.7,87.0,143,52.9,18.0,57,233.0,26.01776699
28,0,173.1,61.7,16.8,84.0,132,37.2,20.4,44,189.0,20.59164433
22,1,179.8,82.0,12.4,79.0,142,50.1,14.2,42,201.0,25.36497728
24,1,178.5,84.4,23.1,67.0,128,47.5,17.0,47,250.0,26.48902698
59,1,172.8,69.0,25.0,85.0,122,42.3,19.1,33,190.0,23.10796039
59,1,163.5,65.7,24.5,92.0,152,37.3,13.7,27,165.0,24.5770558
22,0,167.9,57.6,20.6,78.0,143,23.5,7.4,44,148.0,20.43248041
22,1,165.7,71.1,12.7,68.0,129,44.5,10.9,64,222.0,25.89551687
22,1,170.0,69.2,18.7,80.0,140,43.8,21.7,56,238.0,23.94463668
22,1,172.1,80.2,23.0,80.0,131,49.6,5.9,61,168.0,27.07775333
22,1,178.2,75.7,17.2,84.0,138,42.0,16.4,57,226.0,23.83858538
43,1,170.4,60.8,15.4,77.0,120,44.2,12.2,33,227.0,20.93940797
50,0,156.7,70.2,36.6,79.0,130,25.5,17.6,14,166.0,28.58901017
61,0,153.8,50.0,27.3,65.0,124,24.7,13.8,23,125.0,21.13768071
25,0,168.0,68.4,28.9,66.0,107,30.5,19.9,40,175.0,24.23469388
32,1,175.6,79.0,20.3,80.0,137,44.3,16.4,56,221.0,25.61993763
62,0,163.4,56.7,34.5,82.0,132,22.8,19.6,21,124.0,21.23630502
31,1,172.4,76.4,22.1,70.0,128,46.4,14.5,57,217.0,25.70507265
27,1,170.1,100.0,37.7,94.0,143,34.8,3.8,12,156.0,34.56140369
22,0,158.2,55.0,24.5,55.0,114,29.8,23.2,47,185.0,21.97605489
21,1,181.9,76.6,24.4,77.0,146,49.2,21.6,47,226.0,23.15065972
38,1,178.0,75.3,16.4,71.0,119,42.4,8.2,34,227.0,23.76593864
51,1,159.0,62.3,20.4,88.0,152,42.4,15.7,44,198.0,24.64301254
27,1,172.0,68.5,13.6,92.0,143,43.9,18.9,65,264.0,23.15440779
32,1,175.0,73.0,12.1,71.0,134,48.0,22.0,55,243.0,23.83673469
47,1,167.3,64.3,20.2,59.0,122,41.3,9.7,42,195.0,22.97307291
25,1,179.8,87.6,24.9,80.0,135,40.6,18.0,45,234.0,27.09721963
48,0,168.6,53.96,22.8,72.0,118,29.1,2.8,38,144.0,18.98264826
21,1,177.3,69.9,13.3,74.0,147,32.3,7.7,49,215.0,22.23615561
64,1,164.2,70.7,22.6,83.0,121,36.8,13.0,40,181.0,26.22244047
23,0,153.6,46.14,30.5,66.0,124,16.1,12.9,33,153.0,19.55668132
22,1,177.3,66.4,12.5,83.0,136,35.0,13.8,48,253.0,21.12275726
41,1,172.8,75.2,27.6,78.0,123,48.7,8.3,30,212.0,25.18432785
36,1,171.5,80.5,21.5,86.0,153,46.7,16.8,53,220.0,27.3695484
22,0,168.6,71.0,33.9,77.0,128,27.0,30.6,30,212.0,24.97716876
25,0,160.1,55.1,25.4,82.0,132,28.5,22.3,36,167.0,21.4965584
31,0,167.8,58.5,26.5,78.0,117,25.4,16.0,34,192.0,20.77647918
23,1,178.8,80.8,20.5,83.0,153,47.7,13.9,42,222.0,25.2741368
21,0,157.4,49.0,27.0,78.0,120,23.3,11.0,24,155.0,19.77819361
43,0,171.4,65.6,27.6,79.0,132,28.7,23.2,26,147.0,22.32966482
56,1,178.5,82.0,23.4,89.0,141,40.1,10.5,22,182.0,25.73578451
21,1,168.3,67.2,19.1,68.0,105,39.7,-8.4,48,196.0,23.72471702
29,1,168.4,71.9,19.9,72.0,124,46.4,20.4,47,223.0,25.35389667
39,0,164.9,52.3,15.7,53.0,91,22.2,12.7,32,185.0,19.23359104
24,0,159.9,54.7,27.7,80.0,122,31.3,21.8,45,165.0,21.39392154
34,1,171.3,69.0,10.0,67.0,125,35.3,16.4,38,212.0,23.51442508
50,0,161.5,52.0,17.9,42.0,82,24.5,30.2,25,163.0,19.93693029
24,0,164.7,62.5,24.0,70.0,153,36.1,24.3,44,181.0,23.04054879
47,1,177.3,80.3,24.3,79.0,128,40.3,14.8,33,161.0,25.54453927
26,1,167.4,65.4,22.2,85.0,123,41.8,7.5,49,209.0,23.33817226
21,1,176.1,90.5,20.8,89.0,146,38.8,8.5,50,176.0,29.18299544
28,1,177.5,74.7,14.6,94.0,134,57.5,25.2,70,242.0,23.70958143
62,0,161.7,60.0,29.9,73.0,121,25.7,18.8,20,141.0,22.94727977
22,0,157.4,56.0,24.7,82.0,143,22.4,23.1,37,162.0,22.60364984
24,0,167.2,70.0,35.3,54.0,103,23.3,-0.5,22,120.0,25.03949085
35,1,176.9,67.8,11.4,98.0,151,43.5,19.2,46,216.0,21.66576499
30,1,180.0,78.6,26.6,98.0,145,51.4,7.1,52,181.0,24.25925926
29,0,152.1,44.3,19.4,76.0,109,20.8,26.5,35,161.0,19.14896468
29,1,172.2,63.2,18.0,78.0,139,37.4,20.7,59,247.0,21.31330422
26,1,168.8,74.8,24.5,80.0,120,37.6,7.2,50,192.0,26.25165652
21,1,173.4,66.2,17.7,74.0,125,35.2,12.5,43,211.0,22.01708419
24,1,176.0,78.4,21.3,98.0,143,47.4,22.5,49,211.0,25.30991736
37,0,152.2,49.2,24.92761,86.0,112,18.3,1.7,31,133.0,21.23908475
29,0,169.6,51.8,24.6,73.0,119,26.2,15.8,38,178.0,18.00852172
40,0,165.4,64.2,30.0,77.0,138,24.0,19.8,32,167.0,23.46734822
21,0,165.9,62.4,21.7,70.0,118,31.7,27.5,51,201.0,22.67210361
50,1,167.1,74.4,14.5,70.0,117,47.6,18.9,64,227.0,26.6452645
63,0,152.6,51.3,30.2,73.0,127,17.7,17.5,9,115.0,22.02968554
32,1,170.4,77.5,19.1,79.0,126,50.7,13.3,50,209.0,26.69085719
40,1,175.0,76.6,25.3,82.0,136,43.7,14.0,48,238.0,25.0122449
28,1,177.7,84.9,13.7,80.0,139,52.3,17.7,40,237.0,26.88641109
24,0,166.4,60.4,30.7,74.0,119,31.2,14.1,41,165.0,21.81374815
62,0,150.2,47.7,27.4,80.0,146,20.9,23.3,38,115.0,21.14357953
57,0,157.8,63.4,38.8,76.0,123,28.9,5.0,0,137.0,25.46098846
51,1,179.7,84.4,18.0,75.0,124,49.5,8.9,38,199.0,26.13643155
22,0,166.5,63.6,28.4,75.0,131,29.8,14.3,45,198.0,22.94186078
41,1,178.9,69.2,16.4,74.0,115,36.0,19.1,36,223.0,21.62147975
27,1,181.2,90.7,24.5,77.0,146,47.0,12.9,58,199.0,27.62427574
26,1,170.9,70.9,18.4,64.0,130,44.7,16.1,53,219.0,24.27516048
41,0,165.7,50.1,20.5,90.0,128,30.6,20.6,42,190.0,18.24705197
21,1,179.0,82.8,15.4,67.0,122,58.9,19.9,56,278.0,25.84189008
21,1,177.8,65.1,11.0,77.0,130,47.7,22.5,53,242.0,20.59289833
45,1,167.3,65.6,15.3,85.0,149,48.3,20.5,62,202.0,23.43753629
21,1,177.5,74.2,13.7,64.0,133,46.2,11.4,64,233.0,23.55088276
23,1,178.2,73.6,15.0,87.0,147,46.6,14.9,34,241.0,23.1772772
26,1,176.9,64.0,15.6,68.0,123,40.3,20.6,49,219.0,20.45145958
21,0,162.2,54.1,28.5,82.0,117,23.8,11.5,42,178.0,20.56343039
44,0,155.0,62.0,31.8,62.0,106,28.0,26.5,19,160.0,25.80645161
25,0,164.2,50.4,26.6,69.0,108,25.2,8.5,25,163.0,18.69322489
32,1,173.0,74.7,12.0,84.0,122,53.8,23.0,76,274.0,24.9590698
42,1,166.8,66.5,16.8,76.0,143,39.2,16.0,39,232.0,23.90174192
28,1,185.9,92.1,20.3,83.0,127,41.7,9.0,53,207.0,26.6502232
49,1,178.0,86.7,23.5,96.0,147,46.6,-0.9,30,186.0,27.3639692
37,1,168.1,75.7,20.6,85.0,130,47.9,22.9,48,236.0,26.78924368
64,0,156.3,53.8,33.9,68.0,124,23.3,11.8,13,106.0,22.02238342
28,0,166.0,59.1,23.4,82.0,120,30.8,23.6,42,186.0,21.44723472
47,1,173.4,82.9,34.4,73.0,110,36.7,8.8,28,195.0,27.57124289
30,1,173.3,67.5,20.6,78.0,124,38.7,7.0,54,244.0,22.47535951
57,0,151.0,46.1,27.3,77.0,127,22.4,22.2,21,137.0,20.21841147
22,0,160.1,48.5,20.0,81.0,138,25.4,25.0,58,190.0,18.92165304
29,1,174.6,79.2,27.8,95.0,150,40.2,-7.6,29,174.0,25.9798538
22,0,161.4,58.6,28.8,79.0,131,26.4,23.3,51,180.0,22.49523608
53,0,166.2,56.1,32.7,77.0,121,24.9,19.6,31,137.0,20.30957439
26,1,170.7,61.5,12.4,69.0,127,36.9,7.4,38,215.0,21.10610399
28,1,174.8,89.3,26.6,86.0,131,51.0,9.7,55,217.0,29.22594767
53,0,152.7,47.0,23.9,74.0,125,21.1,16.3,22,142.0,20.15671633
34,1,178.6,79.5,21.1,93.0,139,43.5,13.6,57,233.0,24.92322393
52,0,149.7,48.9,30.5,88.0,122,21.6,22.2,29,114.0,21.82052816
45,0,157.9,54.5,24.7,66.0,98,29.9,23.3,28,151.0,21.85909826
57,1,169.6,72.2,21.9,94.0,150,45.4,19.2,53,215.0,25.10068085
61,0,146.5,56.16,37.3,89.0,152,26.9,23.5,12,118.0,26.1668744
21,1,177.9,69.0,15.2,66.0,129,42.7,-3.5,45,185.0,21.80204314
32,1,171.1,75.2,22.4,85.0,119,48.9,16.6,54,238.0,25.68726236
21,1,166.5,63.6,18.2,91.0,140,37.0,10.5,52,241.0,22.94186078
28,0,157.3,53.8,26.1,83.0,143,28.4,21.1,41,165.0,21.74326858
38,0,151.3,46.6,22.3,77.0,113,30.3,19.3,38,160.0,20.35673207
29,1,172.5,74.9,19.9,87.0,134,51.8,11.3,39,235.0,25.17118252
41,1,168.0,65.5,18.7,84.0,120,43.1,17.0,56,236.0,23.20719955
22,1,163.2,62.1,21.7,80.0,128,30.1,12.7,51,197.0,23.31585208
25,1,166.3,57.7,16.1,66.0,134,47.0,-3.2,39,214.0,20.8636993
22,1,176.0,68.78,13.2,86.0,159,43.3,10.9,55,258.0,22.20428719
46,1,174.3,72.3,23.1,79.0,133,40.9,5.8,19,190.0,23.79816784
28,0,166.6,61.0,32.6,64.0,103,21.2,15.9,29,154.0,21.97757855
59,0,148.2,53.3,37.4,84.0,133,20.3,14.0,9,94.0,24.26782205
29,0,167.9,60.7,22.0,73.0,113,34.7,21.9,43,170.0,21.53214515
25,0,164.0,62.6,28.9,70.0,116,29.3,11.1,30,151.0,23.27483641
31,1,170.1,77.5,26.0,89.0,154,48.1,12.3,52,232.0,26.78508786
24,1,177.8,75.7,22.2,73.0,132,51.3,7.7,55,209.0,23.94596626
58,1,177.8,71.2,24.1,97.0,158,42.1,10.5,27,164.0,22.52249402
27,1,178.7,78.82,25.7,82.0,118,41.5,-8.9,47,202.0,24.68239655
50,0,164.4,58.8,22.0,85.0,146,32.9,17.6,29,145.0,21.75573197
61,1,177.4,77.68,17.9,90.0,153,50.2,19.0,31,184.0,24.68322977
27,1,171.4,74.9,24.4,76.0,137,51.4,16.0,36,212.0,25.49530328
31,1,174.8,67.8,17.8,71.0,123,46.9,17.2,50,234.0,22.18946531
26,1,172.5,63.2,17.5,96.0,152,35.1,19.9,57,243.0,21.23923545
27,0,162.0,63.1,20.3,67.0,127,29.3,26.9,50,185.0,24.04359092
21,0,170.7,61.3,31.2,74.0,131,28.1,25.4,36,182.0,21.03746625
35,0,154.0,47.6,23.9,84.0,129,21.9,24.5,34,149.0,20.07083825
46,1,174.5,65.3,15.3,78.0,123,44.8,17.3,49,243.0,21.44481572
22,0,155.0,51.5,23.6,70.0,122,31.7,16.8,32,136.0,21.43600416
21,1,187.4,104.9,30.1,80.0,139,43.9,5.0,38,222.0,29.87007514
21,0,170.2,65.8,27.1,77.0,117,26.9,19.8,40,177.0,22.71468833
32,1,165.1,63.6,23.2,91.0,135,35.4,10.3,50,202.0,23.33259104
37,0,153.5,56.9,25.6,92.0,139,32.3,25.3,59,170.0,24.14879733
33,1,168.3,71.1,15.0,85.0,120,43.1,21.0,57,219.0,25.10159792
22,1,177.2,84.5,27.1,97.0,135,33.6,16.5,52,190.0,26.91096515
31,0,153.5,46.0,28.9,72.0,105,20.0,20.0,32,141.0,19.52275356
22,0,160.2,47.7,17.2,80.0,120,36.7,25.4,45,224.0,18.58631766
23,1,172.0,72.0,28.6,80.0,120,29.2,1.8,45,213.0,24.33747972
30,1,173.2,66.7,13.1,74.0,123,46.6,19.3,52,245.0,22.23463777
21,0,165.3,50.9,30.4,56.0,98,26.9,17.0,37,162.0,18.62825075
27,1,165.3,63.1,14.1,81.0,130,47.8,6.0,62,186.0,23.09317529
26,1,176.7,69.1,13.4,75.0,130,48.8,14.0,45,236.0,22.13119926
60,0,161.9,55.0,33.2,80.0,118,25.8,12.0,9,137.0,20.98306819
38,1,171.6,66.3,20.5,92.0,153,46.0,26.2,46,204.0,22.51536342
28,0,159.6,50.8,27.3,77.0,120,21.0,17.6,36,174.0,19.94334206
45,0,160.6,59.2,35.7,58.0,93,19.9,25.4,19,91.0,22.95253323
28,0,163.0,48.02,20.6,64.0,108,22.9,15.5,35,170.0,18.07369491
40,0,155.2,51.5,25.3,76.0,126,27.7,22.8,30,153.0,21.38079233
27,1,178.7,65.2,11.1,92.0,132,37.8,20.3,51,221.0,20.41730849
59,1,169.1,68.7,10.4,84.0,131,45.7,21.1,52,149.0,24.02533886
25,1,180.8,73.8,12.9,76.0,129,53.6,16.4,45,255.0,22.57665048
46,0,153.0,57.5,36.3,82.0,126,25.5,20.4,25,145.0,24.56320219
29,0,164.3,53.3,18.4,82.0,126,29.0,16.3,44,199.0,19.74477014
23,0,157.4,49.3,25.5,69.0,112,22.5,23.5,32,182.0,19.89928459
33,1,176.1,82.0,27.8,87.0,126,41.2,5.3,35,222.0,26.44205112
41,1,173.3,73.9,23.1,84.0,135,39.0,15.1,33,214.0,24.60635656
25,1,176.6,68.7,15.5,68.0,131,35.6,7.8,60,236.0,22.02801373
51,0,150.1,42.3,22.4,75.0,104,16.4,15.8,12,120.0,18.77495838
23,1,165.8,68.9,18.9,70.0,125,36.6,14.2,45,203.0,25.06398774
49,1,173.5,70.2,13.7,84.0,137,48.6,18.4,50,218.0,23.32051591
64,1,163.8,68.5,30.9,87.0,145,35.5,18.8,26,182.0,25.53070319
64,0,155.8,52.2,25.0,86.0,154,23.6,24.7,1,113.0,21.50480933
24,1,177.9,62.7,10.5,90.0,157,43.6,11.6,44,249.0,19.81142181
51,0,156.9,56.2,34.9,89.0,154,24.8,24.0,30,150.0,22.8291861
25,1,181.0,79.88,22.7,81.0,153,44.5,13.8,38,194.0,24.3826501
53,0,159.4,61.4,32.7,80.0,120,23.8,16.8,28,155.0,24.16527474
36,1,165.9,59.1,18.4,94.0,142,41.8,15.3,54,202.0,21.47309813
28,1,170.3,52.5,16.8,95.0,134,30.1,16.5,25,185.0,18.10214367
38,1,177.5,79.2,26.6,98.0,142,53.4,16.1,46,209.0,25.13786947
25,1,190.2,76.0,12.0,79.0,123,42.0,12.8,60,242.0,21.00838013
22,1,185.4,91.5,19.4,85.0,138,52.9,-6.5,52,239.0,26.61960669
26,1,171.6,64.9,18.9,77.0,134,46.6,3.0,39,185.0,22.03992589
30,1,167.9,74.5,19.4,84.0,136,49.7,22.5,50,224.0,26.42742692
28,1,178.1,91.8,27.0,99.0,158,42.8,15.1,31,204.0,28.94108723
43,1,169.2,57.2,11.0,78.0,132,41.5,9.3,40,226.0,19.97999206
46,0,166.0,60.3,32.2,73.0,126,16.8,-1.5,29,144.0,21.88271157
24,1,178.9,90.4,31.4,81.0,132,32.0,2.8,37,176.0,28.2454013
25,1,174.0,77.6,24.4,77.0,157,48.6,18.6,59,211.0,25.63086273
29,1,171.4,75.88,27.3,88.0,146,39.7,23.8,45,201.0,25.82888669
23,1,175.3,69.3,18.8,75.0,131,41.8,7.1,49,219.0,22.5511868
27,1,181.9,88.8,23.0,66.0,121,48.0,17.9,46,228.0,26.83784051
26,1,184.0,84.0,18.4,67.0,112,60.0,18.5,53,235.0,24.81096408
55,0,158.2,64.4,38.8,80.0,116,25.1,23.3,5,132.0,25.73196245
23,1,171.7,79.7,18.8,84.0,145,46.1,2.4,47,222.0,27.03446199
51,0,165.8,58.0,23.9,74.0,123,32.1,29.3,24,158.0,21.09885761
55,1,164.3,62.5,21.4,81.0,133,43.8,10.7,28,166.0,23.15287305
25,1,166.7,65.9,16.0,71.0,127,36.6,16.8,58,231.0,23.71451325
21,1,171.4,68.7,18.1,69.0,131,49.1,20.9,51,211.0,23.38487764
54,1,170.5,72.3,24.5,87.0,156,36.4,13.8,41,180.0,24.87078714
41,0,157.1,62.72,29.5,76.0,119,31.8,24.8,27,170.0,25.41286794
56,0,167.5,74.0,32.0,64.0,114,27.1,4.3,12,118.0,26.37558476
24,1,163.2,60.9,13.4,64.0,115,39.0,25.1,59,234.0,22.86530421
23,0,173.3,57.8,26.9,65.0,109,25.4,22.8,46,176.0,19.24556711
33,0,168.0,48.7,21.1,50.0,90,23.1,23.1,40,144.0,17.25481859
56,0,152.2,64.3,36.0,66.0,102,19.1,17.7,20,92.0,27.75758434
56,1,172.8,67.5,20.8,78.0,144,35.0,16.6,41,199.0,22.60561343
22,0,165.0,63.86,35.3,76.0,129,29.4,23.0,40,161.0,23.456382
53,1,162.7,52.9,19.4,83.0,140,36.6,11.5,19,189.0,19.98391465
60,1,169.4,68.0,15.9,81.0,137,43.3,14.1,40,207.0,23.69638519
27,1,178.6,80.6,15.3,76.0,132,44.2,10.6,49,238.0,25.26807357
24,1,174.3,70.8,15.0,77.0,136,45.6,6.6,52,215.0,23.30442992
50,0,158.5,48.1,26.0,80.0,116,21.9,17.2,28,156.0,19.14637423
22,1,176.8,87.6,16.7,94.0,144,53.1,13.6,50,260.0,28.02461047
23,0,171.7,59.9,24.9,92.0,155,25.4,31.0,56,211.0,20.31824684
21,0,154.4,51.2,30.5,60.0,105,22.0,16.4,26,130.0,21.47708663
60,1,171.2,69.8,25.6,80.0,138,39.8,18.9,28,184.0,23.81485283
24,0,165.7,54.3,29.6,82.0,112,26.6,25.5,48,164.0,19.77674495
60,1,176.5,66.4,20.2,66.0,113,35.7,2.0,23,175.0,21.31467229
64,1,167.8,74.4,27.3,74.0,123,41.6,7.5,27,200.0,26.42341967
21,0,171.0,64.26,24.7,74.0,122,24.5,14.9,44,186.0,21.97599261
28,0,162.5,52.5,21.0,74.0,118,19.0,20.9,32,149.0,19.8816568
43,1,172.5,90.5,33.0,99.0,143,41.7,18.7,40,216.0,30.41377862
56,1,174.9,71.3,15.8,80.0,123,43.1,21.9,40,198.0,23.30826306
23,0,166.3,65.9,30.9,62.0,121,25.8,16.3,29,160.0,23.82873109
29,0,156.7,52.2,26.2,65.0,103,22.3,19.0,31,172.0,21.25849474
33,0,161.8,55.0,18.1,69.0,134,27.7,26.3,30,199.0,21.00901325
28,1,166.1,71.0,30.8,89.0,142,41.9,-6.0,33,167.0,25.73469846
27,1,161.8,68.9,22.1,72.0,131,41.6,17.5,61,202.0,26.31856387
27,1,173.4,66.4,15.8,73.0,127,38.8,10.3,49,228.0,22.08360106
25,1,166.2,66.6,16.1,73.0,130,46.6,14.0,62,219.0,24.11083163
61,1,166.0,66.4,24.5,83.0,123,32.6,3.1,22,174.0,24.09638554
33,0,167.0,78.2,40.0,88.0,126,24.2,20.3,7,139.0,28.03972893
41,1,173.7,71.8,23.6,89.0,135,37.0,4.1,35,212.0,23.79714229
31,0,168.0,58.9,27.4,76.0,118,28.7,21.1,36,175.0,20.86876417
40,1,163.3,76.0,26.5,94.0,140,43.8,-8.0,36,215.0,28.49976131
38,1,174.8,74.0,15.4,86.0,155,46.7,16.9,71,235.0,24.21859045
62,1,170.9,69.5,28.0,83.0,135,32.6,2.7,31,149.0,23.79582022
44,1,170.0,70.0,20.0,76.0,121,43.1,21.0,49,194.0,24.22145329
26,1,178.7,80.0,19.9,65.0,127,45.2,14.3,51,200.0,25.05191226
25,1,175.0,79.2,15.2,61.0,128,45.6,9.2,61,205.0,25.86122449
62,0,159.8,57.1,32.1,82.0,130,25.2,22.3,13,127.0,22.36055395
31,0,165.7,57.86,26.4,70.0,112,27.7,27.0,36,171.0,21.07334186
31,0,162.8,60.5,29.7,71.0,130,29.1,23.5,38,179.0,22.82688093
52,0,167.1,48.0,14.2,62.0,99,20.4,22.8,26,146.0,17.19049323
24,0,158.1,56.4,20.5,56.0,116,27.7,26.6,53,212.0,22.56396223
24,1,174.9,70.52,9.5,73.0,120,42.2,13.9,59,229.0,23.05327785
25,1,177.6,76.2,21.2,93.0,155,45.9,21.3,55,255.0,24.15844899
22,0,163.2,59.1,26.5,62.0,103,23.8,21.8,51,154.0,22.18948241
49,0,149.9,61.6,40.7,95.0,129,22.7,19.2,8,148.0,27.41431802
60,0,156.5,55.1,35.6,67.0,108,23.8,27.3,20,124.0,22.49691229
37,0,162.6,54.1,28.8,94.0,132,28.4,25.1,47,165.0,20.46238175
55,0,155.0,60.7,32.0,99.0,152,27.9,25.9,24,145.0,25.2653486
61,1,168.6,78.3,29.3,86.0,148,50.9,14.9,27,161.0,27.54524385
57,1,162.3,61.0,16.7,98.0,149,41.3,11.0,32,188.0,23.15755986
25,1,171.9,71.4,26.2,91.0,150,35.8,5.8,43,208.0,24.16275545
45,1,168.0,62.0,12.2,87.0,133,37.8,20.2,54,211.0,21.96712018
40,0,155.9,56.0,23.6,92.0,128,25.9,26.1,41,183.0,23.04070676
29,1,170.5,60.3,12.4,78.0,120,41.9,21.8,51,230.0,20.74285567
22,0,161.8,52.4,20.3,70.0,125,26.9,25.6,67,192.0,20.0158599
24,1,175.0,77.2,22.9,87.0,143,43.8,19.3,52,222.0,25.20816327
47,0,157.6,52.1,28.9,80.0,115,16.7,11.0,20,130.0,20.97612667
21,0,157.9,58.7,32.0,76.0,131,30.7,29.1,40,177.0,23.54365262
40,1,176.7,73.0,24.7,82.0,123,43.9,6.2,35,222.0,23.38028286
37,1,172.5,71.6,19.8,77.0,140,43.0,17.7,46,202.0,24.06217181
51,1,168.2,73.1,24.4,61.0,144,41.1,7.6,36,213.0,25.83838672
35,1,175.0,70.7,16.9,84.0,156,50.3,18.4,53,236.0,23.08571429
31,0,163.0,53.6,30.5,69.0,106,27.1,29.9,42,219.0,20.17388686
61,1,169.0,72.4,26.7,78.0,120,30.7,23.8,37,187.0,25.34925248
39,1,173.6,64.2,13.9,63.0,122,53.2,19.9,49,217.0,21.30274586
31,0,153.8,58.2,29.4,78.0,142,27.5,19.8,33,168.0,24.60426034
23,1,168.0,57.3,10.1,57.0,112,45.6,14.9,50,242.0,20.30187075
64,0,149.4,55.0,33.2,91.0,152,23.0,21.0,30,101.0,24.64117962
37,1,179.0,80.7,21.2,74.0,126,51.9,5.0,36,240.0,25.18647982
23,0,161.0,58.9,31.1,77.0,127,30.3,19.1,43,203.0,22.72288878
38,0,170.6,56.6,18.0,67.0,106,30.2,26.5,30,170.0,19.44725807
38,0,164.7,62.8,31.24232,73.0,121,28.5,19.3,33,151.0,23.15114342
22,0,162.6,49.6,17.1,77.0,117,25.9,28.6,46,181.0,18.7603352
21,0,164.3,52.1,20.8,62.0,108,25.7,25.0,44,182.0,19.30023497
64,0,140.5,49.6,32.1,71.0,116,22.4,25.3,19,152.0,25.12632819
53,0,153.7,47.86,29.9,61.0,104,16.3,18.3,23,130.0,20.25932443
26,0,158.9,52.1,26.7,73.0,102,23.1,15.4,37,173.0,20.63430895
23,0,163.5,58.5,27.9,85.0,133,35.7,26.8,39,168.0,21.88367982
22,0,156.1,49.1,29.9,80.0,130,17.4,15.3,50,113.0,20.15002949
61,0,167.4,60.0,30.3,89.0,149,24.0,21.7,18,148.0,21.41116721
43,1,171.4,87.7,31.7,79.0,135,42.9,-9.2,33,195.0,29.85231105
43,1,170.1,76.7,19.2,91.0,148,49.1,19.5,49,210.0,26.50859663
33,1,168.7,62.4,17.09819,86.0,133,42.0,20.3,44,228.0,21.92574831
23,0,168.1,57.3,27.5,64.0,116,17.5,-7.2,29,126.0,20.27772342
30,0,155.7,52.0,30.5,79.0,116,20.1,10.6,33,160.0,21.44994182
49,0,160.8,59.7,27.5,81.0,117,25.8,13.7,30,129.0,23.08884681
47,1,173.0,57.6,16.2,69.0,107,35.3,6.5,40,175.0,19.2455478
51,1,173.0,73.3,23.3,67.0,115,41.1,6.0,20,198.0,24.49129607
22,1,177.4,84.5,9.2,58.0,116,43.9,14.3,53,255.0,26.85032074
28,1,179.0,64.2,18.0,80.0,119,30.7,8.6,42,189.0,20.03682781
21,1,180.4,89.1,21.1,76.0,140,45.4,9.5,42,234.0,27.37818398
23,1,172.9,76.7,16.5,88.0,144,51.3,20.1,61,234.0,25.65697065
56,1,164.0,73.8,24.3,95.0,129,48.7,18.6,40,188.0,27.43902439
26,0,157.3,45.6,21.5,64.0,103,22.2,19.3,55,162.0,18.4292388
21,0,159.6,53.3,22.9,80.0,135,25.5,24.5,74,201.0,20.92480575
42,1,179.2,84.3,23.4,85.0,147,46.9,16.4,44,213.0,26.25134526
33,1,169.9,77.3,22.7,79.0,138,55.7,22.3,51,200.0,26.77890017
48,1,177.4,78.9,22.2,85.0,137,41.9,1.3,24,208.0,25.0708912
46,1,176.8,89.5,25.7,89.0,145,43.5,-0.7,49,211.0,28.6324502
39,1,178.0,70.9,18.2,78.0,118,40.4,7.4,44,224.0,22.3772251
23,1,175.8,56.5,11.0,71.0,114,40.9,12.8,51,151.0,18.28145284
21,0,161.0,54.2,30.2,86.0,130,22.6,26.4,61,152.0,20.90968713
23,1,184.4,75.6,13.5,79.0,149,44.4,14.1,59,252.0,22.23309696
62,1,165.6,68.9,33.5,88.0,151,33.3,12.5,10,170.0,25.12456533
46,1,170.9,68.8,22.9,94.0,151,31.8,9.5,42,180.0,23.55615009
38,0,161.7,49.6,22.3,65.0,110,25.2,22.1,33,142.0,18.96975128
25,0,167.1,55.5,21.7,71.0,113,29.1,21.0,30,165.0,19.87650779
29,1,174.7,79.0,19.0,75.0,140,45.7,17.2,74,241.0,25.88458946
55,0,162.0,51.6,23.6,65.0,105,24.9,22.8,28,151.0,19.66163695
61,1,166.8,63.0,11.2,90.0,158,35.3,26.5,32,172.0,22.6437555
53,1,168.4,67.6,17.8,91.0,156,45.0,25.8,65,223.0,23.83759965
30,1,170.2,62.9,14.7,78.0,134,42.8,27.8,65,240.0,21.71358504
62,1,167.0,71.1,32.8,87.0,143,37.8,19.0,30,171.0,25.49392233
35,1,172.2,82.0,18.7,94.0,130,50.7,23.4,63,252.0,27.65333776
51,1,172.0,68.5,10.1,62.0,103,47.2,12.2,45,207.0,23.15440779
21,0,165.9,48.5,21.7,71.0,117,19.2,27.5,44,173.0,17.6217472
53,1,170.4,68.8,23.4,96.0,146,41.6,13.2,47,218.0,23.69459322
28,1,175.7,77.2,12.1,82.0,145,51.0,22.5,60,228.0,25.00770153
32,1,176.6,76.4,19.0,82.0,127,41.7,16.0,37,200.0,24.49694686
32,0,163.3,64.2,32.9,80.0,131,29.5,17.1,46,153.0,24.07479837
54,0,150.5,52.3,33.0,78.0,142,20.7,25.3,24,122.0,23.09025287
28,0,171.0,63.8,26.8,78.0,120,23.2,32.8,46,200.0,21.81867925
63,1,171.1,68.3,21.3,92.0,147,37.5,22.3,31,212.0,23.33031941
52,1,164.5,64.3,18.6,79.0,124,39.0,16.9,34,190.0,23.76179082
24,1,176.7,77.7,15.4,92.0,151,51.5,28.9,60,258.0,24.88558875
62,1,167.8,65.42,25.5,85.0,142,28.6,10.5,17,153.0,23.23414133
50,1,178.2,79.4,29.4,97.0,153,35.3,6.1,45,181.0,25.00374741
25,1,163.2,61.8,21.2,78.0,126,42.3,9.6,48,199.0,23.20321511
21,1,170.5,74.8,13.7,85.0,140,48.9,15.4,57,199.0,25.73077287
28,1,171.4,76.8,25.1,84.0,130,47.8,23.0,41,217.0,26.14204662
54,1,166.5,62.6,18.3,66.0,105,43.3,22.0,33,167.0,22.5811397
60,1,172.4,69.5,26.7,95.0,145,46.5,8.5,25,180.0,23.38354122
58,1,172.7,70.56,20.8,61.0,157,42.9,23.3,40,186.0,23.657775
50,0,160.0,54.0,21.7,87.0,131,20.7,27.5,29,180.0,21.09375
42,0,157.1,59.7,33.0,81.0,149,26.3,16.9,27,153.0,24.18922538
43,1,172.3,74.3,25.8,80.0,126,45.3,1.5,25,204.0,25.02754546
56,0,151.7,60.2,39.6,73.0,135,17.1,13.6,10,99.0,26.15925249
46,0,166.1,66.3,38.8,73.0,112,22.6,18.5,28,130.0,24.03113391
22,1,183.5,81.2,17.8,73.0,130,46.0,17.1,57,241.0,24.11481264
61,0,148.6,54.4,34.2,90.0,141,23.3,19.1,29,130.0,24.63549431
23,1,169.1,67.5,14.4,81.0,134,38.7,29.7,62,232.0,23.60568229
61,1,160.7,67.5,28.9,95.0,141,38.4,13.7,37,187.0,26.13797988
26,0,161.0,48.6,25.7,86.0,137,29.9,23.6,50,169.0,18.74927665
60,1,171.0,77.3,19.7,93.0,156,46.2,22.2,33,193.0,26.43548442
61,1,173.0,85.6,35.8,91.0,132,41.4,20.1,34,172.0,28.60102242
49,1,165.6,68.64,23.3,86.0,136,47.5,21.8,49,188.0,25.02975565
26,1,167.8,65.1,12.3,76.0,134,39.3,16.3,62,224.0,23.12049221
25,1,179.8,83.5,27.9,98.0,144,35.7,11.1,38,195.0,25.82897076
64,1,172.1,59.9,15.4,72.0,104,21.5,-7.0,19,150.0,20.22390804
62,1,163.8,65.2,22.9,89.0,147,25.2,15.3,34,151.0,24.3007569
36,1,175.6,79.4,20.5,77.0,138,48.5,19.0,52,223.0,25.74965883
27,1,169.2,64.5,12.3,71.0,125,47.0,17.4,49,241.0,22.52988616
32,1,176.1,75.5,18.4,86.0,148,55.7,6.6,53,210.0,24.34603487
30,0,167.0,52.9,17.7,66.0,108,27.9,15.4,33,168.0,18.96805192
40,0,154.6,46.2,21.7,75.0,114,21.0,20.9,47,161.0,19.32960576
63,1,164.0,56.5,19.7,60.0,100,34.0,13.3,6,159.0,21.00684117
30,1,167.5,65.3,16.3,60.0,109,39.8,13.7,46,235.0,23.27467142
25,0,151.8,58.8,46.9,89.0,147,15.2,13.0,16,105.0,25.51724497
31,1,163.6,68.8,12.0,71.0,129,52.9,22.5,71,262.0,25.70525045
21,0,159.8,56.3,28.5,77.0,118,25.8,20.4,59,191.0,22.04727123
28,1,169.1,70.8,28.0,74.0,125,38.3,12.3,38,205.0,24.75973787
32,1,164.4,59.9,17.4,82.0,150,45.5,16.9,47,223.0,22.16272696
25,1,170.9,58.4,18.4,87.0,137,44.5,1.6,37,223.0,19.9953367
34,1,178.0,116.3,36.0,95.0,135,56.7,-1.8,31,179.0,36.70622396
60,0,161.5,64.4,38.7,94.0,179,26.7,21.5,12,127.0,24.69112136
25,1,173.1,56.9,13.9,99.0,133,31.8,5.4,54,243.0,18.98970117
21,1,179.4,103.3,26.1,95.0,157,51.6,5.9,40,218.0,32.09633499
23,1,174.6,70.3,13.3,82.0,112,38.1,12.6,56,213.0,23.06040054
21,1,183.2,76.4,10.4,57.0,107,50.4,17.7,57,260.0,22.76367728
28,1,181.4,79.5,9.7,74.0,132,53.2,16.4,60,253.0,24.15975708
56,0,157.3,70.2,41.0,77.0,122,23.4,14.7,4,107.0,28.37132815
60,1,169.5,79.5,29.4,94.0,145,49.8,14.9,32,186.0,27.67118281
35,1,178.1,78.5,20.5,72.0,128,49.6,15.7,55,235.0,24.74809747
47,1,172.0,95.0,38.1,96.0,143,40.1,9.0,26,175.0,32.11195241
51,1,172.8,65.7,20.4,83.0,111,35.1,3.7,20,194.0,22.00279707
30,1,182.2,85.4,15.5,83.0,139,55.8,20.9,65,230.0,25.72534012
37,1,177.4,81.9,21.1,90.0,154,56.1,-8.1,46,195.0,26.02415703
25,1,171.7,65.1,11.8,69.0,142,44.1,22.0,46,242.0,22.08210132
28,1,179.9,82.7,27.1,84.0,120,42.9,17.3,56,216.0,25.55307578
53,1,168.6,66.0,18.4,89.0,150,34.2,10.5,28,181.0,23.21821321
50,0,157.1,60.1,36.7,71.0,119,28.7,23.0,26,121.0,24.35129724
21,1,179.1,88.4,20.4,81.0,120,44.5,-6.8,51,218.0,27.55885015
60,0,148.4,50.1,28.1,78.0,116,27.2,32.6,13,130.0,22.7493988
22,0,162.1,55.1,23.2,61.0,99,28.5,23.1,43,198.0,20.969379
35,1,170.3,74.6,18.5,92.0,134,34.1,6.6,51,245.0,25.72228415
52,1,171.4,67.1,20.3,65.0,119,43.8,5.4,39,200.0,22.84025167
32,1,183.6,84.3,21.6,80.0,122,46.9,22.1,44,200.0,25.00818773
26,1,174.2,64.5,12.5,74.0,138,42.0,10.6,51,203.0,21.25511276
31,1,166.7,81.0,25.5,76.0,145,49.2,2.1,30,233.0,29.1483395
29,1,179.0,83.4,25.2,96.0,143,38.0,7.8,52,212.0,26.02915015
24,0,160.6,61.3,34.5,81.0,131,21.1,-1.1,30,136.0,23.76672782
62,1,159.1,56.9,22.7,77.0,121,34.0,15.0,35,170.0,22.47873705
21,1,178.7,70.1,17.4,86.0,119,45.2,10.2,32,188.0,21.95173812
21,0,160.0,52.8,31.9,74.0,120,20.0,9.6,30,125.0,20.625
29,0,165.2,53.0,20.1,62.0,102,27.1,20.9,45,153.0,19.42029325
22,0,170.3,67.9,32.8,68.0,119,23.3,20.1,37,131.0,23.41210582
59,1,165.7,74.2,30.6,74.0,120,45.0,2.7,26,202.0,27.02457597
50,1,171.1,63.68,18.7,88.0,143,32.8,16.6,46,194.0,21.75219238
22,1,168.4,76.3,25.2,73.0,111,35.6,18.6,43,222.0,26.90545641
64,0,147.0,52.4,36.0,70.0,115,24.1,24.7,17,126.0,24.24915544
25,1,183.9,98.4,28.0,92.0,152,60.1,20.5,45,203.0,29.09588958
30,1,185.2,84.5,20.8,62.0,126,53.8,16.0,51,219.0,24.63625804
37,0,154.7,44.4,21.7,65.0,108,22.5,21.5,34,169.0,18.55249583
21,1,166.8,87.6,28.3,86.0,143,46.9,18.0,50,221.0,31.48560288
59,0,157.7,47.2,22.0,77.0,128,20.9,26.5,30,132.0,18.97923101
34,1,180.0,72.28,13.0,89.0,141,42.6,18.9,53,228.0,22.30864198
37,1,170.5,69.0,21.3,80.0,123,45.6,18.2,53,238.0,23.73560599
46,1,170.3,69.6,21.1,70.0,130,45.3,12.4,38,193.0,23.99827047
22,1,178.6,83.5,20.3,83.0,139,47.8,18.1,57,229.0,26.17722262
21,1,167.3,60.76,19.5,81.0,140,33.3,18.9,56,214.0,21.70830343
30,1,175.1,75.5,18.4,99.0,141,46.1,5.3,32,228.0,24.62491043
26,1,186.9,100.36,31.6,80.0,130,45.1,2.1,20,180.0,28.73042496
21,1,186.3,74.4,13.6,94.0,133,46.6,3.7,53,214.0,21.43617164
26,1,177.2,77.8,25.6,85.0,134,47.5,17.8,45,250.0,24.77719632
34,1,174.7,78.6,15.6,73.0,131,55.0,24.8,51,237.0,25.75352825
32,1,178.0,84.5,21.2,68.0,130,52.3,16.2,62,232.0,26.66961242
21,1,175.7,69.34,10.8,81.0,127,45.6,25.8,56,236.0,22.46158062
37,0,165.8,57.0,24.3,57.0,107,22.0,17.6,17,154.0,20.7350842
23,0,156.0,55.1,16.8,80.0,120,35.3,15.3,30,166.0,22.64135437
44,1,173.0,75.0,26.7,99.0,152,34.2,13.0,20,209.0,25.05930703
57,1,174.1,68.9,18.0,71.0,108,40.3,14.1,42,207.0,22.73116423
24,1,182.8,76.8,19.4,93.0,143,47.2,12.8,47,225.0,22.9831122
28,0,164.5,48.9,15.7,82.0,124,30.8,23.2,42,186.0,18.07078649
21,1,180.2,91.0,26.5,88.0,149,36.2,10.2,50,202.0,28.02410936
41,1,174.5,87.7,24.3,98.0,152,44.1,19.0,45,226.0,28.80107717
30,1,183.1,82.0,25.4,77.0,117,40.0,15.1,49,214.0,24.45891365
37,1,177.5,83.1,29.7,77.0,113,41.7,7.2,41,167.0,26.3757191
40,0,165.0,70.5,35.6,76.0,114,39.1,16.7,39,154.0,25.8953168
32,0,156.7,59.5,38.1,87.0,126,23.4,17.2,22,134.0,24.231426
31,1,173.7,78.4,25.4,98.0,140,52.3,14.8,56,218.0,25.98462333
44,1,177.1,73.1,12.0,86.0,143,41.5,11.8,50,246.0,23.30667148
22,0,172.8,55.1,29.5,76.0,117,27.6,21.1,27,172.0,18.45287852
60,0,154.4,58.5,27.5,64.0,122,28.5,14.7,18,139.0,24.53924938
26,1,171.0,69.2,16.6,84.0,139,45.6,12.6,49,243.0,23.66540132
21,0,161.3,51.6,23.4,80.0,120,24.6,24.1,39,176.0,19.83266001
35,1,185.6,101.8,25.1,97.0,158,44.7,2.4,28,187.0,29.55233725
50,0,166.4,67.7,29.4,83.0,140,23.9,11.4,30,160.0,24.45017798
26,1,173.6,70.5,16.4,68.0,106,48.3,15.5,52,214.0,23.39320223
30,0,161.9,46.8,19.4,66.0,112,25.3,20.0,41,188.0,17.85468348
64,1,169.5,73.2,23.3,89.0,145,41.6,22.8,31,179.0,25.4783721
32,1,174.7,76.9,19.3,69.0,119,54.0,15.5,53,225.0,25.1965181
22,1,163.9,67.7,32.6,98.0,133,27.2,5.1,38,152.0,25.20175363
35,1,176.4,66.3,20.5,79.0,141,46.7,14.7,42,238.0,21.30670862
26,0,161.6,53.3,19.02328,76.0,121,29.2,20.4,30,189.0,20.41007009
59,1,164.6,57.2,18.6,88.0,154,32.9,16.1,25,184.0,21.11233979
35,1,168.8,72.7,21.7,68.0,118,39.1,19.6,41,197.0,25.51464477
26,1,164.1,66.5,20.0,83.0,134,37.5,6.2,45,202.0,24.69474143
60,1,177.0,82.6,20.6,90.0,150,47.7,19.1,33,189.0,26.3653484
21,1,188.1,69.2,10.3,87.0,137,47.6,22.0,48,244.0,19.55818291
21,0,168.2,77.9,31.6,69.0,116,34.4,17.5,48,176.0,27.53502498
21,0,159.6,51.2,24.7,60.0,119,25.1,32.8,37,207.0,20.10037625
51,0,155.7,55.7,30.2,57.0,111,24.3,21.2,26,145.0,22.97618768
31,1,170.0,72.0,30.1,83.0,121,39.2,18.4,44,198.0,24.91349481
22,0,160.4,52.3,34.2,79.0,111,0.0,15.2,45,165.0,20.32792085
60,1,167.5,70.3,25.6,79.0,125,35.9,14.0,28,189.0,25.05680552
43,1,177.1,81.1,27.7,84.0,135,34.4,12.7,45,193.0,25.8573332
27,1,170.0,69.3,27.6,68.0,123,25.9,10.2,47,207.0,23.97923875
32,0,157.6,49.44,22.3,74.0,120,32.4,15.5,40,125.0,19.90517663
54,0,159.3,66.7,42.0,70.0,126,18.5,11.0,0,85.0,26.2841709
55,0,161.5,58.1,29.5,71.0,113,25.8,15.1,26,156.0,22.27568557
35,1,178.4,79.0,15.4,73.0,127,52.7,14.7,68,260.0,24.82203543
37,0,158.5,53.0,30.3,61.0,95,22.5,6.3,16,125.0,21.09683647
22,0,162.4,54.9,28.9,99.0,134,20.0,31.8,48,170.0,20.81614453
43,1,170.8,72.9,16.2,79.0,143,42.0,15.4,51,190.0,24.98916793
28,1,176.7,76.9,22.1,71.0,147,42.9,15.8,43,237.0,24.62936647
47,0,161.1,66.7,36.8,68.0,104,24.1,19.4,22,136.0,25.70009644
29,1,174.6,71.4,14.6,92.0,155,46.5,19.0,51,233.0,23.42123184
33,0,154.0,54.7,33.9,78.0,123,22.5,18.3,28,136.0,23.06459774
64,0,158.0,61.9,34.2,68.0,123,24.5,23.5,38,126.0,24.79570582
59,1,166.8,57.9,13.0,65.0,114,40.1,14.3,34,180.0,20.81068958
21,0,168.3,56.9,23.0,65.0,113,20.7,14.2,34,153.0,20.08833927
27,1,175.6,70.0,8.4,70.0,127,47.7,17.3,53,239.0,22.70121056
55,0,157.0,64.9,25.7,87.0,155,29.7,17.5,31,154.0,26.32966855
39,1,174.7,74.9,15.4,99.0,140,48.3,21.1,61,232.0,24.54121203
64,1,166.0,69.84,26.2,80.0,135,39.6,23.6,25,200.0,25.3447525
40,1,189.3,93.2,16.5,93.0,146,62.1,22.3,51,255.0,26.0084628
37,1,172.8,80.8,25.3,79.0,131,60.1,14.7,45,238.0,27.05975652
29,1,175.0,66.8,18.6,80.0,120,43.9,19.4,45,211.0,21.8122449
29,1,175.7,70.6,16.0,99.0,152,42.8,15.4,67,247.0,22.86973741
59,0,152.6,61.5,36.1,70.0,122,21.1,16.8,22,120.0,26.40985693
36,1,175.0,70.5,15.8,98.0,148,49.7,14.2,49,230.0,23.02040816
24,1,180.1,71.9,11.0,85.0,140,51.2,23.1,56,250.0,22.16672149
49,1,173.0,84.7,23.6,110.0,155,34.3,12.2,32,180.0,28.30031074
54,1,164.8,69.1,22.8,96.0,123,40.3,12.3,39,190.0,25.44272552
41,1,168.1,60.1,18.0,86.0,142,41.7,12.2,42,195.0,21.26860693
39,0,164.7,57.8,21.8,73.0,123,30.9,26.2,52,180.0,21.30789952
46,1,172.6,89.0,23.3,79.0,130,41.3,-7.4,49,218.0,29.87503508
23,0,159.5,65.6,33.8,92.0,130,28.1,30.1,44,172.0,25.78591012
30,1,167.8,74.2,21.4,77.0,129,44.4,25.8,50,203.0,26.35238898
23,0,166.6,57.56,25.2,69.0,110,35.8,18.3,45,174.0,20.73818723
45,1,173.8,72.1,23.1,92.0,145,40.8,24.7,56,210.0,23.86908222
63,0,156.3,46.1,24.1,82.0,131,21.6,17.3,15,142.0,18.87048096
21,0,155.9,48.7,23.7,83.0,118,24.9,24.0,43,149.0,20.03718605
39,1,167.1,65.1,15.5,87.0,135,34.9,14.3,34,214.0,23.31460644
25,1,181.2,70.1,23.8,63.0,125,41.7,13.4,40,220.0,21.35018445
24,0,159.2,49.3,17.9,67.0,108,28.4,26.3,48,192.0,19.45184465
35,1,171.0,66.6,20.1,78.0,127,52.2,20.1,45,245.0,22.77623884
21,1,172.2,68.0,12.7,80.0,119,40.1,12.8,49,218.0,22.93203619
59,0,165.0,63.7,31.4,77.0,120,20.8,25.5,30,120.0,23.39761249
53,1,174.1,72.6,19.5,73.0,133,37.8,7.3,49,184.0,23.95185084
55,1,163.8,68.58,23.0,95.0,149,35.6,13.5,35,181.0,25.56052007
28,1,182.2,83.1,15.5,65.0,92,52.9,17.6,54,239.0,25.03250309
29,1,169.1,71.3,24.5,79.0,134,42.6,5.8,42,217.0,24.93459477
52,0,154.5,54.4,37.0,70.0,112,21.7,20.8,21,134.0,22.78987443
52,1,164.7,67.1,29.8,95.0,150,31.9,-10.0,30,182.0,24.73633318
22,0,164.6,71.0,36.4,60.0,103,31.5,15.6,37,174.0,26.20587632
43,0,167.0,55.6,25.7,92.0,136,26.9,18.5,24,137.0,19.93617555
62,0,149.1,57.0,33.2,87.0,145,17.7,22.6,18,134.0,25.64009139
63,0,158.4,76.4,39.8,72.0,111,20.2,28.5,10,105.0,30.44969901
21,1,177.6,67.0,17.8,95.0,153,36.4,4.5,27,184.0,21.24168087
35,1,173.1,72.1,22.8,94.0,144,38.5,9.4,54,205.0,24.06252117
62,1,163.3,65.4,27.4,81.0,120,35.7,5.5,35,175.0,24.5247946
22,0,154.8,59.3,34.2,79.0,112,30.6,10.1,48,167.0,24.74644286
31,1,169.6,66.46,15.0,74.0,127,43.6,9.9,58,219.0,23.10514195
39,1,176.0,67.9,18.1,93.0,141,41.7,5.5,35,237.0,21.92019628
42,1,173.0,75.7,20.3,96.0,152,41.9,12.0,33,220.0,25.29319389
28,1,175.5,68.4,20.2,70.0,120,35.5,13.6,50,214.0,22.20761195
28,0,172.8,64.6,25.2,71.0,131,31.4,15.1,52,211.0,21.63440929
48,1,175.8,84.5,31.4,83.0,125,33.8,3.7,24,211.0,27.34128787
40,0,155.0,91.9,48.6,93.0,158,21.3,4.6,5,116.0,38.25182102
51,1,176.8,77.8,21.1,87.0,137,47.3,15.4,43,188.0,24.88943715
24,1,183.8,73.0,10.7,82.0,123,37.1,16.7,59,239.0,21.60885951
55,0,153.0,51.6,31.2,92.0,122,25.7,14.0,24,130.0,22.04280405
27,1,172.9,80.5,22.9,97.0,151,35.6,7.7,44,232.0,26.92811131
26,1,170.4,61.1,15.6,88.0,145,32.3,7.5,51,211.0,21.04272741
30,1,169.5,68.7,10.4,82.0,141,55.9,15.1,68,230.0,23.91207873
58,1,177.3,72.2,22.1,96.0,140,36.8,11.2,29,154.0,22.96781738
49,0,159.0,61.0,34.8,67.0,113,22.6,10.8,10,134.0,24.12879237
40,1,178.6,71.4,21.01,82.0,143,42.8,20.0,45,232.0,22.38387659
64,1,170.3,77.7,26.5,92.0,159,44.6,12.5,38,223.0,26.79117264
31,0,157.0,49.3,22.4,61.0,100,26.9,22.4,40,171.0,20.00081139
56,1,172.3,71.7,18.9,87.0,137,44.3,21.0,42,201.0,24.15174979
55,1,164.0,68.2,22.7,81.0,121,43.1,16.0,33,183.0,25.3569304
25,0,156.0,50.0,18.2,80.0,138,30.1,30.5,35,190.0,20.54569362
30,1,172.3,76.8,21.9,81.0,117,48.3,7.9,50,224.0,25.86965668
25,1,167.8,60.0,14.6,70.0,123,43.9,18.8,55,232.0,21.30920941
42,1,171.3,71.9,21.9,96.0,155,43.9,14.7,46,198.0,24.50271251
28,0,157.7,47.1,21.7,69.0,114,27.5,20.2,56,185.0,18.93902078
62,1,167.6,67.8,23.7,96.0,158,41.4,7.8,38,172.0,24.13690968
24,1,168.4,60.2,6.2,87.0,131,40.9,16.2,61,230.0,21.22815827
23,0,158.2,54.1,35.5,81.0,126,21.4,19.7,40,162.0,21.61644672
55,0,153.8,53.1,29.9,80.0,143,22.8,23.8,4,115.0,22.44821691
27,1,181.0,83.18,16.4,79.0,137,50.3,-0.1,22,220.0,25.38994536
39,1,175.8,76.2,21.2,85.0,121,44.1,-3.2,46,228.0,24.65569391
36,0,156.2,63.5,34.3,83.0,108,26.8,12.4,28,166.0,26.02625414
58,1,172.4,64.7,18.9,65.0,118,37.2,7.3,44,174.0,21.76856283
48,0,162.0,46.8,20.3,87.0,122,25.4,29.6,41,170.0,17.83264746
31,1,175.0,72.3,12.4,79.0,136,44.5,26.2,53,258.0,23.60816327
56,0,156.6,60.4,32.5,81.0,138,24.2,21.2,10,140.0,24.62937681
58,1,165.3,69.9,19.8,91.0,148,46.9,18.6,47,160.0,25.58182176
21,0,170.5,67.8,30.7,54.0,102,29.7,9.8,39,166.0,23.32281284
29,1,185.1,87.7,19.5,90.0,144,50.0,22.2,54,234.0,25.5968637
22,0,164.2,55.9,31.8,63.0,100,17.5,11.1,27,130.0,20.73316015
61,0,154.5,66.9,43.0,80.0,136,24.2,16.9,12,125.0,28.02651836
36,1,168.3,64.5,15.6,65.0,103,46.8,20.5,47,226.0,22.77149179
27,1,179.0,69.0,13.2,61.0,107,41.6,13.2,41,207.0,21.5349084
22,1,171.6,78.0,19.5,75.0,152,43.0,8.9,44,190.0,26.48866285
26,0,155.0,51.9,31.0,77.0,134,22.9,12.3,37,141.0,21.6024974
38,0,164.3,57.0,21.1,61.0,102,28.6,23.0,31,202.0,21.11542022
45,1,170.1,66.8,20.0,96.0,123,38.2,16.0,45,218.0,23.08701767
27,1,182.5,81.0,17.8,66.0,115,42.0,9.1,44,233.0,24.3197598
55,1,160.1,70.4,24.6,100.0,159,34.4,3.5,14,120.0,27.4656572
32,0,154.0,53.2,24.5,67.0,108,29.1,20.7,15,156.0,22.43211334
27,1,168.7,67.68,19.4,59.0,126,43.7,17.6,61,209.0,23.78100394
45,0,168.1,63.6,30.9,66.0,135,25.6,-7.5,10,126.0,22.50721133
34,1,180.7,71.9,16.6,80.0,158,54.1,17.1,54,227.0,22.01976021
64,1,167.2,73.0,20.8,75.0,142,34.6,18.7,24,152.0,26.11261189
43,1,175.0,77.8,27.5,97.0,140,43.4,16.0,49,220.0,25.40408163
21,1,175.7,65.1,17.3,83.0,123,33.8,25.2,53,232.0,21.08810064
41,1,174.2,75.5,23.5,98.0,150,47.1,15.3,43,211.0,24.88001571
35,1,179.5,87.0,21.6,86.0,137,47.6,17.8,57,226.0,27.00165269
22,1,172.1,63.8,11.2,62.0,107,38.3,16.7,60,225.0,21.54065664
42,1,172.1,84.62,28.0,90.0,145,54.5,23.6,42,206.0,28.57006841
63,1,167.4,59.8,22.0,89.0,157,37.8,11.7,19,184.0,21.33979665
50,0,157.0,51.1,21.5,80.0,120,23.4,20.3,32,166.0,20.73106414
57,1,173.7,67.7,19.4,93.0,158,40.7,16.3,36,220.0,22.43825255
60,1,174.3,72.6,21.8,88.0,151,36.8,7.5,38,167.0,23.89691542
23,1,173.0,68.7,10.2,61.0,121,34.8,23.2,50,266.0,22.95432524
25,0,161.6,45.4,27.9,64.0,123,24.3,21.3,60,179.0,17.38493775
52,1,173.7,77.1,18.9,93.0,141,41.4,12.8,43,227.0,25.55375586
60,1,164.4,67.7,27.2,86.0,153,30.6,6.6,29,158.0,25.0486914
21,1,178.2,69.2,10.3,68.0,115,39.2,20.2,45,213.0,21.79167911
53,1,168.6,82.0,27.7,87.0,141,39.4,25.5,26,191.0,28.84687096
25,0,157.6,59.8,32.6,60.0,105,27.2,19.1,51,170.0,24.0762452
40,0,162.7,55.5,29.0,64.0,112,28.4,29.4,37,134.0,20.96611083
22,1,176.4,73.3,17.8,80.0,120,43.8,12.5,40,235.0,23.5562857
50,0,153.9,43.8,23.2,65.0,121,22.0,18.5,19,138.0,18.49255295
60,1,180.4,84.5,19.9,91.0,142,40.3,17.5,35,207.0,25.96471994
37,1,176.0,65.0,16.0,84.0,123,47.0,15.0,47,220.0,20.9839876
24,0,167.9,55.9,28.9,55.0,111,27.2,9.8,21,170.0,19.82943845
29,1,173.0,72.1,11.8,76.0,118,51.4,23.4,61,250.0,24.09034715
21,1,167.0,69.3,18.9,75.0,129,37.4,10.5,50,210.0,24.84850658
51,1,183.3,84.0,16.8,79.0,130,40.6,19.3,43,197.0,25.00082592
21,1,176.8,70.5,15.0,99.0,140,44.7,19.85,68,238.0,22.55405295
51,0,160.4,60.7,35.2,58.0,117,24.7,16.4,4,123.0,23.59282592
26,1,182.0,81.7,13.9,98.0,155,47.0,16.9,68,260.0,24.66489554
23,1,175.5,67.0,11.2,66.0,129,40.7,16.8,56,258.0,21.75307019
24,1,174.9,70.5,15.1,71.0,130,35.7,16.5,61,219.0,23.04673977
54,1,167.1,64.6,19.1,72.0,139,37.5,14.0,46,201.0,23.1355388
29,1,167.1,59.2,19.3,83.0,142,38.8,23.1,51,199.0,21.20160831
61,0,156.0,55.4,30.4,80.0,130,20.1,24.4,27,116.0,22.76462853
40,0,156.1,50.2,25.7,75.0,137,23.9,14.0,40,163.0,20.60145581
56,0,150.2,60.1,38.7,86.0,128,24.0,23.2,23,113.0,26.64002369
57,1,165.8,76.9,28.2,75.0,118,45.0,12.0,24,180.0,27.974175
26,0,162.0,60.4,29.9,68.0,103,26.5,26.5,36,175.0,23.01478433
39,0,158.0,54.5,29.0,75.0,116,23.6,1.4,4,122.0,21.83143727
30,1,171.8,79.7,31.9,88.0,133,27.8,5.0,42,171.0,27.00299913
61,1,171.6,78.7,23.8,70.0,136,40.3,22.2,47,182.0,26.72638162
26,1,172.5,78.9,24.4,75.0,124,48.7,7.8,59,185.0,26.51543793
24,1,180.0,75.1,17.7,90.0,137,45.8,15.2,60,234.0,23.17901235
37,0,169.7,59.7,21.6,68.0,126,29.0,26.2,45,194.0,20.7305415
25,1,172.9,74.38,22.0,64.0,129,41.1,4.1,46,175.0,24.88090583
56,0,155.7,57.9,31.0,84.0,130,22.4,15.6,13,120.0,23.88368522
27,1,168.3,71.5,23.2,79.0,118,40.9,8.4,38,229.0,25.24281648
49,0,164.3,58.2,26.9,59.0,109,30.4,19.2,36,167.0,21.55995538
25,1,174.2,76.1,18.2,75.0,140,58.3,21.5,55,223.0,25.07773769
63,1,162.5,67.6,26.6,78.0,136,31.3,18.5,32,189.0,25.6
25,1,184.0,88.1,20.7,97.0,152,55.8,15.1,61,247.0,26.02197543
64,0,157.7,74.8,49.2,79.0,149,22.9,14.7,4,125.0,30.07725592
32,1,171.2,70.8,20.3,75.0,141,38.7,8.3,49,196.0,24.15603983
30,1,180.3,79.5,25.74659,93.0,128,48.7,7.0,44,181.0,24.45545094
21,0,155.5,59.7,33.5,77.0,125,32.4,28.8,49,178.0,24.68957103
36,1,172.5,71.8,16.4,76.0,130,45.0,21.4,42,221.0,24.12938458
21,1,169.5,58.2,15.4,88.0,135,42.0,16.0,45,211.0,20.25739421
46,0,164.1,49.1,30.5,59.0,117,21.2,4.3,16,150.0,18.23326021
63,1,167.6,68.9,30.7,79.0,143,42.2,18.7,31,177.0,24.52851146
36,1,176.7,72.7,9.7,72.0,114,50.6,14.4,48,212.0,23.28419951
45,1,170.3,72.54,20.9,77.0,126,43.0,14.5,42,209.0,25.01199052
64,0,146.1,57.7,40.4,68.0,121,19.3,9.2,0,75.0,27.03182588
26,1,175.9,97.8,33.9,87.0,130,43.3,1.1,26,181.0,31.6087394
59,1,179.1,62.1,13.8,97.0,148,41.2,18.4,31,182.0,19.35978048
22,0,164.4,56.8,24.6,83.0,109,31.0,23.6,43,181.0,21.01574109
24,1,184.3,69.7,14.0,70.0,112,35.6,2.5,46,217.0,20.52022449
31,1,166.3,70.2,19.8,81.0,124,54.5,13.8,52,217.0,25.38356483
33,0,166.3,70.7,40.9,83.0,140,21.8,20.1,10,119.0,25.56435945
51,0,156.4,76.8,45.1,90.0,158,20.3,19.8,0,105.0,31.39696888
28,1,166.1,62.7,20.1,76.0,124,34.4,-3.9,47,200.0,22.72627596
62,0,156.0,47.0,25.9,69.0,121,20.5,20.3,24,126.0,19.31295201
36,1,179.5,74.16,21.3,92.0,142,48.8,9.5,40,179.0,23.01658119
28,1,161.9,68.32,28.9,80.0,120,38.8,12.0,42,190.0,26.0647858
42,1,168.0,74.9,23.3,99.0,149,40.1,10.0,41,211.0,26.53769841
27,0,168.0,66.0,22.2,88.0,155,38.5,19.3,24,227.0,23.38435374
31,0,156.0,49.4,24.3,69.0,117,27.3,18.4,22,151.0,20.2991453
24,0,160.1,56.2,28.3,75.0,115,27.4,21.7,36,182.0,21.9257093
28,1,174.3,81.2,20.8,74.0,118,44.5,11.6,40,186.0,26.72767951
49,0,153.8,53.8,33.3,75.0,115,26.7,12.8,3,101.0,22.74414444
21,1,164.7,69.0,14.4,83.0,112,46.8,27.0,57,234.0,25.43676586
35,0,164.6,62.3,35.0,88.0,122,20.1,15.3,20,136.0,22.99473373
31,1,187.7,89.7,21.2,96.0,156,47.9,11.4,45,230.0,25.46032234
35,0,161.4,52.6,23.4,72.0,101,31.1,21.0,42,183.0,20.19196958
37,1,172.2,81.1,24.2,86.0,130,45.7,12.6,34,204.0,27.34982551
30,1,172.3,70.7,20.8,86.0,144,44.4,12.5,50,213.0,23.8149053
47,1,177.7,87.7,28.5,82.0,129,40.4,12.2,44,204.0,27.77312429
38,1,169.0,72.9,22.9,94.0,140,41.4,8.8,50,226.0,25.52431638
52,0,161.5,54.2,23.5,76.0,153,27.5,24.6,37,175.0,20.7804158
23,0,162.6,64.3,30.1,81.0,123,25.9,13.2,35,142.0,24.3203539
56,0,166.6,61.3,24.3,78.0,117,33.2,26.1,26,157.0,22.085665
41,0,159.0,52.4,23.2,71.0,113,22.0,21.5,40,174.0,20.7270282
40,1,178.4,80.3,26.9,97.0,148,9.4,15.3,42,206.0,25.23049931
45,0,161.7,53.7,27.1,73.0,124,16.9,14.6,33,144.0,20.5378154
29,0,170.6,68.2,26.8,78.0,135,30.3,20.0,24,149.0,23.43291521
21,1,172.0,74.9,26.6,70.0,105,35.9,0.9,38,191.0,25.31773932
25,0,166.1,54.5,29.0,74.0,119,25.2,22.4,42,168.0,19.75409952
35,1,179.0,75.0,10.7,74.0,129,47.7,16.6,54,233.0,23.40750913
63,1,175.2,76.4,26.7,96.0,142,47.0,11.2,37,192.0,24.8900148
52,0,165.0,51.6,27.8,75.0,131,24.8,11.5,9,90.0,18.95316804
30,1,184.1,89.64,13.9,81.0,156,53.8,19.3,50,253.0,26.44808737
25,0,173.8,61.9,23.5,60.0,115,27.9,24.0,41,163.0,20.49231886
22,0,163.9,53.7,22.9,54.0,106,30.4,23.0,52,193.0,19.99016499
22,1,168.9,69.0,21.3,60.0,111,36.5,18.0,56,237.0,24.18743368
27,1,178.1,73.5,16.7,78.0,126,44.7,19.8,52,230.0,23.17178553
43,1,171.2,75.6,20.3,95.0,152,44.3,23.6,60,245.0,25.79373744
47,0,161.0,60.7,31.2,61.0,105,18.7,4.1,0,106.0,23.41730643
60,1,175.7,83.5,24.8,87.0,150,47.4,-0.6,36,190.0,27.04848546
60,1,168.1,60.1,9.9,84.0,134,42.2,16.4,32,222.0,21.26860693
51,1,182.7,95.4,26.6,87.0,132,47.6,8.1,8,170.0,28.58059593
36,1,176.4,79.3,20.0,85.0,130,53.0,18.5,51,221.0,25.48449463
22,0,163.8,75.1,32.9,74.0,126,35.2,16.0,27,173.0,27.99059576
26,1,175.0,75.2,18.5,87.0,136,41.9,18.7,52,251.0,24.55510204
35,1,168.6,59.0,16.3,79.0,132,32.8,20.6,53,238.0,20.75567545
45,1,170.4,80.8,25.0,94.0,143,54.5,4.9,37,229.0,27.82737111
24,1,179.5,78.5,14.7,76.0,117,42.7,12.5,47,242.0,24.36356018
55,0,159.7,55.9,27.9,53.0,107,17.8,21.5,24,145.0,21.91805314
60,1,171.7,59.3,24.0,80.0,128,39.1,13.7,31,163.0,20.11472517
23,0,160.6,48.8,20.2,76.0,121,33.3,17.3,40,203.0,18.92033145
25,1,172.6,89.8,37.2,85.0,148,35.0,10.7,50,189.0,30.14357472
49,1,174.0,73.3,22.1,83.0,146,42.0,20.2,44,218.0,24.21059585
24,1,175.5,79.9,15.4,85.0,145,47.1,23.5,46,250.0,25.94134788
49,0,164.9,60.0,23.2,88.0,144,30.6,19.0,45,171.0,22.06530521
34,1,171.6,65.6,21.3,78.0,140,43.6,18.3,43,120.0,22.27764466
26,0,158.8,56.9,27.6,60.0,93,21.8,20.8,37,172.0,22.56374953
57,0,156.7,61.1,31.1,84.0,136,23.7,15.1,24,105.0,24.88302737
61,0,153.2,62.2,37.0,71.0,111,25.7,3.0,0,58.0,26.50164634
26,1,175.7,76.9,19.7,75.0,116,49.9,18.0,52,224.0,24.91052134
64,1,165.2,77.9,29.0,81.0,136,38.0,15.2,26,139.0,28.54416688
56,0,159.2,47.9,26.5,84.0,140,25.0,12.1,26,141.0,18.89945961
58,0,163.5,62.0,34.7,73.0,159,20.7,20.9,50,119.0,23.19295981
25,0,167.0,51.2,23.9,80.0,126,26.1,20.1,21,130.0,18.3584926
32,0,173.2,65.0,29.9,77.0,126,30.5,23.2,35,137.0,21.66793785
47,0,165.3,69.3,33.2,73.0,127,26.7,25.1,25,132.0,25.3622353
37,1,175.6,78.3,21.0,74.0,128,44.0,23.3,49,230.0,25.39292552
33,1,172.8,78.8,19.3,87.0,146,59.8,19.7,59,228.0,26.38996056
22,0,152.9,45.0,20.8,72.0,107,24.9,22.4,46,182.0,19.24852888
45,1,173.7,60.4,16.4,60.0,114,42.9,19.7,41,196.0,20.01876594
25,1,172.6,71.3,14.5,80.0,121,46.2,12.0,55,259.0,23.93359552
52,1,174.8,86.0,24.2,80.0,129,39.3,21.2,40,195.0,28.14592944
44,0,165.5,56.5,18.59,78.0,131,26.8,22.7,39,169.0,20.62777813
37,1,181.1,78.4,21.8,84.0,137,43.1,14.6,44,240.0,23.90447236
21,0,160.8,54.9,26.1,84.0,140,22.7,21.0,47,176.0,21.23245712
22,0,156.3,55.1,34.0,68.0,124,25.7,28.3,40,189.0,22.5545228
24,0,163.7,55.3,27.3,85.0,112,23.8,15.3,41,158.0,20.63610707
38,0,158.8,50.8,34.7,75.0,120,20.4,21.7,16,156.0,20.14478869
40,0,155.8,51.9,26.3,86.0,124,26.2,20.3,41,176.0,21.38121847
23,1,167.9,66.1,16.9,68.0,138,40.2,25.9,59,259.0,23.44769019
29,1,174.6,73.2,16.8,79.0,115,40.8,8.5,42,218.0,24.01168306
32,1,172.2,77.4,26.6,78.0,127,45.3,9.5,58,216.0,26.10205296
30,1,167.7,70.9,16.4,81.0,149,49.4,18.8,55,232.0,25.21042168
41,0,162.9,63.0,28.6,82.0,110,23.7,20.1,25,158.0,23.74096571
22,0,156.9,54.2,24.9,77.0,115,27.1,18.3,41,178.0,22.01675955
28,1,174.7,80.8,22.1,71.0,130,48.8,-0.8,48,228.0,26.47436492
47,0,158.0,59.2,24.1,80.0,121,28.1,17.5,32,175.0,23.71414837
24,0,162.7,51.7,21.4,73.0,124,25.4,15.4,31,166.0,19.53059333
21,1,173.9,76.7,19.3,91.0,156,51.3,6.5,44,237.0,25.36274177
31,1,164.6,66.6,25.1,87.0,124,43.1,6.5,43,218.0,24.58185018
59,0,163.1,61.4,35.3,80.0,136,29.1,24.0,28,152.0,23.08130974
27,1,172.5,63.6,14.9,81.0,144,44.3,13.6,45,256.0,21.373661
54,1,163.7,69.4,24.5,83.0,123,39.9,14.0,30,180.0,25.89775462
35,1,167.2,70.2,26.5,74.0,141,38.8,-6.2,42,197.0,25.11103226
54,1,161.6,59.3,17.6,69.0,125,32.5,16.5,44,184.0,22.70763896
22,1,175.8,64.58,13.8,86.0,143,49.1,11.0,59,214.0,20.89586237
32,1,171.6,73.0,13.4,60.0,97,44.4,14.5,48,228.0,24.79067164
22,1,169.3,76.0,23.5,83.0,121,25.1,17.0,51,210.0,26.51549115
25,1,171.7,70.3,24.5,89.0,151,36.1,6.7,53,204.0,23.8459558
26,1,177.2,70.1,12.2,70.0,120,46.3,5.7,51,226.0,22.32495452
21,1,168.9,63.3,17.9,75.0,117,33.5,-13.0,35,215.0,22.18934133
35,1,172.0,87.1,26.0,80.0,120,31.0,3.4,36,188.0,29.44159005
22,1,174.2,80.6,23.8,71.0,118,38.6,16.3,54,236.0,26.56065254
21,1,180.1,79.2,16.8,58.0,136,30.4,3.2,47,183.0,24.41730657
30,0,158.5,52.5,23.2,72.0,131,26.5,27.7,43,201.0,20.89780971
21,0,162.4,61.0,29.1,96.0,147,25.1,21.2,32,146.0,23.12904948
50,1,170.4,71.2,21.2,87.0,144,47.6,15.4,32,201.0,24.5211488
39,0,155.7,45.8,18.7,63.0,122,27.0,31.4,35,152.0,18.89244875
44,0,161.2,54.4,22.4,74.0,150,27.0,18.9,42,159.0,20.93480041
35,0,164.4,57.8,26.9,63.0,102,37.9,24.5,33,187.0,21.38573653
38,1,176.0,82.9,22.3,88.0,127,53.8,17.7,50,238.0,26.76265496
24,1,173.3,80.7,23.6,89.0,139,49.2,19.6,60,237.0,26.87054093
22,1,175.4,67.7,12.9,74.0,123,41.7,22.1,58,240.0,22.00541132
61,1,178.2,83.1,19.2,82.0,154,45.4,13.1,40,178.0,26.16890945
51,1,167.2,71.2,20.2,83.0,130,39.4,10.6,43,171.0,25.46873927
27,1,169.8,67.4,22.9,89.0,129,32.8,16.8,35,191.0,23.37677112
23,1,168.4,62.9,14.3,77.0,113,48.2,17.8,49,208.0,22.18025175
50,0,158.1,53.0,26.4,84.0,133,24.5,19.5,45,154.0,21.20372337
38,0,161.4,62.5,27.5,72.0,113,31.9,19.6,46,194.0,23.9923593
27,1,177.5,77.6,23.1,81.0,120,44.7,21.0,46,258.0,24.63003372
38,1,177.0,86.6,20.8,99.0,159,45.4,19.7,58,221.0,27.64212072
25,1,181.3,69.3,12.9,87.0,136,43.3,19.7,56,199.0,21.0832533
44,0,167.4,60.4,28.0,73.0,121,25.9,21.6,21,141.0,21.55390832
57,0,161.3,70.4,35.4,75.0,130,32.1,12.5,13,107.0,27.05851288
24,1,181.1,97.0,26.0,82.0,122,53.5,17.5,58,231.0,29.57568647
60,1,162.1,66.3,24.2,72.0,125,33.7,15.9,38,158.0,25.23175731
38,1,170.3,75.8,17.9,88.0,129,46.2,18.5,51,216.0,26.13604744
31,0,168.8,62.9,25.9,92.0,136,30.7,25.1,42,186.0,22.07525662
39,0,159.9,60.3,31.0,77.0,137,27.3,16.4,35,174.0,23.58415849
26,0,167.8,60.2,26.5,67.0,124,27.6,16.3,42,160.0,21.38024011
63,1,164.0,65.0,23.5,85.0,144,27.8,-3.2,23,178.0,24.1671624
56,0,152.3,46.9,25.4,70.0,141,14.6,14.0,14,124.0,20.21962217
48,0,153.9,52.76,36.3,66.0,122,20.9,7.3,10,147.0,22.27550442
60,0,161.8,48.4,20.9,63.0,105,23.0,22.3,21,131.0,18.48793166
22,1,182.8,70.6,21.2,67.0,117,46.6,-7.3,18,190.0,21.12770471
23,1,172.7,77.0,18.0,83.0,136,43.0,18.1,47,233.0,25.81701636
33,1,171.6,93.44,19.7,95.0,147,55.1,16.0,61,240.0,31.7320597
62,1,164.6,49.3,20.2,80.0,128,35.0,15.2,21,157.0,18.19647468
43,0,157.3,55.2,21.8,73.0,119,33.1,23.0,22,150.0,22.30907854
28,0,163.0,60.9,30.0,53.0,112,32.8,27.1,44,188.0,22.92144981
33,0,165.8,67.6,34.7,73.0,113,30.4,21.6,13,145.0,24.59108231
21,0,154.4,49.8,31.2,64.0,119,23.2,21.2,31,142.0,20.88982255
45,1,166.9,68.2,24.4,77.0,141,47.6,16.0,50,198.0,24.4833985
37,1,177.0,74.0,18.5,84.0,132,48.6,22.1,53,220.0,23.62028791
54,1,166.8,67.5,27.6,85.0,165,40.4,18.6,34,148.0,24.26116661
61,0,167.5,55.1,26.1,70.0,139,19.7,14.4,12,156.0,19.63911784
25,1,177.5,75.9,21.7,86.0,152,41.8,22.2,57,237.0,24.09045824
27,1,175.3,63.5,18.1,77.0,120,40.5,26.9,40,227.0,20.66378589
23,1,177.4,70.9,18.0,75.0,123,41.0,12.7,65,270.0,22.528849
29,0,167.8,61.1,29.8,69.0,111,23.2,16.6,35,155.0,21.69987825
63,1,165.6,66.94,17.6,80.0,148,38.1,4.5,28,162.0,24.4098462
22,1,177.6,71.8,19.2,65.0,108,41.6,10.2,48,199.0,22.76347293
63,1,181.9,71.8,17.5,74.0,139,39.6,5.4,23,172.0,21.69996564
22,1,181.1,88.5,23.0,75.0,138,43.0,23.9,55,231.0,26.9840026
32,0,158.6,57.5,28.9,80.0,122,23.8,9.8,37,169.0,22.85922376
21,0,165.9,71.0,33.0,76.0,131,27.5,25.1,34,180.0,25.79678456
25,1,174.8,73.4,24.4,78.0,124,44.5,20.9,49,223.0,24.0222235
26,1,175.7,64.7,9.9,74.0,130,40.4,17.5,55,221.0,20.95852706
56,1,162.0,73.6,30.5,76.0,134,38.8,15.6,21,176.0,28.04450541
23,1,166.0,66.6,11.2,81.0,128,34.2,27.3,62,223.0,24.16896502
27,1,162.8,66.7,15.1,115.0,138,46.0,10.0,65,230.0,25.1661646
55,0,160.2,54.0,26.3,90.0,135,28.4,23.3,20,149.0,21.04111434
27,1,176.9,98.8,27.3,99.0,140,45.3,16.9,40,202.0,31.57194073
44,1,170.8,73.5,23.1,91.0,138,45.8,11.6,35,204.0,25.1948401
23,1,177.9,75.96,21.3,82.0,139,47.4,9.4,50,203.0,24.00120575
30,0,162.0,55.2,27.0,98.0,141,24.1,27.8,35,167.0,21.03337906
31,0,162.3,64.1,30.6,77.0,107,33.1,13.6,38,179.0,24.33441946
51,0,158.0,53.2,24.8,75.0,122,25.8,19.2,22,142.0,21.31068739
62,1,174.7,71.9,23.6,74.0,130,41.2,16.6,40,205.0,23.55825294
46,0,162.3,61.2,21.7,78.0,123,31.3,22.5,38,163.0,23.23348629
24,0,157.7,53.3,26.0,65.0,108,26.2,21.4,45,167.0,21.43205536
58,1,168.1,67.2,18.7,77.0,102,37.0,3.8,27,186.0,23.78120443
30,0,162.8,52.82,19.5,54.0,95,34.6,20.0,39,205.0,19.92918762
30,0,166.7,52.1,19.0,68.0,100,27.3,19.1,45,184.0,18.74849985
27,0,162.3,59.28,25.3,76.0,155,29.1,24.4,47,179.0,22.5045926
23,1,176.2,85.9,24.3,88.0,148,38.8,3.7,58,246.0,27.66822863
38,0,156.8,49.8,24.6,80.0,120,25.5,17.2,26,158.0,20.25523219
27,1,170.3,73.1,18.4,74.0,123,41.6,0.8,44,208.0,25.20508005
37,0,158.0,57.6,35.4,70.0,114,29.3,12.0,20,135.0,23.07322544
48,1,171.6,58.5,11.3,75.0,127,42.6,16.0,42,202.0,19.86649714
39,1,174.4,70.8,24.3,78.0,132,41.6,12.0,44,168.0,23.27771231
25,1,178.7,68.5,12.1,86.0,141,48.9,23.5,56,233.0,21.45069987
23,1,182.3,71.3,16.3,87.0,135,40.6,18.5,60,183.0,21.45439106
47,1,165.1,60.9,14.8,99.0,147,43.0,20.4,47,200.0,22.34205652
29,1,176.7,71.5,15.5,75.0,121,42.2,27.5,60,248.0,22.89986609
25,0,166.1,54.8,21.6,76.0,121,35.4,32.2,49,210.0,19.86283768
24,0,167.6,71.9,29.0,65.0,129,42.6,24.5,44,178.0,25.59651631
24,0,160.6,55.3,26.7,69.0,114,28.4,21.8,48,206.0,21.44045756
49,0,155.0,59.4,34.0,97.0,124,22.6,15.4,21,128.0,24.72424558
30,1,172.7,78.0,26.6,79.0,140,36.9,3.4,25,218.0,26.15230229
61,0,151.3,50.9,26.9,97.0,135,21.7,22.8,18,142.0,22.23514297
23,0,162.1,60.2,32.3,57.0,97,30.9,19.8,48,186.0,22.91028341
42,1,169.2,65.4,19.3,63.0,110,43.5,16.0,68,211.0,22.84425666
51,1,167.8,65.8,15.8,78.0,127,40.1,10.6,34,216.0,23.36909966
39,1,180.9,79.7,17.8,70.0,132,41.5,16.1,43,227.0,24.35461046
30,1,168.5,63.5,19.0,67.0,117,49.7,18.5,55,246.0,22.36525813
45,1,174.5,68.1,19.6,82.0,150,44.2,17.9,46,209.0,22.3643484
58,0,151.9,54.3,27.6,76.0,146,33.0,14.1,13,132.0,23.53337861
35,1,183.2,91.5,22.4,75.0,142,45.7,7.0,46,123.0,27.26278103
28,1,178.4,79.2,15.5,63.0,129,48.4,16.0,59,248.0,24.88487603
25,1,171.5,86.1,24.9,80.0,120,41.1,8.3,56,203.0,29.27351699
23,0,169.4,48.8,21.5,83.0,117,18.6,22.2,27,138.0,17.00564113
49,0,158.3,54.0,23.5,70.0,108,24.4,21.0,33,147.0,21.54923861
33,0,160.7,49.3,24.7,74.0,133,28.2,25.0,38,160.0,19.09040604
21,0,167.1,74.9,41.7,67.0,126,22.6,20.3,21,131.0,26.82433214
36,1,182.5,79.4,17.3,90.0,130,49.6,20.0,31,222.0,23.83936949
27,1,177.2,77.7,21.4,71.0,128,35.1,11.5,44,198.0,24.74534902
59,1,160.0,55.6,13.2,112.0,145,32.5,22.1,48,175.0,21.71875
31,1,181.3,110.0,32.6,79.0,149,50.9,21.0,44,211.0,33.46548142
28,0,171.9,61.2,26.5,82.0,127,32.5,19.5,40,191.0,20.71093324
25,1,174.1,71.7,7.5,55.0,130,44.3,16.9,61,240.0,23.65492707
52,0,156.2,64.5,32.6,90.0,139,30.6,22.8,25,143.0,26.43611641
60,1,170.0,73.6,23.04889,90.0,153,41.8,35.0,35,182.0,25.46712803
57,1,168.5,69.3,17.9,88.0,144,31.9,21.2,41,203.0,24.4080691
40,0,161.2,56.88,27.8,80.0,120,27.8,16.4,22,153.0,21.88918102
50,0,166.6,56.0,17.1,78.0,115,31.1,21.8,23,153.0,20.17613768
27,0,156.3,50.7,24.7,83.0,135,29.1,25.0,60,202.0,20.75343568
33,0,160.8,64.9,36.6,97.0,142,26.9,18.4,41,176.0,25.09993565
28,1,164.1,58.9,12.1,69.0,116,42.9,20.3,52,247.0,21.87248527
21,1,169.4,64.2,16.4,90.0,121,42.0,16.4,55,225.0,22.37217543
21,1,178.4,71.0,10.9,70.0,125,47.6,17.9,56,238.0,22.30841159
31,1,179.4,103.6,23.6,83.0,148,50.9,9.6,43,206.0,32.18954797
29,1,172.7,72.6,27.5,82.0,121,35.0,3.3,40,213.0,24.34175829
22,1,169.3,62.3,17.2,70.0,116,40.9,3.7,42,217.0,21.73572498
23,1,174.7,72.0,20.1,73.0,133,38.6,8.4,54,206.0,23.59101824
25,1,171.7,87.5,25.8,83.0,134,44.7,18.5,58,209.0,29.68024371
52,0,156.1,52.3,35.7,67.0,119,25.7,-7.6,10,134.0,21.4632697
31,1,175.1,76.2,19.7,80.0,152,44.8,17.9,48,240.0,24.85322086
24,1,180.0,69.8,20.3,77.0,120,40.0,19.3,57,211.0,21.54320988
29,1,171.2,70.36,22.4,96.0,155,40.0,17.4,53,214.0,24.00591755
60,0,152.3,49.5,31.0,62.0,100,25.6,21.7,0,131.0,21.34053939
24,1,177.1,70.4,13.5,54.0,121,42.7,11.3,42,203.0,22.44582315
48,1,164.0,54.5,16.8,94.0,158,35.9,11.0,36,197.0,20.26323617
64,1,175.3,81.2,35.8,88.0,144,35.7,11.7,8,158.0,26.42361282
57,1,167.4,64.8,18.3,78.0,122,34.3,23.5,36,215.0,23.12406059
27,1,178.2,68.6,14.7,91.0,133,40.7,19.3,39,223.0,21.60273391
24,0,165.7,58.2,24.5,73.0,125,26.8,20.9,52,180.0,21.19717415
32,1,165.7,76.6,26.0,97.0,153,44.3,13.4,49,199.0,27.89868625
27,1,174.5,76.8,14.6,91.0,154,51.9,16.0,58,237.0,25.2214678
32,1,171.5,73.2,17.4,72.0,134,38.7,28.3,53,252.0,24.88758935
33,1,181.0,88.5,19.3,77.0,117,53.4,19.9,47,248.0,27.01382742
61,1,171.1,86.22,31.7,110.0,170,40.6,7.8,30,157.0,29.45153937
37,1,179.5,103.7,24.1,91.0,131,40.9,7.0,32,217.0,32.18472855
61,1,170.0,72.6,22.3,83.0,158,30.9,6.3,24,165.0,25.12110727
23,0,158.2,47.9,30.4,75.0,116,21.6,10.9,26,131.0,19.13914599
61,0,158.8,64.1,34.6,87.0,137,29.7,21.4,7,118.0,25.41891643
22,1,184.4,82.5,16.6,82.0,114,58.1,18.2,74,273.0,24.2623082
36,1,171.0,67.8,25.3,76.0,124,29.4,12.0,38,171.0,23.18662152
49,0,167.0,66.0,37.3,72.0,110,29.2,14.6,20,148.0,23.66524436
62,1,166.3,59.5,19.8,74.0,145,35.3,10.9,33,193.0,21.51455993
30,0,165.7,47.0,26.9,77.0,117,23.6,26.7,44,205.0,17.11799287
26,1,172.5,68.4,17.6,80.0,120,39.6,12.2,56,220.0,22.98676749
62,1,169.7,87.6,32.8,99.0,148,30.4,-7.3,24,122.0,30.41868402
23,0,157.5,47.1,20.1,72.0,141,29.8,16.4,40,186.0,18.98715042
29,1,173.7,74.9,17.7,94.0,135,41.5,14.4,61,223.0,24.82459551
60,1,162.7,62.4,20.8,78.0,129,35.9,3.5,32,195.0,23.57270839
22,1,167.0,76.1,24.8,69.0,99,43.4,12.9,45,227.0,27.28674388
21,1,168.3,72.7,20.1,90.0,133,48.1,13.1,44,218.0,25.66647214
59,1,156.6,64.9,29.8,89.0,159,41.6,-9.7,22,145.0,26.46434694
24,1,179.7,73.8,15.4,84.0,146,55.8,19.2,50,234.0,22.85389394
40,1,169.5,75.6,28.1,75.0,134,47.0,19.1,28,209.0,26.31372856
34,1,180.0,72.5,16.5,81.0,144,40.8,8.5,38,237.0,22.37654321
36,1,171.8,73.3,24.7,79.0,126,38.9,15.9,54,206.0,24.83462781
24,1,173.7,61.5,17.4,62.0,95,40.2,21.6,51,217.0,20.38334611
39,1,175.0,65.5,10.8,76.0,116,39.4,9.0,40,189.0,21.3877551
55,1,168.0,63.1,18.3,69.0,116,38.7,17.5,34,195.0,22.35685941
36,1,167.6,74.5,17.9,75.0,130,40.3,10.0,52,207.0,26.52212052
27,0,164.0,52.1,16.4,65.0,110,26.2,26.0,51,184.0,19.37091017
54,1,171.0,77.5,26.5,90.0,146,36.5,8.2,36,176.0,26.50388154
22,1,173.1,71.0,26.6,60.0,114,38.3,-6.4,30,170.0,23.6954092
26,1,167.4,75.4,31.7,88.0,132,49.5,11.2,56,212.0,26.90670013
53,0,153.3,52.3,23.8,83.0,144,26.6,21.0,38,166.0,22.25447632
21,1,167.6,55.2,9.6,70.0,118,35.4,16.4,57,242.0,19.6512893
21,1,175.1,71.4,18.4,42.0,93,39.6,28.6,57,241.0,23.28766364
22,0,155.0,45.7,26.5,77.0,99,17.4,12.0,24,135.0,19.02185224
22,1,190.0,104.7,27.1,73.0,136,53.3,7.6,48,188.0,29.00277008
57,1,175.4,79.9,24.3,85.0,137,42.1,18.8,40,223.0,25.97093595
21,1,175.4,63.7,14.1,81.0,128,33.1,8.2,52,225.0,20.7052393
24,1,182.8,95.8,23.2,76.0,142,46.0,1.2,57,230.0,28.6690384
26,1,179.7,82.1,25.8,94.0,134,53.1,7.0,44,224.0,25.42418283
37,0,157.3,61.1,33.4,69.0,118,24.7,19.9,25,131.0,24.69356339
47,0,152.8,53.6,32.1,55.0,102,23.5,20.4,25,147.0,22.95715578
28,1,174.3,67.46,16.1,80.0,114,44.6,23.9,57,239.0,22.20504014
47,1,179.3,77.8,25.9,85.0,135,52.8,16.2,33,191.0,24.20020349
27,0,172.7,72.8,28.9,86.0,147,34.7,22.1,59,165.0,24.40881547
38,1,183.4,87.3,20.7,79.0,139,54.8,23.6,57,240.0,25.95467416
26,1,171.1,60.3,19.0,95.0,155,45.3,17.1,53,215.0,20.59763192
60,1,153.9,54.8,21.7,75.0,136,32.0,16.2,19,148.0,23.1368014
56,0,156.2,57.5,31.6,68.0,108,28.6,20.2,24,139.0,23.56708052
63,1,164.7,73.8,36.7,81.0,141,35.6,9.0,22,135.0,27.20628001
49,1,171.3,71.9,19.4,75.0,130,47.5,9.4,48,201.0,24.50271251
61,1,163.9,59.4,24.6,74.0,155,18.9,12.5,19,157.0,22.11202608
28,1,168.4,68.9,16.9,84.0,148,42.7,20.3,64,229.0,24.29601503
29,0,160.8,59.6,25.6,81.0,129,26.1,22.8,34,175.0,23.05017203
52,0,157.6,53.9,32.9,78.0,120,16.9,3.3,0,118.0,21.7008297
22,1,178.7,74.8,12.3,79.0,158,54.5,17.4,59,233.0,23.42353796
25,0,156.0,46.8,20.2,77.0,128,22.1,21.9,42,179.0,19.23076923
24,1,183.2,80.3,19.6,86.0,134,56.2,20.0,62,220.0,23.92569745
27,1,173.6,75.9,24.3,86.0,146,40.8,-0.7,48,183.0,25.18502198
59,1,165.7,57.6,13.6,60.0,124,33.0,13.5,41,186.0,20.97864658
23,1,176.5,69.5,10.6,75.0,118,38.8,12.5,52,233.0,22.30978501
22,1,177.6,72.5,20.0,77.0,144,41.1,13.4,53,225.0,22.98540094
64,1,164.5,67.1,22.3,99.0,156,48.1,1.0,39,202.0,24.79651888
30,1,163.7,65.5,23.6,84.0,116,43.5,14.5,42,230.0,24.4424053
51,0,157.0,54.0,31.4,106.0,158,31.4,23.5,46,156.0,21.90758246
21,0,157.8,57.9,25.9,61.0,92,26.6,25.1,54,190.0,23.25222764
56,1,170.8,55.8,12.7,79.0,133,41.3,21.6,31,202.0,19.12751126
40,1,175.2,80.3,21.6,82.0,123,53.7,15.1,57,222.0,26.16057839
60,1,167.9,72.8,26.3,67.0,123,35.1,0.9,24,152.0,25.82438496
46,1,170.7,79.2,23.5,79.0,123,44.3,14.8,43,198.0,27.18054367
58,0,155.4,60.14,31.3,80.0,136,26.3,12.5,17,129.0,24.90355772
45,1,178.6,70.4,22.5,99.0,148,37.2,11.2,24,173.0,22.07037691
58,1,164.1,59.5,23.2,57.0,91,32.6,7.4,31,109.0,22.09529496
27,1,187.4,76.6,18.7,75.0,133,45.4,13.4,43,202.0,21.81170406
26,1,178.7,73.04,14.2,72.0,122,40.1,-6.2,51,202.0,22.87239589
38,1,178.3,76.1,15.2,78.0,148,46.5,17.8,55,200.0,23.93767523
55,1,177.3,76.5,28.2,89.0,141,45.6,8.0,28,178.0,24.33570678
57,1,170.3,65.8,21.0,69.0,125,41.1,8.4,46,187.0,22.68802007
60,1,166.9,62.6,21.2,97.0,133,12.2,16.2,29,209.0,22.47303146
24,1,182.1,80.1,20.2,84.0,147,50.7,8.2,37,168.0,24.1553105
24,1,183.1,83.6,11.6,78.0,143,53.9,15.2,50,262.0,24.93616074
62,1,171.1,55.0,12.5,69.0,121,40.1,15.2,36,183.0,18.78722646
59,1,174.5,68.9,21.8,91.0,149,42.9,19.5,35,203.0,22.62707203
28,1,177.2,79.3,24.0,82.0,141,47.9,10.3,48,187.0,25.25490576
61,1,154.0,53.0,28.0,66.0,148,30.1,4.5,19,175.0,22.34778209
28,1,172.9,74.6,13.7,58.0,121,46.9,17.4,64,239.0,24.95449818
53,0,155.5,53.3,26.8,63.0,105,18.4,19.6,24,147.0,22.04278285
28,0,167.0,60.5,19.5,72.0,127,25.2,20.8,47,210.0,21.69314066
58,0,153.9,53.8,32.9,74.0,124,21.7,28.0,33,150.0,22.714597
29,1,179.6,64.5,12.9,97.0,132,53.5,22.0,47,214.0,19.99618057
25,0,160.2,58.2,31.7,77.0,117,31.9,10.6,35,163.0,22.67764545
28,1,166.5,62.3,25.2,76.0,130,34.6,19.4,52,189.0,22.47292337
25,1,173.9,70.2,11.94574,76.0,138,51.2,22.3,62,241.0,23.21335687
60,1,173.6,65.0,19.4,57.0,117,35.7,15.6,23,171.0,21.56820064
23,0,170.2,68.0,32.8,65.0,110,34.3,20.0,37,181.0,23.47414599
45,0,159.0,50.1,16.0,81.0,136,32.6,28.8,59,212.0,19.81725406
36,1,178.2,72.3,16.5,79.0,130,44.5,10.1,49,219.0,22.76789594
45,0,161.9,63.5,26.2,59.0,111,32.4,19.0,30,168.0,24.225906
28,1,176.1,81.8,16.7,88.0,148,49.4,7.5,60,234.0,26.37755831
63,1,166.5,76.5,29.4,92.0,154,45.7,15.2,34,159.0,27.59516273
29,1,176.9,74.3,18.2,79.0,122,47.1,7.6,64,219.0,23.74286636
41,0,161.6,70.4,20.1,76.0,128,32.8,19.5,34,175.0,26.95814136
21,0,163.1,53.0,28.3,69.0,124,20.3,26.6,33,138.0,19.92360613
21,1,175.5,61.7,20.0,80.0,120,35.4,19.4,48,232.0,20.03230493
21,1,170.1,81.0,37.2,79.0,151,39.0,-1.0,47,160.0,27.99473699
25,1,168.4,67.3,18.5,91.0,126,39.9,16.8,45,198.0,23.73181149
35,1,178.4,71.7,19.4,98.0,159,43.7,17.1,36,233.0,22.52835368
47,0,158.5,55.8,21.3,76.0,132,25.5,22.9,51,179.0,22.21138632
24,1,165.7,63.5,20.0,83.0,121,36.4,19.1,36,273.0,23.127501
24,0,169.0,61.3,24.4,75.0,116,32.6,20.6,49,183.0,21.46283393
47,1,173.0,72.8,17.4,80.0,120,44.6,14.9,42,178.0,24.32423402
36,0,152.4,47.4,29.3,63.0,106,18.4,5.9,12,142.0,20.40837415
35,1,163.8,66.1,17.3,76.0,127,42.4,18.8,65,202.0,24.6361968
38,1,174.8,68.0,18.2,79.0,134,41.6,16.7,47,220.0,22.25492096
45,1,174.5,69.0,16.3,78.0,127,53.6,13.5,43,220.0,22.65991248
53,0,156.1,62.3,37.5,78.0,119,18.7,14.0,2,135.0,25.56714536
48,0,150.0,51.0,32.3,79.0,123,24.6,20.1,20,150.0,22.66666667
22,0,167.0,68.8,26.6,62.0,106,31.4,23.8,40,171.0,24.66922443
48,0,153.0,51.7,27.5,81.0,144,24.2,16.4,24,132.0,22.08552266
41,1,169.0,76.3,27.3,82.0,130,48.7,15.5,40,220.0,26.71475088
32,1,184.0,93.8,27.7,77.0,127,50.8,0.9,49,199.0,27.70557656
23,1,168.8,70.0,21.4,79.0,142,36.5,13.2,53,223.0,24.56705824
49,1,160.4,47.7,14.8,82.0,129,37.4,12.9,31,212.0,18.53999664
48,1,170.9,62.2,18.4,95.0,155,39.3,18.7,50,208.0,21.29640313
28,0,163.6,52.4,20.3,72.0,118,31.0,23.5,23,130.0,19.5778361
40,1,168.1,72.3,28.2,82.0,133,41.5,2.6,28,202.0,25.58602798
60,0,160.6,59.18,31.0,74.0,148,26.7,21.8,15,141.0,22.944779
36,1,166.7,74.1,20.3,85.0,152,46.3,22.9,59,243.0,26.6653328
40,1,177.8,90.9,26.5,91.0,147,35.5,-12.5,23,170.0,28.75413914
25,1,176.9,78.3,15.6,77.0,139,54.1,17.4,62,235.0,25.02108258
36,0,165.8,55.78,26.7,73.0,124,25.4,23.9,30,152.0,20.29128064
64,1,172.7,81.3,26.3,84.0,154,47.2,22.2,36,177.0,27.25874585
33,1,176.5,70.3,12.4,84.0,140,47.8,18.5,53,222.0,22.56658829
59,1,167.1,59.6,20.2,95.0,140,39.1,10.1,34,182.0,21.34486242
23,1,179.9,78.9,15.6,98.0,140,44.8,10.9,42,222.0,24.37893203
35,0,169.8,53.3,16.1,77.0,126,32.9,10.5,28,187.0,18.48637835
28,0,158.4,55.4,26.6,61.0,116,31.6,26.0,41,190.0,22.08001735
32,1,181.0,74.6,14.2,90.0,137,55.5,29.9,60,238.0,22.77097769
22,1,172.8,62.9,9.2,62.0,123,43.2,-13.1,61,223.0,21.06508273
50,0,154.6,53.2,25.1,69.0,114,27.9,20.2,23,158.0,22.25833391
37,1,179.9,77.4,19.9,71.0,114,48.7,12.5,55,210.0,23.91545423
24,0,166.0,64.4,32.3,78.0,128,25.1,18.8,42,154.0,23.3705908
48,0,162.5,60.4,28.1,69.0,128,29.0,24.2,38,164.0,22.87337278
22,0,157.7,46.2,20.2,82.0,126,24.5,24.2,43,174.0,18.57712866
62,0,151.3,48.4,24.3,87.0,153,23.1,24.4,19,146.0,21.14304361
24,1,180.3,80.2,24.7,77.0,127,64.3,19.0,57,235.0,24.67078195
27,1,183.1,85.5,27.1,88.0,157,47.7,6.9,53,223.0,25.50289167
34,1,171.8,87.6,18.5,89.0,141,59.4,16.6,48,285.0,29.67958248
21,0,155.7,52.5,28.9,81.0,135,19.7,20.6,44,182.0,21.65619126
45,0,158.5,57.4,25.3,75.0,121,31.3,19.0,34,153.0,22.84827195
37,1,173.8,68.4,14.3,81.0,126,43.3,12.7,46,240.0,22.64417786
35,0,159.2,46.8,18.2,83.0,134,20.0,16.5,39,153.0,18.46544279
26,0,164.5,50.8,20.9,84.0,121,28.1,31.4,53,170.0,18.77292338
56,1,169.4,74.4,24.0,75.0,125,29.7,21.2,23,159.0,25.9266332
22,0,156.3,54.9,29.4,78.0,127,26.0,26.4,41,183.0,22.4726552
59,1,166.1,68.8,25.9,83.0,158,43.1,19.2,23,153.0,24.93728526
47,1,171.6,80.2,20.7,80.0,120,50.0,16.0,45,225.0,27.23577898
43,1,170.7,93.0,31.4,108.0,169,35.7,0.5,34,187.0,31.91654749
28,1,167.0,68.1,20.5,80.0,146,46.5,11.1,54,212.0,24.41822941
31,1,173.8,67.6,17.1,99.0,131,37.4,14.0,41,227.0,22.37933368
32,0,153.0,44.8,16.3,80.0,120,26.5,15.3,32,158.0,19.1379384
21,0,168.9,57.0,25.2,77.0,121,27.6,28.7,39,197.0,19.98092348
55,1,164.0,64.5,21.5,88.0,120,38.3,26.9,50,187.0,23.98126115
24,0,162.6,58.0,27.0,65.0,107,31.3,25.0,39,172.0,21.93748875
21,1,177.9,82.2,17.3,67.0,121,43.3,16.3,55,238.0,25.97286878
24,1,172.2,62.6,13.8,70.0,126,41.6,8.7,43,213.0,21.11096273
31,1,183.4,89.9,20.6,71.0,138,66.0,21.0,53,235.0,26.7276656
55,1,169.7,64.4,17.6,89.0,142,34.3,25.3,51,216.0,22.36259419
31,1,166.0,67.3,18.9,79.0,132,34.5,24.3,60,223.0,24.42299318
42,0,153.9,43.82,25.8,70.0,120,20.6,17.9,23,114.0,18.50099704
21,0,161.1,65.72,34.8,80.0,120,32.6,17.6,30,166.0,25.32249383
48,0,162.4,57.4,23.3,59.0,101,27.8,30.1,34,163.0,21.7640564
29,1,175.2,80.3,27.6,82.0,139,46.4,20.2,55,242.0,26.16057839
25,1,170.4,63.4,15.7,68.0,114,41.5,3.9,47,196.0,21.83484317
27,1,177.9,87.8,20.8,90.0,120,42.6,18.3,58,218.0,27.74230996
28,1,174.3,74.9,19.8,87.0,131,56.2,6.5,48,217.0,24.65398024
38,1,181.4,102.0,31.0,87.0,124,47.8,11.0,36,242.0,30.99742417
27,0,159.8,54.8,24.4,55.0,104,27.5,22.7,38,191.0,21.45986613
22,1,169.0,73.8,17.7,62.0,127,40.7,12.7,63,236.0,25.83943139
22,1,172.8,64.7,18.9,75.0,137,36.4,14.2,47,243.0,21.66789909
64,0,163.6,55.2,27.1,67.0,112,22.7,20.9,29,126.0,20.62398001
37,0,162.8,56.9,16.5,97.0,134,31.0,31.2,67,203.0,21.46858719
33,1,175.2,87.5,26.6,90.0,149,49.4,5.6,34,214.0,28.50623423
22,1,173.8,53.6,12.9,99.0,136,32.8,11.1,48,231.0,17.74456043
22,0,170.9,62.4,27.8,90.0,104,34.4,17.4,34,160.0,21.36488031
27,0,161.0,53.9,30.7,67.0,141,18.8,23.5,30,158.0,20.79395085
50,0,155.2,61.2,32.7,93.0,145,28.2,23.1,37,140.0,25.40785418
39,0,154.9,55.8,32.1,66.0,107,25.6,15.4,27,132.0,23.25580426
62,1,175.0,68.0,22.6,75.0,123,46.0,2.8,33,194.0,22.20408163
41,1,181.0,83.6,20.7,80.0,126,49.2,19.1,54,230.0,25.51814658
28,1,166.9,65.6,12.7,99.0,145,50.1,19.4,44,230.0,23.5500138
23,1,165.4,72.98,20.3,80.0,120,44.5,10.4,62,211.0,26.67674569
24,0,159.1,57.3,24.6,59.0,114,27.4,27.4,36,163.0,22.63675981
22,0,172.5,60.7,22.6,49.0,102,32.0,25.6,57,214.0,20.39907582
63,1,168.6,56.6,21.3,77.0,158,39.3,7.1,20,167.0,19.91137678
22,1,178.9,88.6,12.5,84.0,143,63.7,18.4,61,294.0,27.68299286
30,0,170.4,61.1,21.9,63.0,97,29.3,12.6,33,166.0,21.04272741
40,1,171.4,72.8,24.5,79.0,128,47.2,21.0,46,220.0,24.78048169
25,0,158.1,49.6,26.2,83.0,129,25.4,21.5,29,164.0,19.84348452
57,1,173.7,80.0,22.6,73.0,141,39.1,13.1,35,176.0,26.51492177
42,0,164.5,63.7,32.2,72.0,135,22.7,0.8,18,146.0,23.54006338
25,1,175.3,63.7,9.9,75.0,119,44.6,11.5,55,221.0,20.72886868
23,1,183.4,77.3,21.2,87.0,143,49.9,10.5,34,238.0,22.98163016
62,0,148.0,48.8,28.5,88.0,128,22.0,14.0,22,133.0,22.27903579
36,0,161.4,72.0,42.7,58.0,110,28.1,14.5,11,154.0,27.63919791
25,1,176.0,68.0,11.9,71.0,139,53.6,21.1,75,265.0,21.95247934
25,1,178.4,81.6,14.5,78.0,127,58.2,3.0,44,244.0,25.63896318
22,0,167.9,54.9,20.2,75.0,123,29.7,21.8,52,214.0,19.47470789
45,0,164.1,63.9,34.5,97.0,144,28.3,14.3,29,130.0,23.72923274
33,1,165.8,58.6,19.0,67.0,117,35.3,-14.2,20,182.0,21.31712165
32,1,191.4,93.3,14.6,71.0,149,58.7,15.5,35,235.0,25.46817216
37,1,170.0,75.8,24.3,80.0,130,46.6,9.1,45,202.0,26.2283737
62,1,176.1,64.76,17.6,86.0,142,38.3,14.4,32,174.0,20.8827711
21,1,174.3,95.4,28.1,85.0,143,46.2,19.3,29,220.0,31.40173184
23,1,176.6,55.0,4.9,77.0,123,46.4,15.0,43,244.0,17.63523661
46,0,161.4,79.8,38.0,83.0,131,26.1,-6.6,13,137.0,30.63344435
31,1,173.5,88.2,22.9,74.0,120,48.8,22.0,48,210.0,29.30013537
49,1,167.5,78.3,28.7,79.0,126,26.9,14.7,32,160.0,27.90822009
28,1,171.1,67.4,18.9,99.0,142,40.7,18.8,46,250.0,23.02289206
21,0,172.4,67.7,22.5,78.0,120,33.4,23.7,66,234.0,22.77792432
22,1,165.7,68.4,27.1,76.0,113,38.0,-2.6,28,183.0,24.91214281
36,1,172.4,67.7,12.1,43.0,88,45.8,30.2,46,244.0,22.77792432
42,1,178.0,80.6,22.8,63.0,121,43.4,24.9,52,196.0,25.43870723
23,1,178.6,77.0,25.2,84.0,150,32.7,10.5,53,238.0,24.13947475
47,1,173.0,75.4,24.5,99.0,135,43.4,16.7,32,193.0,25.19295666
25,1,176.3,80.0,29.0,99.0,150,44.1,-0.9,32,175.0,25.73862618
28,1,161.5,52.1,33.2,77.0,120,18.4,-6.0,10,121.0,19.97527054
38,0,149.3,50.5,34.3,75.0,107,20.8,24.0,28,126.0,22.65540147
45,1,182.0,91.4,22.6,97.0,153,55.3,9.0,36,243.0,27.59328584
53,1,159.5,70.2,23.5,75.0,137,42.1,16.3,57,186.0,27.59406845
26,1,169.1,72.3,19.3,95.0,153,39.7,8.2,52,218.0,25.28430859
23,1,179.5,87.1,29.9,66.0,125,45.8,5.6,46,192.0,27.03268907
32,1,179.7,85.2,25.8,88.0,150,56.4,18.8,32,214.0,26.38417024
29,1,175.8,75.2,17.7,74.0,149,36.9,21.8,44,246.0,24.33212838
60,1,165.9,76.8,24.6,84.0,146,40.7,7.1,29,192.0,27.90412752
59,1,166.1,67.8,25.9,98.0,151,40.6,22.4,34,188.0,24.57482472
31,0,167.0,62.2,24.5,86.0,130,20.9,9.1,25,121.0,22.30269999
33,1,180.4,74.8,14.4,97.0,154,51.8,15.3,43,206.0,22.98415445
53,1,167.8,91.6,29.9,97.0,144,39.6,-7.0,15,175.0,32.53205971
26,1,180.6,73.4,17.5,99.0,152,41.0,11.2,44,236.0,22.50404398
42,1,169.5,77.5,22.8,76.0,116,41.6,11.2,37,191.0,26.97505243
46,1,171.8,55.8,11.0,76.0,118,38.6,14.1,41,216.0,18.90548747
60,1,164.0,64.7,29.6,80.0,120,45.2,1.5,24,154.0,24.05562165
36,1,173.0,83.0,19.3,96.0,156,58.5,13.7,62,281.0,27.73229978
23,1,176.0,83.9,22.0,77.0,133,37.4,22.7,61,230.0,27.08548554
39,0,159.1,52.6,24.6,80.0,114,25.2,20.8,47,174.0,20.77999242
33,1,178.2,72.1,17.1,81.0,135,48.2,20.8,60,221.0,22.70491421
44,1,168.8,77.7,27.3,84.0,147,45.0,12.6,47,212.0,27.26943465
21,0,158.1,56.3,27.0,74.0,122,30.3,20.6,42,191.0,22.52395521
50,0,162.4,55.7,28.9,90.0,149,27.2,20.3,36,167.0,21.11947633
25,1,165.9,83.3,30.4,70.0,121,40.9,5.1,46,178.0,30.26580498
25,1,168.9,79.66,16.5,74.0,127,47.3,24.8,55,245.0,27.92421691
25,1,175.0,81.5,17.1,70.0,120,56.9,15.2,63,271.0,26.6122449
61,1,171.6,79.1,31.5,71.0,129,33.2,10.0,26,175.0,26.86222092
38,1,178.0,68.7,12.9,71.0,127,45.1,20.1,46,230.0,21.68286832
23,1,184.3,71.2,23.0,75.0,128,27.2,-11.2,39,166.0,20.96183621
26,0,156.5,50.8,30.0,77.0,118,27.8,25.2,42,194.0,20.74125489
33,1,171.5,72.9,13.1,63.0,111,52.6,20.1,64,254.0,24.78559104
34,1,168.8,65.0,19.5,91.0,134,48.7,12.3,41,225.0,22.81226837
24,1,170.9,63.1,11.7,62.0,115,40.2,8.4,42,229.0,21.60455045
22,1,172.9,76.3,20.7,89.0,139,56.4,13.9,49,212.0,25.52316637
38,1,174.3,68.4,18.2,93.0,149,40.4,17.5,62,236.0,22.51444924
39,1,176.8,66.02,20.3,77.0,145,46.4,14.5,38,222.0,21.12083086
50,1,182.3,80.3,22.0,76.0,127,49.7,17.9,34,199.0,24.16251897
26,1,172.0,74.9,26.3,72.0,121,40.3,21.1,62,207.0,25.31773932
38,0,158.2,45.5,26.2,67.0,123,25.0,23.1,32,158.0,18.18019086
23,0,155.5,48.46,32.7,71.0,123,23.0,18.4,38,165.0,20.04114929
49,0,153.1,55.0,31.1,69.0,112,20.9,10.3,22,155.0,23.46455423
57,0,162.1,71.4,39.1,82.0,150,28.6,18.0,15,114.0,27.17266171
21,1,186.4,92.5,11.2,75.0,124,47.0,24.9,71,255.0,26.62256627
63,1,172.0,68.7,26.3,81.0,123,40.7,18.0,35,151.0,23.2220119
63,0,156.1,50.5,27.4,91.0,152,23.0,20.5,26,131.0,20.72457208
24,0,165.4,53.1,18.4,69.0,124,25.6,18.1,47,186.0,19.40990951
31,0,163.8,53.1,30.5,74.0,111,22.9,16.3,26,143.0,19.79095386
61,1,170.0,82.2,29.1,69.0,145,38.0,9.2,27,182.0,28.44290657
29,0,164.9,53.0,20.3,62.0,102,29.3,6.7,29,136.0,19.4910196
44,0,156.3,62.1,35.2,54.0,122,26.9,13.3,37,155.0,25.41988867
27,1,174.3,86.6,20.4,84.0,138,54.3,10.6,46,231.0,28.50513603
46,1,174.6,65.3,21.5,75.0,112,36.0,13.2,36,176.0,21.42025825
39,1,171.8,75.3,18.4,73.0,130,47.4,12.0,45,237.0,25.51224384
61,0,159.1,71.4,38.5,78.0,148,23.6,26.2,0,98.0,28.20706196
36,1,183.0,106.6,21.1,97.0,158,49.0,12.7,50,233.0,31.83134761
39,1,169.4,74.3,17.8,75.0,135,47.9,16.9,57,234.0,25.89178558
30,0,158.2,52.9,27.8,74.0,137,26.9,23.9,32,172.0,21.13696916
26,0,170.4,66.8,24.3,85.0,126,24.3,16.2,48,153.0,23.00579691
25,1,180.5,74.8,13.4,86.0,146,44.0,11.1,35,200.0,22.9586943
22,1,176.4,60.1,12.1,70.0,120,38.0,20.6,44,251.0,19.31422607
26,1,180.1,74.8,22.4,90.0,138,36.5,5.5,53,228.0,23.06078954
34,1,172.5,77.2,26.9,70.0,120,47.3,11.0,47,206.0,25.94412938
26,0,163.0,52.7,30.8,62.0,112,27.2,19.0,42,170.0,19.83514622
25,1,174.0,70.2,14.6,83.0,126,49.6,22.0,69,267.0,23.18668252
35,1,171.3,90.7,28.0,66.0,147,52.0,17.4,47,213.0,30.90954137
43,0,159.9,56.4,25.8,64.0,111,25.0,17.0,23,165.0,22.0588149
25,0,161.0,58.3,32.8,67.0,107,25.3,25.0,37,147.0,22.49141623
36,1,173.6,74.1,17.1,84.0,134,50.5,8.9,35,238.0,24.58774873
52,1,170.0,79.5,24.1,97.0,140,42.2,14.0,37,190.0,27.50865052
23,0,166.5,57.0,28.2,99.0,145,26.4,22.7,43,187.0,20.56110164
43,1,176.5,80.62,20.7,99.0,146,48.4,15.6,48,211.0,25.87935061
54,0,154.8,61.0,34.2,83.0,123,20.7,13.9,26,150.0,25.4558687
44,1,180.5,78.7,24.1,81.0,131,51.5,10.2,41,221.0,24.15573852
28,1,182.8,85.0,15.2,69.0,115,47.8,8.5,45,210.0,25.43703824
27,1,175.1,82.7,23.1,80.0,136,41.7,19.2,62,240.0,26.97324626
39,1,181.4,84.9,21.2,72.0,125,51.7,17.3,41,203.0,25.80079718
32,1,178.1,80.1,29.2,85.0,143,39.3,10.0,33,209.0,25.25251729
33,0,158.9,51.1,29.1,63.0,118,25.6,7.0,30,162.0,20.23825696
22,1,172.4,72.6,17.9,85.0,131,45.7,15.1,54,224.0,24.42654809
38,1,179.9,82.2,18.0,97.0,145,54.3,20.0,61,241.0,25.39858318
49,0,156.0,53.1,21.3,86.0,148,33.0,32.4,40,183.0,21.81952663
24,1,181.4,86.8,19.3,72.0,138,51.8,18.0,46,242.0,26.37820018
30,1,182.5,94.4,27.8,72.0,157,53.4,12.6,38,167.0,28.34302871
29,1,174.3,78.8,19.2,87.0,124,49.2,9.8,43,232.0,25.93769883
46,1,161.4,57.46,9.0,65.0,107,40.5,7.3,33,178.0,22.05761544
35,1,168.9,63.6,17.3,83.0,120,38.9,18.2,54,227.0,22.29450409
41,0,170.7,78.0,39.6,59.0,105,22.7,19.5,32,160.0,26.76871725
25,0,157.3,51.5,30.7,79.0,132,22.8,21.9,28,161.0,20.81372364
26,1,174.4,67.9,22.8,80.0,115,33.3,-1.0,38,198.0,22.3242467
22,0,161.8,58.0,28.3,72.0,133,30.1,26.6,44,198.0,22.15495943
61,0,157.8,59.8,40.3,93.0,152,26.7,23.7,38,150.0,24.0152541
60,1,175.7,95.22,28.4,95.0,157,49.5,9.0,28,189.0,30.84499145
23,1,167.2,68.7,17.5,90.0,135,36.6,11.0,48,236.0,24.57447174
23,1,177.9,82.7,21.1,64.0,124,36.5,17.5,56,256.0,26.1308546
35,1,168.4,71.9,19.1,109.0,138,53.6,16.2,42,232.0,25.35389667
30,1,184.3,80.5,12.9,77.0,130,53.3,25.7,49,209.0,23.69982886
26,1,166.3,67.2,22.4,75.0,137,45.5,16.8,49,241.0,24.2987971
57,1,168.5,66.0,24.1,88.0,156,42.1,9.5,30,212.0,23.2457801
21,1,172.8,76.7,18.6,74.0,127,42.1,10.8,54,242.0,25.68667481
21,0,155.9,51.1,24.8,75.0,115,20.8,10.2,44,173.0,21.02464492
59,0,153.4,41.1,27.8,98.0,124,21.4,14.4,15,135.0,17.46590536
45,0,158.2,73.5,39.0,82.0,128,26.1,21.0,10,150.0,29.36800063
22,1,174.2,85.9,31.5,75.0,139,38.9,14.2,35,222.0,28.30719668
33,1,184.9,104.3,27.5,94.0,127,53.9,6.5,46,220.0,30.50777158
23,1,172.1,63.8,14.3,70.0,128,36.0,16.7,50,186.0,21.54065664
26,1,173.0,83.8,20.2,87.0,139,37.9,11.0,40,232.0,27.99959905
31,0,169.6,51.3,19.4,80.0,126,29.1,14.2,29,176.0,17.83469429
35,0,162.6,57.0,21.9,74.0,117,25.5,21.3,27,154.0,21.55925618
62,1,163.4,58.4,25.5,96.0,142,32.6,9.0,23,169.0,21.87301963
51,1,175.5,71.7,20.34,84.0,140,45.1,9.9,34,185.0,23.27903183
41,1,176.0,78.4,22.8,93.0,153,43.8,16.3,46,205.0,25.30991736
50,1,173.5,73.6,23.5,91.0,150,42.9,14.1,45,198.0,24.44999958
41,1,169.5,65.3,15.7,86.0,148,38.8,6.8,38,185.0,22.72865708
45,0,161.8,56.9,26.0,67.0,116,18.3,17.5,38,135.0,21.73477916
23,1,180.7,69.4,13.4,60.0,120,38.5,3.6,38,219.0,21.25412181
60,1,175.0,81.7,31.9,87.0,145,40.1,14.5,29,177.0,26.67755102
55,0,155.4,53.3,27.9,69.0,111,21.4,25.1,23,134.0,22.07116107
21,0,161.7,55.0,22.4,64.0,109,22.9,21.6,48,190.0,21.03500646
39,1,179.3,77.9,24.3,98.0,158,38.7,6.9,32,234.0,24.23130915
59,0,162.9,61.0,32.6,82.0,123,29.7,19.5,0,25.0,22.98728426
33,0,163.5,58.1,22.6,83.0,120,31.4,24.8,35,146.0,21.73404783
26,1,179.4,70.6,11.4,79.0,139,46.7,18.2,52,243.0,21.93612053
31,1,168.1,63.4,17.6,70.0,130,39.4,23.4,49,185.0,22.43643394
24,1,179.7,72.3,19.0,90.0,148,41.3,14.1,55,229.0,22.3893839
62,1,171.9,64.3,17.3,76.0,128,40.4,26.6,31,164.0,21.76001646
38,0,155.2,48.6,16.8,73.0,126,26.0,15.8,44,163.0,20.17682538
26,1,172.7,77.1,21.1,83.0,123,44.4,16.4,60,257.0,25.85054496
25,1,165.0,70.0,25.2,90.0,120,30.8,20.0,55,255.0,25.71166208
28,1,185.1,83.0,17.2,85.0,154,52.4,13.8,45,214.0,24.22508195
62,1,174.3,74.1,14.0,75.0,147,50.6,13.1,54,199.0,24.39065334
40,1,171.3,75.2,20.7,64.0,111,44.4,15.4,41,220.0,25.62731545
26,1,163.0,59.3,16.3,85.0,131,37.4,-4.4,45,191.0,22.31924423
27,1,164.0,59.0,6.7,69.0,113,35.7,18.4,62,244.0,21.93634741
22,0,155.7,55.4,31.1,64.0,98,23.7,-11.0,24,112.0,22.85243801
40,0,160.4,56.5,24.8,93.0,159,24.2,23.2,35,173.0,21.96037338
25,1,171.4,71.4,24.4,64.0,118,40.1,16.5,59,205.0,24.30393397
34,1,174.1,79.0,21.0,65.0,134,41.8,18.5,51,229.0,26.06330877
22,1,167.8,61.74,16.1,78.0,134,40.0,16.5,49,231.0,21.92717649
50,1,169.6,70.7,18.6,88.0,138,43.6,22.0,50,217.0,24.57919856
63,0,159.1,64.2,25.9,81.0,122,24.8,19.5,23,160.0,25.36265235
64,1,165.8,61.3,8.5,66.0,114,34.9,7.6,33,166.0,22.29930985
59,0,161.9,59.6,34.4,71.0,130,27.5,17.8,20,151.0,22.73801571
40,1,170.5,74.7,25.8,76.0,128,43.1,20.5,50,225.0,25.69637344
55,0,165.2,70.98,28.7,83.0,142,21.6,24.5,27,87.0,26.00853613
22,1,177.1,71.7,16.8,91.0,135,44.1,13.3,50,245.0,22.86030568
37,1,181.3,81.3,15.1,90.0,151,55.6,31.4,53,273.0,24.73403309
27,1,173.4,72.4,14.7,71.0,128,57.8,16.1,46,221.0,24.07910718
29,1,171.7,71.0,16.8,87.0,153,46.4,20.1,58,239.0,24.08339775
28,1,170.8,68.48,19.0,76.0,128,35.1,11.2,34,185.0,23.47404966
33,1,184.5,108.3,30.2,87.0,152,58.7,16.7,50,224.0,31.8152775
27,1,183.0,62.0,12.2,78.0,126,46.5,7.6,43,235.0,18.51354176
21,0,162.3,63.4,30.1,91.0,139,27.3,21.8,54,197.0,24.06867697
33,1,169.6,75.5,16.4,81.0,142,50.0,23.1,59,239.0,26.24794188
51,0,157.2,46.3,17.1,92.0,137,24.1,19.5,33,162.0,18.73595815
51,0,155.6,65.0,37.0,81.0,122,28.5,24.4,12,141.0,26.84690162
37,0,157.8,75.7,38.4,83.0,121,30.9,13.6,15,126.0,30.40058086
22,1,173.4,76.0,16.5,41.0,98,45.0,9.8,56,215.0,25.27641086
24,1,178.6,91.6,26.6,63.0,127,54.9,10.8,37,198.0,28.71656996
36,0,156.6,61.0,36.2,93.0,121,20.6,18.6,26,138.0,24.8740395
58,1,177.4,73.2,15.8,72.0,144,20.5,17.9,36,194.0,23.25968613
42,0,157.0,76.8,41.2,96.0,136,26.1,12.1,14,113.0,31.15745061
27,0,160.1,58.4,37.0,59.0,106,18.4,8.8,22,151.0,22.78401109
24,1,178.3,86.3,12.5,88.0,126,48.1,24.9,51,249.0,27.14614155
51,1,166.1,70.5,29.6,82.0,131,29.8,0.3,26,179.0,25.55346819
42,0,160.0,56.8,39.4,66.0,98,24.9,-4.1,40,137.0,22.1875
21,1,175.5,73.5,21.9,92.0,142,44.6,16.5,47,215.0,23.86344267
29,0,163.0,58.9,28.6,82.0,115,26.1,23.0,44,165.0,22.16869284
27,1,176.0,87.8,21.6,71.0,132,53.5,5.4,52,254.0,28.34452479
41,1,178.8,82.6,22.5,91.0,146,55.1,17.36,39,236.0,25.8371745
24,1,173.9,66.9,12.2,71.0,148,50.5,-5.1,44,239.0,22.1221307
24,0,173.0,62.5,19.8,74.0,120,36.3,24.7,46,195.0,20.88275586
21,1,184.6,68.5,17.9,72.0,143,34.2,13.6,47,201.0,20.10144038
37,0,163.0,50.3,20.7,73.0,108,22.9,6.4,5,149.0,18.93183786
34,1,179.4,72.4,16.1,94.0,137,35.4,21.4,53,211.0,22.49539839
49,0,155.6,51.5,23.6,61.0,100,22.2,21.1,24,158.0,21.27100667
23,0,164.0,72.9,40.4,80.0,117,24.6,21.3,32,146.0,27.10440214
64,0,154.1,62.3,39.3,69.0,121,24.9,17.2,0,116.0,26.23510274
28,1,172.5,63.7,6.0,65.0,115,40.3,15.6,62,226.0,21.40726738
31,0,170.0,56.2,20.5,80.0,123,24.7,22.2,27,169.0,19.44636678
43,0,165.3,66.8,27.8,77.0,130,32.6,17.9,35,164.0,24.44729175
30,0,172.3,60.4,30.0,64.0,117,28.7,16.4,43,176.0,20.34540707
21,0,161.2,50.2,29.3,71.0,130,40.1,22.3,32,163.0,19.31851067
43,1,175.7,67.3,12.1,69.0,124,41.3,17.7,44,217.0,21.80075535
26,1,181.7,76.1,18.8,68.0,115,47.7,19.1,47,175.0,23.05020553
60,1,181.2,78.5,19.6,79.0,129,45.4,15.3,35,197.0,23.90855177
25,0,166.7,68.1,29.3,72.0,106,27.4,26.9,42,186.0,24.50619654
61,0,160.4,61.9,30.6,85.0,148,17.8,12.4,17,136.0,24.05924093
37,1,163.0,59.8,24.9,78.0,126,42.6,13.0,34,215.0,22.50743348
23,1,176.6,76.2,19.9,77.0,126,40.2,4.7,29,208.0,24.43281873
24,0,162.4,63.1,31.0,83.0,119,31.8,20.7,54,222.0,23.92529545
41,1,169.7,73.08,17.4,83.0,142,37.8,13.1,48,226.0,25.37668297
34,1,168.9,70.9,14.8,78.0,130,46.3,24.8,58,221.0,24.85346446
57,0,159.1,53.0,26.6,65.0,107,23.8,22.2,25,165.0,20.93801518
25,1,174.4,67.6,16.3,84.0,139,53.7,24.7,41,231.0,22.22561232
49,1,178.9,81.9,20.4,82.0,134,51.4,19.5,38,217.0,25.5895837
33,1,178.0,84.0,27.5,99.0,144,48.8,-2.0,45,222.0,26.51180407
35,0,174.7,70.6,30.9,56.0,105,27.6,11.0,28,167.0,23.132304
28,1,173.8,73.6,15.1,76.0,110,51.3,9.9,51,245.0,24.36566507
32,1,169.5,76.0,25.7,63.0,109,43.1,6.3,40,225.0,26.45295464
26,1,171.3,69.2,17.8,92.0,158,52.3,17.6,56,225.0,23.58258283
27,1,169.6,64.1,9.4,80.0,130,37.8,30.5,53,251.0,22.28467649
51,1,169.3,73.2,23.1,85.0,143,37.3,15.2,36,204.0,25.53860464
41,1,173.5,72.8,27.6,80.0,137,37.2,2.6,34,188.0,24.18423872
24,1,168.7,62.32,15.8,72.0,129,37.5,11.4,61,228.0,21.89763838
21,0,168.9,74.8,34.6,70.0,137,32.7,15.9,40,182.0,26.22058028
36,1,176.3,79.8,15.4,92.0,132,54.9,21.4,55,262.0,25.67427962
21,1,176.9,78.76,31.2,86.0,132,35.1,-5.1,36,182.0,25.16807744
39,0,157.0,52.9,27.0,76.0,113,26.3,24.0,15,140.0,21.46131689
43,1,172.8,76.0,22.1,89.0,144,37.9,13.5,43,212.0,25.45224623
47,0,161.2,63.0,28.8,77.0,132,24.7,11.4,21,156.0,24.24434606
64,1,168.5,66.4,23.8,89.0,130,34.7,9.5,20,180.0,23.38666361
24,1,167.1,62.2,19.7,89.0,138,36.5,13.8,56,234.0,22.27601414
56,0,153.7,47.3,29.1,57.0,107,24.8,23.0,13,125.0,20.02227425
40,0,163.1,65.6,28.6,88.0,133,28.7,16.9,30,154.0,24.66016155
28,1,170.5,71.6,21.0,73.0,140,49.4,17.0,52,220.0,24.62999114
23,1,172.8,76.4,18.4,75.0,125,34.6,14.5,58,226.0,25.58620542
35,1,168.3,57.5,12.2,74.0,126,37.4,13.2,40,220.0,20.3001671
26,0,159.3,49.8,26.8,87.0,124,30.8,22.6,53,165.0,19.62446343
57,1,172.1,72.8,34.6,89.0,149,34.7,-1.7,8,134.0,24.57930726
46,1,169.5,85.1,25.2,92.0,152,46.5,13.0,48,203.0,29.62034789
26,1,158.8,56.8,19.4,77.0,119,42.8,15.1,55,225.0,22.52409444
39,1,182.6,78.7,22.2,82.0,122,52.6,-10.0,29,210.0,23.60332498
64,1,164.2,63.24,17.5,80.0,159,37.3,19.1,29,168.0,23.45554647
33,1,174.8,83.4,24.3,92.0,136,45.4,6.3,58,215.0,27.295006
25,0,164.0,61.0,23.5,69.0,131,33.3,32.7,39,182.0,22.67995241
56,1,175.8,66.8,18.2,65.0,112,31.2,1.6,31,147.0,21.61417787
24,1,178.8,84.5,17.9,70.0,122,48.8,16.6,54,231.0,26.43149207
25,0,163.4,59.0,34.2,96.0,148,29.4,18.5,39,136.0,22.09774243
21,1,163.3,49.2,13.9,66.0,107,29.3,5.0,32,235.0,18.44984548
28,1,180.1,75.4,18.5,65.0,135,51.8,9.0,58,220.0,23.24576913
60,1,170.0,74.8,26.9,81.0,140,34.9,8.2,29,161.0,25.88235294
24,0,165.1,49.9,19.3,70.0,108,31.8,21.6,50,204.0,18.30654549
22,1,179.4,90.6,30.4,79.0,142,41.0,8.6,50,199.0,28.15031897
34,1,176.9,78.54,26.8,76.0,116,43.7,14.8,47,221.0,25.09777555
29,1,175.6,96.7,32.9,85.0,140,51.6,5.3,40,227.0,31.36010087
52,0,167.0,69.2,36.0,79.0,128,16.1,15.0,17,135.0,24.81265015
34,1,176.3,74.0,22.4,90.0,122,39.3,17.7,56,218.0,23.80822922
24,1,177.4,73.7,19.8,70.0,129,39.2,9.8,48,230.0,23.41856377
22,1,172.2,70.6,24.3,70.0,118,36.7,9.8,50,213.0,23.80884934
26,1,179.9,71.5,9.7,64.0,135,59.6,17.8,61,239.0,22.09244157
24,0,166.2,57.1,26.5,81.0,122,32.9,21.5,44,169.0,20.67159889
22,1,171.4,73.9,14.3,88.0,141,43.3,12.9,58,258.0,25.15491205
58,0,158.8,60.3,31.0,69.0,118,24.6,23.4,30,150.0,23.91202279
62,1,164.3,65.86,18.5,69.0,112,34.3,11.8,38,169.0,24.3975715
26,1,173.0,74.3,13.6,86.0,141,50.6,20.7,52,235.0,24.82542016
25,1,164.4,63.4,22.5,88.0,154,34.6,6.0,56,212.0,23.457711
29,1,169.3,63.1,22.8,83.0,130,44.1,5.3,53,191.0,22.01483542
64,0,148.9,47.4,39.8,63.0,131,15.7,28.1,0,72.0,21.37907674
47,0,158.3,53.5,29.2,70.0,117,25.9,8.1,32,151.0,21.34970863
40,1,170.5,70.4,21.6,79.0,134,39.7,10.3,38,230.0,24.21719799
35,1,185.7,94.0,26.8,86.0,148,42.1,3.7,33,168.0,27.25863134
37,0,169.4,58.1,22.4,72.0,109,27.9,30.4,35,196.0,20.24647028
23,1,169.6,55.3,14.4,80.0,147,34.6,3.1,41,236.0,19.22531372
36,0,158.2,64.3,33.6,64.0,109,27.6,22.1,30,137.0,25.69200599
63,1,168.0,62.4,27.4,99.0,150,35.9,11.8,26,154.0,22.10884354
41,1,165.4,57.8,15.8,79.0,124,30.2,20.0,37,224.0,21.1279241
38,1,180.9,85.1,14.7,64.0,129,56.5,17.8,40,245.0,26.00473463
48,1,167.1,63.6,17.4,99.0,145,43.7,16.1,40,199.0,22.77740353
36,1,180.9,73.1,9.7,72.0,129,50.9,14.2,54,239.0,22.33779203
25,1,174.2,63.0,12.6,93.0,140,47.5,15.1,52,219.0,20.76080781
27,0,160.9,64.4,26.5,70.0,125,27.7,27.9,38,167.0,24.87561228
26,1,172.7,68.8,15.1,74.0,132,41.4,15.9,54,238.0,23.06767176
58,1,166.2,61.2,18.0,68.0,113,41.5,13.3,27,198.0,22.15589933
22,1,178.4,62.8,16.9,69.0,121,34.5,-8.1,42,229.0,19.73194715
34,1,180.6,67.6,18.0,83.0,126,39.1,10.0,39,206.0,20.72579528
25,1,172.6,63.9,16.4,82.0,135,44.1,17.7,51,255.0,21.44960384
22,0,168.3,56.3,20.9,74.0,117,27.4,21.5,56,192.0,19.87651144
48,0,157.7,59.44,36.5,70.0,131,29.9,14.9,20,161.0,23.9009638
23,1,177.1,66.0,20.4,80.0,139,36.9,8.0,40,190.0,21.0429592
34,1,173.4,69.1,22.2,86.0,127,31.0,16.7,43,198.0,22.98157882
37,1,179.0,87.1,23.4,79.0,143,58.3,22.2,63,236.0,27.1839206
29,1,175.1,68.9,13.8,77.0,139,42.9,11.3,45,245.0,22.47226925
49,0,158.3,55.3,20.5,76.0,129,30.1,20.0,36,154.0,22.06801658
24,0,163.5,51.7,22.3,90.0,124,29.0,21.6,59,192.0,19.33993585
23,1,177.6,65.8,12.1,61.0,122,44.3,12.1,62,228.0,20.86123285
31,1,162.0,75.3,27.8,79.0,124,43.7,20.5,55,237.0,28.69227252
25,1,176.4,68.54,14.5,82.0,125,39.1,17.2,58,187.0,22.02657329
25,0,165.8,54.0,27.3,66.0,114,20.8,18.0,47,153.0,19.64376398
60,1,162.5,55.0,9.3,66.0,105,38.8,9.8,45,178.0,20.82840237
28,1,166.2,68.1,21.0,80.0,130,44.2,19.9,52,217.0,24.65386838
40,0,154.9,48.8,24.9,68.0,103,21.4,15.3,31,158.0,20.33840946
61,0,157.8,55.4,34.1,52.0,100,23.2,14.1,2,148.0,22.24824544
39,1,167.5,72.8,24.8,75.0,142,37.7,8.6,46,205.0,25.94787258
21,0,163.3,54.1,24.3,71.0,123,28.0,30.8,47,199.0,20.28733009
41,0,156.3,52.7,31.2,63.0,101,20.7,26.8,40,149.0,21.57211164
28,1,177.9,78.1,16.6,71.0,121,53.0,19.4,52,246.0,24.67738506
64,0,158.6,60.2,33.7,67.0,131,24.0,17.2,6,138.0,23.93261339
50,1,170.0,64.5,20.5,80.0,118,39.6,7.6,33,155.0,22.3183391
25,1,178.1,82.1,21.4,82.0,148,43.4,-2.0,44,194.0,25.88304207
23,1,170.7,64.9,22.7,85.0,132,40.7,16.1,51,218.0,22.27294551
32,1,191.7,90.2,11.0,73.0,137,58.8,15.4,52,251.0,24.54495905
62,1,168.6,95.0,37.7,92.0,155,43.7,3.7,8,147.0,33.42015538
38,0,168.0,63.6,25.7,87.0,146,27.3,24.5,41,175.0,22.53401361
25,0,160.0,48.9,22.1,76.0,125,26.9,23.6,44,200.0,19.1015625
53,1,165.5,72.0,28.0,96.0,154,40.9,-4.0,27,196.0,26.28672612
25,1,181.7,74.8,13.0,77.0,135,46.8,6.1,57,253.0,22.6564438
59,1,169.3,65.2,23.8,75.0,126,31.4,6.2,25,152.0,22.7475003
26,1,167.7,68.94,21.9,92.0,142,47.5,14.1,44,238.0,24.51349042
21,0,156.2,57.7,32.5,68.0,115,26.8,25.5,37,152.0,23.64905297
61,1,172.5,69.8,21.8,65.0,114,45.2,18.7,42,189.0,23.45725688
24,1,167.2,61.4,18.8,76.0,117,35.1,7.6,49,240.0,21.96321055
25,0,165.9,50.1,17.4,53.0,108,26.4,24.5,36,183.0,18.20308319
27,1,190.0,86.9,14.5,65.0,122,57.4,22.0,44,197.0,24.07202216
23,0,163.1,69.0,30.7,68.0,114,30.0,25.5,44,178.0,25.93827968
30,1,170.0,66.0,10.3,87.0,132,48.9,14.5,65,216.0,22.83737024
29,0,162.2,51.7,29.2,83.0,118,29.7,23.7,44,183.0,19.65118949
29,0,160.8,78.32,38.2,94.0,135,32.0,14.0,31,128.0,30.29009183
58,0,148.3,62.4,43.0,93.0,143,15.0,5.0,5,121.0,28.37280594
32,0,160.2,57.4,27.6,77.0,125,27.4,15.5,39,163.0,22.36592524
33,1,171.0,75.6,18.8,68.0,127,48.9,22.1,50,215.0,25.85410896
24,1,174.1,68.2,18.2,71.0,129,36.2,15.9,52,232.0,22.50022352
54,0,162.0,59.8,30.4,94.0,134,21.8,-5.3,19,161.0,22.78616065
30,1,174.0,72.3,27.5,99.0,143,32.2,-5.0,39,171.0,23.88030123
24,1,167.3,65.0,25.0,93.0,133,43.5,-2.9,43,199.0,23.22316858
21,1,169.9,70.6,14.3,75.0,136,39.3,19.2,60,246.0,24.4578312
25,0,162.6,55.4,30.8,68.0,103,28.8,28.9,57,177.0,20.95408408
41,1,174.7,79.5,21.8,79.0,127,51.0,25.0,44,236.0,26.04841598
61,1,167.4,60.4,20.2,99.0,153,37.9,12.9,23,163.0,21.55390832
50,0,162.5,49.2,26.6,68.0,102,16.4,11.6,18,147.0,18.63195266
28,1,173.9,64.7,15.1,79.0,123,41.0,5.4,41,237.0,21.39464658
31,1,172.5,72.0,18.5,77.0,120,40.6,23.4,56,226.0,24.19659735
28,0,158.1,55.52,29.1,65.0,118,25.2,16.0,42,162.0,22.21190041
26,0,160.6,53.4,32.4,71.0,127,24.8,24.4,37,128.0,20.70380531
29,1,173.7,76.1,17.3,73.0,133,51.1,16.2,67,247.0,25.22231933
25,0,160.1,57.5,27.1,92.0,140,34.4,28.8,53,162.0,22.43288763
61,0,159.0,61.3,27.6,92.0,149,29.3,16.3,28,142.0,24.24745857
43,0,157.0,54.0,23.2,70.0,114,21.6,14.5,39,140.0,21.90758246
24,0,164.3,52.9,24.0,69.0,127,27.8,21.0,43,172.0,19.59659175
21,1,171.3,83.9,29.6,99.0,168,44.6,-7.3,45,161.0,28.59217774
37,1,173.2,98.5,35.3,75.0,144,47.9,-4.1,24,201.0,32.83525967
49,1,170.8,71.5,22.6,84.0,141,41.5,14.0,30,214.0,24.50926622
26,1,173.9,85.1,31.4,74.0,129,49.4,9.0,57,200.0,28.1404084
28,1,174.4,69.0,21.5,76.0,136,39.4,15.2,47,196.0,22.68590607
32,1,176.5,80.8,17.7,78.0,128,53.5,16.9,59,240.0,25.93713135
58,0,160.4,47.9,20.2,79.0,126,21.6,19.8,19,142.0,18.61773248
21,0,167.7,61.1,28.3,58.0,109,23.5,22.9,21,172.0,21.72576537
34,1,183.4,81.1,16.6,68.0,127,57.4,12.2,59,253.0,24.11138688
24,0,165.7,60.5,22.6,77.0,117,22.8,14.2,39,140.0,22.03486316
33,1,167.9,78.4,15.59514,103.0,167,49.9,29.0,55,202.0,27.81087611
50,1,171.0,85.9,29.1,97.0,148,43.5,11.6,40,225.0,29.37656031
56,0,157.2,53.0,25.6,64.0,128,25.7,26.3,26,166.0,21.44720911
63,1,167.2,73.3,24.4,83.0,157,53.3,24.6,31,189.0,26.21992399
40,1,174.0,76.6,25.9,93.0,150,40.2,16.3,50,239.0,25.30056811
37,0,160.0,57.6,22.7,92.0,151,28.2,19.0,28,102.0,22.5
33,1,175.5,68.6,17.9,76.0,141,36.2,20.1,50,218.0,22.27254649
61,1,167.6,77.72,29.1,85.0,128,38.2,8.7,29,167.0,27.66844573
56,1,167.0,65.9,24.8,94.0,156,38.8,20.5,37,175.0,23.62938793
64,1,174.9,73.2,17.6,86.0,152,51.6,20.0,36,211.0,23.92938087
26,0,157.2,48.32,17.5,67.0,102,30.0,26.9,43,183.0,19.55338008
49,1,180.4,80.6,15.4,87.0,148,42.9,15.7,32,226.0,24.76634825
36,1,169.3,54.4,16.4,90.0,138,36.4,18.5,47,211.0,18.97950946
54,1,165.9,64.0,23.4,83.0,123,35.9,15.6,46,179.0,23.2534396
32,1,179.8,85.1,28.7,98.0,139,57.4,22.6,45,235.0,26.32389715
56,0,152.4,50.5,31.1,89.0,158,24.0,14.1,10,119.0,21.74309904
59,0,164.0,58.7,29.5,80.0,158,25.2,21.2,23,135.0,21.82480666
52,0,159.3,54.4,24.0,74.0,126,27.1,22.8,22,156.0,21.43716487
57,0,156.8,60.9,36.2,82.0,133,19.7,16.3,9,113.0,24.76995262
27,1,171.8,74.8,24.1,77.0,132,39.9,15.1,45,211.0,25.34283983
21,0,158.5,48.8,22.5,61.0,102,29.1,21.7,36,169.0,19.42501169
29,1,167.0,64.0,17.3,68.0,103,31.0,17.1,49,233.0,22.94811574
63,0,153.9,51.0,26.0,80.0,159,24.3,15.6,24,137.0,21.53242467
58,0,154.8,51.3,40.3,81.0,138,22.8,18.4,17,112.0,21.40796827
36,1,179.9,84.0,20.2,98.0,155,48.7,19.0,57,214.0,25.95475653
50,1,172.9,92.9,32.0,96.0,154,47.8,0.4,34,191.0,31.07604398
25,0,157.9,42.6,23.7,70.0,118,17.4,13.5,28,131.0,17.08619423
25,1,178.4,78.9,15.3,71.0,140,54.9,19.3,46,252.0,24.79061513
24,1,155.9,55.28,18.8,84.0,132,32.6,20.8,49,210.0,22.7444691
26,0,164.1,58.1,20.5,76.0,136,28.5,20.3,50,183.0,21.57540567
51,1,167.4,56.4,13.2,77.0,123,30.8,9.2,46,212.0,20.12649718
35,0,155.0,46.7,17.7,62.0,106,21.8,22.0,35,137.0,19.43808533
48,0,159.9,58.8,25.7,85.0,137,31.0,24.2,34,141.0,22.99748788
21,1,167.7,74.1,24.6,74.0,107,45.9,15.8,48,222.0,26.34826864
55,0,154.9,56.2,31.0,68.0,130,21.7,19.4,13,126.0,23.42251254
58,1,172.8,77.8,21.7,75.0,133,35.6,11.3,30,176.0,26.05506259
24,0,155.4,51.0,21.6,70.0,118,37.5,19.0,40,155.0,21.11874699
28,1,174.6,74.7,25.4,78.0,116,42.9,15.8,50,236.0,24.50372575
50,1,166.0,66.2,23.5,78.0,124,40.6,17.3,47,202.0,24.02380607
