age,gender,height_cm,weight_kg,body fat_%,diastolic,systolic,gripForce,sit and bend forward_cm,sit-ups counts,broad jump_cm,BMI
32,0,166.2,70.8,39.5,61.0,109,24.9,5.8,7,158.0,25.63133452
23,0,167.2,60.3,26.1,54.0,104,25.4,30.3,47,198.0,21.56973284
28,0,166.2,59.7,21.9,72.0,118,32.1,15.6,38,165.0,21.61286259
30,0,158.9,60.4,32.2,81.0,120,33.3,15.2,27,178.0,23.92154052
34,1,179.6,81.4,18.1,85.0,141,57.9,19.4,52,234.0,25.2354899
63,0,154.9,49.4,26.5,99.0,158,24.8,21.8,17,75.0,20.58847187
40,1,173.2,75.5,18.0,89.0,129,46.6,24.0,46,215.0,25.1681432
22,1,165.8,68.5,27.4,83.0,123,38.9,7.1,38,200.0,24.91847838
26,1,188.0,73.3,15.6,80.0,132,54.4,16.9,45,216.0,20.73902218
44,1,178.8,72.7,9.3,94.0,148,43.4,21.9,48,40.0,22.74046715
49,0,155.6,51.5,23.6,61.0,100,22.2,21.1,24,158.0,21.27100667
45,1,180.1,94.1,36.6,91.0,149,49.0,-13.0,23,177.0,29.01096652
22,0,158.0,54.6,28.2,80.0,125,27.3,20.6,50,186.0,21.87149495
29,1,179.6,87.1,22.9,86.0,139,46.4,9.1,46,208.0,27.00259423
33,1,169.2,63.8,10.8,84.0,134,46.4,30.0,60,241.0,22.28537576
37,1,172.5,71.6,19.8,77.0,140,43.0,17.7,46,202.0,24.06217181
39,0,163.2,85.8,45.3,70.0,116,25.7,17.3,9,132.0,32.21417243
32,0,156.3,60.8,38.9,68.0,120,25.2,5.3,13,90.0,24.88774929
22,0,161.8,58.0,28.3,72.0,133,30.1,26.6,44,198.0,22.15495943
22,0,158.4,49.6,25.8,76.0,121,22.5,21.9,41,163.0,19.76839098
26,0,158.9,52.1,26.7,73.0,102,23.1,15.4,37,173.0,20.63430895
26,1,173.0,75.6,21.4,70.0,121,58.1,19.0,54,235.0,25.25978148
61,1,168.5,62.1,14.8,74.0,129,33.4,17.0,31,169.0,21.87216582
26,1,173.3,66.6,12.6,84.0,122,47.6,16.5,59,235.0,22.17568805
30,1,179.1,81.6,23.7,86.0,134,45.0,17.4,47,230.0,25.4389386
39,1,180.9,79.7,17.8,70.0,132,41.5,16.1,43,227.0,24.35461046
25,0,164.4,57.7,24.4,78.0,114,30.7,14.8,51,177.0,21.34873698
37,1,171.5,77.9,20.5,76.0,129,51.1,15.5,52,210.0,26.48556299
28,1,182.8,85.0,15.2,69.0,115,47.8,8.5,45,210.0,25.43703824
22,0,159.5,53.6,25.8,79.0,134,23.3,21.1,35,139.0,21.06897534
31,1,166.4,64.7,13.1,60.0,123,50.9,11.1,50,223.0,23.36671366
54,1,165.7,68.1,24.0,92.0,131,45.4,2.5,21,180.0,24.80287903
26,0,166.4,62.7,36.3,63.0,100,24.9,0.6,30,159.0,22.64440412
49,1,179.3,75.8,15.7,90.0,149,43.8,14.2,41,220.0,23.57809029
39,1,178.0,70.9,18.2,78.0,118,40.4,7.4,44,224.0,22.3772251
33,1,179.0,75.7,21.9,79.0,123,41.4,15.0,50,218.0,23.62597921
55,1,162.3,65.5,30.7,118.0,186,40.6,11.9,23,162.0,24.86590444
48,0,162.0,46.8,20.3,87.0,122,25.4,29.6,41,170.0,17.83264746
21,0,164.9,55.9,28.0,86.0,127,26.0,26.6,47,207.0,20.55750936
32,1,166.0,66.1,24.0,74.0,134,37.6,23.2,47,230.0,23.98751633
21,1,177.3,67.0,16.8,81.0,122,43.4,3.4,26,219.0,21.31362555
43,0,160.1,53.3,28.1,79.0,117,28.1,11.4,28,147.0,20.79431149
51,1,160.7,58.7,9.4,84.0,154,47.3,24.4,54,237.0,22.73036176
22,0,164.5,54.6,21.9,84.0,130,31.9,23.3,40,185.0,20.17719718
35,1,175.3,73.4,19.5,74.0,136,46.4,19.0,45,232.0,23.885384
31,1,172.0,73.4,21.6,88.0,144,49.6,5.3,49,224.0,24.81070849
27,0,160.7,54.6,26.2,89.0,145,23.1,29.5,48,187.0,21.1427215
21,0,168.7,62.0,19.7,73.0,136,31.2,26.8,56,170.0,21.78519864
30,1,180.9,71.9,24.9,97.0,144,41.2,14.7,45,199.0,21.97109777
57,1,161.2,69.5,26.1,93.0,148,42.4,8.8,24,183.0,26.74574685
49,1,164.0,64.0,25.8,80.0,120,36.3,2.1,26,170.0,23.7953599
22,1,181.3,64.8,10.1,77.0,125,43.9,13.2,51,256.0,19.71421087
21,0,161.0,55.1,27.3,80.0,120,26.8,22.0,54,175.0,21.25689595
63,1,163.2,56.8,22.5,94.0,158,31.7,9.4,30,178.0,21.32593233
62,1,176.7,79.1,18.4,97.0,155,52.0,12.3,35,200.0,25.33397773
48,1,163.9,66.2,31.2,92.0,142,40.0,2.1,26,196.0,24.64336913
44,0,159.9,52.7,26.4,69.0,108,19.3,14.8,38,108.0,20.61169407
24,1,171.8,83.3,25.2,79.0,145,45.2,-0.6,27,213.0,28.222708
21,1,174.5,82.14,21.2,80.0,120,58.2,18.8,55,212.0,26.97514799
22,1,166.9,90.3,31.4,87.0,120,42.6,2.9,57,194.0,32.41716839
54,1,171.8,65.6,19.7,97.0,131,35.4,14.8,32,189.0,22.22580606
33,1,178.6,74.5,13.5,85.0,151,52.7,14.2,34,225.0,23.35572557
21,1,174.6,65.0,15.1,64.0,127,41.7,15.9,57,227.0,21.32184971
54,0,160.5,54.4,26.9,76.0,130,24.9,16.6,11,144.0,21.11780747
27,1,167.0,74.6,26.3,87.0,131,41.2,13.8,51,196.0,26.74889741
32,1,183.0,90.7,26.5,96.0,152,57.2,20.8,47,217.0,27.08351996
23,1,170.3,66.1,19.2,62.0,126,36.9,11.1,46,210.0,22.79146089
27,1,177.2,77.7,21.4,71.0,128,35.1,11.5,44,198.0,24.74534902
42,1,162.0,60.38,13.8,78.0,122,39.5,17.2,33,192.0,23.00716354
45,1,166.9,68.2,24.4,77.0,141,47.6,16.0,50,198.0,24.4833985
33,0,159.6,60.5,32.1,62.0,106,21.9,22.2,24,129.0,23.75142116
30,1,170.8,72.0,21.9,73.0,111,48.6,19.1,52,238.0,24.68065969
42,1,168.0,74.9,23.3,99.0,149,40.1,10.0,41,211.0,26.53769841
30,1,182.5,77.0,24.3,83.0,125,40.8,0.3,41,204.0,23.11878401
27,1,178.2,73.2,24.4,94.0,139,31.7,6.2,39,189.0,23.05131374
28,0,158.1,55.52,29.1,65.0,118,25.2,16.0,42,162.0,22.21190041
57,1,174.3,78.1,17.9,74.0,137,48.1,10.0,42,199.0,25.7072878
25,0,169.5,57.56,25.3,92.0,132,23.4,24.7,37,182.0,20.03463249
24,0,162.4,63.1,31.0,83.0,119,31.8,20.7,54,222.0,23.92529545
21,1,185.4,81.7,25.5,73.0,123,32.2,11.9,29,217.0,23.76854499
37,0,153.5,56.9,25.6,92.0,139,32.3,25.3,59,170.0,24.14879733
23,1,177.1,66.0,20.4,80.0,139,36.9,8.0,40,190.0,21.0429592
35,1,181.8,81.3,14.5,86.0,150,48.0,11.4,44,231.0,24.59816939
58,1,167.7,65.4,14.8,65.0,108,43.9,7.8,48,180.0,23.25474722
34,1,176.7,86.9,27.3,87.0,135,42.5,11.3,49,203.0,27.83214494
24,1,183.2,80.3,19.6,86.0,134,56.2,20.0,62,220.0,23.92569745
41,1,181.0,83.6,20.7,80.0,126,49.2,19.1,54,230.0,25.51814658
61,0,161.5,48.3,28.9,72.0,117,22.6,26.3,9,104.0,18.51834102
47,1,168.6,71.5,19.9,74.0,116,37.7,20.6,47,227.0,25.15306431
26,1,181.7,76.1,18.8,68.0,115,47.7,19.1,47,175.0,23.05020553
55,0,161.6,60.9,33.7,75.0,151,22.9,21.8,22,154.0,23.32032399
54,0,148.0,53.4,27.9,97.0,159,27.9,23.0,35,145.0,24.37910884
31,0,168.8,62.9,25.9,92.0,136,30.7,25.1,42,186.0,22.07525662
63,0,153.0,50.3,25.9,69.0,118,26.8,18.8,11,106.0,21.48746209
60,0,147.5,48.5,39.3,75.0,146,18.8,19.0,5,130.0,22.2924447
24,1,172.7,88.3,27.2,71.0,121,38.7,20.6,60,197.0,29.60574734
32,1,170.2,69.5,26.1,79.0,120,25.0,-10.0,42,190.0,23.99195803
46,1,173.4,72.7,14.9,79.0,125,43.1,20.0,59,219.0,24.17888249
57,1,169.3,67.7,22.8,99.0,149,30.3,12.3,36,203.0,23.61972041
51,1,163.3,69.0,22.8,82.0,122,45.1,5.0,40,180.0,25.8747833
35,1,171.5,69.9,20.5,95.0,140,47.9,19.9,60,220.0,23.76560787
21,0,172.9,65.16,25.7,80.0,120,33.3,11.9,45,189.0,21.79671718
33,0,166.3,70.7,40.9,83.0,140,21.8,20.1,10,119.0,25.56435945
54,0,156.3,66.6,35.6,85.0,137,27.1,13.2,14,121.0,27.26190959
26,0,162.8,54.4,22.2,84.0,132,34.6,22.9,57,186.0,20.52532765
25,1,170.9,58.4,18.4,87.0,137,44.5,1.6,37,223.0,19.9953367
49,1,167.5,78.3,28.7,79.0,126,26.9,14.7,32,160.0,27.90822009
27,0,161.6,47.1,25.1,98.0,138,25.5,20.0,34,159.0,18.0359156
22,0,150.7,52.6,37.1,85.0,132,23.4,27.5,2,144.0,23.16110308
47,1,169.6,70.2,22.1,84.0,141,38.0,21.1,38,218.0,24.40537113
62,1,164.6,49.3,20.2,80.0,128,35.0,15.2,21,157.0,18.19647468
29,1,175.6,75.9,5.5,80.0,120,47.2,19.8,59,248.0,24.61459831
58,1,174.9,71.5,18.6,82.0,137,45.8,12.2,34,187.0,23.37364388
30,0,162.0,55.2,27.0,98.0,141,24.1,27.8,35,167.0,21.03337906
23,1,177.4,75.5,17.3,96.0,139,48.8,23.3,69,276.0,23.99052327
30,0,160.4,57.3,31.5,66.0,118,24.2,14.0,39,139.0,22.27131672
39,1,180.5,69.3,23.2,76.0,117,41.2,19.4,48,223.0,21.27055501
22,1,175.1,76.2,25.0,82.0,153,38.7,5.4,37,226.0,24.85322086
27,1,184.5,81.5,21.5,91.0,151,36.7,11.7,47,227.0,23.94224484
45,0,150.4,49.0,25.4,78.0,148,22.7,5.0,30,159.0,21.66209258
35,1,177.9,73.6,21.4,73.0,141,45.4,17.9,58,219.0,23.25551268
27,1,167.4,63.4,23.8,90.0,150,39.8,18.7,52,218.0,22.62446668
24,1,178.7,76.1,15.9,83.0,133,40.2,16.7,61,240.0,23.83063154
26,0,163.7,60.9,24.2,65.0,110,31.4,15.5,50,191.0,22.72583943
29,1,170.7,66.4,16.5,77.0,122,48.7,17.1,55,230.0,22.78772853
34,0,159.9,50.2,28.2,60.0,117,25.4,17.0,35,150.0,19.63390972
21,1,176.8,95.1,22.8,93.0,147,58.1,18.5,59,233.0,30.42397781
39,0,161.4,48.16,22.4,98.0,153,27.9,19.2,46,161.0,18.48755238
29,1,177.1,85.5,22.6,76.0,142,35.7,14.7,44,184.0,27.26019715
57,0,158.5,59.0,38.2,61.0,115,18.8,7.1,16,115.0,23.48515758
26,1,175.6,85.8,25.6,90.0,147,43.5,7.2,48,214.0,27.82519808
36,1,172.0,68.0,13.3,78.0,118,56.0,17.0,55,238.0,22.98539751
51,0,157.0,54.0,31.4,106.0,158,31.4,23.5,46,156.0,21.90758246
59,0,152.3,54.7,36.2,80.0,153,23.3,28.2,20,155.0,23.58237384
50,1,167.8,76.1,24.8,82.0,122,43.9,13.9,50,193.0,27.02718061
31,0,165.3,51.2,20.5,65.0,115,23.4,20.6,32,156.0,18.73804398
27,1,175.8,69.1,8.3,62.0,111,42.5,21.6,64,249.0,22.3583786
51,1,177.1,89.9,24.9,80.0,129,52.3,7.4,21,212.0,28.66306109
26,1,167.1,67.4,18.0,66.0,117,43.9,12.5,48,229.0,24.13831757
22,1,166.5,52.2,11.5,75.0,147,30.7,10.0,49,221.0,18.82964045
50,1,175.2,75.0,22.2,89.0,156,45.1,12.0,32,194.0,24.43391506
32,0,160.0,56.78,28.6,87.0,94,22.4,19.5,20,163.0,22.1796875
28,0,162.8,70.8,33.1,78.0,106,34.7,17.5,27,174.0,26.71311025
50,0,162.5,49.2,26.6,68.0,102,16.4,11.6,18,147.0,18.63195266
50,1,173.5,66.4,15.3,79.0,133,44.7,18.5,44,189.0,22.0581518
21,1,175.7,65.1,17.3,83.0,123,33.8,25.2,53,232.0,21.08810064
48,1,172.7,85.0,23.9,90.0,138,44.4,15.4,47,201.0,28.49930378
27,0,168.9,59.2,22.7,73.0,133,27.1,24.7,43,188.0,20.75211701
61,0,157.1,57.8,29.0,82.0,130,23.3,14.1,22,133.0,23.41938404
44,1,169.4,75.0,26.3,83.0,136,45.5,15.2,26,204.0,26.13571896
54,0,156.8,60.6,30.2,86.0,108,33.4,24.0,34,162.0,24.64793315
61,0,151.3,50.9,26.9,97.0,135,21.7,22.8,18,142.0,22.23514297
53,1,170.4,68.8,23.4,96.0,146,41.6,13.2,47,218.0,23.69459322
26,1,167.0,65.7,19.1,80.0,135,44.9,21.8,43,223.0,23.55767507
22,1,171.0,70.6,14.4,86.0,125,40.7,5.7,40,230.0,24.14418112
27,1,173.0,78.9,20.1,64.0,113,52.0,19.8,53,247.0,26.36239099
22,1,171.1,77.5,13.5,77.0,111,56.6,9.2,54,230.0,26.47291001
51,0,166.6,80.9,39.5,69.0,130,25.9,15.6,12,139.0,29.14731319
28,1,174.4,69.0,21.5,76.0,136,39.4,15.2,47,196.0,22.68590607
44,1,180.8,78.4,21.7,90.0,138,36.0,9.7,32,183.0,23.98386718
28,1,182.1,89.3,19.6,93.0,150,50.4,13.8,55,243.0,26.92970322
28,0,163.0,60.9,30.0,53.0,112,32.8,27.1,44,188.0,22.92144981
24,1,174.9,70.5,15.1,71.0,130,35.7,16.5,61,219.0,23.04673977
28,1,164.1,58.9,12.1,69.0,116,42.9,20.3,52,247.0,21.87248527
49,0,156.1,50.6,16.3,95.0,147,27.6,23.7,37,152.0,20.76561084
44,1,172.6,76.3,23.4,74.0,114,52.3,16.3,44,204.0,25.61196827
21,0,169.8,54.4,24.2,80.0,120,24.2,-9.6,27,123.0,18.86789835
51,1,173.0,65.9,15.1,61.0,139,42.6,11.4,38,197.0,22.01877777
24,1,174.3,70.8,15.0,77.0,136,45.6,6.6,52,215.0,23.30442992
47,0,158.2,55.9,27.14,96.0,141,26.8,6.3,19,129.0,22.33566306
27,1,168.7,67.68,19.4,59.0,126,43.7,17.6,61,209.0,23.78100394
25,0,176.0,76.0,35.8,86.0,124,38.7,10.2,40,179.0,24.53512397
61,1,174.5,80.76,28.1,78.0,119,43.7,15.7,33,204.0,26.52194974
25,0,168.1,53.6,15.1,70.0,125,30.9,23.8,46,204.0,18.96834163
56,0,151.3,50.0,32.4,75.0,122,21.4,19.5,16,140.0,21.8419872
29,1,183.7,92.5,27.0,82.0,121,57.4,11.0,55,230.0,27.41090788
37,1,173.3,66.0,16.5,68.0,119,42.0,12.2,39,229.0,21.97590708
30,1,172.2,79.18,28.3,80.0,122,50.8,8.4,49,197.0,26.70233273
51,0,155.0,57.2,33.5,74.0,111,21.0,11.7,24,132.0,23.80853278
26,1,170.9,67.5,12.7,98.0,151,43.4,15.1,52,247.0,23.11104842
28,1,177.5,74.7,14.6,94.0,134,57.5,25.2,70,242.0,23.70958143
38,1,177.0,69.7,15.7,68.0,103,43.0,13.6,45,210.0,22.24775767
63,1,178.3,100.6,34.9,73.0,138,42.6,8.9,3,135.0,31.64428552
23,0,158.8,53.2,18.4,59.0,102,27.7,14.4,44,178.0,21.09651099
38,0,169.7,69.1,33.4,86.0,134,25.9,18.5,30,139.0,23.99464687
25,1,173.4,72.32,18.7,80.0,128,45.8,12.0,52,229.0,24.05250044
29,1,171.5,75.36,27.1,88.0,156,42.5,21.9,51,217.0,25.62197724
22,1,184.7,84.9,9.0,81.0,133,50.9,24.0,57,226.0,24.88707745
25,1,172.9,70.2,14.6,77.0,149,51.8,13.0,54,212.0,23.4826511
58,1,168.5,80.0,24.3,76.0,140,36.4,14.5,5,133.0,28.17670315
25,0,164.7,55.5,20.65127,70.0,130,29.9,28.2,48,188.0,20.46000732
37,1,179.2,89.5,20.2,95.0,145,49.4,21.9,45,232.0,27.87064533
25,1,166.3,53.9,12.8,89.0,142,35.7,17.0,54,240.0,19.48966017
39,1,177.5,77.0,22.1,82.0,134,51.2,17.3,46,239.0,24.43959532
27,0,154.3,57.6,32.9,95.0,138,25.9,22.4,58,163.0,24.19305046
24,0,162.6,58.9,26.0,74.0,131,26.4,14.7,31,172.0,22.27789806
21,0,160.3,58.0,26.2,80.0,109,24.4,31.2,41,226.0,22.57152742
27,1,163.3,67.1,19.1,97.0,144,38.2,21.7,50,229.0,25.16228927
31,0,163.8,53.1,30.5,74.0,111,22.9,16.3,26,143.0,19.79095386
21,0,165.1,55.0,17.5,91.0,140,24.0,20.2,51,203.0,20.17755515
29,1,169.7,75.2,23.0,50.0,118,38.8,14.0,53,227.0,26.1128429
31,1,170.6,68.3,25.8,98.0,157,38.2,13.0,14,202.0,23.46727432
53,1,164.5,63.0,19.6,83.0,127,41.0,17.7,40,213.0,23.28138136
64,0,166.0,59.3,35.3,62.0,122,23.2,15.0,15,115.0,21.5198142
22,1,175.6,96.4,36.6,95.0,158,41.5,-0.4,34,159.0,31.26280997
60,1,171.3,65.3,19.3,73.0,141,33.1,11.5,34,164.0,22.25350663
25,0,161.7,61.3,32.3,99.0,131,26.9,24.1,29,183.0,23.44447083
24,0,164.1,59.3,24.4,72.0,118,32.5,21.0,51,173.0,22.02102507
28,1,175.0,93.0,24.7,54.0,139,47.6,14.2,56,220.0,30.36734694
42,1,177.4,58.7,12.4,67.0,129,36.7,12.3,39,207.0,18.65223465
25,0,159.2,51.0,31.0,60.0,101,22.0,15.7,30,135.0,20.12259791
48,1,182.3,82.5,20.6,78.0,136,47.2,10.3,43,210.0,24.82450579
27,0,170.0,63.8,29.3,62.0,103,24.9,16.9,38,160.0,22.07612457
60,0,161.0,63.2,28.2,70.0,124,33.1,21.0,39,127.0,24.38177539
31,0,164.0,52.4,24.9,84.0,117,25.9,18.0,34,170.0,19.48245092
51,1,170.8,70.1,24.1,85.0,122,38.9,18.4,41,213.0,24.0293645
38,0,166.2,60.4,23.2,63.0,125,22.7,26.6,28,151.0,21.86627973
42,1,168.7,68.5,27.7,91.0,156,36.5,10.2,44,203.0,24.06913076
27,1,171.2,73.1,19.3,60.0,113,56.9,8.4,45,209.0,24.94076994
22,0,161.3,57.8,32.5,60.0,107,23.4,8.2,9,115.0,22.21565404
23,1,168.6,74.3,18.3,77.0,135,47.4,8.1,57,220.0,26.13807942
33,1,173.3,76.2,18.4,76.0,126,39.8,12.5,47,231.0,25.37218363
40,1,180.1,82.4,15.1,88.0,130,54.7,20.0,50,210.0,25.40386441
24,1,172.5,62.1,23.3,80.0,118,32.0,0.0,34,180.0,20.86956522
25,1,168.6,65.6,18.9,74.0,106,47.1,12.9,60,202.0,23.07749677
38,0,168.5,75.8,20.7,85.0,126,34.1,23.1,46,191.0,26.69742623
40,1,170.5,74.7,25.8,76.0,128,43.1,20.5,50,225.0,25.69637344
25,1,178.7,83.4,19.7,82.0,127,53.2,15.9,55,227.0,26.11661853
31,1,171.1,71.8,16.3,73.0,133,51.0,12.5,53,201.0,24.52587018
37,0,159.4,53.8,19.9,65.0,110,26.7,21.1,22,142.0,21.17413324
38,1,167.6,61.8,16.9,64.0,121,46.8,5.9,40,198.0,22.00089997
22,1,171.3,67.0,9.6,63.0,114,38.5,6.6,48,217.0,22.83284754
44,1,155.7,52.2,20.9,88.0,158,37.5,17.5,48,226.0,21.53244159
45,1,171.5,68.76,19.0,82.0,138,42.7,21.7,44,212.0,23.37801426
52,1,174.6,66.7,19.6,82.0,122,37.0,-10.5,24,170.0,21.87949809
60,1,168.5,79.1,32.4,83.0,156,36.8,1.7,21,171.0,27.85971524
26,1,175.6,77.08,14.3,68.0,136,61.5,18.2,54,234.0,24.99727585
23,0,165.6,48.6,25.8,99.0,129,20.6,22.7,28,140.0,17.7221172
27,1,170.4,59.3,11.4,86.0,129,46.6,14.6,53,211.0,20.42281073
32,0,154.4,55.8,32.2,90.0,135,26.1,23.2,35,163.0,23.40666864
61,1,175.4,53.3,16.7,87.0,155,30.2,3.2,20,157.0,17.32479207
58,0,155.1,62.9,29.2,74.0,115,29.7,29.4,25,120.0,26.14731204
27,1,189.5,72.5,11.8,82.0,152,46.3,14.8,43,272.0,20.18922174
30,1,174.2,70.1,15.0,75.0,121,52.5,13.6,47,248.0,23.1005179
30,1,166.0,61.5,15.0,84.0,142,41.7,23.4,60,227.0,22.31818842
60,1,179.3,82.1,23.2,87.0,138,50.9,16.4,37,194.0,25.53774687
25,0,168.8,62.1,22.5,62.0,115,28.8,23.8,41,196.0,21.79449024
33,1,178.2,72.1,17.1,81.0,135,48.2,20.8,60,221.0,22.70491421
27,1,181.5,87.6,19.7,85.0,150,44.7,11.3,46,240.0,26.59199053
33,0,165.2,61.9,29.9,92.0,143,30.4,20.5,39,186.0,22.68143684
24,1,161.1,53.7,6.9,63.0,121,41.8,24.3,60,248.0,20.69108214
28,1,169.6,69.6,28.75584,95.0,144,40.6,13.0,43,202.0,24.19677821
28,1,185.0,84.6,14.4,81.0,156,57.9,12.1,55,213.0,24.71877283
37,1,177.8,88.6,29.5,88.0,134,43.6,10.1,47,204.0,28.02658667
24,0,163.1,51.5,23.6,67.0,111,27.2,21.2,36,182.0,19.35973048
62,0,156.5,61.3,40.2,87.0,136,27.5,18.5,11,119.0,25.02832529
21,1,173.0,83.4,28.6,81.0,126,32.2,-3.4,38,223.0,27.86594941
26,0,161.0,62.8,35.0,90.0,146,25.4,30.4,26,170.0,24.22746036
42,1,172.1,65.74,22.3,77.0,130,36.3,3.7,26,214.0,22.19565466
43,1,180.7,80.1,21.6,80.0,130,42.9,-0.7,50,214.0,24.53105414
30,0,168.6,56.2,23.3,89.0,139,28.2,13.8,49,174.0,19.77066034
25,0,166.1,62.5,31.2,70.0,113,23.8,14.0,32,149.0,22.65378385
42,1,176.0,84.6,17.4,81.0,122,55.5,12.7,43,223.0,27.31146694
22,1,182.0,84.0,17.1,80.0,130,52.3,8.1,57,261.0,25.35925613
24,1,167.9,58.8,13.9,83.0,125,40.3,1.0,38,225.0,20.85815708
61,0,152.4,59.1,35.3,99.0,158,20.5,20.8,23,122.0,25.44588423
42,1,171.7,70.5,21.1,86.0,144,47.7,16.5,47,216.0,23.91379636
28,1,175.5,86.8,34.4,91.0,148,44.2,9.0,56,167.0,28.18158944
52,1,170.8,67.9,21.5,82.0,137,44.2,9.4,32,210.0,23.27523323
37,1,165.6,62.38,10.5,83.0,149,42.9,23.6,49,221.0,22.74703027
31,1,174.2,83.3,13.3,74.0,123,55.2,18.4,58,247.0,27.45040144
57,0,148.0,52.1,35.0,80.0,127,19.9,17.7,17,113.0,23.78560993
30,1,180.0,83.6,13.4,99.0,145,49.0,17.0,51,264.0,25.80246914
41,1,178.3,75.4,11.3,90.0,150,44.1,19.3,63,241.0,23.71748636
22,1,166.0,61.9,11.3,79.0,127,39.2,0.1,50,218.0,22.46334737
43,1,168.9,76.2,23.7,91.0,141,41.5,12.8,34,201.0,26.71133981
31,1,177.2,101.1,32.0,99.0,155,45.0,9.5,42,213.0,32.19761629
22,1,176.0,76.7,23.5,72.0,125,37.2,17.0,57,241.0,24.76110537
23,1,171.5,92.2,33.4,88.0,107,46.9,21.8,30,222.0,31.34748277
22,1,185.1,81.3,14.1,89.0,159,53.7,9.2,54,257.0,23.72890557
46,1,173.2,74.0,25.5,93.0,151,40.0,12.2,44,193.0,24.66811386
44,1,185.6,87.1,19.5,99.0,159,51.6,14.2,41,225.0,25.28495652
64,1,169.8,69.2,18.5,70.0,130,53.2,27.1,51,214.0,24.00107658
44,0,167.8,63.8,24.3,63.0,117,29.1,14.8,43,170.0,22.65879268
48,1,174.0,72.7,18.8,83.0,122,40.2,16.3,46,193.0,24.01241908
50,0,156.7,47.9,28.8,74.0,109,22.8,13.4,13,152.0,19.50731606
62,1,171.0,70.1,19.1,86.0,146,35.8,10.0,49,176.0,23.97318833
22,0,162.4,46.9,16.8,76.0,125,27.6,15.4,38,163.0,17.78282657
21,1,181.2,70.0,14.4,90.0,144,42.5,15.8,57,217.0,21.31972769
26,0,161.9,53.9,20.7,68.0,110,30.3,26.0,40,173.0,20.56340683
60,0,156.5,55.1,35.6,67.0,108,23.8,27.3,20,124.0,22.49691229
24,1,170.4,72.2,14.9,73.0,131,51.0,14.5,40,250.0,24.86554696
22,1,171.1,75.0,20.2,71.0,150,39.3,8.2,51,223.0,25.61894518
40,1,169.9,60.0,12.0,69.0,131,41.2,15.7,53,227.0,20.78569224
46,1,170.6,86.3,31.5,96.0,154,33.0,2.1,17,151.0,29.6519147
24,1,179.7,73.8,15.4,84.0,146,55.8,19.2,50,234.0,22.85389394
23,0,158.0,45.0,20.9,80.0,125,27.8,17.5,49,150.0,18.02595738
34,1,175.6,73.1,17.6,74.0,125,52.2,8.4,50,239.0,23.70654988
64,1,172.8,77.1,27.5,89.0,134,43.7,21.1,25,187.0,25.820634
36,1,169.0,77.0,30.0,80.0,120,34.3,5.3,36,189.0,26.95984034
50,1,178.3,85.7,30.3,88.0,149,54.8,25.8,52,234.0,26.95740824
52,0,157.0,56.8,29.6,54.0,102,22.6,14.9,17,134.0,23.04353118
21,1,167.4,74.9,16.4,77.0,139,44.9,21.6,63,252.0,26.72827373
64,0,164.8,70.5,33.1,75.0,151,27.0,17.0,22,120.0,25.95820765
34,0,157.3,52.5,24.8,97.0,137,27.9,27.0,51,159.0,21.21787361
30,1,165.2,62.5,12.1,80.0,120,31.5,12.6,58,247.0,22.90128921
24,1,169.4,67.3,16.6,81.0,145,48.0,14.2,58,219.0,23.45245181
23,1,170.7,68.08,23.3,84.0,113,33.3,1.6,44,208.0,23.36428552
62,0,155.0,50.7,31.1,90.0,141,23.0,28.3,11,150.0,21.10301769
55,0,154.7,43.2,19.6,78.0,139,23.3,18.1,39,155.0,18.05107703
57,1,174.1,68.9,18.0,71.0,108,40.3,14.1,42,207.0,22.73116423
32,1,163.5,70.4,25.6,86.0,132,34.8,15.7,46,196.0,26.33523179
42,0,157.0,76.8,41.2,96.0,136,26.1,12.1,14,113.0,31.15745061
23,1,179.3,82.3,22.1,89.0,139,48.5,18.7,53,257.0,25.59995819
40,0,160.4,78.1,35.5,82.0,119,34.3,18.0,41,170.0,30.35584356
54,1,174.9,76.8,20.6,98.0,152,47.9,12.6,36,220.0,25.10623566
58,0,153.4,54.76,28.5,72.0,129,24.3,20.3,33,150.0,23.27087537
27,1,172.4,83.0,20.2,99.0,153,0.0,17.2,56,261.0,27.92566793
28,1,174.6,74.7,25.4,78.0,116,42.9,15.8,50,236.0,24.50372575
55,1,171.1,76.4,24.2,78.0,135,41.2,-0.2,35,183.0,26.09716549
24,0,172.4,65.16,29.3,65.0,115,32.6,19.8,40,177.0,21.92333159
34,1,169.9,74.7,15.1,83.0,138,50.1,19.0,78,250.0,25.87818684
23,1,173.3,65.7,10.9,75.0,108,37.8,20.0,53,233.0,21.87601659
24,0,159.8,48.8,18.2,77.0,117,31.2,29.2,45,192.0,19.11024575
38,1,175.4,76.9,22.1,94.0,139,41.4,15.9,52,220.0,24.99580695
38,0,169.8,58.8,26.0,82.0,123,25.4,19.0,26,128.0,20.39397837
22,1,167.4,62.5,20.1,65.0,118,40.5,13.8,59,203.0,22.30329918
23,0,164.3,52.5,31.3,63.0,108,29.4,26.7,52,195.0,19.44841336
22,1,180.6,80.0,25.2,70.0,142,35.6,20.4,49,221.0,24.52756837
25,0,162.6,52.0,23.9,90.0,140,21.6,21.9,35,136.0,19.66809336
56,0,153.7,47.3,29.1,57.0,107,24.8,23.0,13,125.0,20.02227425
22,0,157.5,57.4,31.4,63.0,127,26.3,16.1,41,191.0,23.13932981
22,0,162.3,64.6,27.5,72.0,101,34.5,23.9,41,200.0,24.52423553
42,0,155.2,52.5,25.8,61.0,101,28.7,20.9,27,155.0,21.79595334
26,0,165.8,63.5,34.0,75.0,133,27.5,15.2,28,157.0,23.09961134
23,0,178.4,75.5,34.6,63.0,121,29.6,12.6,51,183.0,23.722325
30,0,172.8,68.7,27.3,72.0,121,33.1,32.2,36,165.0,23.007491
46,0,153.1,64.8,35.2,94.0,144,23.7,9.7,20,142.0,27.64551117
33,1,172.5,70.9,17.4,70.0,137,46.3,10.1,49,215.0,23.82692712
24,1,173.8,70.0,13.2,78.0,122,45.1,24.2,49,235.0,23.17386624
41,0,154.2,46.5,23.8,99.0,138,22.3,19.0,36,142.0,19.55618808
51,1,173.8,68.7,17.8,91.0,138,38.3,11.2,38,223.0,22.74349443
60,0,155.6,53.9,32.7,73.0,133,21.0,18.9,19,127.0,22.26227688
35,1,168.9,63.6,17.3,83.0,120,38.9,18.2,54,227.0,22.29450409
23,1,178.4,75.4,13.0,66.0,111,55.7,20.0,52,248.0,23.6909047
21,1,172.8,67.9,13.8,73.0,116,50.0,25.1,69,245.0,22.73957262
35,0,163.8,63.5,26.6,63.0,100,36.1,22.6,48,205.0,23.66714821
22,0,149.8,50.8,33.8,69.0,126,20.5,19.9,25,133.0,22.63810581
59,0,161.9,59.6,34.4,71.0,130,27.5,17.8,20,151.0,22.73801571
50,0,157.1,64.6,36.9,70.0,111,23.1,18.7,6,129.0,26.17460569
32,0,158.9,49.2,21.8,71.0,118,24.3,30.5,42,202.0,19.48575817
36,1,174.1,68.2,15.8,97.0,157,43.7,20.3,48,219.0,22.50022352
39,1,171.8,75.3,18.4,73.0,130,47.4,12.0,45,237.0,25.51224384
28,1,175.1,79.7,27.1,68.0,111,34.2,13.8,50,218.0,25.994773
22,1,176.7,76.2,16.6,94.0,157,44.8,11.7,51,165.0,24.40517197
64,0,156.6,58.2,34.3,69.0,115,21.0,12.5,0,73.0,23.73228031
39,0,158.5,57.1,28.9,65.0,130,28.0,20.1,21,139.0,22.72885589
60,0,162.8,54.4,24.6,86.0,128,26.0,25.0,33,95.0,20.52532765
23,1,180.7,76.0,11.7,78.0,117,54.2,17.1,60,239.0,23.27540717
23,0,156.0,55.1,16.8,80.0,120,35.3,15.3,30,166.0,22.64135437
24,1,172.1,72.4,16.1,83.0,155,42.5,7.7,57,234.0,24.44425612
61,0,148.6,54.4,34.2,90.0,141,23.3,19.1,29,130.0,24.63549431
51,0,159.6,74.6,44.8,81.0,130,26.6,20.7,13,114.0,29.28687634
30,1,171.2,69.3,22.9,94.0,135,36.5,-2.7,38,160.0,23.64425932
40,1,175.2,80.3,21.6,82.0,123,53.7,15.1,57,222.0,26.16057839
22,1,158.7,57.7,16.4,69.0,132,45.7,11.1,53,226.0,22.90983491
24,1,178.5,84.4,23.1,67.0,128,47.5,17.0,47,250.0,26.48902698
23,1,177.2,68.5,20.5,78.0,138,49.7,8.8,35,193.0,21.81539779
27,1,174.2,71.7,15.2,89.0,133,48.4,18.3,53,226.0,23.62777651
21,0,164.1,52.4,31.7,68.0,114,20.7,1.7,15,160.0,19.45871355
31,0,151.0,48.3,22.8,78.0,111,28.1,21.7,34,158.0,21.18328144
21,1,165.0,61.9,18.4,82.0,114,35.8,15.3,60,250.0,22.73645546
24,0,155.5,64.4,34.8,60.0,109,24.7,16.7,43,174.0,26.63330611
25,1,172.9,85.3,19.3,87.0,149,48.8,14.8,60,186.0,28.53376267
26,0,164.9,67.4,36.9,62.0,112,25.6,19.7,26,161.0,24.78669286
29,0,161.8,63.2,29.6,76.0,122,35.2,26.8,56,224.0,24.14126613
21,1,169.9,65.44,23.1,84.0,141,36.7,-1.6,45,183.0,22.67026167
21,0,166.6,64.9,30.7,84.0,141,28.8,23.4,61,182.0,23.38270242
59,0,148.2,53.3,37.4,84.0,133,20.3,14.0,9,94.0,24.26782205
22,1,179.6,66.3,11.1,81.0,134,41.7,16.8,61,233.0,20.55421352
22,1,164.4,63.5,14.0,63.0,101,32.7,17.4,61,228.0,23.49471055
24,1,187.6,81.22,16.0,78.0,133,60.6,16.5,52,235.0,23.07795473
52,0,159.3,54.4,24.0,74.0,126,27.1,22.8,22,156.0,21.43716487
43,1,177.1,81.1,27.7,84.0,135,34.4,12.7,45,193.0,25.8573332
25,1,176.7,68.9,18.6,90.0,134,41.6,14.2,52,195.0,22.06714369
27,0,168.5,49.44,15.9,70.0,116,25.2,21.4,47,182.0,17.41320255
38,0,149.1,60.96,40.4,66.0,106,22.5,8.7,7,139.0,27.421403
29,1,169.3,63.1,22.8,83.0,130,44.1,5.3,53,191.0,22.01483542
52,1,176.4,73.1,18.2,66.0,116,44.6,18.9,53,229.0,23.49201207
28,1,175.3,82.8,23.0,92.0,147,45.9,14.6,62,205.0,26.94427514
51,1,167.8,65.8,15.8,78.0,127,40.1,10.6,34,216.0,23.36909966
26,0,164.1,58.1,20.5,76.0,136,28.5,20.3,50,183.0,21.57540567
29,1,171.1,73.2,14.6,91.0,143,52.6,29.8,61,261.0,25.00409049
60,0,157.5,47.4,25.1,71.0,137,20.4,20.9,13,147.0,19.10808768
26,1,173.3,77.4,17.3,83.0,118,52.1,21.8,58,261.0,25.77174558
28,1,171.0,66.3,20.5,90.0,145,46.6,20.6,55,239.0,22.67364317
37,0,160.7,46.7,22.8,73.0,123,21.2,24.2,45,164.0,18.08360978
25,1,171.8,66.8,14.9,82.0,141,41.6,10.0,51,220.0,22.63237568
46,0,154.4,57.4,35.8,99.0,155,21.1,21.4,20,158.0,24.07782759
22,1,180.3,73.6,27.0,83.0,123,37.7,-2.0,41,163.0,22.6405181
64,0,149.8,64.6,43.6,76.0,146,16.9,12.8,2,83.0,28.78782747
50,0,161.7,58.5,19.3,89.0,147,30.9,24.9,33,161.0,22.37359778
27,1,176.4,76.2,20.9,83.0,131,49.4,2.3,58,217.0,24.48825335
21,0,170.3,62.8,29.6,78.0,130,28.3,27.1,30,188.0,21.65361186
30,1,180.6,75.7,12.3,89.0,145,47.4,21.2,57,233.0,23.20921157
30,1,173.0,76.6,18.9,72.0,137,47.1,7.6,61,201.0,25.59390558
37,1,173.2,98.5,35.3,75.0,144,47.9,-4.1,24,201.0,32.83525967
25,1,168.5,74.1,23.0,79.0,120,45.4,16.2,50,204.0,26.09867129
21,1,165.3,65.8,18.5,74.0,114,36.5,17.8,63,243.0,24.08131433
29,0,157.2,47.9,22.7,66.0,113,28.6,19.5,40,157.0,19.38342106
22,1,179.9,72.4,12.7,73.0,128,44.5,14.5,57,234.0,22.37052825
21,0,164.9,54.58,23.2,78.0,114,22.8,33.3,30,184.0,20.07207264
47,1,186.2,96.4,29.4,77.0,132,50.1,2.4,32,204.0,27.80466588
50,1,172.7,73.0,20.3,80.0,122,44.7,16.2,36,208.0,24.47587266
38,0,168.5,63.2,28.3,97.0,129,30.0,25.9,28,168.0,22.25959549
25,1,185.1,87.2,16.9,92.0,159,45.8,15.4,55,196.0,25.45092947
48,1,174.3,76.8,20.7,98.0,156,41.0,20.1,49,243.0,25.2793816
21,0,162.6,60.8,36.5,86.0,134,28.2,17.1,34,150.0,22.99653993
22,0,172.5,60.7,22.6,49.0,102,32.0,25.6,57,214.0,20.39907582
24,1,177.6,78.9,24.8,84.0,115,40.1,16.6,46,255.0,25.01445702
24,0,166.6,51.3,19.43861,72.0,118,26.9,19.2,42,184.0,18.48278327
27,1,180.2,79.9,16.5,86.0,129,46.9,11.0,50,245.0,24.60578393
52,0,149.4,53.3,36.1,82.0,144,20.4,22.7,15,111.0,23.87954316
62,1,173.6,81.1,23.9,82.0,143,47.3,14.8,38,202.0,26.91047803
47,0,160.2,52.8,24.6,65.0,127,24.9,22.1,28,165.0,20.57353402
26,1,177.2,67.98,14.4,85.0,132,44.2,17.1,54,189.0,21.64979185
23,1,167.4,57.5,14.2,94.0,148,39.7,17.1,58,231.0,20.51903524
58,0,154.1,60.2,37.4,80.0,158,29.1,21.5,8,115.0,25.35077343
38,1,174.6,65.4,13.8,84.0,147,54.1,19.0,47,226.0,21.4530611
60,1,165.4,64.3,18.7,84.0,157,33.8,12.2,43,181.0,23.50390172
37,0,163.9,67.0,30.0,54.0,106,27.9,6.0,24,180.0,24.94117419
32,1,173.9,78.4,10.7,80.0,133,59.9,20.36,53,266.0,25.92488859
51,0,156.4,63.0,37.8,69.0,100,20.0,15.4,25,144.0,25.75532604
25,1,176.4,96.96,29.4,93.0,152,43.2,11.9,42,214.0,31.15985623
22,1,170.4,68.7,14.4,65.0,112,33.6,17.8,59,240.0,23.66015341
25,0,168.0,64.5,30.9,44.0,113,31.6,17.3,33,182.0,22.85289116
23,1,170.5,56.14,14.1,65.0,113,38.0,15.6,56,217.0,19.31183942
30,1,169.8,73.8,19.5,98.0,159,47.3,17.7,54,252.0,25.59652387
39,1,184.3,95.0,31.9,96.0,138,42.2,6.4,32,213.0,27.96874213
58,0,159.2,48.2,21.4,74.0,105,30.3,23.0,49,189.0,19.01782783
28,0,173.4,66.3,24.5,81.0,125,31.3,26.3,29,157.0,22.05034263
23,1,169.5,74.0,24.8,74.0,134,46.1,18.4,46,222.0,25.75682425
60,1,173.0,76.5,24.6,92.0,158,44.2,19.6,38,200.0,25.56049317
47,1,183.3,84.1,18.2,99.0,154,58.2,15.8,49,210.0,25.03058881
22,0,157.3,49.7,23.7,65.0,111,24.5,17.5,31,161.0,20.08625369
61,0,146.5,56.16,37.3,89.0,152,26.9,23.5,12,118.0,26.1668744
47,1,169.4,83.0,28.7,94.0,140,51.1,13.8,45,201.0,28.92352898
62,1,175.5,72.4,14.6,83.0,134,39.4,11.7,42,188.0,23.50630271
34,1,177.8,76.4,28.9,82.0,130,41.1,5.3,38,194.0,24.16739527
41,0,155.2,45.6,18.0,76.0,121,24.8,28.2,40,161.0,18.93134233
24,1,173.9,64.0,15.2,79.0,121,42.0,22.0,55,252.0,21.16317436
61,1,160.0,61.2,17.8,91.0,147,40.5,19.1,45,194.0,23.90625
57,0,162.3,66.4,35.1,73.0,135,25.0,13.9,9,142.0,25.20757336
49,1,168.8,73.3,14.7,95.0,132,45.9,15.4,44,203.0,25.72521956
22,0,157.2,58.9,33.2,64.0,122,22.2,9.0,31,159.0,23.83472862
24,0,167.5,58.5,26.4,95.0,133,36.1,29.1,41,209.0,20.85096904
22,0,161.8,52.4,20.3,70.0,125,26.9,25.6,67,192.0,20.0158599
60,1,159.1,70.6,30.8,95.0,142,34.2,6.8,30,180.0,27.89101645
43,1,171.3,65.76,22.9,73.0,115,31.7,13.4,50,198.0,22.41026947
52,0,156.8,58.8,32.1,55.0,113,23.5,25.4,29,171.0,23.91581633
31,1,175.0,95.7,36.6,81.0,128,52.6,6.5,42,204.0,31.24897959
37,0,171.7,67.6,31.3,91.0,138,30.7,27.5,48,185.0,22.93010828
37,0,160.7,49.4,24.6,80.0,119,25.0,24.4,40,161.0,19.12912898
40,1,165.9,73.8,13.1,73.0,135,51.9,26.0,55,212.0,26.81412254
22,0,149.9,47.2,32.5,69.0,108,20.5,9.9,21,124.0,21.00577614
58,1,174.5,83.4,22.0,77.0,157,45.7,19.5,39,170.0,27.38893769
57,1,164.3,76.9,35.2,71.0,119,20.0,-12.6,10,152.0,28.487295
30,1,174.3,77.86,24.9,77.0,122,49.5,12.4,55,213.0,25.62828973
21,0,163.2,75.8,35.8,79.0,148,31.6,14.2,31,158.0,28.45960688
23,1,172.7,77.0,18.0,83.0,136,43.0,18.1,47,233.0,25.81701636
23,0,156.9,52.5,34.6,92.0,136,21.4,14.9,19,145.0,21.32619698
37,1,170.0,83.6,20.8,97.0,159,62.3,25.3,57,224.0,28.92733564
27,1,168.2,72.5,19.8,73.0,132,39.6,6.6,51,255.0,25.62630694
22,1,176.8,84.8,28.5,71.0,141,42.7,6.5,39,183.0,27.12884667
50,0,159.3,60.4,30.2,81.0,117,22.0,21.4,21,142.0,23.80155806
25,1,182.0,93.5,22.1,94.0,145,53.1,21.2,47,192.0,28.22726724
32,0,157.6,49.44,22.3,74.0,120,32.4,15.5,40,125.0,19.90517663
34,1,158.3,64.1,25.5,92.0,158,40.0,18.5,47,204.0,25.57974435
24,0,158.3,52.3,32.8,72.0,120,26.6,18.0,43,170.0,20.87083666
46,1,172.9,73.4,19.1,83.0,130,30.5,-1.1,18,211.0,24.55308534
54,0,155.9,53.2,38.7,85.0,120,15.6,13.8,5,118.0,21.88867142
60,1,168.3,68.0,23.2,63.0,127,36.1,5.1,23,174.0,24.00715413
55,0,154.0,54.5,30.3,83.0,126,28.7,15.5,24,174.0,22.98026649
62,1,175.0,68.0,22.6,75.0,123,46.0,2.8,33,194.0,22.20408163
21,0,166.5,50.4,21.4,66.0,100,30.2,19.1,33,174.0,18.1803425
36,1,176.6,86.7,29.8,87.0,137,34.3,-1.2,43,192.0,27.79954572
23,1,167.9,66.3,23.1,73.0,151,35.2,16.2,50,219.0,23.5186363
22,1,170.8,86.9,29.4,89.0,155,41.2,9.4,48,199.0,29.78818509
62,1,169.0,70.7,30.5,96.0,146,39.3,4.0,43,131.0,24.75403522
26,1,166.3,67.2,22.4,75.0,137,45.5,16.8,49,241.0,24.2987971
57,1,167.7,73.8,20.5,78.0,131,28.9,-4.5,27,139.0,26.24159549
44,1,178.6,91.2,30.5,95.0,157,53.8,12.4,48,208.0,28.59117009
24,1,172.5,65.4,17.4,75.0,137,47.3,21.3,57,200.0,21.97857593
49,1,173.2,76.1,28.4,97.0,153,39.1,-14.0,2,149.0,25.36815493
57,1,171.0,78.1,29.1,98.0,152,36.2,10.5,17,163.0,26.70907288
59,0,161.9,56.1,22.9,71.0,133,32.8,23.7,32,147.0,21.40272955
37,1,167.4,84.5,35.4,82.0,108,38.8,2.0,36,200.0,30.15406049
25,1,171.0,77.4,22.0,84.0,151,44.1,17.4,49,223.0,26.46968298
51,1,168.2,73.1,24.4,61.0,144,41.1,7.6,36,213.0,25.83838672
25,1,176.1,77.1,17.0,77.0,133,52.8,14.6,55,224.0,24.86197733
46,0,153.0,57.5,36.3,82.0,126,25.5,20.4,25,145.0,24.56320219
30,1,171.5,85.1,30.2,82.0,146,41.0,7.3,52,192.0,28.9335226
23,0,162.7,54.4,26.9,73.0,122,31.5,24.4,48,140.0,20.55056629
25,1,176.4,84.7,19.3,80.0,133,57.5,10.2,51,228.0,27.21988266
57,0,156.8,54.2,25.5,60.0,123,27.2,20.9,24,130.0,22.0448511
30,1,170.2,69.6,16.4,86.0,130,44.7,9.7,45,191.0,24.02647884
23,0,157.5,47.1,20.1,72.0,141,29.8,16.4,40,186.0,18.98715042
58,1,163.0,57.5,9.963,94.0,138,39.5,22.9,48,180.0,21.64176296
44,1,169.5,66.48,23.9,93.0,134,41.9,8.9,36,202.0,23.139374
27,0,162.0,63.1,20.3,67.0,127,29.3,26.9,50,185.0,24.04359092
22,0,163.8,54.2,28.4,96.0,151,23.6,19.4,41,155.0,20.20093595
47,0,158.0,55.6,23.3,94.0,139,28.9,22.9,52,191.0,22.27207178
59,0,163.1,61.4,35.3,80.0,136,29.1,24.0,28,152.0,23.08130974
21,0,167.9,63.2,35.3,91.0,156,31.2,20.6,40,168.0,22.41897156
28,1,178.0,69.9,11.1,74.0,128,47.6,23.0,60,267.0,22.06160838
30,1,186.1,93.6,28.7,73.0,128,46.1,6.9,30,186.0,27.02608277
31,1,172.5,72.0,18.5,77.0,120,40.6,23.4,56,226.0,24.19659735
31,1,168.3,73.0,27.2,87.0,152,36.3,10.03,46,229.0,25.77238605
55,0,156.1,56.02,32.6,72.0,117,27.9,16.8,20,119.0,22.98991144
31,0,157.0,49.3,22.4,61.0,100,26.9,22.4,40,171.0,20.00081139
25,0,160.9,63.0,33.0,69.0,98,24.2,19.7,32,175.0,24.3348381
58,0,157.5,48.6,19.3,57.0,105,22.2,22.7,11,151.0,19.59183673
21,0,150.3,52.0,34.2,76.0,120,24.7,22.0,46,166.0,23.01894326
22,0,156.0,53.0,30.1,69.0,112,25.8,17.4,50,183.0,21.77843524
24,1,173.3,80.7,23.6,89.0,139,49.2,19.6,60,237.0,26.87054093
27,1,175.1,82.7,23.1,80.0,136,41.7,19.2,62,240.0,26.97324626
63,1,168.7,67.6,20.9,98.0,158,42.5,21.3,35,184.0,23.75289401
22,0,160.1,55.1,26.9,59.0,110,30.3,19.8,58,171.0,21.4965584
54,1,170.5,72.3,24.5,87.0,156,36.4,13.8,41,180.0,24.87078714
38,1,183.4,87.3,20.7,79.0,139,54.8,23.6,57,240.0,25.95467416
51,1,174.5,92.2,34.0,96.0,139,42.3,-4.4,32,157.0,30.27889755
37,1,173.0,72.0,25.9,89.0,148,44.0,18.9,52,243.0,24.05693475
26,1,170.9,78.6,17.4,87.0,136,38.6,-6.4,54,181.0,26.91153193
32,1,172.2,70.5,20.2,76.0,127,50.2,15.7,46,207.0,23.77512576
64,0,157.4,52.3,23.8,79.0,117,22.4,22.4,31,143.0,21.11019441
50,0,161.1,57.3,30.0,63.0,100,18.1,18.8,8,136.0,22.0781938
31,1,170.3,76.3,16.3,81.0,138,37.3,11.6,41,212.0,26.3084488
28,0,158.0,51.9,26.3,90.0,135,24.1,30.9,70,191.0,20.78993751
22,1,184.6,76.8,15.3,78.0,131,44.1,16.2,57,229.0,22.53708936
26,1,172.3,71.6,23.5,60.0,125,40.6,10.3,33,181.0,24.11806534
22,1,176.3,66.2,14.7,86.0,123,46.8,16.5,57,211.0,21.29871317
29,1,178.2,83.1,17.6,72.0,120,46.4,15.0,57,188.0,26.16890945
21,0,166.3,60.1,28.0,63.0,101,24.7,18.6,32,170.0,21.73151348
37,1,175.5,81.1,22.0,78.0,126,43.8,14.4,45,229.0,26.33095511
59,0,143.7,54.6,36.6,81.0,156,19.6,21.2,20,120.0,26.4410749
25,0,161.5,48.5,29.3,65.0,118,19.9,8.8,45,182.0,18.59502152
29,1,182.0,80.2,24.0,80.0,135,52.5,8.8,52,185.0,24.21205168
31,0,162.3,46.2,26.2,97.0,131,21.6,14.0,39,163.0,17.53900435
26,1,171.9,65.2,12.3,71.0,121,44.9,23.0,59,226.0,22.06458901
25,1,171.4,74.1,17.9,74.0,118,48.7,18.9,53,224.0,25.2229903
64,0,151.0,55.3,29.7,81.0,124,28.3,22.0,25,110.0,24.25332222
50,1,165.2,67.0,28.4,96.0,143,39.0,13.3,38,205.0,24.55018204
29,1,179.0,96.9,24.0,89.0,145,34.6,7.6,59,180.0,30.24250179
21,0,167.0,61.9,26.1,77.0,110,25.1,14.9,56,177.0,22.1951307
22,0,163.0,51.5,23.7,82.0,139,28.0,28.0,34,164.0,19.38349204
24,1,176.1,73.5,22.0,71.0,126,48.4,23.9,61,219.0,23.70110679
28,0,160.9,62.4,34.9,73.0,121,23.9,10.1,43,163.0,24.10307774
21,0,172.1,59.2,21.6,61.0,100,30.6,21.0,53,182.0,19.98756854
29,0,159.0,49.5,33.0,69.0,114,22.3,21.1,34,162.0,19.57992168
25,0,166.1,54.5,29.0,74.0,119,25.2,22.4,42,168.0,19.75409952
22,1,165.1,60.1,12.2,64.0,115,28.6,16.1,58,243.0,22.04856481
49,1,170.8,71.5,22.6,84.0,141,41.5,14.0,30,214.0,24.50926622
24,0,162.7,53.7,31.3,68.0,121,21.2,18.4,24,155.0,20.28612886
36,1,159.0,51.5,24.6,67.0,111,21.2,14.0,26,129.0,20.37102963
39,1,170.7,108.8,35.3,68.0,123,50.8,12.8,35,199.0,37.33892868
29,0,161.5,59.0,28.1,85.0,142,30.4,25.0,40,174.0,22.62074783
47,0,162.8,55.1,26.8,78.0,120,25.1,16.1,1,112.0,20.78944032
46,0,164.0,59.14,31.1,76.0,118,22.1,13.1,20,155.0,21.98839976
51,1,170.2,86.8,26.4,75.0,123,43.9,16.4,32,223.0,29.96405694
64,0,154.4,48.2,29.6,69.0,140,23.2,8.8,30,160.0,20.21866359
43,0,166.7,55.4,22.7,72.0,125,30.3,27.4,32,163.0,19.93602479
62,1,164.4,60.98,16.1,80.0,120,39.1,12.6,30,181.0,22.56232203
50,1,166.4,84.0,32.3,76.0,128,36.1,2.4,30,153.0,30.33700074
34,1,174.0,73.7,21.2,73.0,140,39.3,11.3,51,191.0,24.3427137
31,0,158.9,56.7,22.0,83.0,119,24.7,20.2,52,174.0,22.45614813
27,1,171.5,68.8,16.0,75.0,120,44.5,7.5,55,255.0,23.39161404
26,0,156.5,45.6,19.7,70.0,104,24.5,20.6,51,176.0,18.61813431
46,1,174.5,67.5,14.0,65.0,114,41.9,15.0,40,227.0,22.16730569
32,1,173.0,74.7,12.0,84.0,122,53.8,23.0,76,274.0,24.9590698
22,0,160.2,47.7,17.2,80.0,120,36.7,25.4,45,224.0,18.58631766
31,1,172.0,78.5,17.1,80.0,130,51.3,15.3,60,250.0,26.5346133
23,1,175.1,69.9,15.7,75.0,128,41.3,10.4,58,227.0,22.79842701
50,0,161.5,52.0,17.9,42.0,82,24.5,30.2,25,163.0,19.93693029
28,1,171.0,74.6,25.2,83.0,143,42.4,8.0,52,213.0,25.51212339
23,1,178.2,73.6,15.0,87.0,147,46.6,14.9,34,241.0,23.1772772
62,1,170.2,63.8,18.2,69.0,131,41.3,12.4,33,201.0,22.02427227
63,1,157.0,67.8,21.2,88.0,156,40.2,14.8,49,191.0,27.50618686
57,1,162.7,74.5,24.9,92.0,155,31.9,7.8,24,169.0,28.14369832
30,1,172.5,73.0,16.9,88.0,154,44.5,25.1,63,226.0,24.53266121
30,1,175.4,67.4,12.8,85.0,140,45.2,16.0,61,234.0,21.90789841
50,0,167.6,61.5,25.1,88.0,141,26.3,19.2,34,159.0,21.89409949
22,0,166.0,59.4,28.4,83.0,122,30.1,12.2,44,161.0,21.55610393
52,1,170.0,75.5,30.4,77.0,127,39.6,10.2,29,186.0,26.12456747
39,0,164.1,52.8,29.0,60.0,110,21.0,25.8,33,159.0,19.60725335
23,0,159.6,44.8,22.8,76.0,138,25.3,22.6,52,166.0,17.58782922
53,0,166.2,56.1,32.7,77.0,121,24.9,19.6,31,137.0,20.30957439
29,1,180.1,72.4,13.8,91.0,155,48.4,15.2,52,223.0,22.32087116
62,0,156.3,67.28,41.6,99.0,159,25.0,-1.5,0,129.0,27.54025941
43,1,172.8,73.1,22.5,97.0,139,37.0,-1.2,24,156.0,24.4810421
44,1,176.1,74.4,21.7,76.0,123,49.4,16.9,47,225.0,23.99132443
23,0,175.1,70.8,34.2,93.0,136,31.3,24.4,40,179.0,23.09196899
21,0,162.8,53.9,27.5,71.0,118,22.5,20.8,39,190.0,20.33667574
47,1,171.9,73.2,17.9,81.0,145,47.8,14.7,50,193.0,24.77190054
21,1,168.3,72.7,20.1,90.0,133,48.1,13.1,44,218.0,25.66647214
26,1,175.2,85.3,14.7,91.0,156,61.3,20.5,57,266.0,27.78950606
22,0,164.4,57.7,27.7,80.0,120,31.3,21.2,43,180.0,21.34873698
26,1,164.1,63.4,15.2,58.0,129,48.2,14.6,44,223.0,23.543558
46,1,172.0,79.5,21.2,90.0,110,42.5,22.6,37,229.0,26.87263386
21,0,156.0,55.7,33.6,83.0,121,29.3,33.2,39,187.0,22.8879027
30,1,192.0,99.5,26.9,73.0,135,50.5,-8.2,41,138.0,26.99110243
27,0,156.5,48.9,15.8,78.0,112,23.7,29.0,22,190.0,19.96549929
21,0,165.8,61.6,34.9,60.0,114,24.6,10.3,29,151.0,22.40844187
21,1,169.7,65.6,20.2,84.0,131,39.0,18.7,42,208.0,22.77928849
25,1,170.0,78.9,18.7,82.0,138,38.9,10.2,48,245.0,27.30103806
35,1,164.2,75.1,18.2,91.0,135,41.4,18.0,46,218.0,27.85438868
21,0,162.4,61.0,29.1,96.0,147,25.1,21.2,32,146.0,23.12904948
46,1,170.9,76.6,24.1,93.0,134,40.6,11.2,26,184.0,26.22676013
40,1,169.4,68.8,19.7,88.0,124,44.0,23.5,51,232.0,23.97516619
57,1,172.7,81.6,37.3,94.0,154,47.1,9.1,33,178.0,27.35933163
29,1,167.7,67.8,22.4,71.0,125,41.9,11.6,55,174.0,24.10813244
39,0,162.2,54.4,19.1,77.0,136,29.4,26.7,43,179.0,20.6774605
28,1,176.4,86.0,9.3,83.0,140,46.6,23.4,62,239.0,27.63766126
24,0,176.8,62.2,31.5,75.0,133,26.8,14.4,12,173.0,19.8987531
35,0,170.8,79.7,32.1,92.0,157,31.8,19.5,33,179.0,27.32011913
60,1,163.2,72.3,27.3,86.0,136,39.6,11.9,31,195.0,27.14550894
41,0,160.7,60.8,32.3,66.0,108,26.6,23.0,38,157.0,23.54354336
38,1,183.6,83.7,17.2,82.0,152,50.6,17.0,52,226.0,24.83019352
23,1,173.0,60.9,12.8,68.0,142,38.9,15.9,50,217.0,20.34815731
23,0,163.0,49.6,24.6,56.0,109,30.0,27.4,39,187.0,18.66837292
21,0,162.5,52.3,25.0,74.0,114,21.8,23.7,53,184.0,19.80591716
25,0,161.8,57.7,21.7,74.0,115,29.3,26.6,50,190.0,22.04036481
25,1,165.0,57.9,19.0,95.0,136,37.7,9.5,39,207.0,21.26721763
57,0,155.4,53.8,23.7,77.0,124,27.6,21.8,35,140.0,22.27820761
22,0,158.7,56.7,30.1,71.0,118,27.6,15.9,47,163.0,22.51278405
29,1,179.6,64.5,12.9,97.0,132,53.5,22.0,47,214.0,19.99618057
21,1,179.8,80.3,27.8,92.0,144,38.4,2.8,46,207.0,24.83911799
37,1,181.2,86.0,23.0,83.0,137,52.8,21.3,44,222.0,26.19280831
54,0,150.1,56.1,37.2,63.0,115,22.6,15.8,20,162.0,24.9001221
55,1,175.9,74.2,15.9,96.0,145,48.1,18.0,45,213.0,23.98127263
23,0,163.8,57.5,31.7,84.0,127,32.9,28.8,43,164.0,21.43088224
53,1,177.6,73.36,26.8,94.0,155,45.1,-3.2,9,151.0,23.25805535
40,1,167.0,80.4,31.3,88.0,128,41.4,19.7,39,221.0,28.8285704
54,0,158.7,63.0,38.6,69.0,115,29.9,12.6,14,118.0,25.01420449
60,1,175.6,77.6,24.9,93.0,146,39.0,12.8,32,192.0,25.16591342
29,0,160.7,48.4,22.8,62.0,120,25.4,0.4,29,149.0,18.74189965
60,1,190.9,70.3,19.1,90.0,156,40.3,12.9,41,198.0,19.29049928
42,1,171.5,91.0,30.3,97.0,132,42.8,3.2,27,203.0,30.9394895
48,0,159.8,64.3,30.4,91.0,128,30.7,18.2,35,164.0,25.1800984
27,1,181.4,88.74,26.1,75.0,131,40.9,11.0,56,195.0,26.96775903
35,1,185.2,81.1,12.7,70.0,129,53.5,15.0,58,246.0,23.64497665
53,0,151.6,45.4,32.3,80.0,138,20.1,21.7,22,142.0,19.7541092
39,0,163.8,73.3,38.8,77.0,118,35.1,12.4,9,125.0,27.31971596
39,0,168.0,61.0,22.4,74.0,119,27.0,23.5,37,152.0,21.61281179
51,0,160.6,52.7,21.5,76.0,136,29.4,25.0,34,144.0,20.43240712
22,1,175.2,62.9,12.2,94.0,130,39.6,7.3,44,216.0,20.49191009
38,0,159.4,51.2,21.7,84.0,126,24.7,9.0,24,124.0,20.15084799
27,0,157.4,53.0,26.2,86.0,114,21.9,29.0,30,180.0,21.39274003
36,1,170.0,63.6,12.0,96.0,127,45.2,16.6,62,233.0,22.00692042
21,0,158.5,48.6,30.1,67.0,106,18.3,16.7,15,118.0,19.34540099
24,0,171.4,57.5,24.9,97.0,140,24.7,8.6,22,160.0,19.57249584
45,1,177.7,70.1,17.0,75.0,130,37.1,-8.6,31,191.0,22.19949844
30,1,175.0,76.9,13.3,71.0,150,59.1,21.5,57,260.0,25.11020408
55,0,154.6,58.9,41.3,80.0,130,23.1,18.5,27,115.0,24.64315539
25,0,164.4,54.4,30.0,58.0,116,24.4,24.6,50,168.0,20.12775203
28,0,160.9,63.6,35.2,94.0,136,27.7,22.1,52,179.0,24.56659846
29,1,180.1,79.8,22.8,93.0,140,52.9,22.7,56,246.0,24.60228616
33,0,160.8,64.9,36.6,97.0,142,26.9,18.4,41,176.0,25.09993565
21,1,177.9,82.2,17.3,67.0,121,43.3,16.3,55,238.0,25.97286878
37,1,169.9,85.2,34.1,97.0,156,34.3,2.2,18,205.0,29.51568298
24,1,168.4,64.74,14.8,73.0,149,47.4,10.0,44,225.0,22.82908582
22,0,162.0,58.0,29.3,79.0,130,30.2,22.1,38,153.0,22.10028959
21,1,177.8,65.1,11.0,77.0,130,47.7,22.5,53,242.0,20.59289833
61,1,171.0,61.8,20.6,94.0,149,41.3,13.1,22,172.0,21.13470812
29,1,173.3,77.7,23.0,92.0,153,45.6,6.2,31,218.0,25.87163606
61,1,171.4,76.5,31.1,88.0,147,39.3,9.5,25,189.0,26.03992925
28,1,172.3,63.8,22.5,73.0,124,34.1,-6.2,29,180.0,21.49067833
58,0,158.6,72.5,40.9,86.0,130,23.4,18.0,23,126.0,28.82249952
40,1,173.8,77.6,28.9,76.0,121,45.6,9.8,43,198.0,25.689886
61,0,166.1,57.6,30.0,52.0,120,25.8,20.3,12,117.0,20.8777272
41,0,161.8,57.6,30.3,98.0,148,27.9,18.6,33,159.0,22.0021666
21,1,167.0,69.3,18.9,75.0,129,37.4,10.5,50,210.0,24.84850658
26,0,157.8,60.4,36.0,76.0,109,18.5,23.5,26,121.0,24.25620983
22,0,152.6,47.6,20.9,63.0,111,23.2,28.6,46,168.0,20.44079984
61,0,166.8,60.2,28.3,88.0,151,21.8,27.5,29,151.0,21.63736637
25,1,166.3,57.7,16.1,66.0,134,47.0,-3.2,39,214.0,20.8636993
44,1,170.7,71.0,23.8,91.0,141,43.1,16.6,38,205.0,24.36639647
32,0,163.2,55.0,27.6,76.0,124,27.0,25.9,42,186.0,20.65011053
37,0,161.2,53.6,30.5,70.0,122,25.4,21.1,19,173.0,20.6269357
35,0,154.1,50.4,32.0,81.0,135,26.7,21.1,25,141.0,21.22390334
63,1,167.5,71.0,25.1,82.0,132,39.8,30.3,31,161.0,25.3063043
42,0,153.9,43.82,25.8,70.0,120,20.6,17.9,23,114.0,18.50099704
31,1,166.9,73.6,26.6,95.0,156,45.1,17.3,53,202.0,26.42196671
37,1,175.0,76.7,24.4,97.0,139,51.8,11.6,34,176.0,25.04489796
35,0,153.3,86.0,47.7,96.0,146,20.2,19.5,17,155.0,36.59435877
60,0,158.9,59.4,32.9,64.0,101,24.0,16.0,17,120.0,23.52548852
21,1,178.4,75.4,22.0,81.0,122,40.6,17.6,52,201.0,23.6909047
38,1,171.6,67.16,11.8,63.0,117,45.3,12.3,46,236.0,22.80741791
60,1,166.5,66.9,26.4,75.0,122,35.6,9.9,27,170.0,24.13224035
42,0,162.1,56.3,29.6,83.0,123,30.9,14.9,28,142.0,21.42606239
48,1,169.9,79.6,24.1,99.0,153,42.9,4.1,49,166.0,27.57568504
21,0,172.8,54.8,25.0,77.0,110,20.9,18.8,39,172.0,18.35240912
26,1,178.0,70.5,11.9,80.0,120,57.5,26.2,65,250.0,22.25097841
24,1,171.3,65.8,4.0,74.0,126,56.3,7.6,55,283.0,22.42390102
21,0,164.5,49.5,26.9,69.0,116,22.6,12.0,15,190.0,18.29251393
25,1,170.1,108.6,39.0,97.0,154,35.1,1.5,34,198.0,37.53368441
45,0,154.7,41.8,15.9,72.0,119,18.9,22.1,28,146.0,17.46608842
61,1,168.4,72.1,21.5,89.0,153,39.1,4.1,40,158.0,25.42442211
24,1,173.3,69.4,21.4,88.0,125,40.4,8.6,50,230.0,23.10799926
54,1,171.5,72.9,20.8,88.0,145,40.5,26.2,29,164.0,24.78559104
24,1,173.8,78.5,17.3,63.0,113,50.7,2.8,54,180.0,25.98783571
28,0,167.8,61.6,24.2,77.0,127,30.5,25.3,51,177.0,21.877455
22,0,162.3,51.0,25.0,80.0,118,25.0,22.9,33,160.0,19.36123857
25,1,184.0,75.7,9.2,87.0,130,51.5,21.8,58,230.0,22.35940454
54,1,174.4,74.4,23.7,80.0,135,34.8,8.3,29,160.0,24.4613248
31,1,162.0,75.3,27.8,79.0,124,43.7,20.5,55,237.0,28.69227252
34,1,173.1,87.8,23.8,83.0,123,41.8,19.7,55,214.0,29.30221025
25,0,161.6,50.3,32.7,86.0,132,21.9,25.4,29,123.0,19.26128566
60,1,171.7,59.3,24.0,80.0,128,39.1,13.7,31,163.0,20.11472517
24,0,171.5,61.7,32.5,88.0,146,25.3,-2.2,18,149.0,20.97765387
34,1,181.0,68.6,14.3,79.0,134,49.8,17.4,59,254.0,20.93953176
21,0,155.4,66.1,38.5,77.0,129,21.2,16.3,55,135.0,27.37155247
59,0,156.9,49.3,27.9,95.0,156,21.3,27.6,25,105.0,20.0263145
23,1,175.7,63.54,11.8,83.0,132,42.3,-4.3,43,233.0,20.58276367
40,0,158.2,55.9,24.9,60.0,106,31.3,23.7,41,163.0,22.33566306
30,0,155.6,46.3,17.7,75.0,119,24.0,30.0,48,184.0,19.12325454
21,1,173.3,92.2,32.4,72.0,138,37.9,1.8,30,218.0,30.69967625
46,1,172.0,90.6,31.1,88.0,138,45.8,-0.1,23,196.0,30.62466198
38,1,166.7,67.3,23.2,70.0,111,26.1,19.7,62,215.0,24.21831171
47,1,164.8,81.9,33.3,94.0,156,45.9,16.5,41,185.0,30.15570506
31,1,171.0,75.8,15.8,73.0,132,67.1,19.6,57,243.0,25.92250607
30,1,184.0,81.6,21.6,80.0,143,26.6,12.2,37,213.0,24.1020794
28,1,185.9,92.1,20.3,83.0,127,41.7,9.0,53,207.0,26.6502232
31,1,174.0,86.8,24.4,90.0,140,60.9,18.6,66,216.0,28.66957326
30,1,174.0,78.8,20.0,80.0,120,54.4,17.2,45,222.0,26.02721628
23,1,175.6,83.3,15.3,56.0,126,42.2,17.5,62,230.0,27.01444056
43,1,173.6,71.1,19.0,87.0,130,44.8,16.4,47,213.0,23.59229332
27,1,169.0,83.0,26.5,79.0,129,43.2,15.8,36,223.0,29.06060712
40,0,155.8,51.9,26.3,86.0,124,26.2,20.3,41,176.0,21.38121847
25,1,170.4,70.7,25.9,78.0,133,50.0,1.6,38,193.0,24.34894972
44,0,164.3,53.9,22.0,75.0,110,29.5,14.3,23,133.0,19.96703772
50,1,166.0,64.3,23.7,76.0,118,32.6,5.1,24,180.0,23.33430106
30,1,168.7,66.5,18.4,94.0,132,39.6,10.9,51,228.0,23.36638242
28,0,162.5,64.3,26.8,80.0,144,25.7,18.7,43,164.0,24.35029586
49,0,153.1,53.8,26.7,94.0,159,33.0,13.2,32,144.0,22.95260032
51,0,150.0,50.3,29.6,87.0,130,21.4,18.0,23,135.0,22.35555556
57,1,162.7,61.1,24.2,79.0,154,37.9,10.0,24,177.0,23.0816103
21,1,174.1,77.0,18.9,87.0,159,39.0,5.5,34,228.0,25.40347817
42,0,162.8,56.5,25.3,76.0,111,24.1,16.1,25,139.0,21.31766567
21,1,169.1,72.4,11.2,82.0,134,34.2,16.0,61,260.0,25.31927997
22,1,188.0,92.2,23.8,87.0,128,43.9,14.5,55,250.0,26.08646446
32,1,175.2,82.1,18.8,87.0,132,54.9,21.5,50,250.0,26.74699235
22,1,170.3,63.1,16.9,74.0,122,31.7,14.9,51,206.0,21.75705268
48,0,153.8,53.7,34.2,86.0,120,22.6,5.3,28,143.0,22.70186908
50,1,178.2,94.72,30.6,87.0,137,35.8,-5.9,30,184.0,29.82814805
23,0,157.6,57.3,26.4,62.0,111,27.3,15.9,39,142.0,23.06971321
28,0,160.1,59.6,28.5,61.0,103,28.4,19.9,46,183.0,23.2521757
62,0,149.1,42.3,18.6,67.0,101,22.6,19.0,25,122.0,19.02764677
35,1,172.9,64.9,22.8,96.0,157,35.1,2.0,59,218.0,21.7097444
43,1,176.6,59.6,9.3,87.0,137,43.6,20.6,41,229.0,19.11018368
61,0,149.0,56.4,37.3,79.0,143,23.1,15.7,13,107.0,25.40426107
37,1,181.1,78.4,21.8,84.0,137,43.1,14.6,44,240.0,23.90447236
21,1,183.4,81.8,21.4,75.0,134,47.6,9.7,49,212.0,24.31949996
26,1,179.5,79.3,13.8,66.0,117,54.7,15.0,65,228.0,24.61185124
46,1,172.2,77.4,24.0,85.0,144,42.2,23.8,41,205.0,26.10205296
23,0,158.0,47.5,25.5,56.0,105,23.8,21.1,46,161.0,19.02739946
59,0,155.3,48.7,26.1,71.0,123,17.0,17.6,0,107.0,20.19231208
44,1,174.0,77.1,18.8,75.0,128,52.9,3.7,39,183.0,25.46571542
26,1,174.8,81.8,22.7,79.0,130,47.1,23.2,48,238.0,26.7713608
26,0,159.5,49.7,23.0,65.0,122,20.5,12.8,18,110.0,19.53597154
34,1,177.3,79.1,12.8,74.0,130,51.4,11.2,45,197.0,25.1628027
47,1,172.3,70.7,30.5,91.0,147,40.2,-9.6,36,188.0,23.8149053
45,1,175.0,79.1,20.2,86.0,131,44.3,5.3,42,190.0,25.82857143
29,0,152.6,50.9,31.8,62.0,103,27.2,22.3,50,157.0,21.85791411
23,1,180.6,80.3,13.9,89.0,147,43.0,16.5,51,245.0,24.61954676
25,0,169.2,53.1,22.3,66.0,123,26.3,14.2,40,162.0,18.54785977
45,0,154.0,52.9,26.0,72.0,118,24.4,14.8,21,140.0,22.30561646
30,1,171.5,70.7,22.2,82.0,119,45.5,16.1,66,228.0,24.03760338
24,0,167.0,73.1,30.9,78.0,140,35.0,28.2,47,170.0,26.21105095
24,1,172.1,74.7,24.1,69.0,114,45.7,11.1,53,244.0,25.22080017
47,1,174.0,86.2,25.3,95.0,146,38.0,19.4,49,201.0,28.47139649
60,1,165.6,70.3,23.4,75.0,125,41.6,14.3,32,191.0,25.635079
44,0,158.5,66.9,31.3,84.0,125,34.8,24.6,36,200.0,26.62978037
28,1,173.6,72.8,23.3,99.0,147,51.3,18.4,51,189.0,24.15638472
26,0,164.6,54.7,29.1,61.0,106,27.2,19.9,47,191.0,20.18959767
24,0,170.6,75.5,31.3,63.0,135,31.6,14.4,46,213.0,25.94113047
26,0,167.8,60.2,26.5,67.0,124,27.6,16.3,42,160.0,21.38024011
28,1,180.3,76.2,16.2,81.0,117,44.2,16.4,45,214.0,23.44031901
24,1,187.9,80.8,9.5,72.0,141,56.2,24.9,58,230.0,22.88536274
55,1,167.2,76.1,31.7,96.0,144,41.8,5.0,23,177.0,27.22150363
51,1,161.2,56.3,23.7,93.0,136,31.3,7.2,20,183.0,21.6659791
23,0,160.8,59.0,30.5,59.0,108,19.6,13.7,40,194.0,22.81812331
39,0,159.8,53.7,26.3,91.0,146,30.0,20.9,36,185.0,21.0291024
39,1,173.8,80.7,32.3,80.0,128,51.0,14.9,38,215.0,26.71615722
31,1,167.8,61.36,27.3,80.0,115,40.6,10.9,41,203.0,21.79221816
22,1,170.0,67.4,14.2,70.0,136,45.0,13.2,60,220.0,23.32179931
21,0,169.4,57.7,21.4,64.0,118,34.4,15.4,53,182.0,20.10707978
24,1,176.4,73.7,22.7,73.0,132,49.6,24.2,49,192.0,23.68483297
22,1,174.1,84.2,22.2,59.0,105,45.5,13.0,46,191.0,27.77886833
64,0,154.5,61.8,37.4,67.0,124,25.8,4.1,10,105.0,25.88996764
28,1,176.7,72.1,23.7,82.0,132,33.6,4.2,27,204.0,23.0920328
63,1,177.3,82.2,20.7,84.0,130,42.6,1.8,23,165.0,26.14895552
53,0,151.9,59.6,39.2,80.0,139,24.8,19.4,19,136.0,25.83037505
51,1,166.2,70.84,22.3,83.0,121,48.2,15.7,42,209.0,25.6458155
44,1,177.5,84.2,28.0,91.0,150,36.2,9.6,38,185.0,26.72485618
35,1,172.2,82.0,18.7,94.0,130,50.7,23.4,63,252.0,27.65333776
43,0,168.3,69.3,31.9,88.0,139,32.1,20.2,33,164.0,24.46611443
47,1,168.2,72.3,30.4,62.0,111,40.4,6.0,30,177.0,25.55561368
44,1,173.8,72.0,18.6,93.0,152,43.3,18.0,48,223.0,23.8359767
61,1,163.2,68.3,26.5,90.0,130,40.0,15.1,25,180.0,25.64368272
53,0,165.9,69.5,34.4,85.0,139,24.2,16.4,28,129.0,25.25178207
38,1,174.8,74.0,15.4,86.0,155,46.7,16.9,71,235.0,24.21859045
28,1,171.5,72.9,19.5,71.0,122,45.8,23.0,52,219.0,24.78559104
29,1,168.0,65.2,13.4,73.0,118,49.6,26.9,54,252.0,23.10090703
58,0,160.2,57.2,42.5,68.0,106,22.2,14.5,12,103.0,22.28799519
24,1,167.7,63.0,20.0,70.0,128,38.9,9.2,42,197.0,22.401362
25,1,172.6,71.3,14.5,80.0,121,46.2,12.0,55,259.0,23.93359552
41,1,174.7,79.5,21.8,79.0,127,51.0,25.0,44,236.0,26.04841598
24,1,175.3,73.3,17.2,74.0,117,50.6,17.9,61,232.0,23.8528426
26,0,161.7,48.1,24.6,81.0,125,23.8,14.8,29,158.0,18.39606928
22,1,175.3,80.0,17.2,80.0,121,47.0,7.4,47,237.0,26.03311608
64,1,170.3,77.7,26.5,92.0,159,44.6,12.5,38,223.0,26.79117264
27,0,174.3,57.0,12.3,71.0,124,33.9,30.1,68,201.0,18.76204103
61,0,155.7,49.6,25.2,64.0,131,19.7,23.0,16,120.0,20.4599445
37,1,181.2,95.1,27.6,83.0,130,51.9,16.4,41,208.0,28.96437291
21,1,175.8,71.24,16.0,65.0,127,38.3,18.1,47,227.0,23.05080885
28,1,168.5,76.9,18.9,92.0,145,44.7,24.0,59,235.0,27.0848559
56,0,152.0,49.0,35.0,79.0,134,21.6,15.8,10,129.0,21.20844875
40,0,152.6,47.0,25.2,87.0,104,19.0,16.0,30,145.0,20.1831427
26,1,176.4,64.4,16.1,83.0,133,32.8,6.7,42,226.0,20.69610913
30,0,163.5,55.6,21.9,54.0,103,28.5,23.9,34,162.0,20.79884783
35,1,173.7,68.5,23.2,87.0,142,43.5,13.5,43,195.0,22.70340177
62,0,149.7,54.7,34.6,81.0,126,18.5,18.1,10,107.0,24.40864807
23,1,179.1,81.6,22.9,70.0,137,47.8,12.2,58,232.0,25.4389386
31,0,168.7,67.3,38.3,74.0,113,24.4,12.4,3,135.0,23.64748175
61,0,153.7,59.0,37.2,62.0,105,22.6,18.6,12,121.0,24.97492983
61,0,165.6,58.1,31.5,56.0,106,24.6,-4.0,0,120.0,21.18631707
45,0,175.8,69.9,33.8,65.0,117,20.9,-3.5,0,111.0,22.61723103
33,1,174.8,69.4,13.6,97.0,153,55.7,17.7,59,241.0,22.7131105
30,1,190.6,138.1,30.3,82.0,131,52.3,4.3,30,181.0,38.01437775
22,0,161.4,58.6,28.8,79.0,131,26.4,23.3,51,180.0,22.49523608
37,1,168.8,73.1,14.3,61.0,100,48.9,25.3,54,268.0,25.65502796
43,1,175.0,88.0,23.6,88.0,125,51.0,16.1,35,204.0,28.73469388
46,1,172.5,78.7,22.0,99.0,139,52.3,9.1,38,218.0,26.44822516
21,0,165.9,71.0,33.0,76.0,131,27.5,25.1,34,180.0,25.79678456
27,1,181.4,71.6,20.0,82.0,139,42.4,13.6,42,248.0,21.75897619
28,1,174.4,86.3,17.8,67.0,135,49.4,6.8,45,220.0,28.37382165
60,1,173.0,68.4,11.4,70.0,124,47.1,12.3,52,195.0,22.85408801
23,1,181.8,78.9,18.3,91.0,149,51.6,15.4,51,210.0,23.87202417
25,1,164.6,92.5,32.2,97.0,150,44.5,14.2,36,222.0,34.14145858
24,0,168.1,55.1,27.2,70.0,115,26.1,22.5,28,157.0,19.49917208
22,0,157.6,54.5,28.5,69.0,114,23.5,22.5,44,162.0,21.94239738
43,0,162.0,72.3,40.5,86.0,122,26.6,4.0,22,110.0,27.54915409
30,1,183.1,82.0,25.4,77.0,117,40.0,15.1,49,214.0,24.45891365
63,1,166.3,72.8,25.9,64.0,103,41.2,2.5,22,171.0,26.32369686
26,1,174.2,64.8,12.9,62.0,113,55.7,5.7,45,222.0,21.35397375
28,1,177.7,83.2,18.2,94.0,143,46.0,16.7,59,226.0,26.3480495
23,1,175.5,67.2,9.4,97.0,135,56.4,20.8,55,233.0,21.81800472
27,0,174.4,64.4,29.1,81.0,109,34.0,21.5,45,156.0,21.17351233
21,1,177.7,70.7,22.2,86.0,142,45.0,25.0,55,230.0,22.38950841
46,1,171.3,63.9,11.7,90.0,143,44.4,20.3,35,173.0,21.77640235
53,1,170.2,56.9,13.3,70.0,120,35.3,12.8,31,186.0,19.64233687
50,1,160.2,61.6,20.2,97.0,157,43.1,25.6,36,208.0,24.00245636
36,1,169.5,70.6,15.6,94.0,138,45.1,23.4,50,236.0,24.5734026
45,1,160.1,64.8,46.1,82.0,113,15.6,1.3,3,43.0,25.28088901
26,1,179.9,76.4,14.3,78.0,154,56.4,20.2,50,235.0,23.60646904
50,1,174.1,83.5,28.8,86.0,138,40.7,-2.7,30,203.0,27.54792762
25,1,166.2,73.2,15.7,60.0,114,44.9,28.6,60,251.0,26.50019332
27,1,180.6,77.46,7.6,54.0,114,55.9,15.6,61,252.0,23.74881808
61,1,166.4,66.1,20.5,86.0,139,33.0,6.5,25,166.0,23.87233034
64,1,171.5,72.8,13.6,79.0,137,42.9,11.8,41,190.0,24.7515916
52,1,177.8,77.8,14.4,89.0,132,47.2,6.9,40,220.0,24.6102533
42,1,170.8,71.56,20.5,80.0,128,47.1,-1.4,47,217.0,24.52983343
51,0,170.5,66.5,31.6,60.0,105,27.7,17.1,24,125.0,22.87562026
62,1,175.9,71.0,22.0,71.0,132,49.4,7.8,33,201.0,22.94703985
30,1,181.5,73.9,14.7,60.0,113,50.4,15.7,54,242.0,22.43319749
52,0,161.5,54.2,23.5,76.0,153,27.5,24.6,37,175.0,20.7804158
47,0,158.0,59.2,24.1,80.0,121,28.1,17.5,32,175.0,23.71414837
39,1,174.5,66.0,11.5,79.0,125,41.1,9.2,44,222.0,21.67469889
54,1,170.7,64.5,16.7,78.0,138,42.5,20.3,50,182.0,22.13567004
28,0,161.1,59.3,32.1,99.0,131,25.5,12.9,26,174.0,22.84881138
26,0,166.0,73.6,37.0,79.0,109,31.0,17.7,34,149.0,26.70924663
49,0,164.9,60.0,23.2,88.0,144,30.6,19.0,45,171.0,22.06530521
21,1,167.3,60.76,19.5,81.0,140,33.3,18.9,56,214.0,21.70830343
25,1,170.9,70.7,15.7,80.0,127,36.4,26.4,38,246.0,24.2066833
30,1,176.4,71.6,17.2,83.0,117,48.7,16.0,53,225.0,23.00995984
54,1,171.0,75.4,26.7,94.0,154,43.6,21.0,43,220.0,25.78571184
41,0,161.0,60.5,29.6,61.0,116,25.7,21.4,32,131.0,23.34014891
43,0,158.8,45.2,21.1,72.0,135,28.8,21.1,30,172.0,17.92410332
24,0,163.7,53.4,27.5,83.0,122,25.7,12.1,37,181.0,19.92709073
45,1,173.2,84.1,30.3,98.0,131,29.1,13.6,27,163.0,28.03497805
63,0,164.7,81.2,38.4,69.0,117,23.2,22.6,12,129.0,29.93428098
47,1,181.9,83.4,26.0,99.0,156,42.7,7.5,32,205.0,25.20580967
30,0,168.3,60.5,19.8,73.0,112,32.1,19.6,44,198.0,21.35930625
61,0,164.7,82.3,43.7,85.0,145,23.5,15.2,0,51.0,30.33979464
43,1,177.3,79.7,21.2,68.0,125,49.1,20.0,53,199.0,25.35367099
27,1,167.6,65.3,25.7,76.0,123,40.7,17.3,58,193.0,23.24690563
23,0,160.9,58.14,28.1,73.0,129,26.7,15.2,43,153.0,22.45757916
23,1,181.0,69.4,10.0,79.0,144,45.7,3.8,52,252.0,21.18372455
25,0,170.3,73.2,29.5,55.0,109,33.0,26.8,46,189.0,25.23956032
31,0,165.2,55.0,21.8,67.0,107,26.7,21.7,25,186.0,20.15313451
56,1,170.8,55.8,12.7,79.0,133,41.3,21.6,31,202.0,19.12751126
23,1,173.0,71.2,18.4,77.0,118,46.1,7.5,48,225.0,23.78963547
29,1,179.6,87.8,23.8,91.0,142,58.4,17.6,45,220.0,27.21960705
21,0,160.2,51.0,28.2,78.0,117,22.6,20.6,57,206.0,19.87216354
28,1,171.3,76.0,20.5,83.0,121,47.3,14.0,55,213.0,25.89994646
26,1,169.4,71.2,18.4,72.0,140,42.9,15.1,52,237.0,24.81150919
24,1,171.3,60.6,17.6,61.0,120,31.9,-7.7,33,220.0,20.65179942
35,1,168.6,68.24,9.6,85.0,135,42.4,14.6,45,235.0,24.0062253
46,1,176.1,69.7,11.6,82.0,153,54.4,16.6,59,236.0,22.47574345
29,1,169.0,94.9,27.4,75.0,157,54.4,13.7,58,230.0,33.2271279
31,1,170.1,69.6,22.7,65.0,128,38.5,3.6,45,257.0,24.05473697
22,0,162.9,55.0,33.9,65.0,108,21.8,3.8,43,117.0,20.72623991
63,1,167.2,73.3,24.4,83.0,157,53.3,24.6,31,189.0,26.21992399
21,0,156.1,52.7,23.2,78.0,118,26.7,15.3,47,182.0,21.62742472
33,0,161.2,51.2,23.8,57.0,119,26.7,27.3,45,174.0,19.70334156
26,1,177.1,77.9,18.4,93.0,152,43.0,-5.1,42,239.0,24.83706851
41,0,160.7,67.6,39.9,95.0,132,22.6,21.8,0,82.0,26.17670281
23,1,166.0,66.6,11.2,81.0,128,34.2,27.3,62,223.0,24.16896502
61,1,174.6,70.0,19.0,69.0,129,41.4,17.9,48,211.0,22.961992
29,1,176.7,78.7,17.3,71.0,119,62.3,17.3,56,246.0,25.20586659
25,1,171.7,70.3,24.5,89.0,151,36.1,6.7,53,204.0,23.8459558
21,0,161.7,55.0,22.4,64.0,109,22.9,21.6,48,190.0,21.03500646
29,0,157.3,50.9,21.4,65.0,120,22.7,21.4,40,185.0,20.57123366
22,0,163.5,60.4,34.0,80.0,125,22.4,10.6,38,173.0,22.59443182
43,0,159.9,56.4,25.8,64.0,111,25.0,17.0,23,165.0,22.0588149
21,1,176.2,86.72,30.3,92.0,157,35.5,-4.5,41,185.0,27.93234909
51,0,151.3,56.5,37.9,81.0,145,23.3,14.7,18,148.0,24.68144554
43,0,162.2,57.7,20.5,62.0,114,24.6,20.1,42,190.0,21.93179175
21,1,168.3,64.8,17.8,77.0,135,39.2,-10.7,40,212.0,22.8774057
60,1,166.8,54.2,13.2,88.0,146,44.3,15.7,45,191.0,19.48081822
31,1,182.0,81.0,24.8,90.0,130,34.7,1.4,30,203.0,24.45356841
24,0,155.4,65.4,39.1,90.0,152,24.3,11.6,29,130.0,27.08168731
25,0,170.1,62.1,30.1,71.0,103,29.5,19.8,42,193.0,21.46263169
36,1,173.0,72.7,19.2,91.0,149,45.9,7.8,46,204.0,24.29082161
29,1,185.1,87.7,19.5,90.0,144,50.0,22.2,54,234.0,25.5968637
40,1,187.3,90.3,23.1,65.0,113,59.2,7.5,27,220.0,25.74021651
60,1,166.3,60.2,14.9,93.0,155,40.8,15.4,46,169.0,21.7676724
21,0,163.4,55.92,30.9,85.0,116,28.3,31.5,43,186.0,20.94416537
35,1,173.1,77.6,22.8,8.0,122,46.4,16.7,47,216.0,25.89808104
22,0,161.3,54.3,22.2,85.0,135,23.7,31.1,37,180.0,20.87041548
23,1,172.9,76.7,16.5,88.0,144,51.3,20.1,61,234.0,25.65697065
23,1,180.3,57.8,9.8,77.0,135,39.7,7.8,46,221.0,17.78018949
59,0,164.9,62.6,26.1,89.0,153,21.1,18.6,16,144.0,23.02146844
64,1,170.9,64.3,8.7,62.0,122,39.6,3.8,31,180.0,22.01541353
22,1,184.4,82.5,16.6,82.0,114,58.1,18.2,74,273.0,24.2623082
32,1,165.1,63.6,23.2,91.0,135,35.4,10.3,50,202.0,23.33259104
24,1,182.8,76.8,19.4,93.0,143,47.2,12.8,47,225.0,22.9831122
62,1,161.3,55.1,20.4,79.0,138,25.0,17.2,25,193.0,21.17789858
39,0,162.1,48.9,15.3,81.0,125,29.4,32.5,38,183.0,18.60984815
28,1,183.6,88.2,20.7,77.0,137,55.8,7.1,42,266.0,26.16515016
55,1,166.2,58.8,15.4,74.0,139,41.8,18.7,54,222.0,21.28704054
60,1,164.9,67.56,25.0,80.0,120,39.0,4.5,24,174.0,24.84553367
27,1,181.0,73.14,13.5,70.0,121,45.8,21.1,61,239.0,22.32532584
22,1,183.0,87.6,20.9,74.0,135,40.9,25.7,49,163.0,26.15784287
26,0,162.2,64.5,24.4,65.0,100,38.0,20.8,64,197.0,24.51647431
56,1,167.0,65.9,24.8,94.0,156,38.8,20.5,37,175.0,23.62938793
32,1,178.5,95.4,21.7,89.0,142,53.8,23.6,52,224.0,29.94138832
21,0,171.0,64.26,24.7,74.0,122,24.5,14.9,44,186.0,21.97599261
22,0,163.0,52.7,31.4,99.0,144,25.4,-6.9,29,142.0,19.83514622
31,1,181.5,84.9,21.4,99.0,149,52.4,21.1,49,259.0,25.77237438
29,1,181.1,70.0,9.4,103.0,155,42.2,15.3,54,237.0,21.34327889
24,0,160.5,54.0,30.2,60.0,102,23.4,23.9,32,171.0,20.96252948
35,1,172.2,66.2,8.1,65.0,135,41.3,23.2,55,246.0,22.3250117
24,1,155.9,55.28,18.8,84.0,132,32.6,20.8,49,210.0,22.7444691
60,1,167.3,77.5,23.5,83.0,158,36.1,5.3,35,185.0,27.68916253
28,1,174.5,70.3,12.0,68.0,121,44.7,10.6,50,214.0,23.08683837
62,0,150.0,50.5,32.8,64.0,112,22.9,16.5,14,125.0,22.44444444
50,0,155.2,50.8,35.4,76.0,121,17.9,8.9,12,107.0,21.09017962
43,1,173.8,85.5,28.6,98.0,153,44.6,9.6,41,208.0,28.30522233
62,1,166.3,63.7,23.9,80.0,123,39.7,9.6,41,178.0,23.03323475
23,1,171.9,65.9,15.5,67.0,115,52.1,16.3,42,250.0,22.30147877
34,0,161.9,57.3,31.7,66.0,103,21.8,24.8,37,158.0,21.86054195
60,1,171.9,60.9,16.7,78.0,128,33.6,10.9,28,190.0,20.60940906
59,0,153.5,52.8,28.3,79.0,156,26.2,12.4,50,152.0,22.40872582
28,0,164.0,53.2,21.6,64.0,111,27.3,14.9,37,193.0,19.77989292
46,1,170.9,68.8,22.9,94.0,151,31.8,9.5,42,180.0,23.55615009
31,0,167.8,58.5,26.5,78.0,117,25.4,16.0,34,192.0,20.77647918
28,1,187.2,100.6,23.6,87.0,137,47.8,22.0,45,221.0,28.7068997
31,1,163.6,68.8,12.0,71.0,129,52.9,22.5,71,262.0,25.70525045
55,1,164.3,56.8,18.4,79.0,117,34.1,9.7,41,201.0,21.04133103
36,1,165.2,55.4,11.4,74.0,119,38.8,12.9,41,219.0,20.29970276
44,1,167.6,68.2,24.6,76.0,116,36.3,15.2,38,220.0,24.27931033
31,0,165.1,51.1,21.1,61.0,106,28.6,27.8,38,188.0,18.74678306
58,0,160.4,47.9,20.2,79.0,126,21.6,19.8,19,142.0,18.61773248
25,1,174.4,65.3,16.3,76.0,130,42.0,23.1,46,222.0,21.46941545
22,1,169.2,56.3,14.3,64.0,108,33.2,8.4,62,209.0,19.66562156
23,0,159.5,65.6,33.8,92.0,130,28.1,30.1,44,172.0,25.78591012
46,0,162.3,60.3,28.1,79.0,125,17.6,17.4,21,142.0,22.89181737
40,1,169.8,86.4,30.4,97.0,153,49.2,2.9,27,191.0,29.96666209
60,1,165.9,61.3,21.5,75.0,127,41.3,17.0,29,206.0,22.27243512
31,1,176.9,70.9,18.7,80.0,128,43.3,14.9,45,209.0,22.65638257
61,0,154.3,49.2,31.4,74.0,158,21.1,12.0,12,124.0,20.66489727
21,1,169.2,92.9,33.3,93.0,157,44.6,10.9,52,226.0,32.45002208
26,1,169.5,63.4,10.6,64.0,131,44.3,0.8,35,195.0,22.06733321
50,0,157.0,51.1,21.5,80.0,120,23.4,20.3,32,166.0,20.73106414
56,0,149.0,46.7,23.2,95.0,157,25.0,28.0,41,186.0,21.03508851
30,1,181.1,64.7,8.6,64.0,115,40.0,9.7,56,235.0,19.72728778
45,1,169.6,70.1,22.2,84.0,154,47.4,23.7,50,214.0,24.37060564
56,1,173.0,70.9,19.5,83.0,135,47.9,11.1,44,162.0,23.68939824
61,1,176.2,70.7,15.5,79.0,135,48.5,12.0,31,197.0,22.77233718
22,1,171.0,67.9,15.5,82.0,141,32.6,9.8,42,230.0,23.22082008
50,0,164.4,58.8,22.0,85.0,146,32.9,17.6,29,145.0,21.75573197
60,1,170.5,72.6,20.9,85.0,146,49.2,20.9,48,217.0,24.97398543
55,0,146.0,39.1,22.1,68.0,115,23.1,22.6,21,120.0,18.34302871
23,1,172.1,63.8,14.3,70.0,128,36.0,16.7,50,186.0,21.54065664
55,0,154.0,56.0,33.1,80.0,121,20.1,20.3,25,136.0,23.61275089
63,1,173.8,87.0,28.4,79.0,127,55.8,13.7,28,175.0,28.80180518
44,1,170.1,73.3,19.7,79.0,138,43.3,21.2,48,221.0,25.33350891
22,1,183.0,72.9,16.3,64.0,128,48.9,2.1,42,212.0,21.76834184
27,1,162.3,67.66,20.9,70.0,130,31.4,19.0,44,205.0,25.68590984
22,1,178.6,78.1,13.9,89.0,138,47.9,29.1,65,251.0,24.48432439
53,1,172.9,83.9,29.6,99.0,153,53.7,14.1,25,168.0,28.06544769
50,1,167.4,53.4,10.7,65.0,115,40.7,14.8,27,196.0,19.05593882
22,1,168.4,80.2,25.6,66.0,141,44.3,17.0,41,209.0,28.28070255
39,1,183.0,72.0,7.7,79.0,145,38.1,18.7,46,219.0,21.49959688
23,0,158.0,53.1,27.4,77.0,120,31.8,25.0,50,189.0,21.27062971
28,1,166.9,70.5,20.0,76.0,127,35.4,8.2,53,206.0,25.30908496
31,1,162.6,73.8,24.7,68.0,103,42.4,19.1,56,230.0,27.91356327
59,1,166.1,71.0,24.2,65.0,113,43.4,4.9,26,177.0,25.73469846
31,1,173.3,77.4,20.2,78.0,131,49.9,19.5,52,223.0,25.77174558
29,1,169.9,69.28,22.4,85.0,132,50.9,11.5,54,224.0,24.00054597
23,0,163.9,61.4,36.6,84.0,138,25.5,20.0,45,189.0,22.85653874
21,1,171.2,62.0,14.1,84.0,154,41.2,19.0,24,245.0,21.1535942
56,1,179.9,84.2,24.7,91.0,135,48.7,17.3,37,198.0,26.01655357
40,0,158.0,53.9,17.1,88.0,129,26.3,29.9,46,177.0,21.59109117
23,1,173.0,66.8,12.0,54.0,115,41.0,18.5,63,262.0,22.31948946
47,0,157.0,70.9,36.0,68.0,120,24.7,14.8,19,132.0,28.76384438
34,1,180.7,84.9,22.8,90.0,155,33.9,15.3,57,255.0,26.00107986
27,1,180.9,82.3,23.2,95.0,152,49.6,15.4,46,225.0,25.14911469
58,1,172.5,74.2,30.5,84.0,156,35.3,17.1,31,161.0,24.93593783
28,0,168.1,71.3,31.8,83.0,130,25.9,18.1,43,175.0,25.23214101
37,1,167.6,75.6,23.0,94.0,139,48.1,13.5,49,215.0,26.9137223
23,1,174.6,75.6,13.6,83.0,145,43.2,30.1,60,261.0,24.79895136
61,1,161.4,62.5,25.7,89.0,115,31.4,-6.0,18,180.0,23.9923593
30,1,173.3,67.5,20.6,78.0,124,38.7,7.0,54,244.0,22.47535951
33,1,175.7,67.9,17.6,67.0,128,35.2,14.3,60,233.0,21.99511572
21,0,157.0,56.1,28.8,69.0,115,28.3,15.2,39,162.0,22.759544
46,0,158.9,58.9,34.3,65.0,109,21.1,19.2,11,122.0,23.32746252
50,1,167.0,64.8,19.8,90.0,135,30.6,15.9,20,186.0,23.23496719
53,1,174.2,81.8,15.7,86.0,139,43.1,5.7,47,196.0,26.95609649
41,1,183.8,76.8,16.9,74.0,129,50.6,11.2,40,217.0,22.73370426
22,0,163.0,54.2,19.2,69.0,115,31.6,30.9,36,170.0,20.39971395
21,1,169.3,71.1,21.2,85.0,128,50.1,17.1,58,234.0,24.80593975
29,1,176.7,71.5,15.5,75.0,121,42.2,27.5,60,248.0,22.89986609
21,0,161.4,57.5,36.5,69.0,112,25.0,21.7,30,122.0,22.07297055
43,1,159.4,63.4,25.9,92.0,147,38.9,14.4,50,194.0,24.95241724
43,0,162.7,51.1,25.5,56.0,108,17.1,17.1,20,136.0,19.30393268
45,1,176.6,72.3,19.7,84.0,152,49.7,18.6,35,222.0,23.18232013
60,1,167.0,67.7,28.7,89.0,142,41.9,10.0,22,180.0,24.27480369
37,1,172.5,81.9,21.0,83.0,146,46.7,14.3,50,226.0,27.52362949
23,1,182.3,93.9,23.3,80.0,144,49.5,13.8,47,234.0,28.25480113
21,0,167.3,82.3,31.7,52.0,127,42.7,21.9,41,172.0,29.40410421
44,1,180.5,79.5,21.7,87.0,127,42.3,10.8,33,196.0,24.40128606
28,1,173.7,70.4,20.6,81.0,144,39.1,8.4,64,200.0,23.33313116
38,1,171.5,66.3,19.4,85.0,150,47.2,10.9,42,214.0,22.54162806
21,0,152.5,47.0,36.9,67.0,109,17.5,1.3,9,139.0,20.20962107
28,1,177.9,78.1,16.6,71.0,121,53.0,19.4,52,246.0,24.67738506
40,1,173.0,84.2,35.3,96.0,146,44.5,9.7,19,178.0,28.13324869
25,1,174.9,72.1,16.2,62.0,126,49.4,26.2,53,226.0,23.56978635
33,1,176.8,72.2,14.4,75.0,118,42.5,15.5,45,218.0,23.09790954
24,0,160.1,51.0,23.8,71.0,117,24.0,26.6,57,183.0,19.89699598
22,0,162.4,54.9,28.9,99.0,134,20.0,31.8,48,170.0,20.81614453
60,0,159.7,58.0,33.1,69.0,132,25.0,17.0,20,131.0,22.74145049
56,1,169.4,74.4,24.0,75.0,125,29.7,21.2,23,159.0,25.9266332
38,1,166.2,62.7,18.8,75.0,139,50.6,19.7,62,228.0,22.69893608
47,0,158.0,58.4,28.7,85.0,123,26.5,19.7,16,125.0,23.39368691
58,0,153.7,54.1,27.8,92.0,158,23.1,16.3,18,148.0,22.90074074
39,1,177.3,70.4,20.7,77.0,120,37.9,17.7,59,240.0,22.39521251
31,0,161.5,63.9,25.5,76.0,119,30.0,31.4,39,177.0,24.4994201
41,0,165.0,52.4,19.7,83.0,132,21.9,29.3,35,170.0,19.24701561
41,1,175.8,90.9,31.0,97.0,156,39.7,6.2,47,196.0,29.4121073
26,1,169.8,82.12,37.2,111.0,167,42.3,9.2,28,185.0,28.48220244
21,1,185.9,69.5,11.9,61.0,109,38.8,13.4,54,208.0,20.11064617
26,1,176.4,87.56,26.0,80.0,120,50.1,12.6,38,239.0,28.13899558
26,1,174.2,84.9,31.5,83.0,129,39.7,7.7,40,201.0,27.97766005
28,0,171.0,63.8,26.8,78.0,120,23.2,32.8,46,200.0,21.81867925
22,1,171.6,78.0,19.5,75.0,152,43.0,8.9,44,190.0,26.48866285
30,1,170.0,50.3,13.9,99.0,152,39.9,5.3,39,225.0,17.40484429
48,1,191.8,87.5,19.7,67.0,110,42.1,-12.0,20,160.0,23.78542125
23,1,172.5,70.0,19.4,94.0,133,34.0,9.6,53,187.0,23.52446965
21,1,175.1,71.4,18.4,42.0,93,39.6,28.6,57,241.0,23.28766364
64,1,164.2,63.24,17.5,80.0,159,37.3,19.1,29,168.0,23.45554647
21,1,188.1,69.2,10.3,87.0,137,47.6,22.0,48,244.0,19.55818291
29,1,173.7,74.9,17.7,94.0,135,41.5,14.4,61,223.0,24.82459551
22,1,175.8,66.6,14.7,71.0,128,34.2,2.9,52,240.0,21.54946476
45,1,176.7,82.6,20.6,80.0,134,38.0,-2.7,35,172.0,26.4549502
21,0,161.5,57.2,32.3,68.0,103,29.4,12.6,40,157.0,21.93062332
60,0,157.7,60.3,33.8,99.0,138,19.3,18.3,22,110.0,24.24677182
32,1,172.7,68.34,15.3,85.0,142,38.0,23.2,42,224.0,22.91344024
32,1,170.9,72.3,20.5,92.0,144,44.8,16.9,55,241.0,24.75450075
54,0,162.1,60.9,32.6,63.0,113,22.4,14.0,0,60.0,23.17668205
57,0,154.0,59.6,40.8,76.0,132,22.4,7.4,0,116.0,25.13071344
23,1,171.2,75.0,22.8,87.0,128,60.9,24.8,59,210.0,25.58902524
23,1,167.2,68.7,17.5,90.0,135,36.6,11.0,48,236.0,24.57447174
52,0,153.2,63.24,42.3,92.0,125,17.8,9.2,23,126.0,26.94476068
25,0,167.1,55.5,21.7,71.0,113,29.1,21.0,30,165.0,19.87650779
22,0,170.8,66.5,32.6,84.0,138,27.5,22.7,37,166.0,22.79533152
27,0,164.0,59.2,34.3,80.0,120,26.1,10.3,40,166.0,22.01070791
21,1,168.7,70.3,26.6,75.0,117,42.4,8.6,47,196.0,24.70160427
61,1,177.7,71.4,22.0,79.0,140,43.0,14.6,20,180.0,22.61118671
51,1,170.4,67.4,15.5,75.0,121,45.4,26.1,35,197.0,23.2124358
28,0,165.4,62.0,31.1,58.0,102,25.0,21.7,31,170.0,22.66317118
62,1,168.0,66.9,20.6,66.0,116,37.2,7.7,40,152.0,23.70323129
54,1,163.7,69.4,24.5,83.0,123,39.9,14.0,30,180.0,25.89775462
28,1,170.4,61.7,13.5413,69.0,113,43.7,-5.1,51,229.0,21.24936631
49,1,176.9,73.2,17.9,75.0,124,53.9,17.5,50,219.0,23.39135689
29,0,152.1,44.3,19.4,76.0,109,20.8,26.5,35,161.0,19.14896468
33,1,176.1,74.3,14.0,81.0,139,37.5,10.2,53,227.0,23.95907802
51,0,157.2,46.3,17.1,92.0,137,24.1,19.5,33,162.0,18.73595815
28,1,176.5,68.0,16.7,80.0,140,41.5,8.9,31,224.0,21.82827886
22,1,166.7,69.8,21.7,84.0,129,35.6,10.2,51,198.0,25.11795181
49,0,156.6,56.0,24.6,95.0,139,22.4,26.1,33,135.0,22.8351838
31,1,176.5,77.5,20.7,84.0,138,51.8,-9.2,57,203.0,24.87781781
43,1,167.1,61.3,18.4,69.0,148,41.8,16.9,52,223.0,21.95369239
25,1,165.6,80.3,23.3,89.0,145,50.9,17.1,52,209.0,29.28160517
26,1,177.3,78.4,17.0,77.0,146,52.3,22.4,57,243.0,24.94012303
35,1,184.7,84.18,16.3,70.0,120,48.8,15.3,56,229.0,24.67602096
23,1,182.9,97.4,19.7,86.0,144,48.7,5.0,44,200.0,29.11598895
22,0,160.3,47.1,30.5,73.0,132,20.8,20.8,43,168.0,18.32963692
29,1,174.6,71.4,14.6,92.0,155,46.5,19.0,51,233.0,23.42123184
41,1,178.0,67.9,15.0,55.0,97,41.3,10.0,45,200.0,21.43037495
60,1,171.6,62.4,18.5,80.0,140,35.8,18.3,24,160.0,21.19093028
63,1,163.9,57.6,20.0,78.0,148,40.9,15.9,33,182.0,21.44196468
27,1,187.4,76.6,18.7,75.0,133,45.4,13.4,43,202.0,21.81170406
44,1,170.4,71.0,19.7,79.0,141,51.0,11.0,50,225.0,24.45226917
50,0,156.2,48.6,21.7,92.0,155,24.3,15.1,16,158.0,19.91930632
61,1,168.1,69.1,21.5,90.0,139,39.8,6.2,31,185.0,24.45358967
25,1,177.2,70.7,14.9,90.0,141,48.9,19.2,52,227.0,22.5160383
22,1,173.7,61.1,16.2,65.0,119,43.3,16.3,56,235.0,20.2507715
55,1,170.0,75.5,20.6,67.0,114,45.4,12.5,40,216.0,26.12456747
26,1,172.5,68.4,17.6,80.0,120,39.6,12.2,56,220.0,22.98676749
35,1,175.1,63.3,10.9,70.0,111,42.2,21.4,46,224.0,20.64578583
25,1,173.9,69.1,18.7,76.0,130,45.3,18.2,61,218.0,22.84961481
24,1,175.9,75.4,21.8,79.0,135,43.5,1.4,54,222.0,24.36910992
52,1,164.5,64.3,18.6,79.0,124,39.0,16.9,34,190.0,23.76179082
26,0,159.4,54.6,18.2,72.0,115,34.2,26.4,50,180.0,21.48899024
29,1,172.5,74.9,19.9,87.0,134,51.8,11.3,39,235.0,25.17118252
21,1,175.0,66.4,16.5,77.0,124,39.4,13.0,54,248.0,21.68163265
34,1,171.1,66.3,13.8,77.0,135,40.4,17.9,55,245.0,22.64714754
53,1,159.5,70.2,23.5,75.0,137,42.1,16.3,57,186.0,27.59406845
37,0,165.1,104.7,48.3,86.0,148,28.1,12.2,16,146.0,38.41072771
30,1,173.6,77.6,24.6,78.0,137,48.6,7.0,61,221.0,25.74911338
21,0,157.7,45.54,17.7,75.0,107,22.2,24.9,20,184.0,18.31174111
62,1,171.2,62.5,22.8,78.0,123,41.0,4.3,21,177.0,21.3241877
27,1,169.8,61.9,10.6,69.0,138,47.3,12.6,52,251.0,21.4691711
24,1,175.2,88.98,22.5,86.0,148,50.0,14.5,50,221.0,28.98839682
28,1,169.1,70.8,28.0,74.0,125,38.3,12.3,38,205.0,24.75973787
26,1,166.0,67.3,23.6,75.0,140,32.6,16.1,48,220.0,24.42299318
32,1,182.3,78.72,14.8,88.0,152,53.2,17.4,56,238.0,23.68709207
30,1,165.0,75.6,27.5,91.0,136,39.3,3.5,41,200.0,27.76859504
24,1,175.3,72.3,15.0,95.0,152,33.4,23.0,45,240.0,23.52742865
28,1,171.8,68.3,10.1,87.0,128,45.2,18.4,54,229.0,23.14058771
54,1,167.1,64.6,19.1,72.0,139,37.5,14.0,46,201.0,23.1355388
50,0,158.5,48.1,26.0,80.0,116,21.9,17.2,28,156.0,19.14637423
27,1,173.6,69.2,9.0,77.0,127,50.0,21.0,51,245.0,22.96183822
37,1,169.4,73.3,14.2,92.0,140,48.9,10.9,48,242.0,25.54330933
25,1,183.2,66.6,11.7,63.0,124,48.0,19.2,53,234.0,19.84372914
22,1,169.2,70.2,17.5,99.0,143,43.9,25.6,61,254.0,24.52089935
22,1,180.2,68.4,13.8,79.0,134,43.1,7.3,62,284.0,21.0642756
37,1,172.6,78.26,30.7,120.0,158,40.1,6.6,28,199.0,26.2698904
24,1,172.0,71.9,24.32,87.0,146,49.7,6.2,40,152.0,24.30367766
35,1,170.6,71.36,18.7,90.0,134,47.0,30.0,48,241.0,24.51866318
62,0,166.0,59.4,29.4,90.0,130,25.4,15.2,20,101.0,21.55610393
60,1,166.6,59.2,20.3,80.0,121,32.3,13.5,38,185.0,21.32905984
58,1,170.6,73.6,25.9,99.0,151,30.2,14.2,35,176.0,25.28830732
35,1,177.6,73.2,19.0,64.0,116,47.4,10.8,34,240.0,23.20732895
42,1,175.8,79.1,19.0,81.0,123,44.0,19.1,50,229.0,25.59403397
21,1,179.7,73.6,32.7,67.0,159,34.9,11.1,40,227.0,22.79195927
26,0,168.5,57.58,26.0,77.0,123,27.8,22.1,37,159.0,20.28018209
32,1,181.0,74.6,14.2,90.0,137,55.5,29.9,60,238.0,22.77097769
21,0,155.1,52.8,28.3,86.0,137,20.3,18.8,46,203.0,21.94877704
24,0,158.6,47.7,24.1,69.0,107,25.5,24.9,35,145.0,18.96321692
23,0,161.1,70.9,34.5,86.0,151,31.7,12.5,31,164.0,27.31839337
25,1,166.3,65.0,13.0,47.0,110,50.4,17.8,62,238.0,23.50330077
24,1,168.0,70.3,25.5,62.0,118,37.8,8.6,27,154.0,24.90787982
60,0,160.3,54.3,28.5,78.0,152,23.3,21.7,12,150.0,21.13161964
59,1,166.3,77.1,27.9,77.0,117,27.5,14.5,15,162.0,27.8785306
55,1,163.6,71.68,27.3,90.0,142,46.1,19.0,35,211.0,26.78128419
25,1,168.4,67.3,18.5,91.0,126,39.9,16.8,45,198.0,23.73181149
25,0,158.9,51.8,28.3,76.0,120,22.5,23.1,31,158.0,20.51549336
25,1,174.6,66.3,12.9,81.0,130,49.4,21.2,45,233.0,21.74828671
38,1,177.6,86.6,17.0,70.0,123,39.3,14.5,52,235.0,27.45566512
21,1,175.8,78.8,19.7,61.0,110,54.2,19.6,51,230.0,25.49696431
38,1,173.2,94.1,33.1,87.0,154,58.1,3.0,44,170.0,31.36850695
25,1,174.8,67.5,13.3,61.0,119,36.6,20.5,53,217.0,22.09128183
25,1,182.5,71.1,15.6,77.0,119,51.2,18.6,42,224.0,21.34734472
60,1,183.7,82.8,22.6,81.0,131,41.3,4.9,19,142.0,24.53646673
54,0,163.6,78.6,40.1,82.0,118,21.9,9.6,11,135.0,29.36675414
35,1,170.5,77.7,33.2,73.0,118,34.6,-4.4,45,197.0,26.72835631
50,0,162.1,59.6,32.6,94.0,136,27.9,3.5,23,149.0,22.68194171
37,0,157.8,75.7,38.4,83.0,121,30.9,13.6,15,126.0,30.40058086
34,1,174.0,75.8,15.9,84.0,156,51.3,23.0,53,245.0,25.03633241
26,0,158.0,47.9,27.4,79.0,117,25.3,4.5,35,144.0,19.18763019
27,1,176.5,85.8,24.1,79.0,139,48.1,11.9,63,204.0,27.54215185
62,0,152.6,45.0,19.2,89.0,156,24.0,13.4,12,85.0,19.32428556
27,0,176.4,61.1,19.4,64.0,105,32.4,33.9,32,170.0,19.63559422
55,0,160.1,70.2,36.0,62.0,106,25.4,20.0,22,118.0,27.38762976
29,0,160.2,58.0,30.7,72.0,122,27.7,23.1,35,183.0,22.5997154
62,1,163.3,65.4,27.4,81.0,120,35.7,5.5,35,175.0,24.5247946
21,0,163.9,60.1,31.1,81.0,119,27.8,24.2,30,173.0,22.37260551
23,1,177.1,66.7,13.0,77.0,127,39.7,15.5,57,205.0,21.2661421
22,1,165.3,61.0,15.7,80.0,136,38.3,18.1,44,219.0,22.3246227
26,1,173.3,70.2,19.2,71.0,129,40.1,11.7,34,232.0,23.37437389
22,0,162.0,57.4,30.9,56.0,120,18.8,18.6,36,128.0,21.8716659
32,1,174.2,77.9,20.3,93.0,159,44.4,13.4,41,223.0,25.67090363
58,0,150.8,59.82,34.1,84.0,129,28.7,9.8,13,133.0,26.30532826
25,1,175.3,82.1,17.5,75.0,136,51.0,18.2,47,211.0,26.71648537
46,0,166.8,64.5,20.3,90.0,134,28.7,12.7,18,161.0,23.18289253
52,1,169.1,70.5,24.5,85.0,136,43.0,10.9,27,204.0,24.65482373
60,0,156.1,62.62,36.7,65.0,122,30.2,21.8,19,150.0,25.69846938
56,1,166.7,64.9,22.7,81.0,156,38.9,14.1,33,166.0,23.3546572
64,0,149.0,65.3,32.7,77.0,142,20.5,8.0,12,92.0,29.4130895
41,0,163.6,56.1,29.0,60.0,114,17.0,9.8,29,143.0,20.96024055
57,0,158.1,57.6,29.1,76.0,128,26.3,20.5,32,142.0,23.04404653
63,0,148.8,63.18,36.5,76.0,144,26.7,22.6,14,120.0,28.53472945
45,1,164.5,60.0,21.6,98.0,148,31.2,12.0,32,179.0,22.17274415
47,0,160.0,59.6,32.4,88.0,147,21.4,15.5,26,155.0,23.28125
59,1,165.7,57.6,13.6,60.0,124,33.0,13.5,41,186.0,20.97864658
46,0,164.3,71.2,32.6,80.0,120,28.0,10.5,21,156.0,26.37575298
57,1,168.2,64.4,20.4,80.0,138,43.8,7.8,25,184.0,22.76322989
21,0,168.8,53.5,20.0,72.0,121,30.3,24.7,38,185.0,18.77625166
23,0,161.1,66.3,33.1,80.0,140,29.4,20.0,51,170.0,25.54597293
35,1,177.8,77.0,19.0,76.0,126,43.0,10.1,45,246.0,24.35719157
46,0,162.3,68.2,36.3,94.0,137,24.1,4.6,36,168.0,25.89091119
23,0,164.0,60.3,23.2,60.0,105,32.0,26.0,51,205.0,22.41969066
23,1,167.4,78.2,21.6,69.0,136,40.8,7.3,61,189.0,27.90588793
27,1,177.9,81.4,20.4,91.0,141,58.7,16.7,51,226.0,25.72009147
26,0,157.8,57.1,37.9,84.0,127,28.1,20.0,48,155.0,22.93095333
29,0,163.5,55.1,27.5,98.0,136,29.9,22.1,52,166.0,20.61180784
23,0,162.2,58.48,28.8,75.0,119,22.9,26.2,37,182.0,22.22827004
27,0,163.5,53.8,32.0,75.0,107,25.6,20.8,42,175.0,20.12550384
58,0,158.8,60.3,31.0,69.0,118,24.6,23.4,30,150.0,23.91202279
62,1,166.2,75.0,28.7,99.0,159,40.3,21.9,35,181.0,27.15183742
49,1,175.9,83.8,19.6,89.0,130,45.4,3.0,43,225.0,27.08397098
21,1,175.1,103.6,39.1,89.0,147,28.8,-14.3,20,119.0,33.78994332
56,0,150.2,60.1,38.7,86.0,128,24.0,23.2,23,113.0,26.64002369
57,0,156.0,60.4,43.5,74.0,120,26.3,20.0,7,141.0,24.8191979
61,1,177.4,77.68,17.9,90.0,153,50.2,19.0,31,184.0,24.68322977
26,1,170.9,93.7,23.3,74.0,124,62.0,13.7,50,219.0,32.08155906
31,1,166.6,55.5,15.5,68.0,136,37.1,17.6,58,232.0,19.9959936
60,1,174.3,72.6,21.8,88.0,151,36.8,7.5,38,167.0,23.89691542
55,1,169.5,68.9,23.6,85.0,134,41.2,15.1,46,197.0,23.98169177
62,1,159.1,56.9,22.7,77.0,121,34.0,15.0,35,170.0,22.47873705
25,1,171.9,75.7,21.7,85.0,130,52.2,17.4,59,244.0,25.6179354
34,0,157.4,57.4,27.7,78.0,138,33.2,20.2,32,174.0,23.16874109
22,1,175.1,67.5,18.3,78.0,118,39.4,24.9,60,163.0,22.0156484
45,1,173.5,86.2,23.5,73.0,144,49.4,14.7,37,231.0,28.63573321
51,1,168.0,74.9,20.9,91.0,134,44.9,4.1,29,211.0,26.53769841
34,1,174.1,81.9,27.5,85.0,155,54.1,14.2,52,237.0,27.02006314
63,1,166.7,65.7,30.3,88.0,143,32.9,2.2,21,155.0,23.64254204
28,0,162.8,56.8,27.9,81.0,119,32.6,20.9,44,186.0,21.43085681
34,1,173.4,69.1,22.2,86.0,127,31.0,16.7,43,198.0,22.98157882
29,1,181.2,100.8,22.0,96.0,155,56.3,10.6,50,242.0,30.70040788
49,0,148.1,63.7,39.7,82.0,138,20.7,10.6,0,73.0,29.04218685
37,0,169.4,58.1,22.4,72.0,109,27.9,30.4,35,196.0,20.24647028
39,1,175.5,88.1,31.0,97.0,159,50.1,27.3,37,194.0,28.60366393
48,1,171.9,72.6,24.8,98.0,145,41.4,15.1,43,212.0,24.56885218
29,0,162.9,57.9,31.0,85.0,137,28.6,24.7,41,159.0,21.81907801
30,1,163.5,73.8,21.8,75.0,128,46.2,9.1,63,226.0,27.60710378
23,1,182.5,85.8,20.6,75.0,134,53.0,26.1,57,252.0,25.76093076
25,1,180.3,75.2,17.8,69.0,121,27.5,10.9,40,218.0,23.13270327
39,0,156.4,52.4,26.1,87.0,135,28.8,19.5,28,173.0,21.42189023
21,1,175.7,69.34,10.8,81.0,127,45.6,25.8,56,236.0,22.46158062
30,0,163.1,63.3,33.7,70.0,117,28.0,13.0,42,121.0,23.79555222
60,1,165.9,61.9,10.3,77.0,150,42.3,22.1,45,215.0,22.49043611
23,0,151.8,46.9,20.5,60.0,105,22.2,28.9,50,178.0,20.35304063
44,0,152.4,50.9,26.6,95.0,184,23.6,20.3,37,192.0,21.91532161
21,1,171.7,77.0,24.4,86.0,146,36.1,13.5,34,204.0,26.11861447
44,0,154.0,65.1,36.4,84.0,130,27.9,23.9,0,112.0,27.4498229
28,0,160.6,53.3,22.4,89.0,141,26.4,19.0,52,157.0,20.66503414
31,1,171.2,73.4,20.8,87.0,142,43.6,14.4,46,216.0,25.04312604
21,0,167.9,57.6,25.9,72.0,117,24.1,24.4,52,196.0,20.43248041
25,1,173.7,77.5,14.4,83.0,131,49.8,20.3,56,258.0,25.68633046
21,0,158.8,49.7,28.4,84.0,139,15.2,24.2,28,174.0,19.70858263
34,1,169.0,72.7,19.0,80.0,114,47.3,20.7,49,233.0,25.45429082
53,1,179.4,80.68,20.6,86.0,141,35.0,14.0,33,178.0,25.06807654
21,1,175.3,74.6,21.1,66.0,123,47.9,-8.0,34,183.0,24.27588074
40,1,175.0,76.3,19.6,94.0,159,42.9,15.5,44,212.0,24.91428571
29,1,173.2,98.1,32.5,95.0,133,59.6,10.1,45,215.0,32.70191851
28,1,171.2,74.1,26.2,83.0,138,37.3,9.9,51,197.0,25.28195694
24,1,187.8,93.7,16.1,83.0,156,48.7,21.0,51,232.0,26.56736088
40,1,174.8,79.1,18.2,72.0,148,47.2,19.2,50,239.0,25.88770952
60,1,153.9,54.8,21.7,75.0,136,32.0,16.2,19,148.0,23.1368014
24,1,163.2,65.9,27.7,61.0,109,32.9,-1.0,35,175.0,24.74258699
24,1,173.8,74.3,21.3,83.0,140,50.9,16.5,64,223.0,24.59740373
25,1,174.8,70.5,12.6,71.0,108,58.4,22.5,64,275.0,23.07311658
21,0,167.3,52.9,21.9,65.0,140,21.9,21.1,47,189.0,18.90008643
21,0,160.9,61.4,36.5,71.0,103,27.3,20.8,47,169.0,23.71681047
29,1,167.0,78.9,24.1,81.0,136,45.8,-2.8,43,219.0,28.29072394
22,1,179.9,81.1,18.4,86.0,132,52.1,10.8,49,237.0,25.05869946
26,0,163.0,52.7,30.8,62.0,112,27.2,19.0,42,170.0,19.83514622
47,0,159.0,60.1,39.1,61.0,95,25.6,13.5,20,116.0,23.7727938
61,1,162.9,51.6,12.3,76.0,134,32.5,13.4,29,187.0,19.44498144
59,1,163.0,66.2,22.3,80.0,130,42.1,12.8,25,100.0,24.91625579
55,1,173.3,84.9,23.6,88.0,145,39.5,12.0,37,179.0,28.26900774
39,1,172.3,74.0,27.3,96.0,139,40.1,15.4,34,186.0,24.92649211
57,1,173.3,69.9,26.4,96.0,159,31.7,9.8,27,182.0,23.27448341
61,0,161.1,62.8,37.0,86.0,136,22.3,18.7,18,123.0,24.19739215
33,1,180.8,96.7,30.1,84.0,124,54.4,19.3,45,231.0,29.5821423
40,1,178.5,80.1,17.5,82.0,140,57.7,28.8,70,235.0,25.13946755
21,1,173.3,80.4,26.7,98.0,147,46.1,19.3,52,218.0,26.77065044
60,0,155.6,58.8,33.0,98.0,157,25.1,20.1,0,108.0,24.28612023
23,0,166.3,68.1,33.0,71.0,111,25.9,25.2,40,190.0,24.62422742
52,0,152.7,56.7,31.0,88.0,157,26.9,20.0,27,120.0,24.31671948
26,1,171.2,60.4,13.6,77.0,124,41.3,13.0,45,231.0,20.607695
21,1,169.0,81.2,28.0,73.0,125,29.1,3.2,50,243.0,28.43037709
49,0,162.2,56.0,25.0,85.0,133,31.9,18.2,30,180.0,21.28562111
24,0,165.2,53.7,28.9,68.0,105,21.8,23.3,45,163.0,19.67678769
24,1,177.4,71.2,11.5,91.0,128,56.8,23.6,60,283.0,22.62417558
32,1,171.1,55.4,10.06304,80.0,134,40.5,15.4,49,229.0,18.92386084
60,1,170.3,68.9,18.3,96.0,147,42.3,13.0,34,192.0,23.75690855
60,1,168.4,64.2,28.4,93.0,138,30.6,22.4,31,173.0,22.63866713
26,1,178.3,86.1,23.1,94.0,157,51.7,16.5,40,218.0,27.08323045
28,1,175.1,69.6,24.0,85.0,128,41.7,16.3,38,210.0,22.70057968
40,0,167.0,54.3,20.0,60.0,122,26.7,19.5,37,157.0,19.47004195
60,1,174.1,61.0,7.4,96.0,140,39.3,17.9,36,210.0,20.12483335
23,1,171.9,64.7,15.2,75.0,130,54.1,7.8,43,212.0,21.89538204
31,1,177.5,79.1,16.2,56.0,113,51.3,22.1,48,244.0,25.10612974
42,1,176.9,69.5,20.0,77.0,123,37.3,13.0,41,188.0,22.20900689
35,0,158.2,54.0,29.2,78.0,111,27.6,26.7,28,168.0,21.57649026
56,0,164.0,57.6,23.2,95.0,127,24.4,23.6,27,149.0,21.41582391
64,1,164.5,62.9,21.0,92.0,136,43.0,6.5,30,154.0,23.24442679
27,0,152.3,55.5,37.5,81.0,126,16.6,16.1,37,113.0,23.92727144
35,0,168.4,61.88,22.7,96.0,150,31.2,24.2,36,179.0,21.82057199
61,1,162.3,53.04,14.6,80.0,120,38.5,13.1,35,173.0,20.13568812
54,0,156.8,68.4,39.4,61.0,149,22.2,13.5,16,133.0,27.8204394
40,1,181.7,89.8,22.7,80.0,142,51.8,8.0,10,224.0,27.19984831
61,1,171.6,86.4,28.7,70.0,142,35.1,-2.4,12,162.0,29.34128808
29,1,180.1,83.8,18.2,85.0,138,51.9,12.2,55,222.0,25.83548346
28,1,172.2,70.1,16.0,86.0,126,48.6,11.1,49,226.0,23.64023142
56,1,175.0,78.3,20.2,92.0,151,44.5,20.9,52,212.0,25.56734694
37,0,167.5,67.5,28.2,85.0,138,33.0,17.4,42,179.0,24.05881043
30,1,172.5,74.8,16.9,77.0,133,45.8,23.0,55,229.0,25.13757614
22,1,182.9,82.7,17.0,67.0,123,50.9,23.9,59,238.0,24.72168672
42,1,178.3,72.9,15.2,85.0,138,50.7,14.7,48,242.0,22.93109756
26,1,175.3,71.2,15.3,87.0,135,50.3,23.2,60,236.0,23.16947331
62,0,159.6,59.3,34.4,80.0,113,27.5,22.6,21,131.0,23.28031859
24,1,178.7,79.5,23.1,73.0,122,36.5,6.0,30,196.0,24.89533781
41,1,167.9,71.8,13.1,65.0,113,51.7,13.4,47,225.0,25.4696544
26,1,175.3,70.0,19.3,98.0,148,40.3,16.3,49,246.0,22.77897657
21,0,154.6,54.8,35.2,78.0,116,24.4,25.5,44,155.0,22.92775748
32,1,172.3,77.6,22.6,83.0,140,43.9,8.9,36,208.0,26.13913227
29,1,169.6,62.8,12.5,79.0,142,45.7,16.6,66,229.0,21.83272517
41,1,165.7,61.0,22.1,96.0,120,44.8,-2.7,28,158.0,22.21696947
41,0,161.0,54.5,25.3,70.0,119,27.9,12.2,20,148.0,21.0254234
55,0,156.7,54.3,26.0,85.0,120,23.7,15.4,16,124.0,22.11372154
49,1,171.3,71.9,19.4,75.0,130,47.5,9.4,48,201.0,24.50271251
32,1,166.5,67.8,20.0,90.0,147,41.6,11.4,46,197.0,24.45688932
30,1,179.0,68.8,12.3,63.0,103,52.0,19.0,54,233.0,21.47248837
23,0,163.7,58.0,25.6,62.0,103,28.5,22.1,43,182.0,21.6436566
57,0,163.9,62.1,30.1,93.0,149,25.3,-3.0,19,130.0,23.11711817
60,1,181.2,78.5,19.6,79.0,129,45.4,15.3,35,197.0,23.90855177
59,0,157.7,57.32,31.9,73.0,157,26.7,19.3,21,118.0,23.04850681
50,0,155.2,61.2,32.7,93.0,145,28.2,23.1,37,140.0,25.40785418
60,0,156.5,50.54,35.0,68.0,141,22.0,22.0,13,135.0,20.63509886
52,1,167.9,69.7,22.5,99.0,158,42.9,18.0,60,206.0,24.72472022
40,1,170.8,68.5,23.1,79.0,133,28.8,-1.0,43,204.0,23.4809054
25,1,184.5,85.9,18.6,72.0,118,46.5,17.0,52,195.0,25.23483229
64,0,153.0,52.3,31.9,70.0,140,22.1,28.4,18,125.0,22.34183434
38,0,151.5,49.6,32.4,77.0,132,11.8,19.5,36,102.0,21.6100818
21,0,167.1,74.9,41.7,67.0,126,22.6,20.3,21,131.0,26.82433214
37,0,160.0,57.6,22.7,92.0,151,28.2,19.0,28,102.0,22.5
29,1,174.3,75.94,18.8,77.0,127,52.2,13.3,43,213.0,24.99630519
39,1,173.2,70.9,17.7,81.0,146,53.5,16.2,51,235.0,23.6347199
64,0,149.0,47.6,29.0,104.0,176,23.4,20.4,24,127.0,21.44047565
47,0,162.5,63.6,32.7,97.0,153,20.3,22.6,19,130.0,24.0852071
51,1,165.5,74.7,26.3,74.0,127,34.9,14.4,24,171.0,27.27247835
28,1,172.0,68.8,19.4,88.0,115,47.9,20.2,58,259.0,23.25581395
48,1,176.5,66.1,8.1,80.0,129,39.3,14.1,33,204.0,21.21837106
23,1,178.6,83.9,17.9,76.0,123,48.5,16.6,43,243.0,26.30262249
27,1,178.2,75.1,15.9,59.0,129,49.2,16.7,55,229.0,23.64964019
36,1,169.5,70.4,29.2,76.0,118,35.2,1.6,4,180.0,24.50378956
24,1,165.4,68.0,11.0,75.0,120,51.4,16.9,58,240.0,24.85638129
58,1,168.6,75.6,27.4,74.0,120,40.0,12.1,39,181.0,26.59540786
54,0,162.9,63.9,28.3,61.0,104,25.6,11.5,29,90.0,24.08012237
30,1,167.8,74.2,21.4,77.0,129,44.4,25.8,50,203.0,26.35238898
36,1,172.5,80.8,19.9,86.0,124,49.3,17.5,55,212.0,27.15395925
52,1,157.8,62.9,22.0,76.0,119,36.0,18.4,43,216.0,25.26019203
40,0,162.6,54.2,31.0,75.0,116,19.1,24.2,16,141.0,20.500205
21,0,161.0,45.2,17.4,75.0,126,27.2,22.0,40,187.0,17.43759886
52,1,161.7,64.5,20.8,84.0,137,38.1,20.7,36,204.0,24.66832575
41,1,177.9,85.9,13.6,66.0,144,46.4,17.5,58,231.0,27.14196385
52,1,165.4,74.8,27.5,86.0,143,38.9,18.2,56,217.0,27.34201942
21,1,184.0,76.1,16.8,56.0,117,42.4,13.4,52,239.0,22.47755198
56,0,150.1,67.2,39.9,97.0,140,23.7,12.6,25,125.0,29.82688423
29,0,159.6,61.9,38.3,79.0,113,24.0,20.3,27,146.0,24.30104082
21,1,181.4,85.4,16.5,64.0,120,44.1,22.1,65,237.0,25.95274534
31,0,161.1,52.2,25.9,57.0,107,26.4,19.0,36,164.0,20.11311896
61,0,154.9,54.3,25.7,74.0,133,26.1,24.3,28,101.0,22.63064823
31,1,186.4,79.9,18.1,80.0,115,49.7,10.1,53,222.0,22.99614102
26,1,176.7,60.8,13.4,66.0,118,43.1,11.5,52,236.0,19.47289312
21,1,180.2,90.9,31.2,92.0,156,36.7,-1.3,38,223.0,27.99331363
51,1,171.5,62.2,15.9,87.0,149,47.1,5.0,49,207.0,21.14765106
48,0,146.7,51.24,28.6,76.0,116,25.5,21.6,27,137.0,23.80942424
26,1,169.2,70.6,21.0,63.0,129,41.3,15.1,53,225.0,24.66061958
60,0,157.5,59.4,29.0,73.0,119,30.1,29.6,28,152.0,23.94557823
25,1,181.2,90.0,20.0,90.0,144,53.6,17.8,55,232.0,27.41107846
48,1,176.7,80.6,22.2,78.0,117,43.8,12.7,45,222.0,25.8143945
25,1,169.0,63.1,8.7,61.0,101,49.7,19.2,52,255.0,22.09306397
36,1,180.5,78.9,18.6,85.0,141,47.5,8.0,51,212.0,24.21712541
39,1,170.5,77.2,27.1,81.0,138,46.8,13.5,46,222.0,26.55635916
23,0,169.9,54.2,24.9,66.0,106,18.2,22.8,21,133.0,18.77640866
31,0,171.0,61.68,21.0,74.0,125,27.7,24.0,30,172.0,21.09366985
44,0,155.4,80.4,37.1,90.0,156,20.0,16.6,17,126.0,33.29308349
36,0,164.8,58.8,25.8,63.0,114,27.2,19.3,30,162.0,21.65024979
24,1,173.3,75.6,26.3,86.0,154,40.9,7.5,45,211.0,25.17240266
51,1,164.2,58.8,18.9,79.0,136,39.1,19.6,39,212.0,21.80876237
25,1,170.0,71.6,24.1,92.0,150,36.7,10.6,63,197.0,24.77508651
31,0,163.8,55.1,22.8,76.0,124,30.0,23.8,44,181.0,20.53637585
30,1,166.0,63.3,21.0,79.0,131,35.1,7.7,38,220.0,22.97140369
21,0,154.9,75.16,44.1,84.0,128,21.6,20.8,31,140.0,31.32448474
24,0,160.0,46.8,30.3,75.0,121,12.4,11.9,30,118.0,18.28125
24,1,179.5,78.9,15.9,90.0,157,46.0,6.2,45,167.0,24.48770571
60,1,168.9,68.0,17.3,81.0,150,42.7,13.4,31,191.0,23.83689116
22,0,159.4,48.3,21.3,81.0,128,23.9,17.2,50,166.0,19.00949136
21,1,166.5,63.6,18.2,91.0,140,37.0,10.5,52,241.0,22.94186078
42,1,182.3,86.4,21.3,78.0,134,56.3,15.3,27,190.0,25.99802788
26,0,166.5,61.48,30.2,97.0,124,19.2,30.8,39,140.0,22.17713209
25,1,171.0,69.2,18.1,77.0,132,45.7,28.3,80,267.0,23.66540132
22,0,159.5,55.3,30.8,73.0,117,25.7,22.0,41,173.0,21.73720777
40,1,175.1,65.9,16.3,90.0,138,47.9,16.5,35,219.0,21.49379599
41,0,153.6,59.1,39.2,62.0,119,25.5,26.8,6,111.0,25.04984538
32,1,173.7,66.4,19.9,83.0,152,49.0,7.8,56,210.0,22.00738507
55,0,159.1,57.4,35.4,75.0,115,22.1,13.5,9,138.0,22.6762655
26,1,175.2,69.4,17.8,91.0,132,48.2,11.5,45,215.0,22.60951607
28,0,169.0,69.1,30.4,66.0,113,35.0,22.1,40,166.0,24.19383075
23,1,175.2,70.8,15.5,66.0,114,44.4,11.0,44,196.0,23.06561581
27,1,178.9,78.66,15.5,80.0,120,35.9,5.0,55,203.0,24.57724852
23,0,166.5,61.2,23.1,75.0,124,33.4,30.4,38,181.0,22.07613018
49,0,159.0,61.0,34.8,67.0,113,22.6,10.8,10,134.0,24.12879237
41,0,170.4,63.8,27.2,87.0,127,27.5,25.8,41,168.0,21.97260244
64,1,169.2,76.6,17.3,86.0,160,44.6,14.8,46,165.0,26.75642294
21,0,162.4,62.2,33.9,69.0,121,29.3,22.2,41,185.0,23.58404717
24,0,160.6,55.3,26.7,69.0,114,28.4,21.8,48,206.0,21.44045756
35,0,150.6,50.9,35.6,66.0,113,19.9,19.0,22,127.0,22.44232455
26,1,171.3,82.8,27.8,85.0,130,46.9,17.2,61,227.0,28.21731009
24,0,168.8,59.8,19.3,80.0,120,30.5,25.9,35,194.0,20.9872869
52,0,150.8,68.8,43.2,82.0,149,25.6,21.3,23,145.0,30.25420569
35,0,162.0,48.2,31.3,63.0,107,20.3,21.0,35,146.0,18.36610273
51,0,161.6,55.6,21.1,89.0,142,21.8,20.1,43,167.0,21.29080482
38,0,170.6,62.8,32.8,81.0,129,19.2,19.1,21,172.0,21.57752309
24,1,171.0,75.6,25.5,92.0,145,36.8,-11.4,36,190.0,25.85410896
21,0,155.0,51.0,29.8,91.0,131,14.3,15.1,30,174.0,21.22788762
64,1,169.8,66.9,21.1,83.0,146,36.0,15.6,34,175.0,23.20335294
28,1,178.5,81.4,26.7,83.0,144,54.4,22.9,50,229.0,25.54747389
29,0,162.2,51.7,29.2,83.0,118,29.7,23.7,44,183.0,19.65118949
32,1,182.1,94.9,25.9,93.0,148,53.5,3.0,47,208.0,28.61846401
35,1,179.0,75.0,10.7,74.0,129,47.7,16.6,54,233.0,23.40750913
38,1,172.5,74.1,20.4,96.0,129,44.3,22.5,33,195.0,24.90233144
23,1,183.4,82.6,15.0,64.0,144,45.9,6.2,52,245.0,24.55734348
61,1,170.0,80.2,37.6,96.0,158,31.4,3.0,29,151.0,27.75086505
41,1,172.9,71.0,19.8,63.0,131,44.8,-10.8,51,194.0,23.75025966
64,0,155.0,50.0,26.3,62.0,104,21.9,20.3,20,142.0,20.81165453
43,1,168.9,78.6,17.5,78.0,149,51.9,20.3,52,211.0,27.55264185
21,0,159.1,49.7,12.9,68.0,126,20.6,24.9,35,180.0,19.63432744
26,1,179.0,79.2,17.7,68.0,125,32.9,19.8,59,233.0,24.71832964
23,0,156.0,51.7,23.7,72.0,118,24.6,20.0,46,157.0,21.24424721
59,0,159.0,58.4,32.8,90.0,148,24.8,25.0,12,127.0,23.10035204
22,1,175.8,64.58,13.8,86.0,143,49.1,11.0,59,214.0,20.89586237
25,1,168.8,63.9,26.0,81.0,131,38.2,20.1,49,215.0,22.4262146
47,1,176.5,77.0,15.9,98.0,153,40.1,19.4,47,213.0,24.71731576
25,1,171.9,64.9,13.8,65.0,126,45.4,20.8,57,234.0,21.96306483
26,0,164.8,46.8,20.7,83.0,125,31.6,18.1,30,131.0,17.23183146
39,1,176.8,66.02,20.3,77.0,145,46.4,14.5,38,222.0,21.12083086
56,0,153.3,51.6,28.3,93.0,111,24.8,21.2,29,158.0,21.95661526
55,0,157.1,56.1,31.4,76.0,132,28.6,19.9,24,129.0,22.73057862
44,1,167.1,59.9,18.8,85.0,121,42.1,14.9,42,206.0,21.45230301
23,1,165.7,66.3,27.6,69.0,113,30.3,7.6,48,162.0,24.14729632
24,0,166.9,70.0,23.7,55.0,102,39.1,23.8,47,186.0,25.1295879
21,0,165.3,61.5,26.1,68.0,114,24.6,20.0,24,153.0,22.50761142
60,1,176.5,66.4,20.2,66.0,113,35.7,2.0,23,175.0,21.31467229
40,1,177.8,90.9,26.5,91.0,147,35.5,-12.5,23,170.0,28.75413914
27,1,178.1,73.5,16.7,78.0,126,44.7,19.8,52,230.0,23.17178553
57,1,172.6,66.4,19.3,99.0,157,42.9,17.8,52,201.0,22.28879022
26,1,179.3,84.3,19.3,87.0,150,45.9,9.8,52,211.0,26.22207139
54,0,160.0,58.3,39.5,64.0,119,21.3,21.3,21,126.0,22.7734375
37,1,165.4,64.9,20.3,89.0,129,41.8,19.1,54,246.0,23.72322273
48,1,179.1,80.9,25.3,81.0,133,39.1,-0.4,27,162.0,25.22071241
23,1,170.5,60.4,14.2,96.0,138,36.0,14.2,43,232.0,20.7772551
61,0,161.3,57.0,35.1,81.0,128,26.7,12.3,10,140.0,21.90817094
25,1,177.0,75.2,24.9,76.0,123,27.1,-2.3,36,175.0,24.00331961
35,0,163.5,62.5,21.2,81.0,117,23.5,0.4,18,151.0,23.37999981
31,1,173.0,72.7,27.0,73.0,117,42.0,3.7,34,199.0,24.29082161
21,0,158.0,52.4,30.9,77.0,112,27.6,27.1,34,170.0,20.99022593
28,1,179.0,64.2,18.0,80.0,119,30.7,8.6,42,189.0,20.03682781
53,0,163.5,56.7,30.1,74.0,140,24.7,12.0,8,120.0,21.21033583
22,1,178.1,73.6,17.4,85.0,144,50.0,26.1,59,242.0,23.20331177
21,1,172.5,71.3,20.6,69.0,143,37.3,16.2,37,222.0,23.96135266
21,0,165.6,68.0,35.8,82.0,127,21.2,10.1,33,154.0,24.79637798
24,1,167.5,65.66,19.1,98.0,154,45.3,18.3,44,241.0,23.40298507
44,0,160.2,56.9,22.5,83.0,130,33.3,12.3,36,182.0,22.17110011
25,1,175.8,84.6,28.8,84.0,146,36.8,15.2,37,162.0,27.37364442
24,1,163.2,60.9,13.4,64.0,115,39.0,25.1,59,234.0,22.86530421
21,1,183.6,78.0,13.8,86.0,149,49.9,21.3,63,250.0,23.13924844
61,1,164.7,57.2,19.0,75.0,159,33.8,8.6,12,148.0,21.08671025
28,0,174.4,69.2,20.3,53.0,123,36.9,27.8,38,175.0,22.75166232
27,1,186.7,75.8,16.2,69.0,125,40.1,8.9,48,223.0,21.74605939
42,1,171.1,78.3,22.2,96.0,151,50.4,16.2,44,232.0,26.74617876
27,1,179.5,72.7,12.1,78.0,135,46.4,12.2,42,232.0,22.56345
28,1,176.2,88.5,28.4,71.0,127,51.9,10.1,47,212.0,28.50568374
40,1,180.7,83.16,18.8,82.0,140,53.6,14.2,55,223.0,25.46819553
24,0,160.6,60.24,29.6,61.0,122,32.3,8.6,28,151.0,23.35575341
23,1,170.6,90.2,33.8,73.0,133,30.4,8.0,45,161.0,30.99192011
33,1,172.8,70.2,28.9,68.0,103,39.8,7.8,40,199.0,23.50983796
24,0,162.8,59.7,32.6,81.0,134,27.7,21.1,47,158.0,22.52503788
23,1,167.0,59.6,9.5,68.0,121,40.0,15.3,32,212.0,21.37043279
21,1,172.6,67.4,16.1,50.0,106,36.1,18.6,53,221.0,22.62446477
22,0,164.1,60.8,32.4,30.0,122,29.7,-4.6,31,159.0,22.57804931
25,1,180.8,73.8,12.9,76.0,129,53.6,16.4,45,255.0,22.57665048
30,1,180.3,89.2,16.8,68.0,127,60.2,18.0,61,260.0,27.43932357
26,1,170.3,72.8,15.3,75.0,123,48.1,17.2,58,266.0,25.10163923
27,1,168.9,83.2,27.1,99.0,159,50.1,21.8,56,218.0,29.16513742
25,0,167.0,51.2,23.9,80.0,126,26.1,20.1,21,130.0,18.3584926
51,0,157.8,62.0,35.3,85.0,146,33.6,17.5,11,153.0,24.89875844
59,1,165.2,67.62,20.1,93.0,141,38.6,15.8,35,195.0,24.77736283
33,0,163.3,60.2,33.4,94.0,142,23.9,10.2,25,165.0,22.57481094
29,0,170.7,58.82,21.2,90.0,131,37.0,20.5,35,141.0,20.18635832
28,1,166.5,61.7,22.6,87.0,144,38.9,13.9,44,208.0,22.25649072
22,1,176.8,73.4,22.1,85.0,142,38.7,0.1,27,168.0,23.48180832
51,0,156.6,55.56,28.9,100.0,160,30.0,11.8,23,150.0,22.6557645
41,1,181.3,84.2,12.5,95.0,135,54.7,18.1,47,236.0,25.61630487
23,1,168.5,65.9,12.7,95.0,149,37.5,21.4,62,254.0,23.21055922
36,1,171.1,62.5,15.2,71.0,136,44.3,12.0,52,226.0,21.34912098
29,0,164.1,52.54,21.4,73.0,116,32.6,31.3,40,172.0,19.51070248
33,1,180.4,74.8,14.4,97.0,154,51.8,15.3,43,206.0,22.98415445
21,1,174.6,80.5,21.4,68.0,117,57.0,21.6,57,242.0,26.4062908
24,1,171.7,78.1,21.1,88.0,141,50.2,21.6,42,239.0,26.49173753
27,1,174.0,70.1,19.0,85.0,135,47.4,13.6,43,214.0,23.15365306
30,1,169.5,68.7,10.4,82.0,141,55.9,15.1,68,230.0,23.91207873
26,0,157.4,60.8,33.0,89.0,132,31.2,26.3,47,151.0,24.54110554
51,0,163.3,56.4,23.5,71.0,128,20.3,18.5,34,154.0,21.14982287
24,1,170.9,71.8,20.3,78.0,143,42.7,18.2,45,218.0,24.5833078
61,0,150.2,47.5,23.6,75.0,132,25.6,22.0,23,130.0,21.05492721
53,1,166.0,64.6,18.9,78.0,148,40.8,17.0,32,221.0,23.44317027
22,1,177.7,76.0,23.8,72.0,150,48.2,4.2,47,192.0,24.06792983
41,0,157.2,61.7,37.0,72.0,122,17.6,-0.7,17,113.0,24.96778872
26,0,168.5,78.24,35.3,65.0,124,35.7,21.5,53,161.0,27.55681568
24,1,169.6,67.2,16.4,60.0,110,43.7,2.4,32,207.0,23.36240655
23,1,172.0,57.5,26.6,70.0,110,30.7,18.6,29,177.0,19.43618172
29,1,176.2,71.1,25.3,87.0,135,41.8,6.0,61,207.0,22.90117643
34,1,182.2,71.9,13.8,76.0,146,51.2,20.8,61,233.0,21.658688
25,1,173.0,79.1,22.0,92.0,156,54.6,12.5,46,210.0,26.42921581
63,0,157.2,60.62,37.5,64.0,110,23.8,19.8,6,60.0,24.53075125
31,1,175.6,72.6,22.2,87.0,129,41.3,19.8,48,229.0,23.54439838
26,0,160.0,59.0,33.9,86.0,133,31.5,21.8,35,143.0,23.046875
27,0,167.5,58.2,33.1,79.0,123,28.8,16.4,19,110.0,20.74404099
23,1,174.0,82.2,15.4,65.0,141,43.8,18.8,51,213.0,27.15021799
32,1,174.7,76.9,19.3,69.0,119,54.0,15.5,53,225.0,25.1965181
50,0,158.8,50.7,35.3,65.0,107,11.3,12.0,26,119.0,20.10513359
30,1,178.2,92.6,24.8,66.0,121,49.0,20.0,47,197.0,29.16054169
21,0,165.7,65.3,33.0,98.0,145,28.8,27.2,37,187.0,23.78308371
38,1,180.3,82.1,21.0,75.0,115,52.6,15.8,52,221.0,25.25525185
22,1,166.8,61.6,11.4,80.0,131,41.7,22.3,55,240.0,22.14056093
25,0,157.3,51.5,30.7,79.0,132,22.8,21.9,28,161.0,20.81372364
22,1,179.0,84.2,27.4,90.0,143,53.2,16.1,56,229.0,26.27883025
26,1,183.5,78.1,13.4,67.0,129,44.5,9.0,47,217.0,23.19417324
27,1,179.6,80.9,18.2,94.0,157,49.9,15.0,63,229.0,25.08048075
63,1,169.4,76.1,24.3,79.0,135,40.4,17.3,28,168.0,26.51904283
34,1,174.1,79.0,21.0,65.0,134,41.8,18.5,51,229.0,26.06330877
31,1,168.2,70.5,15.5,82.0,145,39.6,19.9,66,264.0,24.91937434
60,1,172.8,73.4,23.2,82.0,128,47.3,20.5,43,173.0,24.58151149
29,0,155.7,48.3,26.2,55.0,101,18.0,19.9,26,150.0,19.92369596
57,1,166.1,63.9,14.2,75.0,136,40.0,19.2,51,211.0,23.16122861
26,0,158.7,55.8,32.4,82.0,120,27.9,17.5,30,160.0,22.15543827
28,0,159.1,58.4,29.5,74.0,116,26.0,17.2,31,167.0,23.07132239
33,0,161.0,47.9,21.8,76.0,122,17.9,27.2,27,168.0,18.47922534
48,1,174.6,74.9,22.0,93.0,147,39.8,-5.7,34,165.0,24.56933144
30,1,168.6,80.3,20.6,80.0,145,62.6,25.1,62,265.0,28.24882607
47,1,164.2,75.3,18.5,85.0,155,42.4,26.5,51,186.0,27.92856814
25,1,173.6,74.0,11.0,65.0,129,49.1,27.5,67,213.0,24.55456688
54,1,161.4,63.0,18.2,78.0,130,39.7,17.7,39,205.0,24.18429817
28,0,158.0,49.1,24.2,84.0,134,28.3,10.6,26,185.0,19.66832238
40,1,171.4,72.8,24.5,79.0,128,47.2,21.0,46,220.0,24.78048169
42,1,168.0,76.2,25.0,99.0,145,37.4,18.3,28,218.0,26.99829932
55,1,163.5,69.5,22.3,93.0,147,44.4,7.8,39,190.0,25.99855979
53,1,162.7,52.9,19.4,83.0,140,36.6,11.5,19,189.0,19.98391465
61,1,165.9,63.6,18.3,74.0,144,40.9,17.7,46,211.0,23.1081056
58,0,158.9,57.3,35.1,79.0,132,24.4,22.4,25,135.0,22.69377933
21,1,174.4,62.42,15.1,68.0,119,35.1,-6.6,30,207.0,20.52252546
38,0,169.0,53.3,19.8,76.0,102,23.1,28.1,32,149.0,18.66181156
51,1,164.1,70.9,26.2,70.0,112,39.6,14.0,40,211.0,26.32867921
28,1,183.9,106.94,27.3,97.0,130,43.5,-0.4,25,184.0,31.62108163
40,0,163.5,60.1,26.8,93.0,117,35.9,21.7,46,168.0,22.48220782
35,1,168.1,85.6,28.0,88.0,144,54.0,11.7,52,202.0,30.29272469
23,0,161.5,57.1,24.6,84.0,126,28.2,21.2,52,192.0,21.89228307
45,0,159.0,50.1,16.0,81.0,136,32.6,28.8,59,212.0,19.81725406
26,1,171.8,69.7,16.7,60.0,113,46.2,16.2,49,228.0,23.61491894
25,1,176.5,74.2,20.7,71.0,118,44.5,2.3,53,176.0,23.81850428
21,0,154.4,54.2,32.9,95.0,128,30.2,16.4,43,117.0,22.73550968
25,1,178.0,74.8,19.1,70.0,118,44.6,16.4,59,225.0,23.60813029
42,1,174.0,66.1,21.9,97.0,140,36.7,-0.4,27,190.0,21.83247457
60,1,180.4,84.5,19.9,91.0,142,40.3,17.5,35,207.0,25.96471994
30,0,159.6,49.24,22.0,81.0,118,24.8,23.9,36,162.0,19.33090873
24,0,159.2,49.3,17.9,67.0,108,28.4,26.3,48,192.0,19.45184465
28,0,162.9,54.4,25.1,79.0,123,25.8,23.1,53,178.0,20.50013547
25,0,157.7,52.62,33.6,81.0,121,19.9,25.8,45,153.0,21.15862576
25,0,164.0,62.6,28.9,70.0,116,29.3,11.1,30,151.0,23.27483641
38,0,167.2,74.9,35.0,61.0,120,29.4,22.4,28,134.0,26.79225521
49,1,176.0,65.1,15.4,98.0,155,46.8,19.0,47,215.0,21.01627066
54,0,155.6,62.3,36.4,72.0,130,22.9,18.5,5,113.0,25.73172263
33,1,174.8,83.4,24.3,92.0,136,45.4,6.3,58,215.0,27.295006
22,1,182.3,86.9,16.6,80.0,126,33.4,21.2,59,243.0,26.14847943
31,1,173.3,70.4,25.1,72.0,120,36.2,6.6,44,199.0,23.44096755
55,1,170.6,75.4,27.5,81.0,132,27.0,11.2,17,157.0,25.90677136
23,0,155.7,53.4,33.1,73.0,136,19.1,22.2,43,175.0,22.02744025
36,0,147.6,61.4,34.9,64.0,112,23.5,7.5,16,134.0,28.18354742
21,0,159.8,56.3,28.5,77.0,118,25.8,20.4,59,191.0,22.04727123
64,1,167.7,73.8,29.7,81.0,136,39.5,6.4,30,185.0,26.24159549
60,1,168.1,60.1,9.9,84.0,134,42.2,16.4,32,222.0,21.26860693
41,1,167.3,67.6,23.7,90.0,140,40.4,15.9,54,218.0,24.15209532
58,0,146.5,46.4,32.9,71.0,127,18.7,17.4,20,111.0,21.61935491
22,1,171.2,67.1,13.6,69.0,141,52.1,16.2,72,275.0,22.89364792
22,1,184.6,90.6,12.6,65.0,121,47.9,19.5,56,247.0,26.5867226
39,1,178.8,76.7,13.2,75.0,119,50.8,20.5,52,261.0,23.99166204
35,1,177.2,78.4,22.0,91.0,139,50.4,12.8,51,222.0,24.96828009
25,0,148.0,46.2,23.2,83.0,121,21.7,16.2,33,168.0,21.09203798
51,1,164.2,62.8,24.4,98.0,137,48.4,7.6,43,220.0,23.29235165
57,1,168.5,69.3,17.9,88.0,144,31.9,21.2,41,203.0,24.4080691
23,0,156.7,58.1,34.7,70.0,138,27.1,18.6,43,166.0,23.6612748
21,0,162.7,57.2,26.8,72.0,104,26.6,34.4,43,188.0,21.60831603
23,1,176.9,66.7,14.2,84.0,136,36.0,8.9,22,183.0,21.31425553
35,1,178.1,78.5,20.5,72.0,128,49.6,15.7,55,235.0,24.74809747
21,0,166.9,85.0,35.8,89.0,143,36.2,14.2,32,156.0,30.51449959
30,1,177.8,75.9,19.1,90.0,134,53.4,16.2,48,222.0,24.00923169
29,1,172.6,65.3,10.3,82.0,125,43.5,21.0,56,230.0,21.91954821
33,1,170.5,74.8,17.3,64.0,123,49.4,21.1,55,235.0,25.73077287
54,1,173.4,56.9,15.9,87.0,136,46.0,7.5,44,181.0,18.92404971
49,1,166.4,66.6,21.5,67.0,117,40.5,21.3,53,215.0,24.05290773
27,0,164.7,68.1,38.6,91.0,123,28.4,13.8,42,140.0,25.10498196
57,1,158.0,58.4,22.2,65.0,118,39.9,23.3,41,187.0,23.39368691
56,0,156.2,57.5,31.6,68.0,108,28.6,20.2,24,139.0,23.56708052
63,1,172.9,69.5,25.9,85.0,144,39.6,17.2,38,208.0,23.24849361
25,0,163.6,62.68,30.2,73.0,121,30.7,23.4,45,173.0,23.41867875
32,0,170.8,71.5,22.9,73.0,131,28.0,21.1,47,144.0,24.50926622
25,0,155.1,48.1,25.3,64.0,100,24.0,28.7,28,158.0,19.99500333
51,0,164.4,55.8,31.5,64.0,111,23.1,22.0,21,148.0,20.64574564
61,1,173.0,85.6,35.8,91.0,132,41.4,20.1,34,172.0,28.60102242
51,1,163.1,67.7,23.6,96.0,145,41.8,5.3,42,197.0,25.44958745
22,1,171.6,73.4,17.0,78.0,123,44.6,21.7,48,267.0,24.92651094
61,1,171.5,71.0,17.7,86.0,158,39.9,14.5,33,178.0,24.1396017
45,1,171.9,67.3,28.7,87.0,142,32.9,7.5,50,196.0,22.77525829
44,1,177.6,80.7,19.0,77.0,111,43.0,19.5,48,235.0,25.58512905
30,1,167.6,70.2,25.7,74.0,131,41.4,15.8,55,222.0,24.99131356
61,0,150.7,50.2,27.5,71.0,129,22.9,19.6,8,122.0,22.10432272
62,1,165.6,64.9,15.7,94.0,154,38.9,12.9,36,200.0,23.66595486
27,1,179.0,69.0,13.2,61.0,107,41.6,13.2,41,207.0,21.5349084
32,1,170.3,66.3,9.3,72.0,151,47.9,16.7,51,247.0,22.86042144
57,1,159.1,60.8,20.6,89.0,140,39.2,16.2,42,199.0,24.01945892
32,1,178.9,63.2,7.5,79.0,132,23.6,11.1,47,213.0,19.74678498
24,0,161.7,50.0,24.8,75.0,122,18.2,15.5,20,114.0,19.12273314
46,0,161.2,60.5,28.1,83.0,132,21.8,19.1,31,155.0,23.28226884
52,0,170.6,67.9,25.7,86.0,142,25.5,24.7,45,167.0,23.32983787
56,0,158.7,57.0,32.9,89.0,132,24.1,17.6,17,142.0,22.6318993
25,1,171.9,71.4,26.2,91.0,150,35.8,5.8,43,208.0,24.16275545
23,0,157.5,50.8,24.2,86.0,121,29.3,21.7,42,185.0,20.47871
61,1,172.5,69.8,21.8,65.0,114,45.2,18.7,42,189.0,23.45725688
38,1,171.7,77.0,26.9,84.0,138,45.9,7.5,27,201.0,26.11861447
23,0,164.6,49.3,25.2,66.0,104,22.4,10.7,41,137.0,18.19647468
21,1,176.5,78.4,22.4,77.0,157,39.6,17.6,42,221.0,25.1667215
63,1,168.9,67.6,28.7,87.0,147,34.5,6.2,31,186.0,23.69667416
33,1,167.6,65.3,11.6,72.0,132,58.1,20.5,58,265.0,23.24690563
63,1,169.7,67.1,20.4,79.0,129,43.8,9.5,32,190.0,23.30015636
62,1,175.9,59.34,22.2,90.0,154,32.6,3.3,22,144.0,19.17855415
21,1,182.2,78.1,10.7,78.0,136,52.0,9.0,67,303.0,23.52633564
49,0,159.6,57.8,32.0,93.0,146,29.4,17.0,20,136.0,22.69144038
25,1,171.9,80.5,29.0,76.0,115,41.0,14.2,15,202.0,27.24232232
53,0,152.7,46.9,27.5,68.0,126,23.5,18.5,20,152.0,20.11382969
27,1,173.7,76.1,9.2,61.0,112,44.8,24.3,51,218.0,25.22231933
33,1,169.0,74.5,17.3,90.0,140,47.1,16.0,53,267.0,26.08452085
21,1,176.8,70.5,15.0,99.0,140,44.7,19.85,68,238.0,22.55405295
30,1,170.1,65.0,16.2,81.0,120,43.6,17.9,55,219.0,22.4649124
42,1,169.0,72.3,23.6,90.0,110,46.6,20.7,46,240.0,25.3142397
22,0,174.2,61.12,28.7,91.0,134,25.2,25.8,43,178.0,20.14127894
26,0,167.0,75.0,27.6,90.0,145,38.5,17.5,32,174.0,26.89232314
28,1,179.9,82.7,27.1,84.0,120,42.9,17.3,56,216.0,25.55307578
23,0,162.4,61.52,33.3,71.0,116,35.8,22.0,47,165.0,23.32621515
28,1,161.9,68.32,28.9,80.0,120,38.8,12.0,42,190.0,26.0647858
22,0,160.7,54.7,26.6,74.0,125,30.6,21.4,24,179.0,21.18144444
58,1,168.8,66.02,19.0,80.0,120,40.1,12.3,52,202.0,23.1702455
44,0,155.2,57.1,32.4,74.0,110,25.6,8.7,13,159.0,23.70569402
34,1,167.4,70.56,26.7,95.0,145,33.7,10.6,37,181.0,25.17953264
23,1,175.9,65.3,11.8,81.0,149,45.8,0.1,46,261.0,21.10481271
55,0,159.5,59.5,34.6,91.0,158,19.3,18.5,19,103.0,23.38813494
44,0,165.7,57.1,21.3,91.0,119,21.7,30.3,50,187.0,20.79654027
23,1,162.2,61.5,10.9,73.0,114,35.9,11.0,55,247.0,23.37617318
21,1,182.2,86.2,17.1,77.0,128,51.6,9.7,53,237.0,25.96632692
46,0,165.5,58.0,10.21084,91.0,157,29.1,27.6,54,181.0,21.17541826
22,0,166.6,77.0,34.2,70.0,120,35.2,22.2,46,173.0,27.74218931
42,0,162.0,52.6,19.3,73.0,114,25.5,24.6,38,158.0,20.04267642
34,1,170.1,73.2,22.6,71.0,145,37.6,14.3,52,219.0,25.2989475
22,0,167.9,54.9,20.2,75.0,123,29.7,21.8,52,214.0,19.47470789
49,0,155.0,59.4,34.0,97.0,124,22.6,15.4,21,128.0,24.72424558
64,1,167.0,67.9,27.8,88.0,137,26.0,15.6,22,170.0,24.34651655
21,0,173.7,62.5,22.7,70.0,113,24.3,27.4,52,190.0,20.71478263
23,0,165.4,64.0,36.9,74.0,124,32.4,12.9,30,148.0,23.39424122
30,1,176.3,85.4,27.1,82.0,150,45.5,17.0,24,210.0,27.47598345
31,1,166.0,67.3,18.9,79.0,132,34.5,24.3,60,223.0,24.42299318
37,0,164.8,72.7,31.4,52.0,101,32.2,25.0,38,155.0,26.76825101
54,1,172.1,75.2,21.9,90.0,150,44.6,12.8,34,189.0,25.38961409
21,0,172.9,68.36,34.0,70.0,115,21.9,24.0,42,178.0,22.86715142
25,0,169.3,65.3,27.9,96.0,135,31.3,25.6,55,169.0,22.78238911
50,0,160.1,57.7,21.5,92.0,149,26.4,21.3,36,151.0,22.51091506
23,0,157.9,52.2,34.1,75.0,102,27.6,15.8,25,100.0,20.9366042
40,0,158.7,52.8,23.9,69.0,113,24.7,22.4,39,174.0,20.96428567
21,1,172.3,62.8,16.2,87.0,127,42.1,7.6,41,205.0,21.15383385
62,0,158.6,54.6,24.1,77.0,145,19.7,24.5,19,124.0,21.70632378
29,0,163.3,57.3,25.7,91.0,138,27.8,19.1,38,173.0,21.48732004
37,0,165.1,51.4,26.7,77.0,124,24.4,25.2,26,132.0,18.85684245
27,1,173.7,71.3,14.2,84.0,125,48.8,15.7,51,261.0,23.63142403
40,0,152.8,48.5,32.9,67.0,113,21.0,14.2,27,173.0,20.77279954
51,1,174.3,59.1,14.4,84.0,136,53.2,9.7,37,211.0,19.45327412
60,0,161.5,64.4,38.7,94.0,179,26.7,21.5,12,127.0,24.69112136
32,1,173.4,82.5,21.0,69.0,120,48.8,19.7,56,231.0,27.43820915
21,1,176.7,80.9,22.9,77.0,125,44.7,13.9,52,219.0,25.91047786
64,0,153.8,54.3,37.4,88.0,149,20.2,20.0,19,111.0,22.95552125
60,1,164.9,66.3,19.2,86.0,155,40.2,17.9,40,181.0,24.38216226
29,1,172.5,75.0,13.8,71.0,140,52.4,20.6,53,234.0,25.20478891
58,1,162.0,62.7,24.6,70.0,130,34.4,15.5,41,191.0,23.89117513
29,1,173.7,87.5,19.8,58.0,105,67.1,12.5,47,240.0,29.00069569
63,0,162.3,59.0,25.0,76.0,134,16.7,27.4,9,122.0,22.3982956
59,1,166.0,67.6,23.0,74.0,126,31.9,5.9,33,163.0,24.53186239
61,0,155.4,59.8,38.7,89.0,147,25.3,19.1,2,119.0,24.76276608
31,0,160.9,61.6,33.7,72.0,131,32.0,23.5,46,159.0,23.79406392
60,0,155.6,55.4,33.5,87.0,153,17.4,14.5,0,116.0,22.88182077
55,0,156.4,52.8,32.8,99.0,155,19.8,24.1,34,134.0,21.58541611
21,1,169.9,69.2,14.1,71.0,130,39.3,23.8,59,246.0,23.97283171
26,0,163.3,62.7,24.3,82.0,132,32.6,20.3,38,167.0,23.51230308
55,1,166.7,56.04,19.9,80.0,145,35.1,18.0,24,161.0,20.16633266
45,1,171.5,76.7,23.2,82.0,117,50.7,7.4,48,221.0,26.07756972
54,0,155.1,52.6,39.2,71.0,118,19.2,19.0,0,132.0,21.86563773
59,1,162.1,66.8,16.8,66.0,123,28.5,9.0,34,174.0,25.42204205
25,0,166.2,60.9,26.5,98.0,150,32.6,29.2,55,205.0,22.04729198
28,1,179.1,78.6,25.1,93.0,159,42.3,12.6,50,223.0,24.5036835
29,1,169.5,81.4,20.9,86.0,151,42.7,19.5,44,251.0,28.33250668
36,1,174.6,82.1,27.1,84.0,127,46.0,-2.0,28,227.0,26.93113633
40,0,160.5,68.8,35.1,66.0,109,20.5,2.0,16,119.0,26.70781534
46,0,158.4,56.7,27.4,72.0,121,25.6,25.0,39,165.0,22.5981405
22,1,165.6,63.1,19.0,74.0,131,27.4,11.9,57,240.0,23.00958015
40,1,177.1,67.6,16.6,72.0,140,39.9,14.6,50,243.0,21.55309155
32,1,168.5,73.6,23.4,64.0,120,38.9,7.6,56,200.0,25.9225669
27,1,175.4,78.4,18.04355,89.0,132,46.3,27.1,56,245.0,25.48337145
24,1,176.1,74.8,24.3,96.0,125,35.7,-12.0,1,200.0,24.12031004
60,1,159.9,57.8,22.7,87.0,141,43.0,16.2,19,159.0,22.60637414
40,0,162.7,55.5,29.0,64.0,112,28.4,29.4,37,134.0,20.96611083
24,1,178.8,84.5,17.9,70.0,122,48.8,16.6,54,231.0,26.43149207
23,1,175.8,56.5,11.0,71.0,114,40.9,12.8,51,151.0,18.28145284
55,0,157.9,50.8,30.7,98.0,144,28.4,24.8,30,125.0,20.37508608
26,0,158.8,44.5,22.3,81.0,113,24.3,20.0,24,147.0,17.64651765
24,0,150.8,49.1,30.2,56.0,105,29.3,26.0,47,184.0,21.59130086
21,0,153.9,56.7,33.4,72.0,116,25.6,11.2,30,146.0,23.93898977
21,0,157.3,48.5,25.7,69.0,123,27.9,28.4,43,196.0,19.60127372
21,1,182.2,73.0,12.9,68.0,121,31.6,13.1,49,266.0,21.99004484
34,1,179.4,72.4,16.1,94.0,137,35.4,21.4,53,211.0,22.49539839
25,1,174.0,75.0,22.6,86.0,151,41.0,15.5,44,202.0,24.77209671
21,1,175.4,85.4,29.8,86.0,131,41.9,13.95,55,228.0,27.75867247
39,1,173.6,64.2,13.9,63.0,122,53.2,19.9,49,217.0,21.30274586
52,0,154.0,55.0,36.2,87.0,142,26.4,20.0,7,120.0,23.19109462
23,1,185.2,79.3,14.5,83.0,143,40.7,8.8,55,234.0,23.12018062
26,1,181.7,115.2,42.6,88.0,138,38.9,18.8,52,194.0,34.89334661
25,1,171.4,69.0,18.3,99.0,130,40.0,10.9,50,239.0,23.48699501
21,0,158.5,51.9,18.0,87.0,139,20.3,13.8,61,214.0,20.6589776
25,1,173.7,87.9,33.4,80.0,132,43.4,7.5,45,195.0,29.13327029
47,0,154.7,50.9,27.7,65.0,113,20.7,19.5,28,136.0,21.26851437
38,0,160.8,53.5,22.1,79.0,128,25.9,27.6,30,164.0,20.69101012
64,1,167.5,78.1,31.2,94.0,153,39.1,-8.3,24,126.0,27.83693473
60,1,171.3,50.8,12.9,69.0,105,42.4,0.6,14,170.0,17.31206948
54,0,150.9,54.4,32.6,65.0,108,22.1,24.7,21,148.0,23.89023491
21,1,184.9,72.4,18.2,88.0,137,34.9,17.7,43,250.0,21.17701498
30,1,174.1,70.7,18.0,72.0,130,37.4,17.9,50,230.0,23.32501177
51,0,151.6,47.0,26.4,77.0,117,19.7,19.6,21,135.0,20.45028926
34,0,155.4,54.0,30.7,92.0,131,23.6,26.6,22,148.0,22.36102622
30,1,178.5,66.7,14.9,86.0,133,46.3,0.4,51,240.0,20.93386374
38,1,169.3,69.9,14.3,80.0,115,40.8,15.0,47,237.0,24.3872741
36,1,168.6,66.8,19.8,73.0,112,39.6,12.5,48,219.0,23.4996461
37,1,173.5,80.6,19.8,68.0,114,54.2,21.9,50,260.0,26.77540715
22,1,174.0,80.9,23.7,77.0,136,37.0,4.9,50,195.0,26.72083498
52,1,175.0,65.1,17.5,89.0,147,41.7,15.0,34,214.0,21.25714286
41,1,168.8,64.08,23.1,73.0,114,39.9,7.3,39,165.0,22.48938703
24,0,166.6,66.0,30.2,53.0,128,31.3,22.0,40,165.0,23.77901941
23,1,183.5,96.3,29.6,78.0,117,44.7,-12.4,22,170.0,28.59921746
23,0,166.2,49.0,19.9,81.0,137,25.9,27.9,46,199.0,17.73920045
55,0,157.0,64.9,25.7,87.0,155,29.7,17.5,31,154.0,26.32966855
28,1,180.8,81.1,18.8,82.0,140,40.6,13.5,52,248.0,24.8098422
21,1,164.7,69.0,14.4,83.0,112,46.8,27.0,57,234.0,25.43676586
57,1,167.7,67.9,22.1,94.0,144,38.5,4.6,47,225.0,24.14369016
26,1,170.8,68.2,15.5,53.0,102,38.6,22.9,57,280.0,23.37806931
33,1,172.7,87.3,28.8,83.0,145,40.2,12.0,50,212.0,29.27046141
51,1,159.0,62.3,20.4,88.0,152,42.4,15.7,44,198.0,24.64301254
64,1,155.7,61.4,22.1,98.0,137,31.4,14.8,32,180.0,25.3274313
29,0,170.6,68.2,26.8,78.0,135,30.3,20.0,24,149.0,23.43291521
28,1,179.4,67.4,19.5,76.0,128,42.9,8.6,48,219.0,20.94184877
38,0,155.2,48.6,16.8,73.0,126,26.0,15.8,44,163.0,20.17682538
21,0,153.9,58.8,32.3,72.0,141,28.7,19.2,45,167.0,24.82561903
22,0,159.9,59.8,23.5,85.0,127,33.5,22.0,46,188.0,23.38860162
42,1,169.3,74.72,25.1,78.0,137,45.3,11.7,44,198.0,26.06891446
22,1,171.2,59.9,18.7,81.0,148,43.2,11.4,45,242.0,20.43710149
22,1,169.5,66.7,16.6,98.0,150,38.1,24.7,60,254.0,23.21594835
38,0,151.3,46.6,22.3,77.0,113,30.3,19.3,38,160.0,20.35673207
26,0,161.4,53.1,20.3,80.0,121,29.9,23.4,50,170.0,20.38390846
26,1,169.2,66.8,13.8,78.0,143,40.3,16.0,54,225.0,23.33327745
28,1,180.8,90.6,10.2,73.0,134,61.6,2.7,51,246.0,27.71605059
36,1,176.0,67.5,20.5,91.0,128,36.0,2.6,44,197.0,21.79106405
51,1,177.0,68.7,18.3,84.0,140,39.3,11.3,35,220.0,21.92856459
24,0,166.2,57.1,26.5,81.0,122,32.9,21.5,44,169.0,20.67159889
21,1,175.3,80.3,13.8,75.0,136,52.2,24.5,59,245.0,26.13074026
58,1,174.6,92.3,25.3,89.0,146,43.4,11.8,29,185.0,30.27702659
49,1,172.3,78.3,27.4,83.0,143,43.4,-8.0,29,161.0,26.37492341
45,1,172.1,79.2,21.3,78.0,120,40.8,10.8,45,198.0,26.74012548
36,1,171.4,69.0,12.7,83.0,122,47.2,17.9,55,242.0,23.48699501
23,1,172.5,67.5,17.9,67.0,112,49.0,2.2,57,241.0,22.68431002
36,1,172.8,84.42,21.8,75.0,135,58.2,15.7,60,243.0,28.27208719
45,1,167.4,73.5,24.1,88.0,129,43.7,7.6,24,193.0,26.22867983
25,1,180.3,78.9,12.1,78.0,129,52.1,20.6,57,239.0,24.27088149
31,0,155.6,43.6,27.2,76.0,121,22.7,11.8,33,136.0,18.00807555
61,1,159.2,67.6,25.4,81.0,137,39.0,9.0,29,161.0,26.67230625
24,1,170.6,66.0,8.5,79.0,136,49.3,19.1,58,238.0,22.67701472
60,1,169.7,73.9,28.1,80.0,130,41.2,11.1,35,165.0,25.66142407
48,1,165.0,59.3,28.7,90.0,128,32.0,23.0,40,185.0,21.78145087
21,0,160.1,53.8,26.8,64.0,112,23.7,21.0,41,177.0,20.98938008
25,0,161.7,54.4,26.7,81.0,141,22.5,15.8,26,146.0,20.80553366
49,0,158.4,56.68,34.6,76.0,101,27.3,22.5,6,138.0,22.59016937
27,1,183.0,62.0,12.2,78.0,126,46.5,7.6,43,235.0,18.51354176
26,1,166.7,68.2,22.5,87.0,142,45.3,8.1,31,186.0,24.54218215
62,1,171.0,75.3,23.6,92.0,152,44.3,10.9,30,140.0,25.75151329
23,1,167.7,61.8,9.9,71.0,131,43.4,12.3,56,236.0,21.97466939
28,1,165.3,69.5,21.9,75.0,125,49.2,11.1,50,218.0,25.43543079
41,1,163.2,61.9,11.9,63.0,127,32.4,10.0,42,198.0,23.24076077
36,1,181.2,72.3,17.0,94.0,157,41.4,10.3,53,215.0,22.02023303
27,0,162.2,50.3,25.4,81.0,120,23.2,21.5,19,142.0,19.11904896
24,1,182.1,80.1,20.2,84.0,147,50.7,8.2,37,168.0,24.1553105
57,1,173.5,79.8,18.0,90.0,158,50.6,19.0,35,201.0,26.50964629
57,0,156.0,53.8,22.9,83.0,131,22.0,17.0,26,143.0,22.10716634
61,1,178.2,83.1,19.2,82.0,154,45.4,13.1,40,178.0,26.16890945
21,1,179.0,84.1,22.9,60.0,114,43.7,4.3,33,171.0,26.24762024
44,1,170.0,63.3,12.9,65.0,115,44.5,11.6,49,196.0,21.90311419
37,0,167.0,57.3,21.2,72.0,115,25.4,28.1,31,145.0,20.54573488
63,1,165.1,66.3,22.6,87.0,135,38.8,18.8,34,151.0,24.32312557
33,1,174.0,93.5,37.8,93.0,136,42.0,-2.8,31,165.0,30.88254723
23,0,155.6,52.5,25.7,67.0,125,29.7,18.8,49,172.0,21.68403592
37,1,179.0,80.7,21.2,74.0,126,51.9,5.0,36,240.0,25.18647982
27,1,174.2,75.6,15.6,78.0,132,49.7,18.4,57,240.0,24.91296938
23,1,171.8,63.9,13.4,79.0,137,43.1,18.3,55,222.0,21.64983243
43,0,164.0,58.6,30.3,73.0,118,29.7,16.8,31,156.0,21.78762641
29,0,156.8,54.2,32.3,72.0,110,24.5,23.7,55,162.0,22.0448511
55,0,171.8,95.1,39.6,81.0,136,32.3,0.7,0,131.0,32.22064262
39,1,177.6,94.5,32.9,88.0,139,48.1,13.2,26,188.0,29.96028123
37,1,173.9,78.2,17.8,92.0,148,58.2,11.9,46,211.0,25.85875367
23,0,154.9,61.24,34.2,65.0,114,24.1,23.7,44,145.0,25.52303679
53,0,155.5,53.3,26.8,63.0,105,18.4,19.6,24,147.0,22.04278285
21,1,172.5,66.4,12.5,82.0,130,51.2,6.3,46,178.0,22.31463978
64,1,163.2,58.52,20.7,75.0,147,34.7,-4.2,28,169.0,21.97171761
44,1,163.7,58.4,10.3,77.0,119,50.0,18.4,50,221.0,21.7929232
34,1,175.0,74.0,25.0,71.0,112,43.3,7.2,45,216.0,24.16326531
60,1,170.7,64.3,11.7,88.0,126,42.6,10.8,35,211.0,22.0670323
24,0,169.3,75.2,25.3,86.0,132,40.8,21.4,37,193.0,26.23638072
45,1,168.2,69.1,23.9,52.0,94,38.3,9.2,33,206.0,24.42452151
46,1,166.8,92.0,35.5,71.0,124,37.6,-6.0,31,155.0,33.06707152
29,1,179.3,82.6,13.8,67.0,127,51.7,16.6,76,283.0,25.69327517
53,0,153.9,58.34,27.6,71.0,103,23.8,23.0,35,159.0,24.631405
46,1,174.0,64.4,16.2,78.0,151,52.1,13.3,40,230.0,21.27097371
41,1,169.7,79.2,23.7,86.0,144,38.0,9.2,47,199.0,27.50182391
58,1,174.1,71.96,25.7,75.0,136,43.0,-5.4,15,118.0,23.74070505
55,0,156.4,54.3,27.5,74.0,100,32.1,19.5,43,154.0,22.19863816
36,1,183.6,100.24,18.9,85.0,156,48.7,6.9,49,226.0,29.73690081
37,1,170.0,75.8,24.3,80.0,130,46.6,9.1,45,202.0,26.2283737
55,0,153.5,50.78,33.7,63.0,136,28.4,22.5,10,160.0,21.5514223
23,1,181.0,97.2,25.7,45.0,128,48.7,-4.9,40,201.0,29.66942401
39,1,176.9,77.0,21.3,91.0,139,59.4,12.1,48,240.0,24.60566231
64,1,170.8,75.8,30.1,86.0,144,43.1,10.0,26,171.0,25.98325006
23,1,173.0,70.1,9.9,68.0,122,41.4,11.0,53,247.0,23.42209897
31,0,169.6,51.3,19.4,80.0,126,29.1,14.2,29,176.0,17.83469429
24,0,167.0,59.3,24.7,56.0,125,27.9,29.3,46,177.0,21.26286349
45,0,160.3,55.6,26.8,89.0,143,27.8,16.2,32,135.0,21.63753318
61,0,161.2,59.2,22.8,92.0,140,33.4,26.2,37,178.0,22.78198868
47,0,156.3,48.6,28.0,85.0,132,27.5,18.8,43,141.0,19.89382591
53,1,169.1,74.3,23.2,69.0,116,38.0,20.1,32,178.0,25.98373621
26,1,179.4,77.56,18.0,71.0,128,44.6,16.7,54,217.0,24.09866159
38,0,162.7,54.0,25.2,96.0,150,24.8,21.8,33,166.0,20.39945919
32,1,172.0,82.66,15.1,82.0,144,46.5,11.1,45,228.0,27.9407788
30,1,166.8,70.3,17.8,59.0,89,54.2,19.2,60,234.0,25.26755574
25,1,184.3,85.1,22.6,82.0,128,54.5,17.2,47,221.0,25.0541048
44,1,176.9,85.2,24.7,86.0,143,50.4,2.9,44,192.0,27.22600556
31,1,179.7,85.5,26.8,95.0,135,46.3,1.7,48,172.0,26.47707225
50,0,150.5,52.7,31.1,61.0,105,19.4,22.9,29,133.0,23.26685136
37,1,173.6,86.0,27.3,73.0,140,49.0,19.9,45,215.0,28.53638854
46,0,167.5,57.5,23.1,91.0,136,24.9,14.0,20,146.0,20.49454221
27,1,176.6,75.8,10.7,77.0,127,49.7,21.3,58,244.0,24.30456246
61,1,167.0,62.92,19.5,78.0,129,31.5,2.6,36,181.0,22.56086629
62,0,152.5,49.0,28.3,73.0,127,23.6,19.6,15,120.0,21.06960494
21,0,156.5,53.8,25.2,75.0,116,27.8,28.8,47,172.0,21.96613214
21,1,180.2,82.1,23.9,98.0,151,48.0,12.8,28,182.0,25.28328987
37,1,176.5,77.9,20.6,95.0,154,52.1,18.3,45,237.0,25.00621945
29,1,167.9,70.7,25.3,75.0,135,47.3,16.2,53,181.0,25.07945078
44,1,175.6,64.3,17.1,81.0,121,41.6,-0.7,46,236.0,20.85268341
22,0,156.9,54.2,24.9,77.0,115,27.1,18.3,41,178.0,22.01675955
33,0,161.3,54.8,30.56,82.0,121,23.3,0.6,33,143.0,21.06259241
50,0,162.0,51.5,25.3,76.0,128,29.0,26.0,21,135.0,19.623533
49,1,173.3,70.0,14.2,75.0,134,51.2,12.3,38,199.0,23.30778024
35,1,178.3,78.3,25.2,75.0,126,46.4,5.0,38,215.0,24.62969738
35,0,165.4,86.3,38.6,99.0,149,32.3,12.4,9,147.0,31.54567214
28,0,158.6,51.9,29.8,76.0,120,21.3,22.8,30,130.0,20.63293414
28,1,169.7,65.2,24.4,79.0,130,36.5,9.9,41,179.0,22.64039039
46,1,172.4,77.1,19.1,69.0,126,45.1,12.9,48,188.0,25.94059033
24,0,166.3,52.3,25.8,76.0,112,22.1,14.9,46,175.0,18.91111739
63,0,150.0,53.0,34.9,55.0,126,21.3,3.9,22,130.0,23.55555556
28,1,176.7,76.9,22.1,71.0,147,42.9,15.8,43,237.0,24.62936647
26,0,169.9,53.72,18.3,65.0,123,20.0,14.0,45,205.0,18.61012312
60,1,167.3,65.4,16.8,95.0,155,37.1,7.9,34,156.0,23.36608038
32,1,170.4,77.5,19.1,79.0,126,50.7,13.3,50,209.0,26.69085719
25,0,162.5,51.6,23.1,71.0,119,22.3,15.9,37,156.0,19.5408284
61,1,164.6,70.4,23.4,86.0,134,38.8,11.5,26,160.0,25.98441821
33,1,171.7,85.0,29.6,72.0,131,45.3,8.7,44,197.0,28.83223675
22,1,170.0,73.6,23.9,65.0,102,36.5,7.0,57,217.0,25.46712803
30,1,172.0,68.5,20.0,85.0,148,47.7,14.0,68,232.0,23.15440779
29,0,162.2,47.5,19.7,92.0,125,21.5,15.7,47,175.0,18.0547679
64,1,172.3,81.6,24.0,89.0,156,45.8,13.1,31,170.0,27.48651022
23,1,170.1,62.4,21.7,67.0,115,38.0,23.8,56,215.0,21.5663159
46,1,176.1,75.2,15.6,81.0,120,49.6,18.5,40,233.0,24.24929566
33,1,187.3,85.0,19.2,89.0,134,51.0,6.5,42,201.0,24.22943968
40,0,175.6,60.4,17.8,76.0,146,28.7,13.0,38,195.0,19.58790168
31,0,160.5,54.0,29.4,80.0,120,26.4,17.3,30,165.0,20.96252948
24,1,174.5,67.1,13.9,86.0,142,36.6,17.1,48,242.0,22.03594388
30,1,169.6,75.9,19.7,73.0,130,47.8,17.5,51,217.0,26.38700383
21,1,179.5,84.9,19.6,88.0,138,45.5,19.8,42,253.0,26.34988866
21,0,155.9,42.0,21.9,60.0,84,19.9,17.2,41,177.0,17.28053007
29,1,178.2,77.66,17.0,86.0,132,48.2,17.4,48,225.0,24.45580635
43,1,172.8,76.0,22.1,89.0,144,37.9,13.5,43,212.0,25.45224623
26,1,173.5,73.1,19.7,72.0,134,37.1,2.5,65,238.0,24.28389904
40,1,176.7,73.0,24.7,82.0,123,43.9,6.2,35,222.0,23.38028286
34,1,177.4,91.0,28.0,82.0,140,43.8,1.2,56,202.0,28.91573003
45,1,166.5,71.5,26.6,99.0,160,47.8,24.2,47,201.0,25.79155732
30,1,179.7,79.3,13.7,86.0,132,51.0,16.0,53,252.0,24.55709742
38,1,185.0,87.6,18.8,50.0,106,59.0,20.0,50,215.0,25.59532505
41,1,174.5,87.7,24.3,98.0,152,44.1,19.0,45,226.0,28.80107717
25,0,153.1,54.6,30.9,74.0,123,25.1,13.8,39,143.0,23.29390293
62,0,160.6,69.28,28.8,66.0,124,27.4,23.0,34,118.0,26.86066727
30,1,177.8,82.3,19.5,74.0,143,42.0,14.5,49,225.0,26.03372554
36,1,158.7,50.3,19.6,72.0,117,33.1,9.9,34,177.0,19.97165851
36,1,171.3,67.8,22.5,77.0,129,43.6,21.4,49,211.0,23.10547855
23,1,172.0,75.5,22.1,80.0,158,36.2,15.7,56,220.0,25.52055165
26,1,182.4,78.0,13.3,77.0,146,34.7,18.0,52,259.0,23.44471376
37,1,167.9,70.7,24.7,94.0,125,29.9,8.8,40,206.0,25.07945078
42,0,163.0,57.6,24.1,98.0,148,30.6,16.6,33,148.0,21.67940081
26,1,177.4,73.2,13.7,76.0,131,43.1,12.4,60,237.0,23.25968613
43,1,171.2,75.6,20.3,95.0,152,44.3,23.6,60,245.0,25.79373744
64,1,160.5,67.9,26.7,91.0,157,41.3,6.5,27,180.0,26.35843984
21,1,185.3,93.4,26.2,89.0,130,48.3,18.5,64,202.0,27.20169944
56,0,156.6,60.4,32.5,81.0,138,24.2,21.2,10,140.0,24.62937681
24,1,182.0,88.2,18.1,70.0,130,44.9,28.5,51,245.0,26.62721893
26,1,165.3,63.5,24.3,72.0,125,40.1,14.8,51,238.0,23.23956626
44,1,167.1,57.9,24.8,72.0,114,22.5,16.3,24,170.0,20.73603246
61,0,157.9,54.0,25.9,87.0,151,30.1,27.2,11,154.0,21.65855607
57,1,165.9,65.0,14.1,79.0,123,37.8,11.9,43,162.0,23.6167746
23,1,169.6,62.4,11.8,78.0,130,38.0,19.4,45,246.0,21.69366323
54,1,160.6,71.3,33.1,87.0,131,41.9,9.5,33,183.0,27.64384492
47,0,169.3,51.9,24.1,70.0,100,24.3,12.7,30,133.0,18.10728935
31,1,172.8,77.1,13.2,68.0,135,55.3,19.2,57,225.0,25.820634
53,0,154.5,50.88,30.7,88.0,141,18.4,15.8,32,127.0,21.31523549
56,1,164.7,66.8,17.6,77.0,123,44.0,14.2,40,214.0,24.62573854
27,1,175.0,65.3,14.5,77.0,136,54.8,15.3,60,205.0,21.32244898
31,1,173.8,61.9,10.9,93.0,154,43.0,13.4,47,242.0,20.49231886
27,1,186.8,82.3,19.6,80.0,129,42.8,-2.7,33,221.0,23.58555452
34,0,155.4,54.0,28.7,80.0,132,28.7,10.7,33,152.0,22.36102622
32,1,179.8,81.9,23.9,93.0,141,47.8,6.7,49,252.0,25.33404438
31,0,164.5,51.84,19.9,75.0,124,24.2,21.2,41,196.0,19.15725095
21,1,176.1,90.5,20.8,89.0,146,38.8,8.5,50,176.0,29.18299544
57,1,167.9,68.1,17.6,78.0,113,38.7,20.0,50,215.0,24.15715131
21,0,160.0,52.8,31.9,74.0,120,20.0,9.6,30,125.0,20.625
22,0,168.1,101.1,44.6,96.0,148,41.5,14.2,28,171.0,35.77797273
64,0,157.4,50.2,23.4,86.0,139,22.4,23.2,27,122.0,20.26255754
26,1,182.9,77.32,14.2,80.0,120,49.2,18.5,57,227.0,23.11343189
37,1,169.7,68.4,21.0,99.0,141,38.3,7.4,55,197.0,23.75157519
41,1,166.7,65.7,21.5,90.0,151,49.6,18.7,54,242.0,23.64254204
27,1,180.0,92.6,29.2,91.0,151,38.5,3.2,40,207.0,28.58024691
26,0,168.7,59.1,24.3,72.0,113,26.4,29.8,39,191.0,20.76621355
24,1,174.5,75.7,18.8,67.0,128,44.2,3.4,43,173.0,24.86022282
55,1,166.6,56.8,16.5,92.0,155,32.6,15.9,36,178.0,20.46436822
39,1,170.3,71.4,22.0,77.0,138,42.5,14.8,49,227.0,24.6189154
51,0,155.7,55.7,30.2,57.0,111,24.3,21.2,26,145.0,22.97618768
38,1,180.2,74.0,17.5,72.0,131,45.5,10.9,40,213.0,22.78883618
23,1,168.7,61.0,12.1,76.0,111,36.3,24.4,59,242.0,21.43382447
45,0,168.1,63.6,30.9,66.0,135,25.6,-7.5,10,126.0,22.50721133
29,0,162.1,55.4,30.2,72.0,116,25.4,21.5,23,160.0,21.08354985
36,1,181.5,76.8,21.2,65.0,120,39.9,17.7,40,211.0,23.31352594
22,0,176.6,54.8,23.7,78.0,128,27.9,20.0,41,195.0,17.57110848
23,0,169.4,48.8,21.5,83.0,117,18.6,22.2,27,138.0,17.00564113
21,0,161.1,50.6,24.0,70.0,116,23.6,26.8,51,160.0,19.49662489
27,0,166.7,52.9,25.2,57.0,115,17.0,19.3,25,126.0,19.03638468
25,1,181.0,79.88,22.7,81.0,153,44.5,13.8,38,194.0,24.3826501
22,0,166.2,49.4,25.9,67.0,113,25.2,14.8,30,164.0,17.88401025
28,1,176.3,78.0,18.8,87.0,129,52.1,13.7,47,239.0,25.09516053
26,0,163.0,47.6,19.7,85.0,125,23.1,19.7,46,174.0,17.91561594
35,1,175.4,73.9,24.9,85.0,119,45.7,15.0,41,223.0,24.02067794
23,1,175.3,65.0,9.0,63.0,118,47.0,19.1,59,249.0,21.15190681
23,1,184.4,75.6,13.5,79.0,149,44.4,14.1,59,252.0,22.23309696
62,1,172.9,63.4,24.7,77.0,128,41.9,-7.0,20,180.0,21.20797835
38,1,168.2,75.4,21.2,86.0,150,26.4,10.9,43,221.0,26.65135922
55,0,155.1,47.7,25.60989,88.0,123,26.8,29.2,31,146.0,19.82872471
23,0,163.0,51.7,24.5,74.0,123,22.4,12.5,30,160.0,19.45876774
21,0,158.4,48.9,22.7,81.0,128,25.0,21.4,41,163.0,19.48940159
27,0,156.9,49.9,23.8,80.0,122,26.4,17.1,29,187.0,20.27004246
24,1,183.1,73.9,17.0,70.0,131,50.9,18.9,43,241.0,22.04285023
21,1,172.9,76.4,26.0,70.0,122,31.0,14.5,50,220.0,25.55661744
51,0,154.0,49.5,26.6,57.0,115,21.0,14.5,32,133.0,20.87198516
37,1,161.7,59.4,19.4,90.0,155,43.5,23.0,57,214.0,22.71780697
60,1,175.1,66.5,17.3,85.0,125,40.4,13.9,31,211.0,21.68949064
62,0,154.9,55.36,36.9,82.0,133,22.7,14.0,9,138.0,23.07242516
24,1,180.0,69.8,20.3,77.0,120,40.0,19.3,57,211.0,21.54320988
21,1,178.0,71.7,20.4,78.0,117,39.9,5.3,54,179.0,22.62971847
28,1,167.8,65.5,17.5,88.0,149,53.6,16.2,40,220.0,23.26255361
43,1,169.4,69.7,25.7,87.0,149,38.5,15.0,41,222.0,24.28879482
27,1,189.2,78.0,11.6,79.0,136,49.1,13.6,49,248.0,21.78975457
49,0,157.6,46.9,22.8,55.0,101,24.1,20.0,41,155.0,18.88254013
62,0,152.0,55.6,43.0,69.0,145,21.3,12.9,13,131.0,24.06509695
26,0,160.6,53.4,32.4,71.0,127,24.8,24.4,37,128.0,20.70380531
21,1,182.8,68.9,16.4,77.0,135,24.9,-7.0,42,188.0,20.61896394
43,1,173.2,75.6,15.9,78.0,137,48.0,14.0,40,206.0,25.20147849
60,1,173.8,75.3,21.8,93.0,158,38.5,18.0,40,153.0,24.92845896
54,1,165.7,63.4,18.7,82.0,118,42.1,11.4,46,194.0,23.09107974
29,1,179.2,76.9,16.6,88.0,154,51.1,24.3,58,271.0,23.94695671
60,1,161.3,68.2,23.3,89.0,153,39.6,15.9,21,182.0,26.21293435
28,1,179.8,86.9,24.5,79.0,136,49.2,13.8,58,244.0,26.88068933
23,1,166.2,63.8,18.0,83.0,126,39.8,17.9,64,208.0,23.09716303
21,1,172.1,64.8,17.5,73.0,124,37.4,13.7,55,220.0,21.87828449
63,0,158.2,54.1,13.7,73.0,150,28.3,21.1,31,122.0,21.61644672
38,0,168.4,64.3,33.2,83.0,115,31.2,28.1,30,186.0,22.67392985
23,1,165.8,68.9,18.9,70.0,125,36.6,14.2,45,203.0,25.06398774
36,0,156.6,61.0,36.2,93.0,121,20.6,18.6,26,138.0,24.8740395
61,1,162.1,71.7,27.8,87.0,144,36.2,22.8,37,200.0,27.28683256
30,1,176.1,77.5,16.6,87.0,140,53.0,29.0,53,240.0,24.99096295
36,1,171.0,67.8,25.3,76.0,124,29.4,12.0,38,171.0,23.18662152
55,0,157.9,62.0,37.4,69.0,131,22.2,19.1,25,163.0,24.86723105
56,1,174.2,71.3,32.3,86.0,146,42.4,13.3,38,208.0,23.49596186
33,0,161.8,55.0,18.1,69.0,134,27.7,26.3,30,199.0,21.00901325
45,0,164.0,51.7,24.5,66.0,113,19.0,-14.3,12,150.0,19.22218917
57,0,154.4,55.5,34.2,83.0,127,27.9,16.5,16,113.0,23.28082633
63,1,164.8,71.2,25.8,97.0,148,45.9,21.4,28,157.0,26.21594872
33,1,162.3,70.2,27.3,67.0,125,41.7,14.2,44,210.0,26.65017545
24,1,170.1,54.2,14.1,68.0,122,42.3,20.0,55,230.0,18.7322808
25,1,175.9,71.5,19.5,76.0,143,35.6,14.6,46,177.0,23.10863872
22,0,161.0,55.9,28.2,81.0,132,27.5,27.1,45,180.0,21.56552602
34,1,178.5,89.9,24.3,84.0,129,55.2,17.4,43,235.0,28.21520765
63,0,156.5,43.6,22.5,52.0,99,22.0,12.3,14,94.0,17.80154947
63,1,166.5,76.5,29.4,92.0,154,45.7,15.2,34,159.0,27.59516273
56,0,158.0,59.4,35.9,63.0,129,27.4,22.0,30,148.0,23.79426374
26,1,170.8,61.72,21.6,73.0,117,33.5,29.1,54,244.0,21.15680994
63,1,175.2,75.4,24.0,91.0,158,48.5,12.1,31,162.0,24.56422927
38,0,159.0,53.3,25.9,70.0,132,26.9,22.5,34,165.0,21.08302678
28,1,174.7,76.7,16.8,86.0,130,40.4,21.0,49,251.0,25.13098749
27,1,178.0,85.7,20.0,94.0,143,52.0,23.3,54,209.0,27.04835248
25,1,165.6,62.0,16.5,76.0,115,30.9,20.4,51,209.0,22.60846227
64,0,160.9,58.6,27.1,96.0,158,26.2,22.5,23,126.0,22.63526211
56,0,159.4,57.8,22.6,80.0,153,31.2,31.6,59,139.0,22.74841824
59,1,169.3,70.8,26.1,83.0,122,37.7,8.9,25,172.0,24.70127334
33,1,165.8,58.6,19.0,67.0,117,35.3,-14.2,20,182.0,21.31712165
24,1,172.0,70.6,14.7,62.0,112,50.1,7.8,59,218.0,23.86425095
25,0,160.0,48.9,22.1,76.0,125,26.9,23.6,44,200.0,19.1015625
57,1,171.7,73.8,24.6,87.0,158,41.1,7.3,25,187.0,25.03316555
21,1,171.4,84.3,24.5,86.0,130,41.8,12.1,52,223.0,28.69498086
61,0,159.8,53.3,23.8,80.0,128,33.5,29.5,39,169.0,20.87246104
33,1,166.7,70.2,22.5,77.0,134,49.7,17.9,50,200.0,25.26189423
22,1,177.0,65.28,10.2,54.0,120,43.4,20.7,55,243.0,20.83692426
30,1,174.9,74.1,20.2,69.0,123,46.0,15.3,48,239.0,24.22359457
62,0,159.3,56.6,27.7,87.0,155,27.4,12.8,17,137.0,22.30410904
39,1,180.3,79.9,14.2,87.0,144,48.5,13.5,44,234.0,24.57849723
50,1,173.9,74.3,25.0,83.0,124,37.0,-0.6,25,188.0,24.56912273
51,1,171.3,74.1,21.1,86.0,140,46.1,7.7,45,211.0,25.2524478
25,0,148.7,51.0,38.6,83.0,117,25.6,23.6,37,168.0,23.06472278
50,1,170.4,69.5,25.1,84.0,129,37.5,14.9,36,205.0,23.93567193
26,1,177.4,78.7,25.0,63.0,132,40.6,14.5,54,216.0,25.00734015
30,1,172.4,61.8,13.9,71.0,131,42.5,7.2,48,234.0,20.79284672
35,0,163.2,61.2,36.8,74.0,102,23.9,22.9,22,167.0,22.97794118
22,0,164.4,56.8,24.6,83.0,109,31.0,23.6,43,181.0,21.01574109
51,1,172.8,72.0,15.6,76.0,128,42.4,13.3,46,220.0,24.11265432
62,1,176.7,69.0,23.8,85.0,130,33.7,2.8,38,179.0,22.09917147
48,1,170.0,70.3,13.9,90.0,111,46.6,24.6,56,248.0,24.32525952
25,0,151.8,58.8,46.9,89.0,147,15.2,13.0,16,105.0,25.51724497
35,1,170.0,71.6,29.9,80.0,123,35.1,12.8,47,221.0,24.77508651
29,1,178.0,94.9,27.0,94.0,153,43.8,12.3,31,215.0,29.95202626
26,1,176.8,67.3,17.8,80.0,124,42.9,13.5,49,224.0,21.53032288
23,0,165.4,47.4,18.4,56.0,99,25.7,20.8,36,202.0,17.3263599
33,1,179.7,72.3,26.4,71.0,114,41.3,14.1,50,198.0,22.3893839
28,1,175.6,77.8,13.7,88.0,136,56.2,12.0,54,179.0,25.23077402
35,1,182.2,82.0,25.9,75.0,124,50.8,-5.0,45,184.0,24.70114625
55,0,152.8,55.6,31.3,78.0,129,23.9,15.7,23,130.0,23.81376607
31,1,183.0,76.3,14.6,88.0,144,48.3,19.0,56,231.0,22.78360059
59,1,174.5,68.9,21.8,91.0,149,42.9,19.5,35,203.0,22.62707203
30,1,170.6,70.7,21.4,93.0,144,38.0,8.7,42,217.0,24.29189304
39,0,166.0,58.5,27.4,69.0,129,24.3,19.0,38,180.0,21.2294963
21,0,163.8,58.2,23.1,80.0,143,24.6,19.6,41,175.0,21.69177993
28,0,165.9,86.9,45.5,89.0,130,23.4,2.8,16,95.0,31.57381096
30,0,164.2,58.9,35.8,82.0,120,22.5,2.9,0,120.0,21.84585211
61,0,155.8,59.7,34.3,72.0,111,24.9,21.0,21,125.0,24.59458079
34,1,170.6,75.5,16.5,58.0,119,53.2,18.6,49,232.0,25.94113047
60,1,172.1,70.5,20.2,78.0,126,45.0,16.5,39,181.0,23.80276321
33,1,178.0,78.3,13.5,80.0,148,46.2,14.2,62,264.0,24.71278879
27,1,177.0,69.48,13.9,66.0,125,39.5,6.0,58,221.0,22.17753519
38,1,171.9,78.0,21.0,77.0,131,43.2,8.7,44,224.0,26.39628746
36,0,157.8,57.5,32.3,78.0,125,30.6,23.0,42,160.0,23.09159048
23,1,177.1,81.1,16.2,62.0,112,40.9,19.2,41,223.0,25.8573332
29,1,166.8,67.2,23.7,59.0,116,53.1,23.5,63,223.0,24.1533392
25,0,159.1,55.3,23.2,79.0,136,27.5,22.0,45,173.0,21.84664603
22,0,165.7,54.0,27.6,92.0,132,25.2,12.3,27,172.0,19.66748117
35,1,178.5,78.4,13.8,81.0,136,51.5,17.1,64,237.0,24.6059208
26,0,165.5,63.7,26.9,89.0,140,31.8,16.5,43,191.0,23.25645074
37,1,178.3,82.0,17.2,55.0,121,49.4,15.5,57,232.0,25.79355281
21,0,170.7,61.3,31.2,74.0,131,28.1,25.4,36,182.0,21.03746625
59,1,171.2,69.1,25.4,77.0,120,25.9,5.2,24,126.0,23.57602192
39,1,174.0,82.1,24.0,90.0,132,41.5,7.0,41,223.0,27.11718853
23,1,179.3,76.4,17.2,69.0,126,46.3,-11.6,50,216.0,23.76472425
23,0,165.4,51.2,26.4,71.0,115,21.9,25.5,38,140.0,18.71539297
54,0,160.4,54.1,36.3,95.0,151,20.4,17.0,14,140.0,21.02754336
33,1,181.6,73.4,14.6,68.0,119,45.1,18.9,55,230.0,22.25688447
21,1,181.3,96.2,32.0,99.0,153,39.4,5.2,25,189.0,29.26708466
27,0,159.9,59.9,31.8,75.0,128,31.6,28.2,37,180.0,23.42771299
23,0,165.8,59.84,28.4,62.0,119,28.9,13.6,30,144.0,21.76820067
60,1,169.4,68.0,15.9,81.0,137,43.3,14.1,40,207.0,23.69638519
37,1,177.9,78.3,12.3,78.0,127,61.2,14.6,57,217.0,24.74057938
22,0,166.1,61.0,20.6,74.0,129,33.0,30.7,44,209.0,22.11009304
63,0,158.7,56.4,20.9,59.0,116,28.5,23.1,26,132.0,22.39366879
48,1,163.8,70.6,25.3,97.0,152,50.9,14.6,37,198.0,26.31339628
21,0,153.0,56.9,40.2,70.0,120,18.6,19.4,22,160.0,24.30689051
55,0,153.5,48.6,35.0,75.0,122,22.8,19.0,33,158.0,20.62621354
48,1,168.6,71.0,22.0,98.0,147,49.7,7.0,39,225.0,24.97716876
30,1,173.7,71.5,25.2,92.0,140,39.0,17.4,43,213.0,23.69771133
36,1,182.4,89.3,23.1,78.0,126,47.1,10.0,35,218.0,26.84119152
48,0,162.8,56.6,22.0,80.0,142,32.6,24.9,30,162.0,21.35539605
56,0,152.3,46.7,18.4,79.0,128,30.2,24.0,43,140.0,20.13339777
28,0,164.3,52.7,29.7,78.0,109,28.9,17.0,57,182.0,19.52250256
31,1,184.0,75.3,17.3,77.0,117,48.2,13.1,47,210.0,22.24125709
25,1,174.8,62.0,11.5,65.0,133,56.7,17.1,51,257.0,20.29125146
48,0,161.5,49.4,22.4,59.0,112,19.9,11.0,37,157.0,18.94008377
26,0,168.4,54.3,26.1,78.0,119,26.9,23.9,40,167.0,19.14765771
33,1,174.9,77.2,36.9,84.0,137,45.9,12.3,42,234.0,25.23699731
22,1,176.1,71.2,14.7,80.0,134,37.7,6.8,41,168.0,22.95943951
21,0,167.5,57.4,26.5,78.0,119,24.9,24.2,26,172.0,20.45889953
58,0,157.8,57.6,32.0,79.0,128,27.4,19.8,19,148.0,23.13174977
44,1,174.3,74.2,13.5,76.0,125,51.3,14.5,38,217.0,24.42356921
25,1,172.3,82.5,17.3,77.0,121,50.6,20.5,58,227.0,27.78967026
26,0,161.5,56.5,23.6,66.0,120,35.6,22.9,42,166.0,21.66224156
27,1,172.3,71.0,20.2,76.0,135,43.1,24.7,40,207.0,23.91595865
23,1,183.5,79.2,19.2,89.0,147,36.8,18.0,59,240.0,23.52085174
23,0,166.6,57.3,24.5,78.0,137,25.5,26.6,51,186.0,20.64451231
56,0,154.0,54.5,23.0,95.0,144,27.8,21.0,28,120.0,22.98026649
31,1,183.4,89.9,20.6,71.0,138,66.0,21.0,53,235.0,26.7276656
26,0,161.0,61.9,34.3,77.0,124,25.9,28.5,44,153.0,23.88025153
32,1,173.9,77.5,18.2,77.0,138,47.3,11.1,62,229.0,25.62728145
46,0,161.7,57.1,24.9,78.0,124,29.0,11.9,35,163.0,21.83816125
21,1,183.0,80.1,17.6,72.0,138,44.7,21.0,52,238.0,23.91830153
21,0,169.1,56.1,22.6,77.0,120,26.3,31.3,24,162.0,19.61894484
24,1,171.0,89.6,32.8,78.0,121,44.5,10.2,44,207.0,30.64190691
52,0,147.3,57.7,29.6,81.0,135,18.8,14.2,42,152.0,26.59318284
27,0,166.1,52.6,20.8,72.0,132,25.5,27.5,36,188.0,19.06542449
38,1,178.0,68.7,12.9,71.0,127,45.1,20.1,46,230.0,21.68286832
24,0,168.1,60.7,24.9,82.0,130,26.1,15.9,33,188.0,21.48093912
39,0,152.1,46.1,25.5,72.0,118,24.3,21.8,24,127.0,19.92702645
22,1,181.3,86.8,12.1,53.0,114,44.0,14.9,67,242.0,26.40730716
29,1,170.2,70.14,16.5,67.0,113,47.8,-0.4,54,230.0,24.21289117
55,0,161.5,58.1,29.5,71.0,113,25.8,15.1,26,156.0,22.27568557
39,1,170.8,68.9,19.9,78.0,117,43.3,7.4,52,215.0,23.61802017
40,1,173.3,78.3,24.2,77.0,123,39.2,8.7,36,190.0,26.07141704
62,0,155.7,61.04,41.1,69.0,111,21.3,23.2,23,133.0,25.1789317
21,0,155.5,59.7,33.5,77.0,125,32.4,28.8,49,178.0,24.68957103
44,1,172.3,70.1,24.5,86.0,132,35.7,-5.5,33,197.0,23.61279861
30,1,174.3,73.7,20.4,89.0,150,57.8,16.4,51,226.0,24.2589899
24,0,160.7,49.4,27.8,66.0,148,20.0,13.0,26,100.0,19.12912898
45,1,173.4,73.5,16.9,83.0,117,45.9,16.0,50,218.0,24.44494997
22,0,158.5,45.8,25.7,68.0,125,26.3,30.1,38,151.0,18.23085114
45,1,176.0,79.2,27.8,98.0,143,36.8,2.2,28,212.0,25.56818182
24,0,155.6,55.9,31.4,72.0,126,29.6,25.1,56,168.0,23.08833539
22,1,176.5,74.3,16.8,72.0,134,52.8,19.7,55,229.0,23.85060469
41,0,160.8,56.9,31.3,79.0,129,30.1,18.9,33,169.0,22.00595282
21,0,164.4,50.0,25.2,78.0,121,23.6,12.9,56,185.0,18.49977208
54,0,153.4,62.6,31.9,70.0,158,27.7,18.0,26,164.0,26.60257119
63,1,163.4,56.64,20.4,63.0,126,29.8,11.6,22,159.0,21.21383274
34,1,176.3,78.6,18.6,94.0,139,48.2,8.2,27,166.0,25.28820022
61,0,148.3,41.7,22.9,81.0,146,23.2,22.3,37,136.0,18.9606732
64,1,168.5,66.4,23.8,89.0,130,34.7,9.5,20,180.0,23.38666361
64,0,159.9,56.7,26.4,79.0,122,25.4,21.9,23,142.0,22.17614902
44,1,172.8,74.32,20.6,66.0,142,50.1,18.1,41,224.0,24.88961763
45,1,170.0,76.4,20.6,97.0,150,31.7,15.3,48,191.0,26.43598616
25,1,167.2,69.5,22.4,77.0,133,44.4,23.8,60,215.0,24.86063735
24,1,170.1,76.96,20.6,75.0,119,54.4,10.2,53,197.0,26.59845628
56,0,153.6,47.7,26.9,75.0,126,21.4,20.4,22,154.0,20.21789551
25,0,154.8,56.78,30.4,97.0,113,22.4,18.8,35,172.0,23.69482336
57,0,160.5,79.2,43.9,83.0,139,21.0,5.0,0,101.0,30.74504324
37,1,173.7,76.1,21.8,74.0,129,41.0,7.2,45,201.0,25.22231933
50,1,166.7,68.8,22.9,83.0,116,44.9,6.7,30,166.0,24.75809577
29,0,151.8,46.3,29.7,64.0,99,17.8,8.2,29,138.0,20.09266058
33,0,163.5,50.1,20.9,64.0,112,30.3,23.5,33,154.0,18.74140785
60,0,159.0,48.8,32.1,88.0,152,22.8,15.7,7,148.0,19.3030339
27,1,174.0,71.4,15.2,68.0,129,49.8,11.0,46,229.0,23.58303607
22,0,164.7,49.8,23.7,85.0,130,29.5,22.7,37,164.0,18.35870927
55,0,158.2,62.1,33.2,74.0,130,24.4,17.3,17,140.0,24.81296379
63,1,173.1,70.4,20.9,109.0,188,40.0,16.8,43,192.0,23.4951663
45,1,178.8,81.3,22.2,97.0,148,39.7,13.2,52,213.0,25.43053616
38,0,159.7,55.9,27.7,60.0,120,30.7,25.0,27,176.0,21.91805314
27,0,167.0,60.9,30.7,80.0,128,20.5,21.3,38,163.0,21.83656639
26,1,169.7,67.1,15.4,98.0,149,51.2,26.9,57,241.0,23.30015636
29,0,164.3,53.3,18.4,82.0,126,29.0,16.3,44,199.0,19.74477014
33,1,184.9,104.3,27.5,94.0,127,53.9,6.5,46,220.0,30.50777158
29,1,186.8,83.8,14.0,83.0,147,41.9,15.5,62,227.0,24.0154249
29,1,170.5,66.8,19.0,75.0,124,49.8,8.9,39,230.0,22.97881855
26,0,160.0,48.36,29.8,70.0,123,21.0,22.0,22,132.0,18.890625
22,1,174.1,61.0,10.9,85.0,128,37.2,17.2,51,248.0,20.12483335
64,1,157.5,61.4,35.2,92.0,148,34.8,-3.4,10,160.0,24.75182666
25,1,165.0,55.8,15.7,77.0,126,36.4,16.3,53,229.0,20.49586777
36,0,165.3,52.3,21.0,62.0,117,22.7,20.1,25,156.0,19.14061914
24,1,178.0,65.6,11.9,83.0,122,50.0,12.5,40,250.0,20.70445651
36,0,162.6,57.7,28.2,63.0,114,19.6,20.5,34,136.0,21.82401898
26,0,165.0,62.8,18.6,60.0,113,33.6,26.7,69,218.0,23.06703398
22,0,165.7,59.4,34.1,77.0,118,21.5,14.9,27,149.0,21.63422928
62,0,145.0,50.2,33.3,81.0,120,23.5,21.8,18,129.0,23.87633769
48,0,168.6,53.96,22.8,72.0,118,29.1,2.8,38,144.0,18.98264826
60,0,160.2,57.9,34.1,67.0,118,19.0,19.0,24,145.0,22.56075037
24,0,170.4,63.4,27.6,72.0,126,29.4,21.0,41,157.0,21.83484317
33,0,169.2,67.3,31.2,70.0,122,25.0,19.6,40,155.0,23.50792773
42,1,171.3,71.9,21.9,96.0,155,43.9,14.7,46,198.0,24.50271251
52,0,155.3,56.0,22.33,77.0,130,34.6,23.3,39,154.0,23.21908576
37,1,174.4,78.7,23.0,88.0,135,41.9,10.2,49,242.0,25.87508417
48,1,169.3,88.9,31.7,98.0,154,40.3,2.1,31,159.0,31.01614689
33,1,181.7,81.9,18.2,82.0,157,54.9,13.5,47,215.0,24.8069886
21,0,169.2,55.4,23.6,67.0,115,27.3,20.5,45,181.0,19.35125105
41,0,157.5,51.8,14.2,74.0,137,29.8,30.4,50,194.0,20.88183422
27,1,179.3,67.5,17.5,65.0,121,50.1,18.2,62,242.0,20.99632051
61,1,168.6,78.3,29.3,86.0,148,50.9,14.9,27,161.0,27.54524385
64,1,174.5,89.8,31.6,80.0,140,43.6,13.6,39,175.0,29.49072668
37,1,173.4,70.0,22.5,97.0,137,46.1,6.8,39,228.0,23.28090474
26,0,153.0,43.6,20.6,95.0,130,26.3,21.8,47,173.0,18.62531505
28,0,162.2,55.3,30.2,88.0,135,26.5,24.4,38,160.0,21.01955084
28,1,176.1,76.7,16.9,89.0,144,45.4,19.0,57,265.0,24.73299171
24,1,170.1,68.9,15.9,88.0,141,39.2,6.3,49,207.0,23.81280714
29,1,165.0,86.0,34.8,93.0,131,37.9,3.5,51,203.0,31.58861341
61,1,167.4,57.1,19.7,64.0,125,34.7,3.4,33,161.0,20.37629413
30,1,175.5,72.4,16.2,94.0,146,46.0,18.9,65,231.0,23.50630271
64,1,169.2,64.2,15.8,81.0,148,41.6,21.9,34,186.0,22.42509599
40,1,179.4,84.1,17.1,89.0,152,41.6,4.7,52,234.0,26.13070448
24,0,165.7,54.3,29.6,82.0,112,26.6,25.5,48,164.0,19.77674495
26,0,165.1,56.2,29.1,73.0,112,24.3,13.9,34,164.0,20.61779271
41,1,174.2,75.5,23.5,98.0,150,47.1,15.3,43,211.0,24.88001571
50,1,176.9,70.0,9.8,85.0,143,43.5,16.7,45,201.0,22.36878391
29,1,172.7,76.6,24.2,85.0,136,44.0,21.9,48,215.0,25.68290199
22,0,160.2,58.8,31.1,72.0,118,27.9,23.5,54,206.0,22.91143561
62,0,149.2,49.6,31.4,90.0,159,21.5,23.5,12,121.0,22.28147978
50,0,163.4,63.2,29.1,66.0,102,24.0,24.2,31,138.0,23.67080207
27,0,157.0,49.1,30.7,70.0,86,27.7,19.7,51,167.0,19.9196722
38,1,173.0,71.3,15.6,91.0,136,44.5,19.4,50,230.0,23.82304788
57,1,171.6,82.0,20.7,86.0,138,44.6,9.2,33,224.0,27.84705582
39,0,164.8,52.8,16.6,85.0,136,24.3,19.7,20,140.0,19.44104063
21,0,157.8,57.9,25.9,61.0,92,26.6,25.1,54,190.0,23.25222764
21,1,167.9,69.1,21.4,81.0,133,39.4,12.0,43,200.0,24.51188188
23,1,182.8,88.8,28.8,80.0,151,42.1,16.4,55,221.0,26.57422348
22,0,164.1,50.9,21.4,84.0,135,23.5,14.1,48,187.0,18.90168931
29,1,171.0,74.5,22.9,77.0,122,35.3,13.2,46,205.0,25.47792483
44,1,185.3,82.7,19.0,71.0,111,39.1,8.5,40,220.0,24.08544479
24,1,167.2,58.1,16.7,86.0,143,26.8,5.9,41,151.0,20.78277741
39,1,180.0,77.7,18.7,99.0,155,50.8,25.0,43,227.0,23.98148148
29,1,170.6,66.0,21.2,83.0,121,43.8,16.1,52,236.0,22.67701472
24,1,180.3,80.2,24.7,77.0,127,64.3,19.0,57,235.0,24.67078195
29,1,181.6,83.9,13.8,87.0,138,52.5,20.2,55,238.0,25.44077122
21,1,171.8,78.1,15.1,66.0,124,37.2,14.8,42,228.0,26.4609063
21,0,161.7,59.7,31.2,67.0,112,29.5,22.8,15,181.0,22.83254337
22,1,175.3,64.2,22.3,79.0,111,33.5,-0.2,35,200.0,20.89157565
61,0,161.4,58.1,26.1,92.0,137,29.0,21.5,19,155.0,22.3032972
59,1,172.6,77.0,28.6,90.0,151,37.0,14.1,30,160.0,25.84694046
44,1,171.5,82.1,28.9,89.0,147,39.6,10.1,48,199.0,27.91353943
26,1,172.6,61.4,12.8,79.0,132,42.4,8.4,48,238.0,20.61041746
24,0,160.9,50.5,26.9,66.0,99,26.5,27.3,30,133.0,19.50649721
53,1,176.4,67.4,16.4,66.0,119,36.9,13.3,33,197.0,21.66021359
23,0,162.5,51.1,28.5,78.0,118,19.3,28.8,44,188.0,19.35147929
26,1,164.8,60.74,16.0,91.0,136,40.6,25.4,51,226.0,22.36456075
34,0,162.0,52.3,21.6,85.0,120,38.0,29.4,62,203.0,19.92836458
21,1,173.5,68.3,22.7,80.0,134,44.1,16.6,44,241.0,22.68933385
24,0,164.7,62.5,24.0,70.0,153,36.1,24.3,44,181.0,23.04054879
62,1,166.7,72.4,25.4,80.0,141,47.5,21.6,28,148.0,26.05357753
60,0,155.9,66.0,37.4,60.0,110,26.0,14.1,7,106.0,27.15511868
59,0,152.7,63.8,39.9,90.0,151,27.1,18.2,0,101.0,27.36167025
27,1,173.7,77.2,10.1,75.0,128,51.1,13.4,42,246.0,25.58689951
30,1,185.4,88.6,17.6,97.0,149,51.3,1.9,61,227.0,25.77592517
22,1,172.1,63.8,11.2,62.0,107,38.3,16.7,60,225.0,21.54065664
28,1,180.1,75.4,18.5,65.0,135,51.8,9.0,58,220.0,23.24576913
26,1,180.6,78.4,21.5,98.0,156,54.0,9.9,52,211.0,24.03701701
64,1,159.3,56.5,19.8,82.0,154,34.2,-1.4,16,144.0,22.26470249
21,0,165.3,62.5,29.2,71.0,120,31.2,21.4,55,184.0,22.87358884
26,0,164.5,50.8,20.9,84.0,121,28.1,31.4,53,170.0,18.77292338
43,1,172.6,72.2,17.7,78.0,120,43.1,11.3,46,228.0,24.23570261
22,0,170.2,56.0,23.3,81.0,128,29.2,31.3,46,202.0,19.33164964
31,1,171.2,74.0,24.5,84.0,123,52.9,5.8,54,193.0,25.24783824
22,1,178.0,77.94,19.6,73.0,134,40.4,24.8,54,236.0,24.59916677
43,1,177.0,63.6,12.4,67.0,130,42.8,16.1,48,220.0,20.30067988
37,1,169.3,73.84,27.7,83.0,149,38.9,15.6,45,183.0,25.76189298
25,1,172.1,66.5,22.2,72.0,119,35.1,-14.8,27,190.0,22.45225183
23,1,174.4,82.4,23.9,93.0,133,48.6,13.7,48,225.0,27.09157478
27,1,169.2,72.5,17.6,79.0,132,45.5,10.9,60,203.0,25.32429064
37,1,178.6,85.8,14.5,85.0,136,49.7,11.2,43,232.0,26.89827186
59,0,162.0,50.84,19.4,83.0,123,31.7,21.9,23,157.0,19.37204694
29,1,171.2,70.36,22.4,96.0,155,40.0,17.4,53,214.0,24.00591755
60,1,171.8,73.0,20.5,86.0,153,43.5,14.9,40,191.0,24.7329854
54,1,168.2,73.4,29.6,85.0,155,35.3,8.2,33,174.0,25.94442661
33,1,180.3,83.3,20.4,78.0,136,51.8,16.3,52,239.0,25.62439073
43,0,165.3,66.8,27.8,77.0,130,32.6,17.9,35,164.0,24.44729175
59,1,173.5,74.8,17.6,65.0,123,49.7,17.9,49,198.0,24.84864088
24,1,164.3,58.3,22.9,77.0,107,26.9,1.1,41,183.0,21.59699998
51,0,165.1,61.7,33.4,66.0,105,24.1,15.0,20,157.0,22.63554823
54,1,173.9,75.2,25.9,92.0,141,37.8,2.1,39,185.0,24.86672987
22,0,162.6,54.9,26.0,77.0,117,24.2,29.8,36,192.0,20.7649678
23,0,171.4,63.8,21.4,57.0,111,30.6,23.0,51,172.0,21.71696061
22,1,185.9,94.1,15.0,76.0,131,49.2,9.5,49,225.0,27.22894683
35,1,184.5,109.9,27.6,67.0,121,68.4,12.8,47,200.0,32.2853093
33,1,167.2,75.5,20.9,89.0,134,57.4,17.2,55,182.0,27.00687942
30,0,162.8,52.82,19.5,54.0,95,34.6,20.0,39,205.0,19.92918762
40,0,161.4,45.8,21.7,62.0,119,22.1,16.0,32,165.0,17.58160089
59,1,179.1,62.1,13.8,97.0,148,41.2,18.4,31,182.0,19.35978048
45,0,162.7,53.5,25.7,71.0,131,28.2,14.3,28,127.0,20.21057531
30,0,162.9,52.3,18.7,69.0,113,35.7,12.4,40,170.0,19.70876995
23,1,167.7,68.72,11.8,73.0,139,35.6,16.1,51,247.0,24.43526344
26,0,157.5,50.5,30.2,68.0,112,23.8,17.0,55,139.0,20.35777274
47,1,170.0,79.2,27.6,99.0,151,42.8,7.5,35,200.0,27.40484429
54,0,156.5,52.2,30.1,72.0,117,20.5,13.5,16,110.0,21.31286427
31,1,179.5,78.7,22.9,72.0,132,44.0,18.3,47,214.0,24.42563295
54,0,147.7,60.9,36.6,80.0,129,19.7,6.4,18,129.0,27.91620006
57,0,163.0,56.0,28.6,98.0,158,29.7,28.0,25,124.0,21.07719523
32,1,175.3,76.9,21.4,76.0,116,47.4,24.4,54,185.0,25.02433283
50,1,170.9,90.0,31.8,91.0,146,33.7,15.2,39,213.0,30.81473122
50,1,166.0,70.0,29.0,83.0,141,39.4,1.9,32,173.0,25.40281608
58,1,175.5,66.6,15.9,95.0,154,43.2,19.2,39,208.0,21.62320111
47,1,174.9,58.5,16.7,63.0,100,37.8,5.6,39,207.0,19.12389045
47,0,156.2,51.2,31.1,73.0,110,23.1,23.7,28,143.0,20.98494822
60,1,168.5,79.6,24.3,88.0,143,40.7,15.7,40,170.0,28.03581963
64,1,167.2,73.0,20.8,75.0,142,34.6,18.7,24,152.0,26.11261189
23,0,172.4,86.9,40.5,61.0,111,29.2,8.4,30,152.0,29.23783787
53,1,167.8,91.6,29.9,97.0,144,39.6,-7.0,15,175.0,32.53205971
56,1,171.8,77.5,26.0,74.0,126,36.6,0.4,23,180.0,26.25762149
29,1,174.7,83.78,24.9,77.0,146,40.4,18.4,52,238.0,27.45077095
37,1,183.6,84.6,20.4,89.0,136,54.5,5.1,51,215.0,25.09718484
50,1,180.8,93.4,25.2,94.0,151,41.0,9.6,29,200.0,28.57261728
29,0,159.5,47.0,27.2,99.0,141,30.5,19.1,39,166.0,18.47466122
39,1,175.8,89.2,23.1,95.0,145,61.8,3.0,51,240.0,28.86204589
21,0,176.2,56.9,21.1,84.0,126,29.1,30.0,42,180.0,18.32738311
36,1,170.7,71.6,24.5,86.0,128,32.2,13.7,45,193.0,24.57230968
26,0,160.3,52.1,26.7,70.0,119,26.3,19.8,40,160.0,20.27545825
21,0,162.6,51.1,18.4,62.0,119,17.9,11.2,27,182.0,19.32768405
24,0,165.0,67.8,32.0,81.0,121,28.1,27.0,46,152.0,24.90358127
31,1,171.3,61.4,17.6,82.0,127,35.6,2.3,44,184.0,20.92443043
22,1,176.5,69.0,15.7,59.0,113,36.9,20.6,57,233.0,22.14928296
35,0,171.1,63.1,24.3,67.0,114,31.3,25.9,48,167.0,21.55407254
50,1,172.2,67.0,13.2,72.0,121,48.4,15.5,50,176.0,22.59480036
21,1,176.1,82.2,21.4,85.0,150,42.9,9.3,36,191.0,26.50654392
26,0,157.9,49.5,21.6,77.0,117,31.4,21.2,41,165.0,19.8536764
60,1,167.3,60.6,22.4,76.0,118,27.1,5.3,20,180.0,21.6511387
24,1,177.9,75.7,9.3,83.0,146,52.3,24.6,62,250.0,23.91905312
37,1,172.2,81.1,24.2,86.0,130,45.7,12.6,34,204.0,27.34982551
32,0,152.7,47.3,27.0,90.0,145,27.2,21.1,37,160.0,20.28537622
26,0,172.0,57.1,28.9,68.0,106,27.8,2.0,20,140.0,19.3009735
32,1,167.0,62.2,14.9,78.0,145,45.7,21.2,52,226.0,22.30269999
23,0,167.1,58.8,28.0,60.0,104,28.9,19.8,45,166.0,21.0583542
60,0,160.0,76.9,50.3,82.0,141,20.1,-8.1,0,25.0,30.0390625
23,1,167.0,74.0,23.8,89.0,133,41.6,21.0,62,211.0,26.53375883
25,1,177.8,83.5,23.1,95.0,152,43.6,4.5,32,194.0,26.41331813
63,1,162.6,68.7,17.7,93.0,187,46.5,18.6,34,189.0,25.98457719
37,1,177.2,70.4,17.1,71.0,131,41.3,14.2,54,225.0,22.42049641
61,1,171.7,71.4,25.9,91.0,154,43.7,13.9,24,174.0,24.21907887
38,1,177.4,72.1,11.8,88.0,141,43.0,21.5,46,265.0,22.91015533
37,1,171.9,67.4,20.8,88.0,153,44.0,27.0,44,211.0,22.80909968
30,0,163.6,56.3,13.9,75.0,116,28.0,21.1,40,185.0,21.03496512
48,1,169.5,70.2,24.3,80.0,126,41.1,5.3,39,222.0,24.43417652
21,1,171.1,72.8,20.0,93.0,145,31.7,19.4,64,220.0,24.86745612
52,0,156.1,52.3,35.7,67.0,119,25.7,-7.6,10,134.0,21.4632697
22,0,168.2,56.2,19.45304,94.0,153,29.7,32.7,37,193.0,19.86480621
39,0,164.2,60.62,28.8,74.0,129,25.1,7.2,34,143.0,22.4837955
22,0,157.9,55.6,31.1,69.0,132,25.4,20.1,54,175.0,22.30029107
60,0,160.6,59.18,31.0,74.0,148,26.7,21.8,15,141.0,22.944779
21,1,180.8,76.2,15.7,68.0,118,47.6,16.8,52,218.0,23.3108505
32,0,158.8,55.9,28.8,68.0,119,28.5,21.0,49,169.0,22.16719857
33,0,164.2,60.4,32.6,70.0,112,28.0,19.6,25,134.0,22.40219809
36,1,167.7,77.7,29.8,82.0,154,40.3,10.3,32,207.0,27.62834647
53,0,163.9,60.8,35.0,89.0,145,21.3,4.1,17,130.0,22.63318494
55,1,171.1,76.4,24.4,91.0,159,42.7,9.3,30,160.0,26.09716549
28,1,177.5,69.4,14.5,92.0,149,53.9,21.3,51,234.0,22.02737552
30,1,178.5,82.2,23.1,92.0,149,61.8,24.0,54,234.0,25.79855472
21,1,179.6,89.4,13.5,85.0,158,57.9,29.4,59,270.0,27.71563633
30,1,169.5,71.9,20.6,72.0,125,45.9,13.0,66,235.0,25.02588735
23,0,162.5,56.2,27.3,71.0,126,29.3,21.7,47,169.0,21.28284024
41,0,160.5,50.9,20.1,80.0,120,24.3,13.2,19,160.0,19.75912501
61,1,159.4,56.3,25.2,82.0,159,28.0,4.8,26,169.0,22.15806136
27,1,182.8,96.3,29.6,72.0,138,44.1,9.2,30,180.0,28.81866803
22,1,184.7,85.0,18.3,80.0,120,48.8,21.5,55,266.0,24.91639085
61,0,152.8,45.3,23.9,85.0,145,22.8,18.1,18,127.0,19.40222308
28,1,172.2,71.52,17.0,78.0,126,44.3,4.8,37,214.0,24.1191063
29,1,162.2,73.2,20.0,94.0,154,50.8,14.5,36,210.0,27.82334759
25,0,168.2,61.0,27.2,87.0,135,26.2,20.9,46,165.0,21.56144446
59,0,152.1,50.6,35.5,40.0,105,22.8,15.1,9,110.0,21.87218088
23,0,168.7,62.14,27.6,67.0,112,27.3,21.1,30,161.0,21.83439103
26,1,170.9,70.9,18.4,64.0,130,44.7,16.1,53,219.0,24.27516048
29,0,161.0,52.6,26.6,72.0,116,31.7,13.9,45,178.0,20.29242699
48,0,151.1,49.52,30.7,62.0,102,22.9,13.3,27,124.0,21.68960822
27,0,163.6,51.3,20.9,62.0,109,24.8,15.8,36,188.0,19.16685099
40,1,176.4,74.5,16.7,77.0,130,45.3,17.5,33,194.0,23.94192749
60,1,175.0,83.8,23.0,95.0,144,40.4,9.9,29,197.0,27.36326531
21,1,175.5,78.1,22.5,92.0,143,51.2,15.8,50,216.0,25.35693704
32,1,179.7,90.0,29.3,96.0,151,49.7,1.5,50,216.0,27.87060237
62,0,154.5,47.0,27.2,74.0,144,24.7,16.5,18,123.0,19.68978121
27,1,182.5,81.0,17.8,66.0,115,42.0,9.1,44,233.0,24.3197598
24,0,158.1,56.4,20.5,56.0,116,27.7,26.6,53,212.0,22.56396223
23,1,173.3,74.6,20.9,92.0,142,45.9,12.3,44,212.0,24.83943437
30,1,173.0,86.5,23.5,89.0,144,59.6,20.7,69,257.0,28.9017341
55,1,180.0,80.0,17.6,70.0,128,50.4,18.5,50,208.0,24.69135802
21,0,171.3,65.46,30.7,84.0,130,25.2,22.7,30,132.0,22.30803283
54,1,166.0,62.5,12.1,79.0,139,45.6,18.2,48,234.0,22.68108579
64,0,153.2,51.3,33.0,70.0,139,19.0,18.2,10,108.0,21.85746716
29,1,181.0,68.6,22.5,85.0,126,35.6,14.8,48,188.0,20.93953176
50,1,177.4,82.8,22.6,85.0,143,43.0,0.5,36,217.0,26.31013677
36,0,160.5,53.6,22.3,67.0,135,26.7,27.1,37,155.0,20.80725148
32,0,158.4,49.4,21.1,78.0,109,24.3,16.7,30,194.0,19.68867973
29,1,174.7,79.0,19.0,75.0,140,45.7,17.2,74,241.0,25.88458946
32,1,174.2,74.3,23.8,84.0,118,51.0,16.5,51,215.0,24.48457175
56,1,160.2,62.7,30.2,85.0,140,35.4,9.5,27,184.0,24.43107165
24,0,160.0,62.5,34.3,76.0,119,29.0,20.6,37,145.0,24.4140625
49,0,158.4,47.22,23.2,95.0,156,28.0,16.0,25,142.0,18.81982706
37,0,175.5,61.0,26.4,82.0,133,25.1,27.5,20,185.0,19.80503405
60,0,158.0,46.4,31.2,70.0,117,21.1,25.3,15,110.0,18.58676494
61,0,154.3,41.4,23.0,65.0,121,25.8,23.0,21,123.0,17.38875502
50,0,163.2,54.5,23.5,72.0,113,22.3,23.5,5,100.0,20.46238226
30,1,180.1,78.1,14.8,87.0,136,43.5,19.0,55,230.0,24.07817731
47,1,173.0,72.8,17.4,80.0,120,44.6,14.9,42,178.0,24.32423402
26,1,172.0,74.9,26.3,72.0,121,40.3,21.1,62,207.0,25.31773932
25,1,175.2,73.9,11.0,82.0,140,54.3,18.4,58,252.0,24.07555097
45,0,157.9,54.5,24.7,66.0,98,29.9,23.3,28,151.0,21.85909826
63,1,163.0,60.9,23.4,76.0,159,39.5,9.9,28,195.0,22.92144981
22,0,166.0,52.1,30.1,60.0,120,22.5,11.0,37,150.0,18.90695311
40,0,157.8,44.5,21.0,95.0,144,26.0,25.9,21,148.0,17.87088307
31,1,171.2,64.1,21.9,85.0,142,44.6,4.9,55,223.0,21.87008691
22,1,189.4,98.3,20.9,58.0,121,56.0,4.5,55,224.0,27.4027134
38,1,176.0,82.9,22.3,88.0,127,53.8,17.7,50,238.0,26.76265496
30,1,169.5,68.4,17.1,76.0,141,49.2,13.2,43,200.0,23.80765917
60,1,172.2,80.0,19.6,83.0,158,43.2,16.1,30,180.0,26.97886611
25,0,161.5,67.5,30.0,85.0,122,28.0,11.7,39,112.0,25.87966912
21,1,173.5,77.1,19.1,60.0,108,36.1,20.6,61,233.0,25.61270337
46,1,169.2,69.9,23.6,98.0,153,30.0,12.0,40,192.0,24.41610918
64,1,171.4,75.0,25.1,86.0,126,46.8,12.8,33,180.0,25.5293424
53,1,180.8,78.0,25.9,81.0,140,39.1,0.1,22,187.0,23.86150051
21,1,173.3,61.7,16.4,73.0,143,31.2,6.4,53,203.0,20.54414344
21,1,176.0,61.2,12.9,89.0,125,34.6,0.4,60,83.0,19.7572314
21,1,176.1,82.8,24.9,85.0,137,46.1,17.6,56,240.0,26.70002235
50,1,179.1,102.2,30.5,83.0,130,40.1,-6.5,14,162.0,31.86102359
26,0,154.5,56.32,35.0,78.0,105,26.1,15.7,45,146.0,23.59422293
58,1,167.5,65.5,17.8,83.0,158,43.6,9.7,34,180.0,23.34595678
22,1,167.6,68.8,25.0,70.0,119,34.2,17.8,54,197.0,24.4929113
35,1,175.0,79.8,19.2,89.0,146,45.9,14.0,52,197.0,26.05714286
58,0,162.6,71.3,40.5,93.0,148,24.8,4.5,23,103.0,26.96798186
22,0,153.3,50.7,33.4,83.0,124,17.5,17.6,22,134.0,21.57365104
23,1,169.4,60.3,11.0,67.0,126,40.4,18.0,61,285.0,21.01311804
58,1,175.1,85.64,28.8,100.0,157,41.5,2.5,29,187.0,27.93215005
24,0,164.3,52.9,24.0,69.0,127,27.8,21.0,43,172.0,19.59659175
22,1,173.9,63.3,17.4,68.0,104,37.3,14.4,48,170.0,20.93170214
61,0,159.6,63.1,32.3,62.0,115,22.4,12.0,18,117.0,24.77214339
21,1,183.0,67.0,14.9,68.0,123,35.4,4.2,54,205.0,20.00656932
22,1,172.5,67.4,20.5,83.0,128,44.5,10.7,52,211.0,22.65070363
22,1,178.7,74.8,12.3,79.0,158,54.5,17.4,59,233.0,23.42353796
29,1,174.3,78.7,13.9,85.0,135,46.1,16.8,62,242.0,25.90478297
26,0,169.3,63.4,31.8,70.0,119,26.6,33.8,36,179.0,22.11950183
58,0,162.3,55.7,29.9,82.0,133,26.3,14.6,20,144.0,21.14550958
23,1,173.9,70.5,25.1,88.0,141,37.4,18.8,46,195.0,23.31255925
30,1,171.3,65.6,19.1,70.0,129,44.2,22.1,45,210.0,22.35574326
27,0,168.5,64.2,26.2,76.0,108,25.2,23.1,18,164.0,22.61180428
30,0,167.6,49.8,22.3,66.0,130,25.2,24.9,35,180.0,17.72888056
38,1,182.0,91.6,27.5,76.0,129,54.5,15.2,50,218.0,27.65366502
33,1,174.2,81.1,25.7,86.0,133,46.3,14.0,45,237.0,26.72542085
32,0,171.7,56.0,22.5,82.0,121,25.8,15.1,21,147.0,18.99535597
63,0,157.8,49.2,18.1,86.0,147,21.4,26.3,27,121.0,19.7583696
26,1,163.5,65.7,21.5,89.0,148,48.0,17.4,60,219.0,24.5770558
54,0,159.6,48.38,27.5,67.0,113,21.1,14.4,13,146.0,18.99328522
62,0,144.9,50.8,33.9,68.0,128,14.9,10.7,2,83.0,24.19507325
59,0,157.2,55.8,30.1,91.0,143,31.1,25.6,8,137.0,22.58026922
28,1,168.1,74.3,23.9,85.0,143,43.6,18.4,57,219.0,26.29380192
21,1,175.5,76.3,20.5,70.0,119,35.8,3.8,51,201.0,24.7725262
42,1,169.6,71.6,30.2,80.0,127,38.3,3.7,43,211.0,24.89208793
29,0,157.9,59.0,31.8,61.0,97,23.0,14.0,34,123.0,23.66397793
54,1,160.7,59.7,17.2,92.0,139,41.5,19.5,51,206.0,23.11759109
27,0,164.0,53.0,22.0,80.0,120,21.4,10.3,32,155.0,19.70553242
61,1,166.6,65.4,18.4,83.0,135,46.0,18.9,40,200.0,23.56284651
43,0,158.3,54.0,19.1,69.0,107,26.6,23.1,42,154.0,21.54923861
34,1,174.7,78.6,15.6,73.0,131,55.0,24.8,51,237.0,25.75352825
58,1,170.0,79.8,25.5,98.0,146,28.7,21.7,26,166.0,27.61245675
23,0,163.6,54.7,28.3,67.0,129,23.0,21.0,48,127.0,20.4371686
24,0,163.1,48.4,21.1,68.0,115,18.9,22.7,42,178.0,18.19438748
21,1,172.5,67.6,16.5,80.0,120,42.3,26.5,63,273.0,22.7179164
38,1,178.9,82.0,24.7,92.0,156,38.9,5.1,28,225.0,25.62082861
58,1,163.1,58.2,12.4,99.0,160,42.4,24.1,57,227.0,21.87837503
24,1,186.2,82.5,22.2,68.0,117,33.3,5.0,52,206.0,23.79548688
26,1,175.4,60.3,12.7,84.0,140,41.5,25.0,56,274.0,19.60009309
46,1,172.6,70.0,18.3,81.0,142,30.4,-2.0,30,211.0,23.4972186
26,0,158.1,62.8,39.8,60.0,86,18.9,18.0,25,139.0,25.12441185
55,1,174.2,65.5,18.0,84.0,140,44.4,9.2,48,207.0,21.58464939
22,0,155.7,55.4,31.1,64.0,98,23.7,-11.0,24,112.0,22.85243801
44,0,159.9,49.8,27.1,76.0,123,13.3,25.5,19,153.0,19.47746422
33,0,165.3,91.6,42.7,63.0,103,28.1,9.4,19,121.0,33.5235318
37,1,177.0,74.0,18.5,84.0,132,48.6,22.1,53,220.0,23.62028791
22,0,153.2,58.6,22.7,66.0,103,24.2,27.9,39,161.0,24.967789
50,1,170.2,77.1,19.6,91.0,136,43.9,15.8,45,188.0,26.61553906
28,1,171.6,69.8,21.3,82.0,131,45.0,7.1,42,211.0,23.70395727
42,1,173.6,70.6,26.8,89.0,134,43.7,4.6,30,182.0,23.42638408
56,1,173.8,89.3,24.8,98.0,147,40.3,17.5,42,219.0,29.56323221
27,0,153.6,53.9,33.3,78.0,135,23.1,23.3,41,160.0,22.84579807
24,1,167.5,69.4,16.1,73.0,124,47.3,23.1,38,220.0,24.73602139
29,1,181.9,98.78,20.0,78.0,139,47.6,16.6,64,226.0,29.85407529
23,1,168.1,64.6,23.1,57.0,111,38.1,13.2,48,219.0,22.8610983
58,1,176.9,83.9,19.8,82.0,123,50.5,27.3,54,230.0,26.81058529
35,1,181.3,84.4,22.8,87.0,155,46.8,11.7,46,251.0,25.6771512
55,1,166.8,59.5,24.9,81.0,133,34.7,9.9,28,166.0,21.38576908
34,1,175.6,89.5,25.9,89.0,135,44.8,16.5,42,206.0,29.02511921
28,0,164.9,54.18,22.0,72.0,118,29.0,17.7,42,175.0,19.92497061
26,1,170.7,61.5,12.4,69.0,127,36.9,7.4,38,215.0,21.10610399
21,1,174.5,67.5,13.7,83.0,128,42.2,18.8,58,207.0,22.16730569
47,1,169.1,66.1,17.2,79.0,119,51.9,14.2,32,222.0,23.11608295
27,1,180.2,76.6,19.8,79.0,143,45.0,17.4,53,200.0,23.58952502
27,1,170.1,80.0,21.9,96.0,142,45.1,17.6,49,255.0,27.64912295
55,0,159.4,57.6,28.3,82.0,135,29.2,14.6,26,156.0,22.66970399
62,0,162.8,58.2,23.8,73.0,138,22.0,20.0,26,120.0,21.95908216
38,1,168.2,72.0,26.0,81.0,124,44.3,10.0,47,189.0,25.44957379
25,1,177.2,71.4,21.7,85.0,130,37.2,14.2,48,239.0,22.73896937
60,0,159.2,58.1,28.9,72.0,130,27.8,6.6,10,110.0,22.92397919
47,1,179.3,77.8,25.9,85.0,135,52.8,16.2,33,191.0,24.20020349
23,0,161.3,66.4,35.9,78.0,134,26.8,21.2,52,166.0,25.52109738
61,0,157.8,59.8,40.3,93.0,152,26.7,23.7,38,150.0,24.0152541
42,0,152.3,52.8,25.9,78.0,122,24.8,17.2,55,166.0,22.76324202
21,1,172.7,73.0,16.4,62.0,126,41.6,11.2,41,231.0,24.47587266
29,1,179.4,77.6,16.5,82.0,141,46.1,27.0,54,248.0,24.11108998
39,1,173.2,75.9,22.0,94.0,147,43.3,10.8,35,211.0,25.30148435
31,1,177.7,74.0,14.1,63.0,122,56.4,24.2,57,222.0,23.43456326
23,0,166.0,79.5,34.0,81.0,132,34.7,24.4,39,200.0,28.85034112
36,1,179.5,74.16,21.3,92.0,142,48.8,9.5,40,179.0,23.01658119
25,1,177.1,76.3,23.4,90.0,142,49.6,2.2,50,254.0,24.32693617
27,1,189.8,97.4,18.2,74.0,145,58.1,11.1,45,235.0,27.03750051
50,0,152.0,63.6,31.5,88.0,128,18.2,19.0,28,160.0,27.52770083
57,0,156.7,61.1,31.1,84.0,136,23.7,15.1,24,105.0,24.88302737
21,0,162.2,54.1,28.5,82.0,117,23.8,11.5,42,178.0,20.56343039
43,0,167.0,55.6,25.7,92.0,136,26.9,18.5,24,137.0,19.93617555
27,0,156.4,47.3,20.9,62.0,110,27.9,26.3,39,172.0,19.33693526
30,0,172.3,60.4,30.0,64.0,117,28.7,16.4,43,176.0,20.34540707
21,1,170.4,107.9,42.1,85.0,136,49.5,5.9,37,200.0,37.16056118
21,1,168.0,68.0,24.1,60.0,101,43.1,14.3,57,233.0,24.09297052
46,1,177.4,76.2,21.0,82.0,129,43.5,19.0,49,227.0,24.21295196
22,1,168.6,63.1,17.8,82.0,132,48.6,18.1,58,242.0,22.19801899
26,1,164.0,60.6,18.1,72.0,129,32.8,16.7,60,230.0,22.53123141
22,1,172.5,69.4,13.3,76.0,115,35.2,-8.0,32,227.0,23.32283134
21,1,164.7,76.0,23.2,67.0,123,57.4,17.3,59,232.0,28.01730732
27,1,184.6,78.1,9.6,66.0,110,48.4,11.0,48,263.0,22.91857655
28,1,181.8,114.0,33.1,79.0,137,44.9,12.7,42,225.0,34.49189803
44,1,176.6,78.5,25.0,96.0,131,50.0,20.0,35,200.0,25.17029226
37,1,179.8,76.1,14.2,80.0,155,54.2,19.1,58,229.0,23.53993623
23,0,156.7,52.0,23.7,80.0,118,25.1,24.4,48,172.0,21.17704457
47,1,174.4,86.5,26.0,89.0,133,41.5,-0.4,30,206.0,28.4395779
42,0,161.3,60.2,26.6,74.0,130,32.2,22.1,32,174.0,23.13810334
57,1,168.2,74.5,20.2,96.0,158,46.8,5.8,35,197.0,26.33323955
34,1,172.2,93.4,30.9,94.0,143,54.8,17.0,46,222.0,31.49782618
41,1,168.0,61.1,22.2,99.0,125,30.2,11.1,35,213.0,21.64824263
29,1,172.1,63.3,14.4,81.0,134,53.5,17.2,50,235.0,21.37184272
35,1,176.9,67.8,11.4,98.0,151,43.5,19.2,46,216.0,21.66576499
22,1,175.9,73.3,18.2,70.0,120,44.5,18.8,43,213.0,23.69039466
43,1,174.0,77.0,16.4,80.0,120,53.3,5.2,29,180.0,25.43268596
25,1,178.0,80.0,14.8,83.0,145,37.4,21.0,48,232.0,25.2493372
38,0,157.2,51.7,27.3,64.0,106,25.1,14.7,19,139.0,20.92114549
45,1,178.0,71.6,19.9,82.0,126,36.4,13.5,41,212.0,22.5981568
23,0,162.5,54.4,27.5,57.0,109,33.7,-7.6,34,176.0,20.60118343
25,1,170.7,83.1,26.4,67.0,124,43.2,14.0,38,199.0,28.51897954
56,1,167.4,72.2,18.8,84.0,153,36.6,19.9,44,217.0,25.76477121
26,1,178.5,79.5,15.3,98.0,147,46.9,19.0,60,245.0,24.95115693
54,0,147.4,53.64,34.6,83.0,154,17.4,24.4,31,125.0,24.68844871
28,0,157.4,48.6,19.6,71.0,120,32.3,18.5,39,169.0,19.61673897
63,1,159.5,66.9,25.6,95.0,181,37.8,11.1,40,165.0,26.29691139
25,1,168.8,70.6,22.1,84.0,148,45.2,13.5,41,200.0,24.77763303
63,0,151.6,49.62,37.1,95.0,156,20.3,14.9,15,51.0,21.59028411
22,0,163.7,56.36,29.8,80.0,120,22.8,8.4,47,186.0,21.03166355
45,1,174.7,62.6,8.8,70.0,121,35.9,11.2,57,221.0,20.51107975
27,1,158.9,68.3,26.1,90.0,130,53.4,18.9,56,209.0,27.05035128
27,0,172.0,58.7,25.6,81.0,130,29.6,20.9,40,175.0,19.84180638
53,0,159.4,61.4,32.7,80.0,120,23.8,16.8,28,155.0,24.16527474
41,1,169.0,76.3,27.3,82.0,130,48.7,15.5,40,220.0,26.71475088
57,0,149.2,62.2,37.3,75.0,136,22.3,21.9,10,131.0,27.9416944
62,0,158.0,57.3,33.9,75.0,125,19.7,-0.2,10,133.0,22.9530524
57,0,148.4,62.5,48.1,66.0,109,15.8,4.0,0,85.0,28.37998852
62,1,174.4,77.4,19.3,98.0,158,50.5,24.4,59,183.0,25.44766855
24,1,171.2,64.9,17.1,80.0,123,43.7,21.3,44,208.0,22.14303651
37,1,175.0,63.7,17.1,76.0,113,40.7,9.1,41,220.0,20.8
29,1,176.1,81.6,18.3,76.0,130,57.1,24.1,65,242.0,26.3130655
25,1,173.0,69.5,14.0,80.0,130,55.1,12.5,38,180.0,23.22162451
22,0,160.3,55.48,28.3,67.0,111,33.6,16.7,37,179.0,21.59083347
26,1,179.5,95.0,30.5,83.0,130,45.7,11.8,33,207.0,29.48456328
29,1,182.7,70.5,12.9,83.0,123,43.6,5.5,43,201.0,21.12088064
39,0,164.0,64.7,34.9,80.0,116,33.4,19.3,45,176.0,24.05562165
49,0,158.0,52.4,30.2,60.0,110,25.8,15.1,22,116.0,20.99022593
31,0,156.0,49.4,24.3,69.0,117,27.3,18.4,22,151.0,20.2991453
22,1,175.9,70.9,16.3,82.0,147,43.0,8.4,53,251.0,22.91472007
52,0,157.9,54.28,36.5,67.0,133,24.2,17.9,19,133.0,21.7708597
25,0,172.9,80.1,33.7,77.0,133,37.4,23.7,31,147.0,26.79430703
45,1,168.1,62.24,17.9,92.0,151,41.4,20.1,53,211.0,22.02592505
43,1,172.6,67.9,20.0,97.0,146,40.2,14.7,41,225.0,22.79230204
56,1,169.8,64.78,22.3,70.0,141,38.0,7.9,32,183.0,22.46805984
21,0,161.4,57.5,32.0,77.0,108,21.6,2.5,18,153.0,22.07297055
27,1,171.3,65.6,15.9,75.0,126,43.4,17.6,59,239.0,22.35574326
35,1,172.7,65.3,19.9,96.0,135,45.3,23.2,57,135.0,21.89417102
21,0,174.0,64.64,23.2,77.0,130,19.6,18.5,28,160.0,21.35024442
58,1,166.2,61.2,18.0,68.0,113,41.5,13.3,27,198.0,22.15589933
31,1,178.3,80.8,19.9,81.0,155,53.7,20.4,54,201.0,25.41608618
21,0,162.2,59.8,30.4,70.0,108,24.4,20.6,44,192.0,22.73000254
22,0,160.2,56.9,26.5,64.0,111,28.6,23.4,41,174.0,22.17110011
47,1,176.1,80.2,22.8,73.0,123,43.0,2.3,20,196.0,25.86161585
22,1,175.4,80.0,21.0,98.0,153,43.5,13.0,32,199.0,26.00344026
43,1,170.8,72.9,16.2,79.0,143,42.0,15.4,51,190.0,24.98916793
41,1,174.7,75.2,21.2,74.0,122,52.0,22.0,46,211.0,24.63950794
21,1,180.4,94.9,30.9,80.0,140,40.9,7.5,36,163.0,29.16037778
34,1,170.8,75.2,22.1,97.0,141,57.2,23.3,57,246.0,25.77757789
30,0,169.3,66.2,34.2,96.0,140,29.0,14.8,42,186.0,23.09638835
52,0,155.4,59.6,30.5,79.0,126,30.0,2.8,25,137.0,24.67994746
36,1,168.0,83.5,22.9,87.0,139,55.9,13.0,61,222.0,29.58475057
27,1,178.6,70.5,18.8,90.0,156,44.3,22.7,52,216.0,22.10172688
22,0,152.9,45.0,20.8,72.0,107,24.9,22.4,46,182.0,19.24852888
23,1,181.9,106.9,23.2,72.0,125,55.2,13.5,38,223.0,32.30816611
64,0,162.8,74.2,36.4,91.0,145,27.6,20.3,15,117.0,27.99594323
32,1,164.7,63.8,23.0,75.0,128,40.0,22.1,50,245.0,23.5197922
63,0,159.2,46.7,21.9,70.0,103,22.1,3.7,0,107.0,18.42598672
22,0,164.3,59.44,28.3,80.0,120,28.9,14.4,45,179.0,22.01930838
56,0,156.1,53.9,33.3,80.0,131,23.0,17.1,22,119.0,22.1198898
30,1,174.0,70.6,12.3,81.0,139,49.0,18.2,60,237.0,23.31880037
40,0,158.0,53.8,25.8,78.0,115,28.6,17.0,29,170.0,21.55103349
28,1,190.6,78.8,15.2,74.0,120,41.0,9.5,51,242.0,21.69104248
21,1,169.3,59.6,25.9,81.0,144,34.0,6.5,31,212.0,20.79372727
25,1,162.2,65.3,18.3,96.0,139,44.3,21.5,57,221.0,24.82055461
32,1,176.3,71.8,21.2,72.0,126,45.3,15.4,45,209.0,23.100417
38,0,166.5,58.2,27.2,56.0,126,33.3,20.9,40,162.0,20.99396694
28,1,170.7,71.5,14.9,71.0,113,49.9,15.8,61,239.0,24.53799082
33,0,149.5,45.6,30.8,73.0,123,26.2,29.5,35,182.0,20.40245635
29,0,157.6,55.6,20.6,96.0,130,25.8,20.9,31,169.0,22.38527146
46,1,175.8,96.3,31.5,90.0,143,27.2,-4.1,27,192.0,31.1593612
48,1,169.4,72.9,24.9,99.0,153,35.4,9.0,32,193.0,25.40391882
34,1,168.8,65.8,18.2,81.0,133,36.8,15.7,49,202.0,23.09303475
31,1,187.0,92.5,19.8,79.0,138,70.4,-6.0,61,245.0,26.45200034
36,0,156.1,48.9,21.8,89.0,133,28.3,24.5,30,166.0,20.06795197
64,1,169.0,54.6,25.7,80.0,120,28.6,16.6,24,159.0,19.1169777
21,1,178.0,64.0,13.0,80.0,119,37.6,12.4,48,244.0,20.19946976
23,1,171.8,64.56,13.0,76.0,119,38.9,18.5,51,242.0,21.87344572
39,0,169.4,58.6,22.4,68.0,118,33.5,16.2,33,183.0,20.42070841
45,0,158.1,62.9,35.4,95.0,138,22.7,23.4,17,86.0,25.16441887
27,0,164.7,61.7,35.3,62.0,107,25.7,14.6,47,117.0,22.74562976
24,1,165.7,63.5,20.0,83.0,121,36.4,19.1,36,273.0,23.127501
39,1,167.8,60.7,18.9,72.0,131,40.9,21.4,28,186.0,21.55781686
28,1,174.3,67.3,18.6,99.0,145,44.1,5.3,46,166.0,22.15237476
23,0,158.6,53.0,30.7,74.0,117,16.5,4.6,17,124.0,21.07024103
22,0,167.9,53.9,22.9,69.0,96,36.9,22.9,47,190.0,19.11997733
64,1,172.0,72.0,21.9,85.0,127,40.8,5.5,36,167.0,24.33747972
60,1,161.6,47.3,3.5,82.0,130,32.0,13.3,22,156.0,18.11250123
47,1,176.4,95.9,18.9,95.0,146,53.4,-0.9,44,202.0,30.81920599
31,1,168.4,86.5,35.3,96.0,152,42.8,1.2,32,174.0,30.50225399
29,1,162.9,76.3,21.4,80.0,123,48.1,-8.8,30,164.0,28.75294737
27,1,171.0,65.1,17.9,69.0,111,39.2,19.5,50,211.0,22.26326049
22,1,178.0,70.5,19.2,99.0,140,46.6,18.2,61,222.0,22.25097841
45,1,172.5,85.0,31.1,84.0,135,41.6,8.5,41,195.0,28.56542743
28,1,171.7,74.4,17.3,74.0,131,49.1,7.9,53,250.0,25.23668722
46,1,171.3,65.86,8.3,74.0,143,38.4,18.8,46,205.0,22.44434834
26,1,171.3,69.2,17.8,92.0,158,52.3,17.6,56,225.0,23.58258283
57,1,168.6,75.6,24.4,81.0,132,34.2,14.4,37,211.0,26.59540786
38,1,179.4,80.0,16.8,91.0,151,55.1,13.9,57,243.0,24.8567938
34,0,147.8,46.5,30.7,58.0,114,18.7,18.7,24,68.0,21.28649146
28,1,169.6,65.3,17.3,76.0,118,45.7,12.4,45,192.0,22.70186232
36,1,179.1,96.2,26.6,83.0,123,54.7,17.0,40,200.0,29.9905134
48,1,176.2,73.0,25.2,82.0,133,40.0,-5.6,36,208.0,23.51316286
55,1,163.7,66.9,21.7,77.0,137,30.1,10.5,20,177.0,24.96483839
49,0,157.9,53.0,36.1,63.0,157,19.0,13.1,0,140.0,21.2574717
27,1,178.1,73.5,13.4,77.0,148,56.7,17.1,55,237.0,23.17178553
23,0,159.5,45.0,27.1,77.0,111,19.3,-4.4,29,125.0,17.68850542
45,0,162.4,59.5,30.7,81.0,123,29.1,15.2,25,182.0,22.56030236
23,1,171.0,85.0,23.3,97.0,150,51.2,8.2,42,241.0,29.0687733
35,1,184.6,79.0,22.6,85.0,131,45.5,6.7,45,194.0,23.18268306
38,0,159.6,52.2,28.9,73.0,127,34.3,19.3,39,157.0,20.49296173
27,1,181.1,60.9,10.8,72.0,128,38.5,7.3,38,228.0,18.56865264
44,1,181.9,78.6,27.8,90.0,134,35.4,2.4,28,172.0,23.75511559
22,0,159.1,51.3,29.1,73.0,111,21.3,7.9,24,154.0,20.26641847
32,1,173.2,71.0,14.7,71.0,103,54.2,18.4,55,244.0,23.66805519
26,0,152.5,48.1,35.7,98.0,127,24.5,19.4,47,158.0,20.6826122
21,1,172.1,66.2,14.8,66.0,123,43.1,28.2,56,283.0,22.35096347
49,1,178.0,76.6,16.7,88.0,135,49.5,18.1,36,170.0,24.17624037
61,0,161.1,64.4,32.6,69.0,125,25.2,20.1,26,148.0,24.81388622
41,1,165.4,57.8,15.8,79.0,124,30.2,20.0,37,224.0,21.1279241
43,1,169.4,93.9,28.2,97.0,147,56.4,12.4,35,215.0,32.72192013
32,1,166.0,73.66,23.1,72.0,120,45.7,18.1,60,195.0,26.73102047
25,1,172.6,64.2,15.1,66.0,142,44.0,18.8,54,214.0,21.5503062
36,1,179.0,73.4,15.0,72.0,113,40.4,13.9,40,239.0,22.90814893
28,1,185.1,83.0,17.2,85.0,154,52.4,13.8,45,214.0,24.22508195
34,1,176.3,79.1,20.0,86.0,140,43.2,12.8,42,207.0,25.44906664
39,1,173.4,82.5,22.7,81.0,125,52.4,9.4,59,228.0,27.43820915
45,1,172.5,64.4,16.5,81.0,136,44.7,8.7,30,211.0,21.64251208
24,1,184.1,64.3,9.9,79.0,128,54.9,-10.5,52,222.0,18.97157539
23,0,162.1,60.2,32.3,57.0,97,30.9,19.8,48,186.0,22.91028341
48,0,155.2,64.6,32.6,57.0,108,24.1,17.5,28,150.0,26.81940164
21,1,167.5,63.4,12.4,85.0,134,40.4,15.7,59,234.0,22.59746046
22,1,176.7,79.3,13.2,94.0,143,44.5,-3.3,53,212.0,25.3980333
25,1,180.9,91.2,23.4,76.0,117,53.8,21.3,55,259.0,27.86876379
49,0,156.0,53.1,21.3,86.0,148,33.0,32.4,40,183.0,21.81952663
31,0,160.7,77.2,38.4,75.0,127,29.4,22.7,32,140.0,29.89410439
26,0,156.2,64.0,24.6,58.0,114,39.1,24.6,26,170.0,26.23118527
42,1,181.4,90.3,16.1,82.0,136,49.0,14.0,38,213.0,27.44183728
25,1,172.0,64.5,22.9,62.0,96,37.3,-5.6,46,193.0,21.80232558
64,0,163.6,55.2,27.1,67.0,112,22.7,20.9,29,126.0,20.62398001
31,0,163.0,53.6,30.5,69.0,106,27.1,29.9,42,219.0,20.17388686
54,1,161.6,59.3,17.6,69.0,125,32.5,16.5,44,184.0,22.70763896
30,1,169.0,71.9,15.0,92.0,147,51.7,25.5,46,228.0,25.17418858
26,0,177.9,62.0,16.4,75.0,121,33.4,32.7,62,196.0,19.59024166
26,0,161.3,49.0,22.1,69.0,116,18.5,10.4,42,166.0,18.83333993
25,1,171.3,79.6,24.2,81.0,121,43.8,8.0,52,239.0,27.12678603
63,1,170.1,61.7,17.3,82.0,151,40.5,13.7,32,169.0,21.32438608
21,0,159.6,49.1,29.9,74.0,127,22.5,25.2,43,173.0,19.27594676
60,1,176.6,73.5,22.8,89.0,147,40.3,8.7,46,197.0,23.56708893
21,1,183.8,86.2,20.63538,89.0,125,50.9,8.4,50,214.0,25.51621493
49,1,170.8,73.2,19.2,96.0,142,41.6,9.3,46,178.0,25.09200401
62,1,168.7,71.8,24.5,75.0,108,46.3,8.5,27,197.0,25.22866553
28,1,177.0,74.1,14.0,99.0,147,52.8,26.4,59,249.0,23.65220722
40,1,175.9,81.7,23.7,82.0,138,41.2,14.3,46,180.0,26.40525571
49,0,162.5,63.3,28.6,63.0,119,30.9,23.7,40,161.0,23.97159763
50,1,173.4,56.6,12.6,86.0,143,40.8,11.8,54,185.0,18.8242744
34,1,183.8,81.2,22.8,78.0,150,50.0,2.4,34,209.0,24.03615606
42,1,175.6,95.4,46.2,89.0,142,38.1,-5.5,15,62.0,30.93850696
27,1,172.2,71.28,22.8,63.0,112,44.0,11.8,54,226.0,24.0381697
46,1,171.5,72.2,19.5,72.0,117,48.8,12.0,49,209.0,24.54759496
25,1,181.3,60.7,14.5,83.0,125,34.0,18.0,56,260.0,18.46686111
26,0,156.0,64.3,32.3,69.0,126,34.9,25.5,49,182.0,26.421762
55,1,169.6,71.8,18.5,80.0,124,42.8,16.0,26,210.0,24.9616189
60,1,170.3,75.18,25.8,75.0,139,37.2,2.9,26,170.0,25.92226974
38,1,164.2,61.0,18.2,63.0,113,38.1,10.0,38,233.0,22.62473648
26,1,176.1,73.7,18.1,62.0,126,42.4,17.9,57,234.0,23.7655996
52,0,160.7,55.0,31.4,73.0,143,23.6,13.1,24,141.0,21.29761323
31,1,179.6,78.0,20.1,92.0,152,44.8,12.0,49,181.0,24.18142767
23,1,171.4,70.1,15.2,70.0,128,46.8,-2.5,57,234.0,23.86142537
57,0,156.0,58.78,36.0,75.0,148,23.4,22.1,19,143.0,24.15351742
58,1,163.2,54.1,14.0,79.0,149,32.4,14.1,46,187.0,20.31219963
31,1,169.6,66.46,15.0,74.0,127,43.6,9.9,58,219.0,23.10514195
40,0,165.0,70.5,35.6,76.0,114,39.1,16.7,39,154.0,25.8953168
45,0,158.3,55.4,33.9,81.0,111,24.1,21.0,34,165.0,22.10792258
26,1,181.1,84.4,18.0,65.0,142,54.1,9.5,45,206.0,25.73389627
21,0,154.6,45.2,28.20985,78.0,117,21.8,21.4,21,139.0,18.91121602
26,1,167.7,69.9,19.1,98.0,157,33.4,8.2,59,202.0,24.85484451
52,1,172.2,71.1,26.1,98.0,151,32.1,-0.3,26,186.0,23.97746725
64,0,156.0,62.2,33.2,78.0,135,31.7,15.8,23,144.0,25.55884287
59,1,172.8,76.3,22.9,82.0,117,38.8,17.3,40,187.0,25.55271562
31,1,169.8,69.52,14.1,84.0,137,47.6,24.7,58,225.0,24.11206422
23,1,170.9,69.2,24.1,82.0,144,29.5,2.5,55,214.0,23.69310445
63,1,168.8,63.2,13.9,92.0,156,38.3,13.2,34,193.0,22.18054401
60,0,152.6,55.0,37.57393,69.0,113,18.3,18.8,0,117.0,23.61857124
37,1,172.2,69.4,19.4,74.0,129,34.1,-1.9,39,214.0,23.40416635
61,1,174.4,80.8,26.1,79.0,147,42.1,8.3,30,199.0,26.56552479
58,0,162.8,70.7,33.3,96.0,159,31.8,17.8,23,106.0,26.67537987
26,1,171.5,80.1,28.0,98.0,157,33.8,11.6,31,183.0,27.23355065
52,0,159.7,64.1,30.4,90.0,141,23.7,16.2,25,142.0,25.13322373
53,1,164.9,60.3,9.7,66.0,109,34.0,18.4,35,194.0,22.17563174
48,1,168.0,80.5,25.4,84.0,130,51.0,7.1,23,195.0,28.5218254
41,0,165.7,50.1,20.5,90.0,128,30.6,20.6,42,190.0,18.24705197
63,0,157.4,55.82,40.3,82.0,147,21.2,13.2,4,103.0,22.53099525
23,0,162.0,46.0,27.4,65.0,106,23.7,28.0,8,182.0,17.52781588
22,0,160.1,49.6,34.3,68.0,116,21.6,4.2,23,120.0,19.35080394
24,0,160.1,56.2,28.3,75.0,115,27.4,21.7,36,182.0,21.9257093
40,1,176.9,72.4,25.3,72.4,137,43.1,14.5,44,196.0,23.13571365
59,0,153.4,53.3,25.0,89.0,149,28.8,14.0,30,128.0,22.65043202
29,1,171.8,67.16,21.7,78.0,120,32.7,13.2,35,200.0,22.75434657
49,0,151.5,48.4,29.5,75.0,115,22.9,23.3,32,132.0,21.08725724
54,1,167.7,65.2,17.4,98.0,156,35.5,7.6,30,178.0,23.18363179
46,1,177.8,89.4,23.7,92.0,138,43.5,0.8,22,211.0,28.2796484
21,1,174.8,78.7,20.1,65.0,141,45.9,12.5,58,199.0,25.75679822
37,1,165.4,71.7,17.5,68.0,108,39.6,10.7,45,221.0,26.20886086
63,1,167.4,59.8,22.0,89.0,157,37.8,11.7,19,184.0,21.33979665
32,1,167.1,69.5,26.0,51.0,117,46.5,8.6,42,201.0,24.89040165
34,1,173.0,71.1,14.9,96.0,155,45.9,24.6,58,225.0,23.75622306
44,0,154.6,55.2,43.6,69.0,90,23.5,13.4,7,129.0,23.09511338
56,0,153.7,50.7,31.6,66.0,105,16.0,15.7,3,155.0,21.4615075
24,1,177.8,75.7,22.2,73.0,132,51.3,7.7,55,209.0,23.94596626
39,1,177.2,76.7,20.8,78.0,135,43.3,5.7,45,232.0,24.42687606
28,1,170.6,74.9,21.8,71.0,140,37.5,16.3,59,237.0,25.73497579
29,0,158.7,47.2,20.4,74.0,113,23.3,19.9,37,171.0,18.74080083
47,1,182.3,60.0,11.9,85.0,149,46.9,1.8,24,202.0,18.05418603
58,1,175.0,81.9,21.0,87.0,141,45.3,10.1,32,197.0,26.74285714
62,0,154.9,42.4,17.7,85.0,126,21.2,32.0,26,141.0,17.67107707
60,1,167.4,63.2,16.4,90.0,146,38.3,11.9,31,185.0,22.55309613
36,0,156.6,55.0,26.6,80.0,124,30.1,12.5,24,149.0,22.42741266
48,1,184.4,86.1,19.8,84.0,138,42.7,13.5,48,223.0,25.3210271
27,1,181.0,83.18,16.4,79.0,137,50.3,-0.1,22,220.0,25.38994536
22,0,169.0,63.4,27.6,77.0,115,25.8,24.8,61,212.0,22.19810231
43,1,175.5,75.9,18.0,64.0,130,30.6,18.0,50,209.0,24.64265712
34,1,173.2,73.77,19.5,80.0,120,50.0,18.1,59,218.0,24.5914427
31,0,164.8,56.1,26.0,64.0,104,26.4,16.1,27,145.0,20.65610567
43,1,174.2,77.6,21.1,89.0,143,43.6,22.4,63,240.0,25.57204264
29,1,176.4,95.4,21.1,85.0,142,70.5,19.4,56,220.0,30.65852191
23,0,163.7,53.4,29.6,73.0,116,26.6,28.0,43,204.0,19.92709073
48,1,168.2,71.9,23.3,90.0,160,50.9,25.0,32,217.0,25.41422716
36,0,158.5,53.56,19.5,74.0,122,27.1,19.1,43,185.0,21.31974644
22,1,181.9,78.0,13.0,67.0,119,46.6,16.4,60,262.0,23.57377883
43,0,161.3,58.8,29.8,88.0,143,27.5,7.8,26,149.0,22.60000792
26,0,163.5,52.2,25.2,73.0,126,26.3,11.6,34,167.0,19.52697584
33,1,180.0,75.6,13.7,82.0,151,48.9,19.8,72,263.0,23.33333333
34,1,172.6,68.2,21.2,97.0,155,46.4,26.1,51,217.0,22.89300441
33,0,166.5,64.3,35.0,79.0,111,25.0,11.6,13,140.0,23.19436554
29,1,179.0,79.1,5.0,62.0,118,53.9,10.3,46,209.0,24.68711963
48,1,171.0,62.7,16.0,65.0,140,36.5,9.0,32,176.0,21.44249513
31,1,177.3,74.4,19.3,81.0,133,43.8,15.8,54,217.0,23.66766777
43,1,175.0,77.8,27.5,97.0,140,43.4,16.0,49,220.0,25.40408163
34,1,177.0,70.4,18.8,96.0,144,49.4,16.1,55,221.0,22.47119282
32,1,177.3,77.4,20.9,85.0,142,51.2,24.2,36,193.0,24.62200921
44,0,156.2,49.8,23.7,60.0,115,22.4,26.6,41,128.0,20.41114104
37,0,161.8,53.8,31.8,87.0,137,22.1,20.9,34,149.0,20.55063478
27,1,179.9,92.88,32.0,79.0,123,42.8,14.1,55,192.0,28.69854508
41,1,184.3,78.7,15.3,89.0,152,50.8,22.8,60,244.0,23.1698948
50,0,157.3,51.1,29.1,70.0,118,21.6,20.5,33,164.0,20.65206365
24,1,181.1,83.8,19.6,67.0,121,44.5,21.0,43,235.0,25.55095388
39,0,165.0,68.6,38.6,65.0,113,33.1,16.9,14,94.0,25.19742883
21,1,179.0,79.4,20.1,77.0,118,34.7,8.0,42,207.0,24.78074966
23,1,171.1,70.8,10.8,53.0,124,53.5,7.6,60,238.0,24.18428425
34,0,159.1,52.3,29.5,89.0,131,18.7,9.0,26,184.0,20.66147536
60,0,155.3,53.4,35.0,87.0,155,23.4,12.5,6,117.0,22.14105678
41,1,173.6,86.4,24.5,100.0,135,62.0,23.2,43,241.0,28.66911593
31,0,156.7,55.5,23.5,73.0,130,28.9,22.5,45,156.0,22.60242257
26,1,171.5,72.1,18.4,82.0,134,46.5,18.3,62,241.0,24.51359553
62,1,165.6,62.6,23.3,76.0,152,33.2,14.4,26,168.0,22.82725384
26,0,159.2,45.4,14.8,71.0,110,25.1,14.5,16,175.0,17.91305775
27,1,175.7,78.9,19.7,80.0,120,45.6,6.7,46,203.0,25.55838926
35,1,175.1,74.2,25.5,81.0,138,38.8,7.1,41,198.0,24.20090535
23,1,171.1,64.8,14.8,83.0,128,38.2,12.3,55,241.0,22.13476863
29,0,155.5,67.3,36.6,61.0,105,19.6,14.3,23,130.0,27.832632
50,1,174.7,65.9,17.6,86.0,147,32.9,17.6,38,212.0,21.59233475
53,1,168.9,67.4,22.1,87.0,128,39.7,21.9,52,205.0,23.62656565
21,1,173.9,66.4,12.0,85.0,152,42.1,18.8,54,260.0,21.9567934
61,1,175.5,67.6,14.7,58.0,123,30.5,4.3,25,154.0,21.9478738
21,0,165.3,58.9,25.3,76.0,135,21.6,24.8,46,200.0,21.55607012
27,1,165.8,73.8,29.1,84.0,143,35.3,6.0,39,197.0,26.84647744
28,1,173.8,79.1,19.2,98.0,159,54.3,27.1,54,230.0,26.18646885
24,0,161.9,56.1,20.9,73.0,112,28.8,24.5,56,204.0,21.40272955
23,1,174.3,72.1,14.1,91.0,145,46.5,15.4,57,237.0,23.73233611
30,1,168.5,63.5,19.0,67.0,117,49.7,18.5,55,246.0,22.36525813
39,1,180.8,85.9,23.4,94.0,142,51.4,21.1,50,221.0,26.27824223
33,0,161.9,54.1,25.9,66.0,111,22.9,17.8,44,152.0,20.63970889
28,1,180.0,84.5,19.3,75.0,135,60.7,24.8,58,263.0,26.08024691
32,1,178.6,86.4,25.4,83.0,133,51.9,17.9,41,205.0,27.08637167
21,1,175.7,65.8,15.4,74.0,125,41.1,6.5,45,223.0,21.31485441
52,1,173.4,81.2,23.9,90.0,149,39.9,-2.3,29,173.0,27.00584949
24,0,160.6,53.7,26.1,68.0,99,32.1,27.3,44,157.0,20.82011883
57,0,158.7,59.66,36.9,77.0,104,26.2,17.5,20,119.0,23.68805461
24,1,174.7,72.6,26.0,64.0,122,32.5,19.5,40,191.0,23.78761006
33,1,181.7,81.2,21.7,79.0,125,54.4,15.5,43,226.0,24.59496306
23,0,157.3,52.4,27.2,73.0,100,22.8,25.7,55,186.0,21.17745862
61,1,167.5,54.9,15.4,84.0,134,38.6,21.0,22,215.0,19.56783248
26,1,174.9,86.9,29.1,92.0,142,34.6,13.1,41,219.0,28.40796718
53,1,168.7,59.3,21.1,88.0,144,30.9,12.2,38,208.0,20.83648838
50,0,153.9,43.8,23.2,65.0,121,22.0,18.5,19,138.0,18.49255295
53,0,147.3,54.0,36.7,71.0,139,26.4,23.9,2,124.0,24.88790075
25,1,176.8,74.74,19.2,73.0,133,46.8,23.4,55,234.0,23.91049528
39,1,176.1,73.0,19.8,99.0,155,42.9,17.8,36,217.0,23.53987477
59,1,160.3,56.1,18.4,93.0,137,37.8,16.8,36,185.0,21.83211531
30,1,184.0,84.6,15.8,74.0,131,55.1,19.5,48,245.0,24.98818526
21,1,169.5,76.0,27.8,71.0,120,41.4,3.6,57,211.0,26.45295464
50,1,170.4,87.7,29.0,82.0,149,43.3,6.5,35,182.0,30.2037184
37,1,179.7,79.3,22.9,89.0,155,41.2,16.8,45,210.0,24.55709742
62,1,172.1,71.52,23.7,64.0,106,37.2,3.0,42,185.0,24.14714362
39,0,154.1,48.2,26.9,78.0,133,26.6,11.1,25,144.0,20.29746311
51,1,165.1,87.2,30.4,87.0,140,46.2,6.0,21,206.0,31.99059653
49,0,163.0,46.6,18.6,85.0,151,21.9,19.5,36,170.0,17.53923746
22,1,174.5,61.7,13.8,81.0,123,46.3,11.9,54,247.0,20.26255942
35,1,180.1,98.3,30.3,85.0,146,45.3,7.1,54,184.0,30.30582368
41,0,164.1,67.0,36.5,83.0,119,20.6,5.6,2,87.0,24.88041618
50,1,172.7,78.3,24.5,92.0,126,34.2,10.1,27,199.0,26.25288807
23,1,177.2,70.8,22.8,59.0,108,35.6,27.9,52,236.0,22.54788559
22,1,163.9,69.4,17.0,82.0,149,50.3,17.4,66,222.0,25.83458939
53,0,165.5,55.3,23.5,64.0,102,29.0,10.0,50,182.0,20.18966603
63,1,176.9,82.0,32.2,69.0,121,39.4,7.7,12,115.0,26.20343259
36,1,184.2,80.0,10.8,63.0,124,37.4,20.6,71,202.0,23.57820478
39,1,173.3,69.8,23.8,76.0,137,40.0,18.2,38,227.0,23.24118658
21,0,165.7,56.0,18.6,95.0,132,32.9,17.8,40,191.0,20.3959064
29,1,172.9,78.1,21.3,80.0,132,44.2,12.6,43,194.0,26.12528563
34,1,166.5,50.6,5.8,88.0,124,37.6,10.5,35,232.0,18.25248672
30,1,180.3,79.5,25.74659,93.0,128,48.7,7.0,44,181.0,24.45545094
22,0,158.7,50.6,27.4,56.0,106,21.4,25.0,38,170.0,20.09077377
40,1,168.0,69.0,11.0,83.0,134,45.6,18.6,61,254.0,24.44727891
52,1,171.7,73.96,28.3,81.0,129,41.9,1.2,31,184.0,25.087438
40,1,175.7,70.8,14.9,86.0,137,35.8,14.6,43,211.0,22.9345242
54,1,165.0,60.9,15.0,88.0,150,41.2,18.9,34,189.0,22.36914601
59,0,160.3,55.0,27.3,67.0,104,25.9,5.4,1,116.0,21.40403462
58,0,150.0,55.7,34.1,95.0,155,22.6,17.5,18,120.0,24.75555556
36,1,172.7,70.1,17.2,75.0,128,36.5,9.3,42,231.0,23.50354347
36,0,165.4,55.4,22.0,64.0,119,23.8,21.0,27,153.0,20.25064005
23,0,164.5,47.4,19.4,70.0,113,18.5,10.2,23,176.0,17.51646788
31,1,167.1,75.2,24.7,81.0,148,36.2,15.4,44,200.0,26.93177272
26,1,173.7,87.4,18.1,78.0,143,45.3,16.0,56,208.0,28.96755203
21,1,173.0,70.3,11.2,76.0,138,43.0,15.4,54,260.0,23.48892379
26,1,172.9,83.3,31.5,64.0,133,45.2,9.2,44,174.0,27.86474127
59,1,156.6,64.9,29.8,89.0,159,41.6,-9.7,22,145.0,26.46434694
54,1,179.2,88.1,24.4,70.0,131,49.8,-2.0,22,177.0,27.43467993
63,1,168.2,77.3,34.2,94.0,158,35.1,12.0,13,174.0,27.32294519
27,1,181.6,83.1,24.9,86.0,137,45.2,5.5,53,224.0,25.19818937
43,1,179.0,86.7,29.9,82.0,134,51.9,-10.4,49,172.0,27.05908055
21,1,168.3,60.5,16.4,66.0,122,31.0,18.7,62,226.0,21.35930625
34,1,172.4,74.4,18.6,66.0,131,46.3,22.0,39,218.0,25.03216499
25,1,164.8,67.0,16.8,84.0,130,43.0,1.1,56,187.0,24.66950231
26,1,172.8,65.3,17.0,96.0,159,51.9,10.4,48,218.0,21.86883788
31,1,177.5,79.5,23.0,90.0,148,51.2,18.4,62,208.0,25.23308867
63,1,159.3,64.6,24.9,75.0,139,34.7,8.1,23,181.0,25.45663329
54,1,178.3,76.7,22.3,77.0,122,43.9,14.7,32,185.0,24.12640854
41,1,168.7,70.0,17.3,75.0,117,30.3,18.4,47,207.0,24.59619202
55,1,170.0,73.6,20.5,64.0,127,49.3,8.2,26,163.0,25.46712803
46,1,173.3,69.3,21.9,88.0,140,44.3,15.5,45,208.0,23.07470243
30,1,180.0,78.6,26.6,98.0,145,51.4,7.1,52,181.0,24.25925926
21,1,166.9,66.7,21.0,83.0,147,55.2,17.6,65,256.0,23.94490733
56,0,155.8,83.0,44.0,95.0,154,31.5,16.4,6,142.0,34.19347078
59,1,165.5,84.7,32.1,77.0,144,42.6,-1.5,18,171.0,30.92341253
60,1,164.0,54.8,14.2,67.0,125,25.4,15.6,20,159.0,20.37477692
30,0,168.3,58.0,22.9,58.0,106,30.9,18.2,52,190.0,20.47669029
34,1,178.8,82.3,13.6,77.0,135,56.9,6.9,58,241.0,25.74333488
35,1,170.0,61.9,16.0,79.0,129,48.4,14.5,53,233.0,21.41868512
57,0,159.4,56.2,26.6,62.0,112,23.1,11.7,0,90.0,22.11870424
22,1,174.3,85.0,26.2,60.0,107,50.4,16.6,40,240.0,27.97848224
26,1,179.9,71.5,9.7,64.0,135,59.6,17.8,61,239.0,22.09244157
27,1,173.8,74.9,9.5,72.0,155,48.6,10.6,51,238.0,24.79603687
55,0,157.6,53.1,27.1,70.0,128,29.0,16.9,19,150.0,21.37873947
48,0,161.5,50.1,15.0,73.0,132,26.9,19.6,45,170.0,19.20846553
28,0,167.5,58.7,21.9,68.0,134,30.4,17.6,38,195.0,20.9222544
25,1,179.8,87.6,24.9,80.0,135,40.6,18.0,45,234.0,27.09721963
24,1,175.3,69.6,20.5,75.0,118,33.3,22.1,55,218.0,22.64881099
24,0,155.2,60.1,31.3,65.0,116,20.6,24.8,42,177.0,24.95117706
43,1,167.4,72.8,20.9,93.0,140,37.4,10.3,46,211.0,25.97888288
60,0,158.9,56.3,24.2,84.0,151,17.6,11.4,3,135.0,22.29772733
24,0,160.0,49.94,26.4,69.0,118,22.0,24.5,15,138.0,19.5078125
29,0,161.3,52.0,19.3,71.0,128,30.9,30.3,38,164.0,19.98640156
43,0,158.4,50.9,25.4,64.0,104,22.4,16.4,31,143.0,20.28651413
29,0,161.1,55.9,32.8,60.0,137,25.0,16.0,3,122.0,21.53876149
27,0,159.3,50.9,28.3,58.0,124,27.0,6.5,41,118.0,20.05793551
25,0,164.6,61.8,30.1,94.0,135,32.0,19.2,44,172.0,22.8101853
40,0,162.4,64.3,33.7,83.0,119,23.0,10.9,35,121.0,24.38029314
22,0,167.7,53.7,15.7,77.0,121,34.9,11.8,34,169.0,19.09449428
25,0,160.0,48.5,31.1,63.0,111,23.5,18.9,22,135.0,18.9453125
64,0,153.0,53.2,27.7,69.0,129,15.7,20.8,13,136.0,22.72630185
50,1,182.3,80.3,22.0,76.0,127,49.7,17.9,34,199.0,24.16251897
21,1,172.7,76.2,16.7,88.0,133,34.1,2.5,55,160.0,25.54878762
61,1,154.0,53.0,28.0,66.0,148,30.1,4.5,19,175.0,22.34778209
25,1,174.7,98.3,32.0,74.0,124,52.3,11.0,55,160.0,32.20829296
27,1,174.0,72.7,24.7,83.0,141,40.3,20.1,56,220.0,24.01241908
56,1,178.0,71.9,17.6,76.0,133,29.6,4.9,41,175.0,22.69284181
26,1,167.8,65.1,12.3,76.0,134,39.3,16.3,62,224.0,23.12049221
25,0,159.9,45.7,24.1,66.0,107,26.2,23.0,50,178.0,17.87389789
27,1,173.4,72.4,14.7,71.0,128,57.8,16.1,46,221.0,24.07910718
34,1,173.3,74.0,20.4,91.0,149,50.6,24.4,40,229.0,24.63965339
46,0,159.7,49.3,27.2,73.0,121,19.3,28.2,31,172.0,19.33023292
35,1,178.4,71.7,19.4,98.0,159,43.7,17.1,36,233.0,22.52835368
22,0,156.5,44.5,25.3,64.0,107,21.7,17.7,42,155.0,18.16901265
32,0,164.5,59.6,19.5,95.0,142,31.1,27.6,36,170.0,22.02492586
22,1,174.4,75.34,25.8,81.0,150,42.3,17.7,46,234.0,24.77037918
25,1,171.0,62.0,15.8,68.0,132,45.3,6.0,40,235.0,21.20310523
24,0,161.9,50.8,22.0,72.0,113,23.8,21.1,40,171.0,19.3807248
22,0,170.2,61.3,25.4,70.0,108,27.9,21.0,29,140.0,21.16125219
34,1,179.8,79.9,19.7,71.0,126,50.1,10.6,51,255.0,24.7153864
27,1,177.6,79.7,22.8,59.0,108,48.0,1.8,59,219.0,25.26808903
30,1,178.3,78.7,18.0,73.0,139,48.6,15.0,43,233.0,24.75551958
26,1,180.1,81.4,18.3,75.0,130,45.7,16.0,54,222.0,25.09556508
58,1,175.9,78.5,18.6,74.0,131,53.5,13.2,49,202.0,25.37102293
36,1,179.1,69.2,18.0,96.0,155,49.1,10.5,56,235.0,21.57321754
43,1,172.0,69.4,21.0,77.0,127,42.7,17.0,48,221.0,23.45862628
26,0,165.3,55.4,26.8,71.0,122,26.3,24.6,28,156.0,20.27514914
55,0,154.6,60.4,33.9,86.0,149,20.2,6.2,9,95.0,25.27074
63,1,163.7,83.7,29.3,95.0,137,44.0,9.2,29,170.0,31.23403547
43,0,165.6,60.4,27.1,80.0,124,28.7,21.4,29,166.0,22.02501809
60,0,159.3,59.6,26.22061,78.0,135,29.3,19.8,33,150.0,23.48630563
24,1,174.8,72.4,11.6,85.0,148,54.6,17.5,52,259.0,23.69494525
58,1,165.0,61.6,19.0,78.0,121,37.6,17.0,38,173.0,22.62626263
59,1,173.0,67.4,20.9,86.0,160,40.5,14.9,41,208.0,22.51996391
27,1,177.2,73.2,14.8,79.0,121,47.0,23.8,55,245.0,23.3122207
23,1,179.3,75.7,20.2,86.0,158,47.2,8.1,54,209.0,23.54698463
23,0,163.9,46.0,25.0,56.0,106,21.7,15.6,38,181.0,17.12379124
63,0,154.9,60.1,34.4,97.0,138,22.7,12.2,0,78.0,25.04791821
26,1,167.8,80.5,32.3,93.0,132,51.6,14.7,49,213.0,28.58985596
24,1,167.1,62.2,19.7,89.0,138,36.5,13.8,56,234.0,22.27601414
64,1,164.7,64.3,25.9,77.0,141,34.2,13.3,34,135.0,23.70411659
54,1,163.0,75.5,23.1,77.0,138,46.7,3.3,42,207.0,28.41657571
30,1,174.0,81.4,22.2,88.0,150,55.3,15.1,45,222.0,26.8859823
46,0,158.1,58.5,31.9,79.0,121,20.7,10.6,23,151.0,23.40410976
40,0,155.2,51.5,25.3,76.0,126,27.7,22.8,30,153.0,21.38079233
28,1,181.4,79.5,9.7,74.0,132,53.2,16.4,60,253.0,24.15975708
37,1,175.3,72.8,16.4,79.0,127,42.9,14.2,48,165.0,23.69013563
29,0,157.3,45.3,23.6,68.0,109,23.9,25.2,37,196.0,18.3079938
25,1,175.9,81.1,27.8,75.0,133,48.6,14.9,56,211.0,26.21133707
48,1,164.0,54.5,16.8,94.0,158,35.9,11.0,36,197.0,20.26323617
61,1,172.6,71.1,16.7,85.0,135,41.2,21.5,45,181.0,23.86646061
37,0,166.4,58.2,24.4,72.0,123,29.1,21.7,37,170.0,21.01920766
31,1,188.4,92.4,30.3,87.0,146,50.1,17.5,45,215.0,26.03215817
28,1,178.4,79.2,15.5,63.0,129,48.4,16.0,59,248.0,24.88487603
35,1,179.9,79.3,10.5,109.0,158,56.3,26.0,51,238.0,24.50252611
25,1,175.6,60.5,14.8,68.0,121,39.0,10.8,46,235.0,19.62033198
27,1,174.8,71.0,16.7,98.0,149,48.6,16.4,60,251.0,23.2367557
33,0,157.3,59.0,30.9,87.0,146,30.5,21.1,31,174.0,23.84484844
29,0,163.1,60.9,35.6,65.0,113,31.1,10.8,32,146.0,22.89335119
62,1,176.5,70.9,19.1,76.0,129,31.9,3.6,28,151.0,22.75919075
48,1,166.7,64.0,23.4,88.0,129,39.0,7.2,49,206.0,23.03078676
21,1,179.7,80.0,21.8,66.0,111,36.1,13.0,45,188.0,24.77386877
36,1,177.0,87.1,27.7,76.0,141,48.2,6.0,36,204.0,27.80171726
49,0,156.5,49.7,20.6,76.0,109,28.9,25.8,45,145.0,20.29213323
63,1,172.0,68.7,26.3,81.0,123,40.7,18.0,35,151.0,23.2220119
60,0,154.4,61.9,44.2,99.0,147,25.6,11.0,8,119.0,25.96546216
23,1,175.5,67.0,11.2,66.0,129,40.7,16.8,56,258.0,21.75307019
51,0,150.0,62.3,34.4,87.0,132,20.5,12.9,2,80.0,27.68888889
27,1,170.5,66.6,12.4,84.0,136,42.2,28.6,52,261.0,22.91001969
48,1,181.4,100.1,26.0,99.0,153,46.5,-6.8,28,214.0,30.42002118
43,0,167.5,51.4,18.3,72.0,132,28.2,21.8,43,172.0,18.32033861
39,1,182.6,78.7,22.2,82.0,122,52.6,-10.0,29,210.0,23.60332498
39,1,165.7,69.6,13.4,88.0,140,53.3,19.2,41,206.0,25.34919795
60,1,172.4,80.2,25.7,71.0,137,41.6,7.7,30,169.0,26.9835972
64,0,150.8,43.9,20.8,82.0,130,21.0,27.2,39,142.0,19.30464578
57,0,157.3,52.5,28.8,87.0,142,21.6,23.4,22,148.0,21.21787361
28,1,168.3,64.9,18.0,60.0,106,43.9,11.7,25,224.0,22.91271034
27,1,168.0,70.8,12.5,70.0,120,59.4,17.8,70,269.0,25.08503401
23,0,161.6,53.7,22.5,71.0,115,29.1,22.4,46,183.0,20.56324135
57,1,161.9,61.58,26.9,75.0,124,34.1,12.3,39,186.0,23.49340617
54,1,172.0,69.2,18.9,93.0,143,36.7,19.5,43,183.0,23.39102217
57,0,153.1,52.78,22.6,81.0,139,25.8,21.8,32,129.0,22.5174395
24,0,164.8,52.0,22.1,63.0,101,26.2,24.7,42,153.0,19.1464794
60,0,148.4,50.1,28.1,78.0,116,27.2,32.6,13,130.0,22.7493988
26,0,159.6,47.2,22.5,71.0,108,24.0,-6.0,8,142.0,18.53003436
60,0,159.9,62.7,35.9,83.0,134,23.3,8.9,5,78.0,24.52283146
39,1,173.1,69.4,23.6,82.0,137,49.7,9.5,40,215.0,23.16142815
40,1,169.8,84.1,25.0,93.0,132,57.9,19.8,40,220.0,29.16893844
31,1,176.4,72.8,13.4,76.0,112,45.9,17.1,61,235.0,23.39560163
21,0,167.7,61.1,28.3,58.0,109,23.5,22.9,21,172.0,21.72576537
42,1,185.3,89.6,20.2,74.0,148,51.3,19.2,45,210.0,26.09499218
50,1,175.0,76.9,24.9,88.0,138,42.5,13.0,36,198.0,25.11020408
64,0,153.5,55.0,26.3,81.0,139,23.3,12.3,19,125.0,23.34242273
25,1,179.7,79.0,14.8,98.0,149,53.9,17.2,58,220.0,24.46419541
21,1,173.7,63.2,9.3,79.0,139,40.3,13.1,57,244.0,20.9467882
36,0,152.4,47.4,29.3,63.0,106,18.4,5.9,12,142.0,20.40837415
28,1,177.9,59.7,13.1,90.0,143,40.9,23.0,70,247.0,18.86350689
32,1,175.0,65.5,17.9,94.0,129,42.2,18.3,52,245.0,21.3877551
32,1,170.5,74.6,24.8,95.0,159,54.1,10.6,50,192.0,25.66197401
21,1,157.5,45.5,11.2,80.0,133,31.1,4.6,41,216.0,18.34215168
27,1,172.6,72.3,12.4,89.0,138,50.2,8.3,42,180.0,24.26927007
24,1,170.4,85.5,30.8,85.0,134,39.8,7.2,55,184.0,29.44604245
34,1,173.4,85.6,28.8,83.0,123,34.1,-0.8,37,157.0,28.46922065
27,1,175.2,71.1,20.0,72.0,125,44.5,7.9,54,239.0,23.16335147
60,1,166.9,62.6,21.2,97.0,133,12.2,16.2,29,209.0,22.47303146
64,0,148.6,66.46,41.7,80.0,120,16.2,0.9,8,144.0,30.09696603
40,0,154.9,48.8,24.9,68.0,103,21.4,15.3,31,158.0,20.33840946
22,0,160.3,58.84,33.7,74.0,112,27.1,4.7,44,152.0,22.8984254
22,1,182.3,78.4,15.0,69.0,125,45.4,2.7,57,209.0,23.59080308
25,1,171.5,73.18,11.4,56.0,111,46.4,12.9,47,228.0,24.88078947
37,0,157.3,61.1,33.4,69.0,118,24.7,19.9,25,131.0,24.69356339
28,0,154.3,45.0,29.3,75.0,124,21.3,18.5,26,146.0,18.90082067
58,1,165.0,70.8,35.0,80.0,123,31.5,17.5,14,162.0,26.00550964
33,1,166.7,62.9,15.4,75.0,125,35.7,26.0,48,225.0,22.63494512
41,0,162.5,54.8,27.7,58.0,96,25.1,22.0,34,126.0,20.75266272
37,1,162.5,57.7,12.8,81.0,122,38.6,15.5,59,221.0,21.85088757
37,1,170.0,73.1,14.9,79.0,144,55.1,14.8,66,249.0,25.29411765
33,1,169.1,66.1,18.6,65.0,123,43.4,10.3,48,235.0,23.11608295
63,1,160.0,70.3,33.6,80.0,145,38.3,6.9,16,158.0,27.4609375
61,1,168.8,68.4,22.4,85.0,155,38.7,12.0,34,167.0,24.00552548
58,0,164.1,72.3,30.4,96.0,152,28.9,14.1,19,122.0,26.8485685
49,0,161.2,60.3,28.0,68.0,117,33.5,15.0,36,164.0,23.20530266
22,1,174.6,92.2,20.9,98.0,159,49.5,10.5,59,245.0,30.24422375
49,0,158.1,49.2,22.3,81.0,131,22.8,20.8,33,175.0,19.68345641
57,0,151.3,60.0,39.9,60.0,122,23.9,16.2,8,155.0,26.21038464
23,0,173.0,80.7,34.8,91.0,130,35.8,20.7,35,192.0,26.96381436
51,1,164.5,72.6,23.6,98.0,157,41.2,21.6,42,195.0,26.82902043
53,1,170.0,75.1,22.4,99.0,142,42.8,7.4,29,181.0,25.98615917
21,0,156.2,52.3,25.7,65.0,129,26.6,19.3,46,208.0,21.43579671
28,1,170.3,52.5,16.8,95.0,134,30.1,16.5,25,185.0,18.10214367
33,1,172.8,78.8,19.3,87.0,146,59.8,19.7,59,228.0,26.38996056
39,1,169.4,74.3,17.8,75.0,135,47.9,16.9,57,234.0,25.89178558
62,0,159.8,57.9,27.7,71.0,153,25.4,21.5,43,147.0,22.67383666
58,1,171.6,71.5,21.5,76.0,140,38.7,18.0,21,198.0,24.28127428
26,1,179.0,81.72,24.4,80.0,131,42.9,10.0,42,189.0,25.50482195
51,1,175.0,75.2,22.6,83.0,148,39.7,11.0,26,198.0,24.55510204
64,0,158.0,61.9,34.2,68.0,123,24.5,23.5,38,126.0,24.79570582
56,1,161.2,60.1,21.0,91.0,145,33.6,14.0,34,190.0,23.12833648
31,1,183.8,84.9,22.9,90.0,123,57.7,15.5,50,221.0,25.13139963
61,0,167.4,60.0,30.3,89.0,149,24.0,21.7,18,148.0,21.41116721
34,1,169.5,70.9,18.1,96.0,125,55.0,16.4,48,244.0,24.67782216
27,0,165.8,66.0,28.0,68.0,105,26.7,30.4,50,188.0,24.00904486
64,0,148.2,50.7,33.7,86.0,149,22.6,26.7,26,124.0,23.08402585
36,1,180.0,98.9,38.0,91.0,141,45.7,8.0,34,204.0,30.52469136
52,0,167.1,48.0,14.2,62.0,99,20.4,22.8,26,146.0,17.19049323
29,0,165.2,53.0,20.1,62.0,102,27.1,20.9,45,153.0,19.42029325
28,1,178.4,70.6,14.4,84.0,129,45.3,10.4,45,226.0,22.1827304
39,1,176.8,86.0,24.5,90.0,132,47.9,0.6,34,218.0,27.51274544
39,0,165.5,72.5,38.4,93.0,133,26.8,5.8,12,134.0,26.46927283
32,1,177.8,72.5,18.7,72.0,125,51.8,17.7,55,239.0,22.93371934
52,0,164.1,63.1,30.9,68.0,110,19.8,1.6,13,144.0,23.43215315
31,1,169.2,65.1,15.9,84.0,151,49.8,22.4,40,226.0,22.73946649
21,1,171.9,61.4,17.6,99.0,131,32.1,8.3,44,194.0,20.77861603
38,1,163.7,72.8,23.9,86.0,146,43.1,-10.7,32,205.0,27.1665207
48,0,157.7,59.44,36.5,70.0,131,29.9,14.9,20,161.0,23.9009638
50,0,158.5,66.7,30.5,87.0,158,24.7,14.8,15,142.0,26.55016967
40,1,182.9,77.9,14.4,78.0,131,46.4,20.3,49,233.0,23.28681252
24,1,177.7,82.04,25.8,99.0,152,42.8,10.3,42,195.0,25.98069689
46,1,170.1,55.8,11.1,83.0,132,42.2,17.5,57,208.0,19.28526326
24,1,177.1,70.4,13.5,54.0,121,42.7,11.3,42,203.0,22.44582315
42,1,181.1,95.2,26.9,84.0,154,41.7,-3.0,35,203.0,29.0268593
28,0,171.5,64.0,18.5,85.0,135,31.4,18.5,36,198.0,21.75964097
59,0,165.0,63.7,31.4,77.0,120,20.8,25.5,30,120.0,23.39761249
25,1,176.2,72.1,9.9,69.0,128,50.1,18.6,54,249.0,23.22327455
32,0,171.0,67.8,28.3,79.0,107,33.4,23.4,44,152.0,23.18662152
52,0,156.2,64.5,32.6,90.0,139,30.6,22.8,25,143.0,26.43611641
56,0,163.2,55.3,20.2,80.0,159,25.3,22.5,18,154.0,20.7627475
37,1,179.5,84.6,20.9,97.0,151,59.1,13.7,43,227.0,26.25677951
26,1,178.6,73.94,11.7,92.0,151,43.9,22.8,59,246.0,23.18016575
46,1,176.8,80.9,22.7,82.0,141,50.1,22.1,45,206.0,25.88117565
22,1,180.7,81.5,13.9,89.0,149,45.1,11.6,62,247.0,24.95981164
39,1,175.0,81.5,22.3,88.0,137,37.3,2.0,33,214.0,26.6122449
35,1,170.9,64.5,24.1,72.0,115,44.1,5.8,50,190.0,22.08389071
36,1,168.3,64.5,15.6,65.0,103,46.8,20.5,47,226.0,22.77149179
34,0,165.5,49.1,22.3,84.0,113,29.0,16.1,49,177.0,17.92608684
34,0,163.8,57.5,31.2,57.0,93,21.8,3.3,17,120.0,21.43088224
51,0,160.3,56.4,28.4,83.0,119,21.1,22.5,38,134.0,21.94886459
46,1,173.0,68.3,21.1,87.0,120,45.2,4.7,46,211.0,22.8206756
22,1,169.3,62.3,17.2,70.0,116,40.9,3.7,42,217.0,21.73572498
64,0,163.0,65.0,30.67352,76.0,121,34.9,17.5,13,155.0,24.4646016
50,0,166.7,62.6,31.0,61.0,101,23.1,15.0,20,52.0,22.5269883
26,1,162.2,76.7,31.6,83.0,121,37.0,3.2,29,214.0,29.15369891
26,1,174.2,70.3,24.7,107.0,149,36.7,23.1,39,215.0,23.16642523
27,1,178.2,82.1,16.2,75.0,120,49.3,16.5,55,229.0,25.85400079
33,1,168.3,71.1,15.0,85.0,120,43.1,21.0,57,219.0,25.10159792
25,0,154.5,49.7,28.2,80.0,125,26.5,26.9,34,163.0,20.8208963
24,0,159.2,55.9,28.2,73.0,123,27.1,26.4,48,188.0,22.05594556
36,1,169.6,68.1,23.8,78.0,117,45.9,15.6,22,224.0,23.67529592
22,0,160.4,56.0,25.9,70.0,108,33.2,24.5,64,195.0,21.76603379
35,1,175.9,83.8,22.0,97.0,128,44.8,12.2,54,206.0,27.08397098
36,1,174.8,77.5,23.1,87.0,131,35.6,6.8,29,210.0,25.36406432
34,1,167.1,62.9,19.2,82.0,132,37.7,5.3,36,221.0,22.52670883
64,0,152.2,55.1,34.1,64.0,109,17.8,18.1,25,115.0,23.78604817
21,1,173.9,74.08,23.5,80.0,130,32.7,20.6,43,222.0,24.49637432
61,1,162.5,72.7,27.8,87.0,148,41.9,18.3,31,169.0,27.53136095
48,0,161.5,60.6,26.3,82.0,118,29.9,20.2,32,156.0,23.23419184
21,1,181.0,75.3,12.9,80.0,120,45.5,18.1,57,238.0,22.98464638
24,0,165.7,60.5,22.6,77.0,117,22.8,14.2,39,140.0,22.03486316
38,1,172.2,72.9,11.9,68.0,132,54.2,24.1,68,237.0,24.58449174
29,0,161.6,56.1,28.2,81.0,140,30.5,13.3,40,181.0,21.4822689
30,1,183.1,85.9,21.2,72.0,118,59.0,17.1,57,257.0,25.62220344
39,0,153.0,53.6,29.1,74.0,112,24.0,22.4,19,143.0,22.8971763
24,0,169.3,60.9,18.2,83.0,112,31.6,18.2,39,183.0,21.24728173
25,1,172.6,63.9,16.4,82.0,135,44.1,17.7,51,255.0,21.44960384
43,1,175.1,74.4,18.8,85.0,127,41.2,10.2,42,224.0,24.2661369
31,1,181.3,110.0,32.6,79.0,149,50.9,21.0,44,211.0,33.46548142
62,1,167.6,67.8,23.7,96.0,158,41.4,7.8,38,172.0,24.13690968
64,1,177.2,88.2,32.3,99.0,160,50.6,-7.2,19,153.0,28.0893151
23,0,160.5,60.1,26.7,66.0,100,30.0,26.9,58,158.0,23.33051892
62,1,168.8,73.9,20.8,87.0,163,46.5,16.6,34,228.0,25.93579434
46,0,167.0,57.0,21.8,72.0,102,28.3,6.5,27,171.0,20.43816558
29,1,177.9,85.7,26.9,94.0,158,47.4,17.2,44,219.0,27.07876952
62,0,151.3,62.3,37.2,94.0,155,26.6,20.8,21,103.0,27.21511605
28,1,178.7,81.9,26.9,65.0,124,47.0,0.1,26,216.0,25.64689518
60,1,166.5,60.9,22.5,103.0,140,37.3,17.4,42,205.0,21.96791386
24,1,168.9,60.8,6.5,66.0,119,44.1,24.2,55,235.0,21.31298504
45,1,177.1,75.8,22.5,84.0,145,45.2,19.4,39,194.0,24.16751981
53,0,157.1,47.5,34.4,85.0,130,22.3,23.8,23,139.0,19.2460336
30,1,168.4,56.5,15.2,68.0,119,34.6,8.3,57,232.0,19.92343758
31,0,165.4,62.9,23.1,64.0,104,30.5,24.7,56,179.0,22.99215269
21,1,187.9,114.8,24.5,74.0,132,49.5,9.1,41,182.0,32.51534211
28,0,167.2,71.1,32.3,72.0,136,26.3,20.1,42,128.0,25.43296857
23,1,168.0,64.1,16.9,69.0,123,41.0,20.4,67,250.0,22.7111678
26,1,176.4,68.6,21.4,95.0,130,40.0,6.8,46,245.0,22.04585538
59,0,159.1,64.5,35.5,63.0,123,27.6,23.1,22,116.0,25.48116942
31,1,178.2,87.8,33.2,93.0,156,26.7,18.4,24,123.0,27.64898014
39,1,170.8,82.5,28.8,70.0,119,38.4,-3.5,32,182.0,28.27992256
62,1,167.0,71.1,32.8,87.0,143,37.8,19.0,30,171.0,25.49392233
37,0,152.2,49.2,24.92761,86.0,112,18.3,1.7,31,133.0,21.23908475
62,0,158.7,56.0,31.8,96.0,145,26.6,26.0,18,145.0,22.23484844
48,0,158.1,62.3,34.0,95.0,149,27.0,26.5,40,163.0,24.92437672
64,0,164.0,60.9,25.4,78.0,121,19.4,28.3,25,158.0,22.64277216
24,1,181.3,69.2,9.0,89.0,148,51.8,19.6,43,224.0,21.05283013
39,0,153.2,47.5,23.0,64.0,105,21.9,24.5,36,180.0,20.23839552
46,0,166.0,60.3,32.2,73.0,126,16.8,-1.5,29,144.0,21.88271157
41,1,170.7,74.7,20.0,84.0,135,38.0,17.9,51,226.0,25.6361946
22,1,173.7,64.9,14.9,75.0,135,45.5,7.4,36,238.0,21.51023029
33,1,169.9,72.1,24.6,71.0,133,37.4,10.5,47,194.0,24.97747351
38,0,154.2,46.3,19.3,61.0,100,20.2,16.5,32,120.0,19.47207545
39,1,169.2,84.6,35.9,74.0,102,37.1,13.9,34,165.0,29.55082742
33,1,174.0,67.7,19.5,97.0,119,50.1,21.5,67,255.0,22.36094596
36,1,182.4,86.3,21.5,92.0,152,37.1,4.9,34,221.0,25.93947176
35,0,161.2,54.6,31.5,72.0,111,29.9,26.1,34,199.0,21.01176659
31,1,175.4,70.9,19.3,80.0,132,47.3,18.0,52,188.0,23.04554893
30,1,168.5,70.2,21.2,85.0,138,39.8,5.1,50,218.0,24.72505701
64,1,174.9,73.2,17.6,86.0,152,51.6,20.0,36,211.0,23.92938087
35,1,169.8,71.6,22.2,73.0,132,51.0,2.7,28,212.0,24.83348386
22,1,177.1,71.4,18.1,79.0,138,51.0,11.6,57,158.0,22.76465586
59,0,158.5,56.2,28.34,67.0,121,31.8,19.8,31,137.0,22.37060773
60,1,177.6,69.3,28.3,81.0,159,38.8,11.3,29,146.0,21.9708729
43,0,157.0,54.0,23.2,70.0,114,21.6,14.5,39,140.0,21.90758246
25,0,162.3,57.8,24.8,71.0,115,27.0,20.0,32,146.0,21.94273705
31,1,174.6,72.0,15.7,60.0,106,46.6,21.9,40,219.0,23.61804891
39,1,171.2,69.9,20.7,81.0,147,40.5,18.2,49,208.0,23.84897153
28,1,175.2,79.0,23.2,73.0,128,42.9,20.2,52,200.0,25.73705719
27,1,178.8,72.8,16.8,60.0,120,45.7,9.9,55,170.0,22.77174702
28,1,182.6,71.7,10.2,72.0,133,43.3,18.1,62,269.0,21.50391869
35,1,163.4,72.3,25.4,67.0,125,42.8,12.7,48,237.0,27.07909793
57,1,164.6,64.2,25.0,86.0,124,42.9,16.4,39,192.0,23.69601774
46,0,164.1,49.1,30.5,59.0,117,21.2,4.3,16,150.0,18.23326021
58,0,154.9,58.66,35.7,65.0,112,23.1,25.2,0,86.0,24.44776842
46,1,168.3,60.6,20.3,80.0,127,42.5,6.6,43,189.0,21.39461089
45,1,174.8,77.1,29.1,98.0,154,35.6,-7.4,29,177.0,25.23315302
23,0,158.2,54.1,35.5,81.0,126,21.4,19.7,40,162.0,21.61644672
41,1,167.8,69.6,17.5,86.0,131,49.0,22.8,64,213.0,24.71868292
27,1,165.4,65.0,24.5,82.0,123,36.5,10.2,46,179.0,23.75977623
33,1,165.7,78.5,23.1,73.0,133,53.2,9.9,45,213.0,28.59069022
24,0,160.0,57.2,44.0,75.0,118,20.1,11.7,22,115.0,22.34375
30,1,184.0,87.0,19.6,82.0,126,57.0,17.5,52,252.0,25.69706994
36,1,169.0,59.2,15.8,91.0,151,42.1,23.5,60,230.0,20.72756556
21,0,163.0,60.0,33.2,92.0,147,26.2,20.3,33,180.0,22.58270917
29,0,158.0,50.28,24.1,68.0,113,27.7,20.5,46,158.0,20.14100304
29,1,171.8,72.0,22.8,75.0,120,39.7,-8.4,35,210.0,24.39417738
25,1,170.0,82.8,31.9,81.0,121,46.8,5.4,35,190.0,28.65051903
25,0,162.1,73.6,36.7,85.0,131,34.8,14.0,41,168.0,28.0099146
29,0,165.8,57.9,26.3,78.0,117,31.3,24.8,52,203.0,21.06248027
28,1,175.5,76.4,24.5,79.0,129,41.4,6.9,56,203.0,24.80499347
41,1,178.4,76.8,15.3,82.0,142,50.9,21.5,54,236.0,24.13078888
38,1,171.6,66.3,20.5,92.0,153,46.0,26.2,46,204.0,22.51536342
33,1,166.7,66.9,25.1,94.0,126,39.2,-12.4,40,220.0,24.07436929
48,1,166.9,69.5,26.8,95.0,148,40.0,11.9,43,189.0,24.95009084
48,0,154.5,50.7,29.2,66.0,93,24.2,12.4,20,138.0,21.23982782
26,1,170.3,72.3,14.8,78.0,130,55.9,3.6,43,229.0,24.92923786
26,1,176.0,80.5,12.0,73.0,135,48.7,20.2,61,245.0,25.98786157
24,1,174.9,70.52,9.5,73.0,120,42.2,13.9,59,229.0,23.05327785
30,1,180.0,81.5,18.3,73.0,122,49.8,14.1,55,236.0,25.15432099
29,1,170.9,63.0,14.5,83.0,123,44.0,18.8,40,227.0,21.57031186
43,0,164.4,56.6,22.2,71.0,114,30.9,22.8,43,162.0,20.941742
26,1,168.8,74.8,24.5,80.0,120,37.6,7.2,50,192.0,26.25165652
58,0,157.9,67.9,41.8,95.0,159,23.9,18.8,13,99.0,27.23362884
60,1,165.4,62.5,19.8,84.0,142,34.2,0.1,29,200.0,22.84593869
37,1,183.2,74.0,15.0,84.0,136,49.5,21.5,52,222.0,22.04858794
53,0,162.3,57.0,33.7,75.0,127,27.0,21.5,13,160.0,21.63903135
35,1,171.9,73.2,24.6,69.0,129,51.0,17.6,52,205.0,24.77190054
38,0,159.6,49.5,27.6,51.0,106,20.7,17.5,25,125.0,19.43298095
22,1,174.4,69.3,18.0,73.0,131,33.9,16.7,55,242.0,22.78454044
26,0,163.5,50.3,28.7,75.0,107,16.7,3.7,25,147.0,18.81622385
25,1,173.7,83.86,17.9,86.0,142,58.2,20.5,55,257.0,27.79426674
55,0,165.2,70.98,28.7,83.0,142,21.6,24.5,27,87.0,26.00853613
58,0,155.4,60.14,31.3,80.0,136,26.3,12.5,17,129.0,24.90355772
47,1,161.8,58.92,17.7,77.0,138,34.8,6.7,53,194.0,22.50638292
30,1,173.7,76.8,15.2,79.0,120,50.6,11.3,51,249.0,25.4543249
63,0,159.3,60.9,31.6,76.0,131,23.4,13.4,19,104.0,23.99859082
43,1,169.7,64.7,15.7,70.0,131,41.8,10.9,38,206.0,22.46676776
63,1,169.3,69.1,16.9,83.0,121,41.9,16.0,37,190.0,24.10816367
23,0,165.9,66.7,36.0,59.0,110,20.2,15.1,22,124.0,24.23444408
33,0,161.0,54.3,27.3,68.0,112,34.6,27.6,50,167.0,20.94826588
25,1,172.6,69.8,21.0,85.0,126,38.8,14.2,56,235.0,23.43008369
22,0,158.4,63.2,35.8,72.0,113,21.0,6.5,33,159.0,25.18875625
37,1,179.9,77.4,19.9,71.0,114,48.7,12.5,55,210.0,23.91545423
51,0,154.9,63.7,29.7,90.0,154,19.1,20.6,38,118.0,26.54829268
23,1,178.8,80.8,20.5,83.0,153,47.7,13.9,42,222.0,25.2741368
60,1,168.3,66.2,18.2,78.0,130,34.1,22.6,37,165.0,23.37167064
56,0,154.0,61.9,33.5,70.0,123,22.2,17.2,14,145.0,26.10052285
34,1,169.7,59.8,7.7,78.0,130,45.5,11.6,54,239.0,20.76526603
60,1,172.8,70.18,23.6,82.0,140,40.7,17.2,45,186.0,23.50314
53,1,185.6,92.1,22.8,86.0,135,50.7,11.3,39,210.0,26.73644657
61,1,170.3,67.1,23.1,91.0,152,32.6,14.9,34,177.0,23.13626363
31,1,172.0,66.3,19.7,77.0,112,42.0,16.3,53,230.0,22.41076257
62,0,153.6,55.1,26.7,81.0,132,17.0,23.6,28,143.0,23.35442437
22,1,166.9,52.5,17.2,95.0,123,33.4,4.5,47,237.0,18.84719092
57,0,159.3,55.6,31.1,64.0,115,23.0,4.8,15,139.0,21.91004351
57,0,163.8,61.1,31.9,69.0,118,19.2,12.8,7,138.0,22.77264182
30,1,182.9,80.6,17.3,87.0,144,50.7,16.8,50,226.0,24.09392926
51,1,173.8,64.6,15.8,82.0,135,31.4,12.8,53,220.0,21.38616798
59,1,177.5,73.9,21.9,71.0,128,45.4,15.8,33,200.0,23.45566356
28,0,172.8,64.6,25.2,71.0,131,31.4,15.1,52,211.0,21.63440929
31,1,175.9,76.8,21.3,75.0,124,46.7,-6.1,35,193.0,24.82158677
25,1,163.1,64.4,11.7,85.0,155,41.1,23.7,60,260.0,24.20906103
42,1,176.8,76.7,26.1,79.0,121,47.7,-3.4,26,174.0,24.53752994
37,1,169.1,81.6,32.5,95.0,159,38.1,-6.3,38,161.0,28.53664703
34,1,173.6,72.3,19.8,78.0,138,52.0,16.2,40,208.0,23.99047548
36,0,158.7,60.9,31.0,70.0,103,27.1,27.9,27,154.0,24.18039768
31,1,176.8,79.6,23.1,78.0,131,50.8,12.1,50,203.0,25.46528531
31,1,173.2,71.7,19.9,84.0,137,44.1,13.7,33,230.0,23.90140222
34,1,169.8,75.0,22.2,76.0,130,52.6,21.9,43,216.0,26.01272751
53,0,162.7,64.2,33.0,78.0,125,26.5,13.0,23,140.0,24.25269037
32,1,189.1,117.4,37.1,91.0,131,48.3,-3.0,25,179.0,32.83107016
62,0,150.4,50.9,38.6,70.0,137,18.0,16.2,16,85.0,22.50205127
21,1,168.4,66.7,22.9,70.0,119,27.5,-6.4,36,213.0,23.52023516
55,1,169.7,64.4,17.6,89.0,142,34.3,25.3,51,216.0,22.36259419
58,1,174.9,79.2,20.8,98.0,141,53.0,11.5,53,212.0,25.89080553
58,1,178.0,72.8,24.3,62.0,129,39.0,23.5,30,168.0,22.97689686
35,0,156.4,48.5,18.2,77.0,129,29.7,28.6,38,168.0,19.8275129
39,0,165.0,52.8,19.1,58.0,102,32.7,18.6,40,148.0,19.39393939
43,0,161.0,65.8,38.2,95.0,141,27.2,18.0,36,100.0,25.38482312
59,0,155.9,62.7,30.2,76.0,143,36.8,29.1,25,122.0,25.79736274
34,1,170.8,80.2,33.2,91.0,124,33.7,7.8,38,185.0,27.4915126
28,0,161.1,49.96,23.5,78.0,125,21.5,28.5,37,161.0,19.25002726
23,0,155.2,53.5,34.8,59.0,115,31.8,16.5,46,180.0,22.21111436
34,1,171.2,85.0,25.7,92.0,148,54.3,14.9,50,226.0,29.00089527
45,0,155.5,62.1,28.2,72.0,129,24.7,23.2,28,165.0,25.6821166
25,0,158.7,47.9,18.5,52.0,105,28.5,23.8,48,178.0,19.01873643
28,1,178.4,83.3,11.6,80.0,141,52.0,8.7,46,229.0,26.17310825
46,1,176.5,70.0,16.1,99.0,158,44.4,16.5,45,224.0,22.47028706
57,1,163.2,61.2,26.4,92.0,143,35.7,9.5,31,173.0,22.97794118
21,1,162.5,53.3,17.1,72.0,114,34.8,28.8,39,232.0,20.18461538
48,1,174.1,80.1,19.6,99.0,134,49.4,19.4,48,204.0,26.4262156
27,1,175.5,63.3,12.0,80.0,128,45.5,26.2,50,230.0,20.55178124
50,1,177.8,86.3,26.3,85.0,136,54.1,11.3,27,205.0,27.29903419
24,0,177.3,63.3,25.3,83.0,149,26.8,22.8,36,176.0,20.13660443
31,0,166.9,64.1,30.5,77.0,133,27.5,21.5,37,150.0,23.01152263
50,0,152.4,61.1,35.8,59.0,101,24.8,15.1,0,83.0,26.30699706
32,1,184.7,85.6,16.0,76.0,153,55.1,26.1,50,237.0,25.09227126
64,0,150.6,57.8,45.6,92.0,153,18.0,14.5,0,96.0,25.4846043
40,1,178.9,76.9,19.5,68.0,119,43.0,16.2,49,232.0,24.02733805
21,1,175.4,66.12,16.3,83.0,114,42.0,18.6,59,214.0,21.49184337
22,0,156.9,49.2,21.1,78.0,106,24.5,29.5,40,165.0,19.98569317
26,1,172.5,63.2,17.5,96.0,152,35.1,19.9,57,243.0,21.23923545
40,1,166.8,59.54,15.3,95.0,130,45.7,15.5,38,219.0,21.40014607
24,1,170.1,71.8,18.6,83.0,125,51.4,15.0,59,252.0,24.81508785
27,1,148.0,66.3,10.7,84.0,122,43.5,22.0,56,250.0,30.26844412
21,1,173.6,84.3,24.9,76.0,135,48.1,23.6,60,250.0,27.97229714
23,1,172.6,64.3,16.9,68.0,131,41.1,13.4,47,220.0,21.58387366
61,0,162.6,65.4,32.0,89.0,140,21.9,24.9,19,106.0,24.73640973
39,1,167.1,65.1,15.5,87.0,135,34.9,14.3,34,214.0,23.31460644
48,0,162.6,62.1,17.8,98.0,152,37.1,25.8,34,161.0,23.48824226
53,0,153.7,47.86,29.9,61.0,104,16.3,18.3,23,130.0,20.25932443
26,1,184.5,80.6,18.7,88.0,151,41.9,11.1,52,217.0,23.67785195
28,0,162.1,52.9,22.7,75.0,130,31.4,25.5,41,160.0,20.13212612
25,0,163.5,66.62,30.1,83.0,128,26.4,17.9,41,162.0,24.9212094
51,0,158.0,53.2,24.8,75.0,122,25.8,19.2,22,142.0,21.31068739
42,1,174.7,76.2,20.5,77.0,113,43.4,23.4,34,239.0,24.96716097
38,0,163.6,54.0,19.9,73.0,124,26.0,24.3,47,160.0,20.17563262
23,0,164.0,72.9,40.4,80.0,117,24.6,21.3,32,146.0,27.10440214
60,1,179.9,81.3,24.6,76.0,135,45.6,9.8,35,196.0,25.1204965
23,1,181.2,83.6,23.1,81.0,129,46.2,18.8,62,221.0,25.46184622
27,0,170.8,67.2,19.6,76.0,120,33.1,2.2,53,168.0,23.03528237
26,1,162.6,81.1,33.1,77.0,116,41.1,10.7,53,194.0,30.67466099
21,1,166.5,63.0,13.5,76.0,121,36.7,13.4,50,246.0,22.72542813
51,1,176.8,77.8,21.1,87.0,137,47.3,15.4,43,188.0,24.88943715
28,1,168.4,68.9,16.9,84.0,148,42.7,20.3,64,229.0,24.29601503
36,1,184.0,87.7,16.1,70.0,140,52.5,22.3,63,253.0,25.90382798
34,1,171.2,88.5,27.4,81.0,149,51.1,7.4,51,210.0,30.19504979
29,1,174.3,84.12,26.5,94.0,145,32.3,-4.4,42,156.0,27.68882266
63,0,157.6,58.2,29.2,76.0,121,22.9,17.9,27,126.0,23.43206473
34,1,176.0,67.92,14.6,78.0,123,45.2,13.8,50,233.0,21.92665289
24,0,153.8,59.4,29.9,71.0,111,28.4,25.9,46,187.0,25.11156468
55,1,171.3,82.34,26.3,85.0,151,45.1,11.0,30,189.0,28.06054726
29,1,168.1,74.3,22.7,85.0,143,45.5,11.2,53,233.0,26.29380192
39,1,175.7,72.2,23.2,84.0,127,42.2,14.9,51,235.0,23.38803174
40,1,166.9,71.2,22.1,91.0,145,41.5,13.9,38,187.0,25.56038084
57,1,167.6,75.8,21.1,89.0,152,40.5,27.2,40,178.0,26.98492262
35,1,178.3,102.9,30.5,80.0,122,65.5,7.6,46,202.0,32.36776322
53,0,153.9,53.0,34.2,96.0,156,22.3,14.9,20,148.0,22.37683348
50,0,158.1,53.0,26.4,84.0,133,24.5,19.5,45,154.0,21.20372337
37,1,170.6,68.8,26.3,87.0,142,32.8,1.5,47,194.0,23.63906989
24,0,160.2,52.7,19.1,56.0,98,28.8,13.2,51,181.0,20.53456899
25,1,180.5,74.8,13.4,86.0,146,44.0,11.1,35,200.0,22.9586943
28,1,175.5,68.4,20.2,70.0,120,35.5,13.6,50,214.0,22.20761195
28,0,168.3,55.3,19.7,75.0,123,27.2,24.6,36,182.0,19.52346505
50,0,162.4,55.7,28.9,90.0,149,27.2,20.3,36,167.0,21.11947633
58,0,165.4,65.6,35.4,92.0,147,30.6,20.1,22,120.0,23.97909725
34,1,180.1,82.6,18.33787,88.0,150,56.0,12.5,48,218.0,25.46552427
30,0,170.4,61.1,21.9,63.0,97,29.3,12.6,33,166.0,21.04272741
27,0,166.5,58.5,19.7,79.0,125,31.4,22.0,32,150.0,21.10218326
36,0,155.4,49.9,24.17116,73.0,117,27.5,20.8,32,159.0,20.6632446
51,1,171.5,68.8,24.3,68.0,103,29.5,-2.0,20,175.0,23.39161404
55,1,167.0,80.4,28.5,85.0,137,34.1,-5.8,25,178.0,28.8285704
23,0,155.9,47.6,24.2,80.0,112,22.5,22.1,34,183.0,19.58460074
28,1,176.4,66.6,9.5,66.0,112,44.7,18.8,61,262.0,21.40311907
33,0,159.5,48.7,19.1,61.0,100,28.0,10.0,41,191.0,19.14289364
41,1,172.9,72.4,21.0,79.0,138,48.0,-8.3,51,215.0,24.21857464
47,0,165.9,58.8,23.9,73.0,119,24.2,25.3,30,160.0,21.36409763
36,1,179.6,81.1,15.9,80.0,131,51.2,6.8,46,216.0,25.14248441
28,0,162.5,60.8,30.8,75.0,106,25.6,22.2,42,172.0,23.02485207
29,1,160.8,49.7,11.2,58.0,100,36.8,-2.0,51,220.0,19.22136828
54,1,162.9,73.4,23.6,98.0,159,49.0,12.0,28,188.0,27.66010926
51,0,152.1,53.9,37.0,61.0,104,23.7,11.3,9,152.0,23.29862746
59,1,171.5,72.0,21.3,95.0,149,40.6,16.6,32,182.0,24.47959609
40,1,164.0,79.1,31.1,85.0,142,29.0,3.2,35,181.0,29.40957763
40,1,174.5,77.7,29.3,82.0,123,29.3,8.4,35,159.0,25.51703188
23,1,178.0,77.7,10.9,82.0,135,58.5,17.0,55,238.0,24.52341876
31,1,176.0,69.1,16.1,92.0,129,53.3,14.9,56,237.0,22.30759298
35,1,178.3,61.12,19.2,89.0,148,46.2,3.9,42,200.0,19.22563351
48,1,174.2,87.0,23.5,98.0,150,37.1,10.8,26,215.0,28.66968698
28,1,173.9,72.0,16.9,82.0,143,46.6,21.8,45,229.0,23.80857115
33,0,168.0,48.7,21.1,50.0,90,23.1,23.1,40,144.0,17.25481859
23,0,169.4,56.0,24.8,67.0,100,29.7,26.0,34,161.0,19.51467015
50,1,180.2,85.3,17.4,92.0,148,47.8,15.0,64,210.0,26.26875306
31,0,165.0,57.3,37.1,72.0,123,25.2,18.0,0,123.0,21.04683196
45,0,155.7,43.3,19.5,80.0,130,21.3,14.2,17,133.0,17.86120155
27,1,170.2,76.3,23.4,76.0,129,48.1,8.0,49,204.0,26.33937263
24,1,178.4,71.8,15.1,99.0,138,46.6,10.7,54,251.0,22.55977397
24,0,159.0,45.5,24.5,85.0,135,28.5,22.9,57,197.0,17.99770579
38,1,171.1,69.2,18.2,86.0,147,48.0,9.5,43,220.0,23.63774675
21,1,185.3,76.9,17.5,74.0,120,43.1,21.3,35,179.0,22.39626003
27,1,161.8,68.9,22.1,72.0,131,41.6,17.5,61,202.0,26.31856387
58,1,177.4,73.2,15.8,72.0,144,20.5,17.9,36,194.0,23.25968613
49,1,160.9,69.6,28.4,96.0,149,34.5,9.0,20,200.0,26.88420209
31,1,169.9,79.5,28.9,71.0,120,38.1,5.8,44,184.0,27.54104222
26,1,171.4,69.34,13.1,77.0,129,51.3,20.1,66,240.0,23.60272803
30,1,167.5,65.3,16.3,60.0,109,39.8,13.7,46,235.0,23.27467142
33,0,169.4,56.6,27.3,79.0,135,24.8,30.3,50,138.0,19.7237559
38,1,170.1,69.6,23.4,67.0,116,51.7,9.9,53,200.0,24.05473697
34,0,156.1,55.0,25.4,80.0,121,26.9,20.7,50,185.0,22.57131613
56,0,158.5,56.2,28.8,69.0,126,23.4,20.4,23,144.0,22.37060773
21,1,171.0,67.0,21.0,65.0,109,42.0,15.5,60,209.0,22.91303307
26,1,175.7,64.7,9.9,74.0,130,40.4,17.5,55,221.0,20.95852706
24,0,162.9,49.6,17.0,73.0,116,22.6,28.8,42,162.0,18.69129999
22,1,167.6,72.7,18.6,75.0,123,53.5,22.1,67,260.0,25.8813176
27,1,175.4,86.4,19.8,76.0,135,47.6,20.6,48,213.0,28.08371548
47,1,162.5,69.9,30.4,82.0,130,36.3,11.2,30,153.0,26.47100592
21,1,178.6,65.1,12.2,42.0,107,40.7,21.2,52,265.0,20.40882865
27,1,182.4,81.18,7.6,65.0,119,53.8,5.3,56,231.0,24.4005367
23,0,168.9,58.4,26.7,64.0,108,26.4,20.5,31,174.0,20.471683
55,0,154.7,54.9,33.3,86.0,149,18.3,23.5,19,139.0,22.93991039
55,0,166.0,68.6,28.4,82.0,123,29.9,16.6,24,171.0,24.89475976
29,1,182.0,77.2,19.0,78.0,134,52.9,5.3,56,234.0,23.30636397
29,1,177.5,71.6,13.4,78.0,134,47.1,19.8,70,258.0,22.72564967
46,1,155.0,59.8,40.6,85.0,140,19.7,7.0,3,132.0,24.89073881
63,1,171.7,89.9,30.6,86.0,153,34.3,6.5,29,123.0,30.4943304
58,0,163.1,72.8,39.2,96.0,142,27.9,15.0,0,96.0,27.36676464
26,0,164.4,54.6,29.9,72.0,131,27.2,19.4,34,175.0,20.20175111
48,0,152.2,58.5,35.1,76.0,136,22.4,20.0,20,151.0,25.2537898
30,1,173.3,59.0,10.4,90.0,142,44.2,13.9,51,242.0,19.64512906
26,1,168.2,63.74,15.8,89.0,143,37.7,15.2,58,210.0,22.52994213
61,0,154.2,57.78,34.7,68.0,155,23.2,16.7,10,78.0,24.3001408
30,1,178.3,77.8,18.2,54.0,110,50.1,6.9,38,217.0,24.47241961
29,1,175.0,70.1,12.3,78.0,128,44.1,15.3,52,250.0,22.88979592
59,1,167.5,80.2,25.4,97.0,123,41.3,7.3,25,199.0,28.58543105
22,1,182.5,80.04,17.9,63.0,123,46.6,13.0,37,230.0,24.03152561
21,1,180.4,89.1,21.1,76.0,140,45.4,9.5,42,234.0,27.37818398
58,0,146.2,51.7,3.5,48.0,152,25.1,15.4,13,110.0,24.18776819
33,1,170.4,79.2,25.4,81.0,124,51.4,16.4,52,224.0,27.27633406
23,0,152.0,45.7,26.4,91.0,124,18.3,1.0,14,115.0,19.78012465
52,0,160.0,60.5,33.5,98.0,153,22.4,19.5,22,177.0,23.6328125
54,0,154.8,61.0,34.2,83.0,123,20.7,13.9,26,150.0,25.4558687
25,1,172.3,92.0,35.8,79.0,144,37.5,17.1,38,182.0,30.9896929
22,1,177.8,90.5,27.1,72.0,126,37.3,-1.2,38,206.0,28.62760828
26,1,177.5,83.5,24.3,71.0,130,33.4,0.0,46,197.0,26.50267804
60,0,155.8,69.0,38.8,113.0,178,30.0,17.3,24,123.0,28.42589739
31,1,172.9,72.9,13.1,79.0,145,44.6,17.8,63,240.0,24.38582999
24,0,163.0,61.34,40.5,79.0,112,20.2,24.5,9,150.0,23.08705634
29,1,173.6,102.8,35.5,90.0,126,54.6,1.8,36,203.0,34.11093886
59,0,160.2,61.7,35.2,86.0,140,26.9,20.8,9,114.0,24.04142138
34,1,170.6,68.3,18.7,86.0,131,43.4,12.1,47,206.0,23.46727432
39,1,179.1,86.1,24.6,76.0,128,42.5,21.1,50,224.0,26.84182124
24,0,155.4,53.7,28.8,63.0,110,26.0,24.1,47,191.0,22.2367983
25,0,172.8,62.3,24.8,66.0,109,25.8,24.9,24,185.0,20.86414395
47,0,157.6,52.1,28.9,80.0,115,16.7,11.0,20,130.0,20.97612667
41,0,150.0,58.3,30.5,66.0,120,31.6,14.3,27,164.0,25.91111111
62,1,168.1,73.9,17.5,97.0,151,46.9,22.0,43,194.0,26.15224713
21,0,160.0,53.1,31.4,94.0,127,23.3,20.8,35,173.0,20.7421875
58,0,163.8,64.2,31.9,91.0,121,27.2,22.1,23,109.0,23.92804591
63,1,160.4,53.5,8.3,78.0,131,28.3,11.7,22,161.0,20.79433586
33,0,152.3,51.7,36.5,83.0,124,16.6,9.1,24,133.0,22.28900781
62,1,172.7,79.0,26.1,95.0,135,45.7,7.1,29,158.0,26.48758822
60,1,169.8,67.9,27.5,88.0,138,36.3,-7.0,25,125.0,23.5501893
22,1,180.3,91.7,32.1,75.0,134,28.6,-6.9,36,210.0,28.2083629
63,1,165.7,64.0,18.5,88.0,144,36.1,15.3,32,167.0,23.30960731
37,1,168.1,75.7,20.6,85.0,130,47.9,22.9,48,236.0,26.78924368
36,1,172.4,68.5,12.0,73.0,128,50.2,22.4,55,220.0,23.04708739
26,0,169.6,59.4,22.4,82.0,141,26.6,21.6,43,171.0,20.65069865
47,1,180.7,89.1,15.0,75.0,138,55.1,14.2,31,215.0,27.28735236
31,0,162.3,64.1,30.6,77.0,107,33.1,13.6,38,179.0,24.33441946
59,0,163.6,62.8,32.5,80.0,121,25.3,26.4,37,176.0,23.46351349
61,1,175.7,69.54,16.4,92.0,153,36.4,9.3,31,160.0,22.52636741
27,1,186.8,99.3,30.8,74.0,139,49.8,-6.3,43,195.0,28.45741876
27,0,156.3,49.0,27.4,69.0,112,25.3,14.3,49,158.0,20.05756111
53,0,161.8,61.7,33.6,83.0,127,27.1,16.3,16,134.0,23.56829304
23,1,168.0,57.3,10.1,57.0,112,45.6,14.9,50,242.0,20.30187075
26,1,179.0,69.8,17.6,66.0,118,33.6,-5.0,48,220.0,21.7845885
25,0,161.0,58.3,32.8,67.0,107,25.3,25.0,37,147.0,22.49141623
25,0,165.1,54.1,31.7,76.0,126,21.9,17.2,30,160.0,19.84737697
21,1,160.9,63.5,20.9,73.0,135,36.4,-8.9,35,183.0,24.52797174
37,1,165.0,86.9,28.9,70.0,114,42.7,17.3,51,242.0,31.91919192
22,1,179.3,75.1,16.7,76.0,130,52.0,6.3,53,182.0,23.36035067
51,0,161.5,57.0,26.7,87.0,130,27.3,21.1,38,155.0,21.85394282
46,0,158.3,57.6,31.2,75.0,155,34.0,24.1,19,161.0,22.98585452
25,1,181.7,88.7,22.3,89.0,149,44.3,14.7,53,223.0,26.86666531
64,0,144.0,55.3,37.7,69.0,132,19.4,4.0,4,110.0,26.66859568
31,0,156.5,54.4,27.3,57.0,108,19.5,4.8,19,161.0,22.2111076
28,1,175.7,77.2,12.1,82.0,145,51.0,22.5,60,228.0,25.00770153
52,1,173.7,77.1,18.9,93.0,141,41.4,12.8,43,227.0,25.55375586
46,1,166.4,87.2,33.2,77.0,92,42.8,-6.8,5,150.0,31.49269601
35,0,174.7,70.6,30.9,56.0,105,27.6,11.0,28,167.0,23.132304
23,1,176.5,85.7,26.8,84.0,124,39.3,-4.0,49,207.0,27.51005144
59,0,152.5,52.3,31.8,59.0,109,20.9,20.9,13,128.0,22.48857834
58,0,151.0,60.0,24.7,92.0,151,19.0,20.0,6,47.0,26.31463532
43,0,159.6,63.8,38.1,69.0,110,24.1,24.1,12,130.0,25.04695322
36,1,176.8,106.6,36.8,90.0,144,49.3,13.9,25,160.0,34.10300772
33,1,173.4,65.5,18.7,82.0,132,46.1,15.7,63,247.0,21.78427515
45,0,156.5,56.8,30.4,59.0,110,20.4,16.2,25,158.0,23.1910094
34,0,158.5,58.9,25.1,67.0,112,27.0,21.3,25,159.0,23.44535223
28,1,179.8,83.0,15.8,80.0,120,44.1,24.4,43,188.0,25.67430627
21,1,185.3,72.0,16.0,67.0,120,41.3,8.0,52,260.0,20.96919014
41,0,158.2,55.2,25.7,78.0,120,22.3,1.0,29,153.0,22.05596782
26,1,171.7,69.8,11.0,88.0,143,51.9,25.0,67,270.0,23.67635441
34,1,179.4,86.4,17.90698,82.0,152,55.7,14.4,68,227.0,26.8453373
25,0,160.0,57.4,17.5,72.0,127,34.9,31.0,51,200.0,22.421875
43,1,168.6,69.7,27.5,82.0,114,33.4,-10.3,25,193.0,24.51984031
22,1,175.2,86.0,34.0,71.0,121,44.3,4.3,0,170.0,28.01755593
36,1,182.0,82.9,20.3,76.0,128,48.8,16.6,50,232.0,25.02717063
52,1,167.8,61.8,22.2,85.0,139,47.0,22.8,27,220.0,21.9484857
24,1,178.3,94.4,30.8,73.0,104,54.0,7.6,20,252.0,29.69404128
35,0,153.2,44.6,25.8,71.0,122,23.9,21.4,33,129.0,19.00278821
21,1,165.2,62.9,22.6,89.0,130,35.6,23.2,58,230.0,23.04785747
57,1,172.1,72.8,34.6,89.0,149,34.7,-1.7,8,134.0,24.57930726
57,1,162.1,54.0,9.0,70.0,137,32.0,20.3,46,194.0,20.55075256
39,1,179.1,81.1,13.5,87.0,138,51.5,15.4,49,241.0,25.28306275
23,0,158.2,47.9,30.4,75.0,116,21.6,10.9,26,131.0,19.13914599
45,1,174.7,90.3,26.1,79.0,126,35.7,-10.7,33,201.0,29.58706871
62,1,171.1,55.0,12.5,69.0,121,40.1,15.2,36,183.0,18.78722646
28,1,173.7,75.1,18.3,60.0,106,39.9,5.9,44,213.0,24.89088281
26,1,171.6,64.9,18.9,77.0,134,46.6,3.0,39,185.0,22.03992589
43,1,178.4,79.2,22.6,75.0,123,41.9,17.3,51,241.0,24.88487603
33,1,179.0,86.8,25.8,91.0,137,52.9,14.8,43,212.0,27.09029057
46,0,166.8,55.86,22.7,68.0,124,27.9,14.2,33,161.0,20.07746321
33,1,183.0,89.6,23.0,85.0,158,16.2,-11.1,24,190.0,26.7550539
22,0,168.0,59.1,31.9,80.0,120,25.2,20.5,53,170.0,20.93962585
31,0,171.0,58.8,26.6,69.0,112,24.2,10.3,39,170.0,20.10875141
60,1,163.6,69.76,25.4,82.0,117,39.2,19.0,29,180.0,26.06392836
58,0,155.7,70.6,36.8,98.0,144,24.9,19.9,25,151.0,29.12242101
22,1,168.0,55.1,6.2,90.0,131,39.8,27.4,60,230.0,19.52239229
60,1,167.2,75.9,22.8,83.0,150,42.1,15.9,39,195.0,27.14996223
31,0,167.0,58.1,27.4,84.0,121,22.3,14.9,19,142.0,20.83258632
61,1,163.3,60.3,13.5,49.0,119,41.6,8.6,29,185.0,22.61231062
21,1,177.5,71.4,16.3,77.0,128,39.7,6.0,61,275.0,22.6621702
31,0,159.1,45.5,22.2,72.0,111,18.6,18.3,37,151.0,17.9750885
26,1,180.0,67.0,15.3,86.0,123,46.4,15.0,53,248.0,20.67901235
26,1,168.9,72.6,18.4,90.0,137,44.4,12.7,51,219.0,25.44938674
59,1,167.2,76.3,29.7,64.0,107,37.2,3.5,26,165.0,27.29304503
60,1,170.0,76.0,23.9,83.0,125,44.5,18.3,27,197.0,26.29757785
40,0,155.0,52.8,22.0,98.0,135,24.5,28.2,34,174.0,21.97710718
21,1,177.0,87.5,23.8,80.0,135,61.8,15.7,56,238.0,27.92939449
26,0,170.4,66.8,24.3,85.0,126,24.3,16.2,48,153.0,23.00579691
64,0,158.6,60.2,33.7,67.0,131,24.0,17.2,6,138.0,23.93261339
21,0,163.0,67.0,30.4,93.0,137,31.3,24.8,47,183.0,25.21735858
40,1,178.7,91.5,27.8,84.0,137,50.5,10.8,39,195.0,28.65312465
27,0,162.7,64.0,28.3,76.0,119,33.3,25.5,38,175.0,24.17713682
42,1,170.3,73.4,14.3,85.0,130,51.2,18.2,53,217.0,25.30852087
60,0,156.9,73.2,44.7,91.0,143,22.7,7.6,0,68.0,29.73481179
51,1,167.2,71.2,20.2,83.0,130,39.4,10.6,43,171.0,25.46873927
23,0,168.1,55.9,26.3,65.0,97,28.2,15.5,35,160.0,19.78228166
39,1,174.9,68.8,24.9,70.0,107,36.4,7.8,39,190.0,22.49100278
50,1,171.5,71.8,23.3,97.0,148,44.5,15.6,33,203.0,24.41159721
55,0,159.3,55.5,29.7,81.0,147,21.8,22.5,31,118.0,21.87063696
38,1,176.5,77.9,17.5,86.0,141,46.1,15.9,40,211.0,25.00621945
28,1,176.6,82.2,20.7,83.0,126,40.9,17.6,46,25.0,26.35666272
49,1,156.6,64.6,31.0,88.0,146,33.6,13.0,22,194.0,26.3420156
41,1,170.2,85.4,21.3,89.0,130,49.1,13.4,42,225.0,29.4807657
26,1,186.0,79.3,23.5,70.0,140,50.9,5.3,45,176.0,22.92172505
55,0,160.2,54.0,26.3,90.0,135,28.4,23.3,20,149.0,21.04111434
53,0,161.1,70.5,34.4,86.0,134,28.0,22.6,9,148.0,27.16426985
22,1,168.5,65.0,18.7,85.0,131,39.4,14.0,50,258.0,22.89357131
21,1,170.9,71.1,12.9,82.0,142,40.4,22.2,57,249.0,24.34363767
22,0,156.5,47.6,30.7,95.0,131,20.7,20.6,32,153.0,19.43471915
21,0,159.9,53.5,27.9,62.0,103,24.2,18.7,36,154.0,20.92458506
22,0,166.0,55.7,32.5,63.0,107,24.6,14.0,21,130.0,20.21338366
21,1,180.0,82.5,17.5,87.0,131,48.8,7.7,58,155.0,25.46296296
46,1,177.8,83.0,20.0,94.0,144,46.4,13.5,41,182.0,26.25515455
53,1,171.8,65.98,17.6,64.0,111,41.4,15.6,29,195.0,22.35455311
59,1,161.5,53.9,18.3,76.0,126,42.1,13.1,34,181.0,20.66539505
58,0,154.8,51.3,40.3,81.0,138,22.8,18.4,17,112.0,21.40796827
25,1,177.9,91.1,21.1,80.0,124,55.0,11.3,58,220.0,28.78501637
27,1,180.4,86.5,24.2,66.0,123,44.3,3.1,42,214.0,26.57926952
62,0,158.1,58.0,29.0,76.0,118,19.9,12.5,12,117.0,23.20407464
30,1,176.2,83.9,19.4,82.0,150,43.8,13.1,53,218.0,27.02403239
22,1,187.3,109.3,39.3,79.0,141,36.2,17.5,1,211.0,31.15620891
34,1,165.8,63.1,20.2,92.0,153,47.8,-7.0,39,235.0,22.95410198
21,0,167.5,50.98,24.8,75.0,132,24.8,20.2,40,168.0,18.17063934
51,1,168.6,77.8,23.8,87.0,155,45.9,24.0,43,210.0,27.3693483
61,1,166.0,62.3,23.1,91.0,140,35.0,10.8,23,156.0,22.60850631
23,0,168.8,59.3,18.7,82.0,106,30.1,24.2,39,216.0,20.81180791
25,1,174.5,67.5,12.1,61.0,113,40.4,5.1,47,230.0,22.16730569
58,0,151.9,54.3,27.6,76.0,146,33.0,14.1,13,132.0,23.53337861
29,1,174.6,73.2,16.8,79.0,115,40.8,8.5,42,218.0,24.01168306
61,0,162.5,57.8,30.3,93.0,158,23.7,20.2,8,105.0,21.8887574
26,1,180.0,71.3,20.0,70.0,126,36.1,9.2,49,248.0,22.00617284
24,1,167.7,68.9,22.7,73.0,124,38.4,17.6,44,212.0,24.49926733
29,1,175.8,72.1,18.7,65.0,112,46.2,22.7,54,226.0,23.32907521
24,1,172.2,62.6,13.8,70.0,126,41.6,8.7,43,213.0,21.11096273
59,1,165.9,64.2,12.8,60.0,119,40.0,12.6,51,186.0,23.3261066
53,1,165.5,72.0,28.0,96.0,154,40.9,-4.0,27,196.0,26.28672612
21,1,186.5,73.2,14.6,79.0,130,43.6,16.0,42,237.0,21.04521703
22,0,159.8,49.4,27.3,72.0,116,20.2,-4.7,28,136.0,19.34520779
21,1,172.5,64.2,16.0,73.0,128,34.4,9.2,59,231.0,21.57529931
42,1,176.7,101.8,35.5,98.0,158,41.2,8.3,17,198.0,32.60428487
25,1,173.6,72.9,12.3,59.0,124,51.4,15.9,60,260.0,24.18956657
22,0,166.3,56.2,23.3,75.0,125,26.2,20.6,46,174.0,20.32131543
22,1,175.8,73.3,17.5,83.0,120,50.5,7.2,43,232.0,23.71735386
31,1,175.9,64.8,9.7,69.0,120,50.7,17.6,54,262.0,20.94321383
55,1,160.1,70.4,24.6,100.0,159,34.4,3.5,14,120.0,27.4656572
47,0,157.7,59.6,31.4,61.0,118,31.0,16.9,36,175.0,23.96530018
24,0,165.7,58.2,24.5,73.0,125,26.8,20.9,52,180.0,21.19717415
41,1,173.5,72.8,27.6,80.0,137,37.2,2.6,34,188.0,24.18423872
28,0,166.6,63.1,34.4,83.0,117,32.4,23.0,41,171.0,22.73418371
34,1,173.0,106.4,42.4,91.0,131,28.2,6.8,30,193.0,35.55080357
64,0,161.7,63.5,35.0,68.0,140,17.0,-6.1,0,70.0,24.28587109
33,1,175.5,68.6,17.9,76.0,141,36.2,20.1,50,218.0,22.27254649
26,1,178.3,83.1,16.8,82.0,120,50.6,22.1,57,255.0,26.13956388
24,1,171.8,71.7,19.8,60.0,129,38.4,8.4,63,227.0,24.29253498
51,1,169.3,73.2,23.1,85.0,143,37.3,15.2,36,204.0,25.53860464
55,0,164.7,63.3,35.4,61.0,114,29.7,20.9,25,136.0,23.33546781
57,1,167.4,64.8,18.3,78.0,122,34.3,23.5,36,215.0,23.12406059
27,0,158.9,47.3,18.1,75.0,130,30.8,22.8,55,198.0,18.73325938
21,1,179.5,79.5,13.3,72.0,136,46.0,11.8,45,246.0,24.67392401
24,1,172.7,70.6,19.3,81.0,138,49.0,18.5,45,218.0,23.67118643
50,0,163.6,50.6,22.1,80.0,140,25.3,25.1,31,128.0,18.90531501
46,1,172.2,76.1,26.7,93.0,153,42.1,-1.9,21,189.0,25.66364638
28,1,184.5,91.6,14.3,74.0,147,56.3,26.0,58,241.0,26.90932058
47,0,159.8,54.3,31.1,71.0,128,21.5,18.8,21,159.0,21.26406444
61,1,176.9,74.68,20.2,80.0,120,54.1,15.2,26,189.0,23.8642969
48,1,159.8,62.2,23.1,89.0,146,40.3,19.3,56,197.0,24.35773127
23,1,177.3,87.0,21.2,80.0,139,57.6,17.3,51,221.0,27.67590183
37,1,181.0,76.1,14.8,68.0,127,47.1,15.3,40,217.0,23.22883917
43,0,159.8,54.8,24.0,71.0,114,25.6,17.1,25,137.0,21.45986613
49,0,158.1,51.9,24.9,83.0,130,24.3,19.5,37,178.0,20.7636461
42,1,160.0,64.2,19.4,72.0,107,36.1,11.9,37,194.0,25.078125
50,0,166.4,58.3,29.5,91.0,135,28.7,12.5,13,161.0,21.05532313
22,0,169.3,62.3,25.6,58.0,106,30.6,16.4,35,160.0,21.73572498
48,1,163.0,67.0,21.1,75.0,137,34.6,25.5,53,193.0,25.21735858
60,1,168.5,81.4,25.5,81.0,119,37.9,7.3,30,140.0,28.66979545
22,0,159.1,48.9,27.4,64.0,114,22.3,19.1,50,172.0,19.31828193
57,0,161.3,57.4,28.2,79.0,114,22.3,27.0,36,160.0,22.06191249
60,1,176.0,83.9,28.7,78.0,118,50.8,7.9,44,189.0,27.08548554
57,0,159.3,47.8,25.4,75.0,111,16.5,22.4,19,107.0,18.83633237
41,1,170.4,66.72,12.8,91.0,142,42.4,6.2,36,193.0,22.97824506
24,1,164.4,66.2,17.1,63.0,110,40.2,16.2,43,232.0,24.49369824
29,1,169.1,71.3,24.5,79.0,134,42.6,5.8,42,217.0,24.93459477
21,0,163.6,52.1,29.6,66.0,114,27.0,15.9,47,162.0,19.46574925
31,0,160.2,57.4,29.3,75.0,129,29.7,18.2,35,181.0,22.36592524
23,0,160.3,46.8,25.6,80.0,123,16.0,12.7,17,126.0,18.21288764
34,0,155.8,44.5,21.2,74.0,115,23.6,21.3,35,162.0,18.33264397
39,1,176.8,77.9,15.7,75.0,129,48.1,15.1,49,217.0,24.92142872
21,1,182.4,76.1,22.2,86.0,135,39.1,19.5,46,226.0,22.87362458
27,0,162.9,74.8,31.5,62.0,118,42.3,26.2,46,180.0,28.18768628
59,0,153.8,54.0,27.3,78.0,126,17.3,7.0,30,127.0,22.82869516
23,1,170.7,64.9,22.7,85.0,132,40.7,16.1,51,218.0,22.27294551
34,0,166.7,60.4,28.7,73.0,119,25.7,26.1,30,134.0,21.73530501
24,0,161.5,54.0,23.0,72.0,121,26.8,23.7,47,198.0,20.7037353
23,0,158.3,61.2,31.9,85.0,129,33.6,28.5,42,180.0,24.42247043
34,1,182.9,91.28,23.8,89.0,153,64.0,8.9,37,219.0,27.28652435
42,1,169.8,78.6,17.2,60.0,104,43.4,19.4,54,228.0,27.26133843
25,1,171.7,66.0,11.6,82.0,131,47.3,16.9,64,241.0,22.38738383
61,0,154.2,59.1,35.5,77.0,118,24.9,22.0,19,120.0,24.85528421
64,1,168.5,66.5,28.3,88.0,135,29.6,17.5,38,160.0,23.42188449
29,0,163.1,54.1,21.3,69.0,110,27.6,25.9,61,202.0,20.33711493
50,0,170.2,58.0,23.2,75.0,112,28.2,18.0,41,170.0,20.0220657
32,0,157.0,47.3,32.5,80.0,120,15.1,15.3,30,166.0,19.18941945
60,1,171.3,65.0,12.6,91.0,154,38.6,12.5,47,200.0,22.15127
21,0,160.3,52.0,22.7,86.0,129,27.5,20.6,51,183.0,20.23654182
60,0,152.9,51.3,28.8,85.0,140,16.9,25.8,44,156.0,21.94332292
40,1,177.5,86.6,24.8,90.0,142,51.6,16.1,43,237.0,27.4866098
38,1,176.9,68.3,17.0,76.0,124,48.1,14.9,49,230.0,21.82554202
27,0,161.0,53.9,30.7,67.0,141,18.8,23.5,30,158.0,20.79395085
24,0,169.4,72.8,43.6,89.0,133,30.7,18.7,33,143.0,25.3690712
35,0,160.6,56.3,27.7,65.0,108,23.5,23.3,9,135.0,21.82816927
49,0,165.5,62.2,36.8,69.0,112,24.6,16.0,26,130.0,22.70881062
48,1,159.7,59.4,18.9,76.0,122,42.1,14.5,50,228.0,23.29038205
52,1,164.9,65.9,19.0,75.0,126,44.5,8.7,36,177.0,24.23506023
27,1,173.0,72.8,16.9,74.0,127,53.4,15.5,54,261.0,24.32423402
25,1,170.0,60.1,14.2,88.0,137,43.1,16.0,46,223.0,20.79584775
56,1,162.8,65.8,23.6,79.0,121,37.9,-3.9,33,163.0,24.82659117
59,1,176.9,80.8,24.3,73.0,129,44.1,13.2,38,194.0,25.81996772
34,0,167.6,60.0,25.2,71.0,101,20.1,20.3,39,137.0,21.36009706
56,1,169.6,67.6,17.7,91.0,155,47.7,19.7,37,190.0,23.50146849
48,1,180.9,98.08,28.9,96.0,132,51.1,-4.7,25,201.0,29.97114422
21,0,170.7,61.1,30.9,80.0,131,22.1,22.6,27,160.0,20.96882852
25,1,174.4,64.6,18.2,70.0,119,42.1,5.5,45,236.0,21.23926858
50,1,166.6,74.5,24.7,78.0,127,42.1,11.2,30,192.0,26.84146888
29,1,176.9,80.9,17.4,86.0,118,36.4,14.3,50,240.0,25.85192312
63,1,177.2,66.12,14.4,89.0,158,39.6,12.8,44,177.0,21.05743214
60,1,165.0,57.9,25.3,87.0,144,37.9,18.7,49,197.0,21.26721763
29,1,167.6,51.6,14.0,79.0,122,47.1,12.3,57,227.0,18.36968347
21,1,182.4,60.0,15.0,91.0,150,35.1,15.9,40,204.0,18.0343952
24,1,174.5,60.9,11.4,77.0,125,45.9,12.7,50,235.0,19.9998358
28,0,162.0,62.6,30.7,71.0,126,31.3,23.4,37,192.0,23.85307118
35,1,172.0,87.1,26.0,80.0,120,31.0,3.4,36,188.0,29.44159005
24,0,162.9,55.2,31.4,68.0,122,24.4,2.0,25,135.0,20.80160805
40,0,158.4,55.3,26.1,84.0,125,30.3,20.0,20,178.0,22.04016172
45,1,164.2,67.4,25.0,81.0,136,43.8,15.7,47,206.0,24.99847932
30,1,167.5,61.7,19.1,81.0,133,39.7,13.1,42,217.0,21.99153486
26,1,187.9,95.4,12.4,95.0,150,53.2,19.3,47,227.0,27.02058918
46,0,162.3,61.2,21.7,78.0,123,31.3,22.5,38,163.0,23.23348629
37,0,161.6,52.7,22.6,76.0,115,23.9,23.6,31,173.0,20.1803132
23,1,174.0,75.4,18.2,81.0,133,32.4,-7.4,35,208.0,24.90421456
22,0,151.9,45.0,27.7,75.0,117,22.7,27.6,54,184.0,19.50279995
24,1,176.0,78.4,21.3,98.0,143,47.4,22.5,49,211.0,25.30991736
61,1,165.2,62.3,20.6,75.0,135,43.5,11.7,23,193.0,22.82800509
28,1,178.3,73.5,12.7,91.0,147,37.4,16.9,55,258.0,23.11983087
21,1,177.6,75.6,21.8,85.0,138,40.7,20.2,63,231.0,23.96822498
42,1,172.9,64.0,12.8,90.0,125,52.6,10.4,43,234.0,21.40868477
24,1,175.6,79.6,26.3,86.0,131,40.0,8.1,43,212.0,25.81451943
63,0,146.5,41.4,26.1,61.0,126,17.0,21.8,12,131.0,19.28968305
42,0,167.9,54.3,18.0,91.0,134,28.4,28.5,38,157.0,19.26186955
26,1,177.4,70.6,18.1,54.0,116,37.8,16.8,53,226.0,22.43352242
52,0,159.0,59.5,30.0,99.0,157,24.5,23.0,32,160.0,23.53546141
41,0,162.1,54.5,32.8,86.0,138,21.7,12.5,33,145.0,20.7410373
41,1,173.7,71.8,23.6,89.0,135,37.0,4.1,35,212.0,23.79714229
35,1,170.3,74.6,18.5,92.0,134,34.1,6.6,51,245.0,25.72228415
50,1,173.1,75.98,26.9,84.0,153,43.1,13.7,33,169.0,25.35742522
30,1,170.1,75.0,21.2,67.0,114,50.3,18.1,60,234.0,25.92105277
21,0,155.7,51.0,29.2,61.0,110,24.4,16.2,34,164.0,21.03744294
36,0,157.1,53.0,30.7,72.0,99,25.9,24.0,40,155.0,21.4745217
40,0,155.9,56.0,23.6,92.0,128,25.9,26.1,41,183.0,23.04070676
40,1,172.0,61.8,8.0,77.0,132,44.0,15.4,58,192.0,20.88967009
46,0,161.8,59.7,36.4,82.0,127,21.6,0.5,10,123.0,22.80432893
31,1,171.0,72.2,22.4,78.0,141,39.5,13.0,36,202.0,24.69135802
41,1,186.2,85.0,15.8,95.0,141,52.9,19.1,43,228.0,24.51656224
61,0,160.0,69.2,39.0,100.0,130,33.9,21.4,18,111.0,27.03125
36,1,167.0,73.1,24.8,72.0,142,38.0,14.1,45,227.0,26.21105095
61,1,163.2,74.9,32.1,65.0,124,36.0,1.3,15,146.0,28.12169598
62,1,169.3,59.2,13.8,68.0,121,39.9,10.7,27,190.0,20.65417206
63,1,168.9,81.1,25.7,80.0,130,31.5,8.9,20,151.0,28.42899814
31,0,154.5,55.2,34.1,70.0,117,30.1,16.0,31,158.0,23.12501964
21,1,169.1,63.0,18.4,61.0,98,36.9,4.6,45,210.0,22.03197014
27,0,165.5,67.6,22.0,72.0,115,38.0,26.0,47,162.0,24.68031508
21,0,160.2,59.4,32.8,78.0,125,25.7,20.2,36,165.0,23.14522577
28,0,173.0,64.3,25.4,78.0,126,32.5,27.0,48,207.0,21.48417922
37,0,158.0,59.9,32.1,85.0,123,27.0,30.0,30,164.0,23.99455216
21,1,173.3,69.2,23.3,66.0,126,40.3,-11.4,41,169.0,23.04140561
45,1,173.5,77.9,17.1,72.0,143,49.4,9.0,37,230.0,25.87846423
41,0,169.4,66.3,30.1,73.0,121,37.5,20.7,31,153.0,23.10397556
25,0,160.1,55.1,25.4,82.0,132,28.5,22.3,36,167.0,21.4965584
41,1,175.0,75.2,23.0,93.0,142,54.0,5.4,38,181.0,24.55510204
34,1,171.3,69.0,10.0,67.0,125,35.3,16.4,38,212.0,23.51442508
28,0,154.8,52.3,35.4,79.0,128,23.9,14.4,30,137.0,21.82527759
27,1,176.1,75.4,16.3,83.0,151,52.0,19.2,61,236.0,24.31378847
30,1,172.3,78.3,24.9,84.0,132,27.4,-2.6,37,162.0,26.37492341
41,1,170.7,70.6,14.1,80.0,139,41.6,24.6,47,237.0,24.229121
27,1,174.4,71.8,12.5,76.0,134,55.9,30.7,59,259.0,23.60649356
27,1,175.4,64.3,9.8,67.0,118,35.9,14.9,71,236.0,20.90026511
56,1,171.4,75.0,23.5,80.0,154,44.9,18.7,36,180.0,25.5293424
29,1,175.9,66.1,21.1,81.0,121,32.0,1.0,28,181.0,21.3633709
26,1,182.0,80.6,12.1,73.0,129,48.0,14.9,60,246.0,24.33281005
27,1,175.7,65.0,13.7,84.0,125,37.5,7.9,61,217.0,21.05570725
21,1,174.4,73.1,20.2,68.0,113,38.9,16.2,54,245.0,24.03390918
64,1,163.9,58.4,19.1,81.0,131,31.1,-13.3,24,168.0,21.73976974
44,1,177.4,69.9,9.5,74.0,130,42.4,-15.0,39,222.0,22.21109373
34,1,181.4,88.9,20.7,71.0,131,50.4,10.2,47,227.0,27.01638244
30,0,160.5,54.46,25.5,94.0,139,32.3,21.9,39,163.0,21.14109917
34,0,166.0,55.4,22.0,93.0,140,24.7,23.3,35,157.0,20.10451444
21,0,163.5,47.5,19.0,74.0,110,24.5,15.3,27,153.0,17.76879986
49,0,153.8,53.8,33.3,75.0,115,26.7,12.8,3,101.0,22.74414444
55,1,173.7,67.3,19.9,71.0,110,28.5,-1.3,25,152.0,22.30567794
22,0,166.7,68.92,32.8,75.0,119,32.2,20.6,38,189.0,24.8012785
39,1,176.1,70.4,11.6,79.0,124,41.2,9.6,43,212.0,22.70146828
36,1,176.7,72.7,9.7,72.0,114,50.6,14.4,48,212.0,23.28419951
25,1,166.2,66.6,16.1,73.0,130,46.6,14.0,62,219.0,24.11083163
34,1,175.1,71.5,18.2,79.0,122,46.4,9.9,44,227.0,23.32027941
40,1,179.4,119.6,32.6,87.0,146,50.0,-2.6,37,164.0,37.16090673
46,1,172.3,56.3,32.0,98.0,148,32.0,16.0,29,198.0,18.96434467
60,1,170.8,71.1,13.5,94.0,152,42.8,13.3,50,182.0,24.37215144
24,1,178.6,91.6,26.6,63.0,127,54.9,10.8,37,198.0,28.71656996
60,1,174.6,72.4,19.6,78.0,123,46.4,21.7,42,200.0,23.7492603
39,1,168.1,63.6,22.9,80.0,134,39.2,4.1,46,195.0,22.50721133
27,0,163.2,51.84,23.0,61.0,116,27.7,22.2,43,172.0,19.46366782
45,1,175.1,71.7,19.7,82.0,129,46.6,14.8,41,206.0,23.38551096
26,1,173.0,68.4,21.0,69.0,125,44.6,9.6,55,230.0,22.85408801
29,1,176.0,77.6,19.5,63.0,103,38.3,5.6,53,236.0,25.05165289
43,1,167.0,60.58,11.5,64.0,125,45.4,14.4,52,238.0,21.72182581
23,0,171.7,59.9,24.9,92.0,155,25.4,31.0,56,211.0,20.31824684
21,1,175.8,66.26,9.9,85.0,133,42.2,14.6,42,182.0,21.43945248
21,0,166.2,74.0,35.7,66.0,125,36.8,14.8,41,186.0,26.78981292
28,1,168.8,61.2,14.8,63.0,108,36.9,17.7,52,210.0,21.47862806
37,0,154.7,44.4,21.7,65.0,108,22.5,21.5,34,169.0,18.55249583
54,0,159.1,64.22,36.9,75.0,131,24.6,19.8,5,133.0,25.37055349
38,1,172.7,70.0,23.9,83.0,123,38.5,12.5,35,171.0,23.47001488
34,1,172.8,69.28,13.6,68.0,116,45.2,19.0,42,217.0,23.20173182
28,1,167.5,71.0,30.6,63.0,111,37.4,-10.5,34,183.0,25.3063043
37,1,176.1,74.3,18.1,71.0,125,39.3,13.5,46,232.0,23.95907802
37,0,161.0,62.7,29.7,80.0,123,24.8,31.2,15,128.0,24.1888816
23,1,171.2,65.7,10.4,66.0,122,40.0,12.4,60,237.0,22.41598611
47,1,155.0,60.6,20.4,68.0,126,41.8,12.7,48,178.0,25.22372529
21,0,157.9,58.7,32.0,76.0,131,30.7,29.1,40,177.0,23.54365262
22,0,162.4,49.3,29.1,69.0,127,19.3,8.9,26,147.0,18.69282196
26,0,175.6,62.8,22.0,85.0,139,34.5,19.0,28,165.0,20.3662289
35,1,165.6,88.5,40.1,87.0,136,33.9,7.4,6,151.0,32.27175663
36,1,180.7,78.9,22.2,64.0,123,40.5,6.0,41,198.0,24.16354771
24,1,181.4,96.9,20.3,79.0,119,64.7,21.8,54,227.0,29.44755297
29,1,173.3,83.6,21.3,72.0,113,47.9,9.7,59,194.0,27.83614897
37,1,170.7,85.8,31.9,78.0,141,44.4,5.6,42,224.0,29.44558898
60,1,171.8,74.7,24.9,91.0,151,48.6,17.6,36,210.0,25.30895903
25,1,171.6,64.6,11.6,73.0,119,43.8,11.9,50,204.0,21.93804641
21,1,172.0,74.9,26.6,70.0,105,35.9,0.9,38,191.0,25.31773932
27,1,173.9,65.9,14.6,82.0,120,50.7,17.9,59,235.0,21.7914561
28,1,174.2,62.64,11.2,67.0,126,41.9,7.3,44,225.0,20.64217463
31,1,177.7,106.4,36.8,93.0,147,49.7,-10.0,43,201.0,33.69510176
35,1,174.1,65.4,17.4,84.0,143,44.4,6.9,42,218.0,21.57646068
25,1,178.4,78.9,15.3,71.0,140,54.9,19.3,46,252.0,24.79061513
25,1,170.5,68.1,10.8,67.0,112,39.7,9.4,59,247.0,23.42601113
25,1,169.0,60.1,16.0,82.0,133,35.1,19.7,51,202.0,21.04268058
43,0,153.2,51.7,27.2,62.0,113,26.7,15.6,31,160.0,22.02789575
22,1,174.4,70.5,24.4,80.0,137,40.7,15.2,46,225.0,23.17907794
36,1,176.6,75.2,17.4,71.0,109,49.4,20.9,49,241.0,24.11217806
25,1,174.8,73.4,24.4,78.0,124,44.5,20.9,49,223.0,24.0222235
50,1,169.5,87.8,29.7,95.0,156,53.6,17.4,36,204.0,30.56012391
49,1,167.4,64.1,21.4,82.0,121,37.4,22.7,37,215.0,22.87426363
26,0,160.7,70.4,38.1,69.0,123,28.4,17.6,33,165.0,27.26094494
55,1,170.9,70.8,26.1,88.0,142,41.0,12.0,32,180.0,24.24092189
46,1,168.1,72.5,30.3,79.0,131,29.0,-14.3,10,165.0,25.65680537
49,1,166.7,65.7,13.4,71.0,125,39.8,18.3,52,204.0,23.64254204
33,1,170.5,68.8,21.1,87.0,144,43.8,10.4,42,184.0,23.66680713
49,0,158.3,55.3,20.5,76.0,129,30.1,20.0,36,154.0,22.06801658
25,1,176.6,70.8,8.8,74.0,121,36.3,17.0,55,248.0,22.70135913
39,1,167.5,72.8,24.8,75.0,142,37.7,8.6,46,205.0,25.94787258
22,0,153.5,49.7,25.9,61.0,117,29.3,22.0,44,168.0,21.093062
41,1,168.7,74.1,16.9,66.0,117,43.3,15.1,45,217.0,26.03682612
56,1,167.2,75.3,35.3,99.0,140,35.4,-12.0,8,105.0,26.93533802
38,0,161.5,53.3,23.9,80.0,117,27.9,24.1,40,184.0,20.43535355
36,1,166.6,64.3,18.5,78.0,129,45.7,15.4,43,220.0,23.16652952
40,1,176.4,72.4,13.4,89.0,140,58.5,10.8,39,241.0,23.26705437
42,1,180.6,88.8,25.9,82.0,126,45.1,-0.7,35,213.0,27.22560089
24,0,171.2,56.3,15.3,63.0,108,34.6,30.1,51,216.0,19.20882828
33,1,179.6,75.9,18.7,75.0,108,47.0,16.4,39,243.0,23.53038923
31,1,174.1,73.9,23.2,91.0,142,53.3,14.2,49,219.0,24.38074073
34,0,162.7,53.3,20.2,74.0,111,24.8,19.1,42,158.0,20.13502175
51,0,156.0,58.9,32.3,74.0,134,26.7,16.4,25,135.0,24.20282709
31,1,164.7,62.9,18.3,78.0,129,40.6,6.0,49,190.0,23.1880083
36,0,159.0,52.0,26.7,96.0,147,26.7,24.2,23,171.0,20.56880661
62,0,154.0,63.1,38.8,68.0,124,22.3,3.9,0,70.0,26.60651037
37,1,173.8,79.7,24.5,94.0,147,42.9,17.9,48,221.0,26.38510198
22,1,185.8,94.1,22.7,96.0,149,50.4,9.4,50,190.0,27.25826467
40,1,174.1,87.2,20.6,81.0,118,37.7,18.8,46,234.0,28.76861423
62,1,169.5,72.1,21.3,87.0,113,45.4,16.7,37,142.0,25.09550039
60,1,167.9,72.8,26.3,67.0,123,35.1,0.9,24,152.0,25.82438496
55,0,165.7,65.8,34.0,87.0,130,30.8,12.8,39,115.0,23.96519002
29,0,152.8,40.8,19.9,60.0,100,22.0,18.2,32,166.0,17.47484992
62,1,176.1,64.76,17.6,86.0,142,38.3,14.4,32,174.0,20.8827711
23,0,165.1,52.8,27.5,79.0,117,24.4,20.0,23,174.0,19.37045294
34,0,157.2,43.9,20.7,71.0,117,23.1,24.4,40,183.0,17.76476377
23,0,161.1,53.0,28.4,72.0,116,28.9,-4.4,22,143.0,20.42136599
25,1,177.3,71.3,19.9,81.0,127,36.8,10.2,53,217.0,22.68151495
64,0,151.6,71.6,45.9,87.0,158,20.0,13.6,0,57.0,31.15405769
30,1,174.4,62.14,17.7,94.0,133,33.4,14.4,40,205.0,20.43046671
50,0,157.6,46.3,23.7,66.0,113,19.3,22.7,6,129.0,18.64097245
54,0,149.3,48.7,26.6,70.0,118,21.3,15.9,26,149.0,21.84788221
29,1,165.3,69.6,16.9,89.0,142,43.9,16.8,63,245.0,25.47202853
30,0,178.0,71.6,24.8,90.0,132,36.1,27.4,30,198.0,22.5981568
31,1,176.5,85.4,32.0,96.0,159,46.2,3.7,44,175.0,27.41375021
58,1,168.9,74.9,28.7,92.0,138,38.9,18.3,29,155.0,26.25563453
40,0,166.0,58.5,25.8,83.0,123,31.0,22.0,33,156.0,21.2294963
21,1,170.2,63.9,13.1,66.0,118,42.8,28.0,56,228.0,22.05879307
27,1,170.0,81.1,21.6,85.0,145,48.7,17.2,52,226.0,28.06228374
24,0,159.9,47.7,33.0,53.0,101,16.0,-10.3,12,129.0,18.65612537
28,1,187.7,84.6,10.2,86.0,152,53.4,6.5,56,237.0,24.01274549
26,1,168.9,65.7,12.5,82.0,146,44.5,18.4,54,223.0,23.03064338
50,1,173.6,68.9,22.3,87.0,144,42.2,16.4,56,195.0,22.86229268
26,1,183.0,71.1,15.4,69.0,109,40.3,18.7,54,222.0,21.23085192
39,1,177.1,75.3,24.9,90.0,153,49.1,6.8,31,194.0,24.00810345
29,1,180.0,88.1,26.9,86.0,135,48.3,18.9,50,218.0,27.19135802
49,0,161.2,54.6,25.9,84.0,126,31.1,15.2,37,130.0,21.01176659
25,0,168.6,69.4,31.1,82.0,121,33.2,16.2,26,171.0,24.41430298
36,0,161.4,54.3,30.8,80.0,135,23.6,22.0,23,148.0,20.84456176
43,0,171.3,67.0,32.7,63.0,109,25.9,17.0,25,150.0,22.83284754
27,1,176.8,68.8,9.0,76.0,114,41.8,19.6,52,258.0,22.01019635
34,1,168.5,87.1,29.4,85.0,148,53.2,19.0,40,176.0,30.67738555
56,0,172.0,60.0,19.5,70.0,120,20.6,15.0,25,170.0,20.2812331
25,0,161.6,45.4,27.9,64.0,123,24.3,21.3,60,179.0,17.38493775
27,1,177.3,77.08,18.9,76.0,127,47.7,10.7,59,189.0,24.52021279
26,1,171.1,60.3,19.0,95.0,155,45.3,17.1,53,215.0,20.59763192
59,1,178.9,83.6,20.5,79.0,127,46.9,8.6,42,180.0,26.12074722
21,0,155.3,62.5,28.6,89.0,133,35.5,22.1,56,220.0,25.91415821
23,1,166.6,61.1,20.2,80.0,149,33.9,6.1,44,230.0,22.01360736
42,0,160.1,66.7,37.8,86.0,135,26.3,19.3,23,150.0,26.02214965
21,0,163.9,49.7,31.0,80.0,133,23.6,6.8,13,165.0,18.50113966
25,1,167.8,64.4,23.1,87.0,117,38.5,12.6,45,221.0,22.87188477
39,1,174.4,70.8,24.3,78.0,132,41.6,12.0,44,168.0,23.27771231
22,0,166.5,53.8,23.5,71.0,117,22.3,19.5,32,203.0,19.40679418
24,1,177.5,76.4,24.1,86.0,159,39.7,11.6,48,181.0,24.24915691
52,0,166.4,61.1,23.9,63.0,120,15.5,21.0,27,148.0,22.06655649
32,0,173.6,63.8,22.3,83.0,128,34.4,18.2,40,175.0,21.17001848
53,1,172.3,71.8,17.0,90.0,135,48.7,24.9,43,211.0,24.18543424
35,1,173.6,84.08,25.4,97.0,157,48.8,26.4,58,229.0,27.89929708
24,0,166.9,56.1,32.7,70.0,101,23.5,-6.2,22,156.0,20.13956973
29,1,180.6,65.5,14.9,84.0,130,48.2,7.6,49,232.0,20.08194661
33,1,168.8,71.7,14.5,73.0,135,48.9,23.3,54,240.0,25.1636868
23,1,169.6,65.1,16.3,80.0,132,39.6,19.6,56,230.0,22.63233135
59,0,155.4,52.6,30.7,66.0,103,18.0,20.0,0,103.0,21.78129591
39,1,183.9,82.6,20.7,91.0,131,45.4,11.7,46,190.0,24.42398861
31,1,185.0,68.7,13.3,71.0,125,36.4,10.7,53,244.0,20.07304602
27,1,174.0,64.9,16.5,92.0,129,44.6,15.5,52,226.0,21.43612102
43,1,177.6,69.6,12.0,78.0,129,50.4,23.9,50,227.0,22.0659849
46,0,159.7,52.8,24.0,85.0,131,24.8,16.9,21,152.0,20.70256182
25,0,163.3,58.8,31.7,89.0,133,24.3,23.0,51,182.0,22.04981533
48,0,159.9,58.8,25.7,85.0,137,31.0,24.2,34,141.0,22.99748788
28,1,170.2,72.2,14.8,69.0,134,57.1,15.7,50,215.0,24.92401971
21,0,157.1,68.9,42.8,70.0,121,22.6,16.5,28,147.0,27.9168782
35,1,169.8,70.82,25.1,76.0,115,45.2,12.6,42,219.0,24.56295149
37,1,177.5,83.1,29.7,77.0,113,41.7,7.2,41,167.0,26.3757191
40,0,151.9,58.3,29.9,90.0,140,24.0,13.8,19,131.0,25.26696083
61,1,175.4,71.2,20.2,96.0,149,40.0,10.4,27,186.0,23.14306183
21,0,161.6,46.2,22.3,80.0,120,23.7,15.3,30,158.0,17.69128027
23,1,168.2,61.3,19.8,85.0,148,44.2,15.5,43,253.0,21.66748435
27,1,168.9,66.8,20.7,60.0,110,47.6,18.4,54,229.0,23.41624014
38,1,171.7,91.6,22.8,80.0,136,52.3,16.1,58,237.0,31.07097513
22,0,166.8,63.0,25.7,62.0,100,30.5,24.7,45,188.0,22.6437555
21,1,173.9,76.7,19.3,91.0,156,51.3,6.5,44,237.0,25.36274177
21,1,180.6,68.2,25.3,85.0,139,36.1,6.9,31,184.0,20.90975204
41,0,156.8,61.7,28.8,82.0,152,22.6,22.5,34,143.0,25.09533788
42,1,169.1,69.0,21.5,90.0,143,44.7,18.2,34,206.0,24.13025301
37,1,177.1,76.0,18.9,65.0,111,44.9,12.3,40,207.0,24.23128635
48,0,154.3,60.4,37.1,79.0,116,25.3,13.2,21,130.0,25.36910153
39,1,170.0,76.9,30.1,91.0,145,45.1,11.4,40,202.0,26.60899654
51,1,168.1,75.4,24.0,86.0,146,44.4,10.1,45,199.0,26.68307759
24,1,169.0,59.2,11.3,78.0,132,34.3,13.3,60,213.0,20.72756556
24,1,176.5,82.3,13.8,99.0,144,60.8,28.3,50,240.0,26.4186375
23,1,166.6,66.9,15.6,77.0,127,48.0,29.0,59,237.0,24.10327877
52,1,175.8,60.9,18.1,71.0,118,43.3,-9.0,32,215.0,19.7051412
25,1,162.8,70.1,27.8,95.0,139,36.3,8.4,55,221.0,26.44899758
60,1,172.3,68.7,15.0,88.0,157,35.3,18.2,33,191.0,23.14121633
44,1,182.3,74.3,20.6,85.0,149,43.0,13.6,32,185.0,22.35710037
42,1,182.2,87.0,20.2,94.0,135,50.3,15.3,53,215.0,26.20731371
38,1,169.0,73.2,30.5,76.0,123,44.0,16.9,45,212.0,25.62935471
56,0,163.3,66.62,38.0,90.0,151,26.8,19.9,21,101.0,24.98229077
41,1,170.6,72.1,28.8,84.0,135,40.0,0.8,28,223.0,24.77292062
27,1,165.0,64.3,25.4,75.0,123,49.0,16.1,55,218.0,23.61799816
21,0,158.5,48.8,22.5,61.0,102,29.1,21.7,36,169.0,19.42501169
47,0,168.6,67.3,26.4,98.0,156,26.3,14.8,23,148.0,23.67554165
29,0,160.8,78.32,38.2,94.0,135,32.0,14.0,31,128.0,30.29009183
21,0,161.8,53.6,27.0,71.0,124,19.4,12.6,11,167.0,20.47423837
21,1,171.4,68.7,18.1,69.0,131,49.1,20.9,51,211.0,23.38487764
25,1,175.4,73.7,17.3,84.0,142,47.2,7.0,56,233.0,23.95566934
42,1,175.0,80.4,27.1,93.0,149,40.6,16.0,22,210.0,26.25306122
35,1,180.5,73.1,15.1,84.0,144,37.9,25.6,43,185.0,22.43690579
60,1,168.0,59.0,21.1,84.0,158,37.2,15.9,37,191.0,20.90419501
34,0,167.9,56.6,23.8,68.0,103,29.0,23.9,27,171.0,20.07774984
58,1,164.2,63.7,19.5,77.0,123,31.8,12.4,52,193.0,23.62615924
24,0,157.1,60.5,35.3,66.0,126,28.4,12.8,35,148.0,24.51336911
24,0,163.2,58.0,27.2,85.0,122,24.3,23.3,53,198.0,21.7764802
26,0,167.2,64.9,31.3,64.0,110,28.2,25.1,33,163.0,23.21518509
24,0,157.8,54.3,29.4,75.0,110,30.0,22.3,25,158.0,21.80649327
23,0,161.2,55.46,28.9,70.0,101,20.5,6.3,12,148.0,21.34272115
52,1,172.4,71.3,23.6,86.0,128,42.3,10.0,34,200.0,23.98915811
39,1,170.0,70.1,28.5,87.0,124,36.2,10.6,36,201.0,24.25605536
33,1,178.0,67.5,16.7,74.0,139,46.5,15.8,53,221.0,21.30412827
36,1,172.3,87.5,29.6,80.0,137,40.6,12.5,41,200.0,29.4738927
41,1,170.5,85.6,25.5,85.0,143,50.3,15.4,57,230.0,29.4459112
60,1,169.7,66.0,18.7,67.0,103,35.0,8.6,24,172.0,22.91818659
36,1,176.3,73.2,27.8,87.0,147,40.7,21.1,43,213.0,23.55084296
22,0,158.5,53.0,26.0,79.0,129,25.9,21.7,34,172.0,21.09683647
39,1,172.0,74.8,13.4,80.0,118,51.0,22.3,41,247.0,25.28393726
33,0,159.7,51.9,33.1,93.0,135,25.7,16.7,35,144.0,20.34967725
40,0,162.5,64.6,32.5,74.0,117,26.0,10.6,35,140.0,24.46390533
32,1,175.6,79.0,20.3,80.0,137,44.3,16.4,56,221.0,25.61993763
47,1,174.1,82.4,30.3,96.0,153,36.0,5.3,51,205.0,27.18502079
21,1,175.5,78.7,14.4,66.0,132,56.8,17.2,69,226.0,25.55174065
48,0,156.4,48.3,16.3,88.0,129,32.4,26.6,68,190.0,19.74574996
63,0,149.4,57.0,38.0,65.0,119,25.9,23.5,0,69.0,25.53722252
41,0,165.2,67.5,30.4,72.0,123,27.4,19.9,35,177.0,24.73339235
43,1,166.8,75.6,28.4,79.0,132,42.4,14.6,51,198.0,27.1725066
36,1,171.0,80.9,27.8,95.0,145,43.2,23.3,45,203.0,27.66663247
22,1,179.0,74.6,18.1,75.0,154,41.7,7.1,54,186.0,23.28266908
64,1,160.0,62.2,21.9,89.0,151,35.2,17.3,44,164.0,24.296875
38,0,159.7,57.8,35.1,78.0,110,26.5,1.0,30,126.0,22.66303169
23,0,161.3,63.7,27.8,74.0,121,28.1,25.0,41,171.0,24.48334191
60,1,166.2,76.28,27.2,75.0,143,43.1,13.9,38,187.0,27.61522878
31,1,184.3,78.7,18.7,76.0,135,41.8,1.3,62,215.0,23.1698948
43,1,173.0,71.5,22.3,94.0,154,34.0,9.8,30,196.0,23.8898727
25,1,182.0,89.2,35.7,93.0,137,33.9,-1.1,19,187.0,26.92911484
27,1,167.6,66.0,10.1,88.0,145,43.4,19.4,63,234.0,23.49610677
25,1,176.0,68.0,11.9,71.0,139,53.6,21.1,75,265.0,21.95247934
26,1,174.5,73.5,21.2,81.0,130,43.0,11.2,38,210.0,24.13773286
25,0,166.6,51.98,20.2,67.0,118,26.1,12.5,34,166.0,18.72777923
25,1,176.6,71.1,12.9,84.0,138,58.6,11.0,34,224.0,22.79755133
25,0,160.7,59.2,29.0,72.0,134,26.3,14.6,42,197.0,22.92397643
35,1,168.1,67.6,11.1,69.0,115,47.3,26.7,65,214.0,23.92275921
37,1,175.1,63.3,12.1,89.0,151,42.3,15.6,45,219.0,20.64578583
27,1,172.1,73.2,21.9,86.0,158,48.7,18.5,51,234.0,24.7143584
39,1,181.9,95.0,16.9,85.0,141,49.2,24.9,62,228.0,28.7116537
26,1,171.7,67.3,13.9,62.0,102,28.8,-13.3,31,162.0,22.82834745
54,0,157.7,56.4,27.4,69.0,157,25.2,9.1,0,104.0,22.67857265
61,0,153.4,49.1,33.6,70.0,127,25.7,24.8,26,120.0,20.86559497
26,0,169.4,60.8,23.3,73.0,121,30.6,20.5,62,191.0,21.18735617
61,1,168.7,69.5,29.3,80.0,133,31.8,8.9,32,166.0,24.42050493
37,1,183.6,83.9,13.8,88.0,142,49.4,3.3,38,237.0,24.88952492
22,1,174.4,74.1,18.9,63.0,128,42.5,22.5,61,234.0,24.36269043
21,0,164.1,60.5,27.7,63.0,116,30.3,14.7,47,173.0,22.46664446
23,0,155.1,53.5,40.3,65.0,115,17.6,6.0,4,106.0,22.23976462
48,0,151.3,49.4,27.3,45.0,91,18.7,8.5,21,149.0,21.57988336
28,1,175.9,82.04,15.0,86.0,148,62.1,18.2,60,237.0,26.51514295
27,1,175.4,65.5,20.3,86.0,126,47.1,23.0,71,235.0,21.29031671
22,1,179.5,61.6,10.6,86.0,122,43.5,24.0,50,263.0,19.11841156
40,0,165.0,53.1,16.7,62.0,108,30.0,22.8,53,181.0,19.50413223
25,0,164.9,47.1,21.3,59.0,98,22.9,16.0,22,163.0,17.32126459
27,1,175.4,86.7,22.2,75.0,133,54.7,27.8,47,214.0,28.18122838
62,0,159.2,50.8,27.1,71.0,128,25.6,24.2,22,147.0,20.04368577
42,1,179.8,80.0,19.1,86.0,137,47.8,22.2,51,239.0,24.74631929
60,0,156.0,60.3,32.3,83.0,137,25.2,23.0,13,152.0,24.77810651
61,0,157.8,55.4,34.1,52.0,100,23.2,14.1,2,148.0,22.24824544
31,1,178.8,97.0,27.4,84.0,139,44.0,4.9,51,222.0,30.34147611
35,1,175.0,70.7,16.9,84.0,156,50.3,18.4,53,236.0,23.08571429
57,0,153.6,50.84,25.3,76.0,118,27.1,20.7,13,128.0,21.548801
37,0,155.3,45.22,25.7,88.0,137,21.6,15.6,44,181.0,18.74941175
23,1,177.9,75.96,21.3,82.0,139,47.4,9.4,50,203.0,24.00120575
55,0,156.3,54.9,35.7,73.0,114,23.2,16.1,16,135.0,22.4726552
46,1,176.1,69.2,11.3,81.0,151,48.1,16.3,42,238.0,22.31451143
37,1,175.1,86.4,14.1,86.0,151,55.1,28.2,58,258.0,28.18002995
53,1,167.0,61.4,17.8,89.0,154,30.2,21.0,43,210.0,22.01584854
27,1,172.5,63.6,14.9,81.0,144,44.3,13.6,45,256.0,21.373661
41,1,168.1,60.1,18.0,86.0,142,41.7,12.2,42,195.0,21.26860693
60,1,179.6,78.2,20.9,91.0,149,57.0,15.9,48,211.0,24.24343133
50,0,164.8,64.1,30.0,75.0,144,37.4,21.6,26,156.0,23.60171788
51,0,151.9,48.78,23.7,82.0,140,20.7,16.7,20,156.0,21.14103515
50,1,172.1,73.62,24.5,67.0,121,36.6,6.3,31,209.0,24.8561621
34,1,183.6,76.82,16.3,80.0,120,46.3,14.2,55,220.0,22.78919314
42,0,153.0,42.8,27.4,100.0,130,17.8,-4.7,22,127.0,18.28356615
33,1,178.8,83.3,21.9,75.0,110,47.9,0.0,40,225.0,26.05613361
30,1,171.5,58.2,15.1,69.0,128,41.0,6.8,57,222.0,19.7876735
27,1,181.2,68.4,21.2,68.0,131,34.8,-2.2,45,215.0,20.83241963
39,0,164.9,52.3,15.7,53.0,91,22.2,12.7,32,185.0,19.23359104
21,1,178.0,68.1,7.7,61.0,122,48.8,16.2,66,293.0,21.4934983
36,1,173.0,83.0,19.3,96.0,156,58.5,13.7,62,281.0,27.73229978
26,1,160.0,52.0,12.7,67.0,115,41.1,12.8,58,223.0,20.3125
26,1,173.5,68.7,15.16476,78.0,120,44.7,-8.6,50,200.0,22.82221429
34,1,180.7,71.9,16.6,80.0,158,54.1,17.1,54,227.0,22.01976021
28,1,170.5,70.4,17.1,83.0,144,39.4,19.2,52,223.0,24.21719799
32,1,172.4,72.3,20.1,97.0,146,49.5,14.6,61,223.0,24.32561194
26,0,157.6,50.1,23.9,63.0,111,24.2,22.0,52,160.0,20.17090108
28,1,183.0,70.88,14.4,76.0,124,58.1,17.9,40,216.0,21.16515871
23,1,168.2,65.8,18.8,73.0,130,42.8,12.5,48,213.0,23.25808271
29,0,160.5,56.4,32.0,81.0,121,26.0,19.8,56,173.0,21.89419746
37,1,171.1,72.0,24.4,88.0,143,49.7,20.6,47,220.0,24.59418737
57,0,164.3,66.1,32.3,82.0,134,26.2,15.9,21,135.0,24.48647854
27,1,181.9,83.5,21.5,61.0,119,57.9,18.7,59,215.0,25.23603246
23,0,159.5,52.8,29.9,93.0,127,24.8,13.0,40,135.0,20.75451303
28,0,171.9,61.2,26.5,82.0,127,32.5,19.5,40,191.0,20.71093324
25,0,161.9,57.1,36.9,95.0,143,28.7,23.6,38,161.0,21.78423988
47,1,169.9,75.1,22.2,89.0,129,46.6,16.8,31,214.0,26.01675812
45,1,174.0,80.8,21.5,75.0,123,51.4,9.1,41,200.0,26.68780552
28,1,161.9,61.7,11.1,72.0,120,41.4,10.0,56,250.0,23.53918741
27,1,177.5,77.6,23.1,81.0,120,44.7,21.0,46,258.0,24.63003372
39,1,174.3,72.6,17.9,76.0,135,56.1,10.4,45,202.0,23.89691542
37,1,172.6,80.2,17.12946,77.0,140,48.1,17.3,58,235.0,26.92109903
44,1,173.0,75.0,26.7,99.0,152,34.2,13.0,20,209.0,25.05930703
64,0,161.4,62.5,34.8,74.0,143,22.6,17.0,23,81.0,23.9923593
49,0,160.8,57.0,30.9,75.0,128,24.2,2.6,12,134.0,22.04462761
25,0,173.0,66.2,27.3,73.0,110,35.4,26.3,43,183.0,22.119015
22,0,162.3,52.9,20.7,86.0,152,26.4,22.6,52,202.0,20.08253962
35,1,171.6,94.7,36.8,97.0,145,34.0,-7.6,22,171.0,32.15995349
64,1,162.3,59.4,20.6,93.0,146,39.3,15.1,35,176.0,22.55014846
56,1,160.9,59.5,21.2,96.0,140,33.0,16.7,35,156.0,22.98290265
33,0,157.9,53.2,22.7,45.0,97,21.5,20.0,47,171.0,21.33768857
26,1,181.0,80.2,18.2,80.0,134,44.6,19.4,68,246.0,24.48032722
57,0,154.5,57.8,32.7,63.0,111,23.8,19.2,26,140.0,24.21424158
60,0,157.4,63.5,31.7,76.0,117,24.1,17.3,16,124.0,25.63092438
32,1,180.2,58.44,9.4,86.0,124,43.0,22.9,38,196.0,17.99702144
38,0,168.7,62.6,25.1,62.0,102,22.7,20.6,35,144.0,21.99602315
27,1,173.5,74.5,18.6,65.0,121,35.3,14.1,50,230.0,24.74898056
33,1,176.6,76.3,11.7,81.0,136,59.1,15.7,54,253.0,24.46488279
28,1,163.0,67.9,23.3,86.0,140,38.1,0.9,61,180.0,25.55609921
25,1,164.3,61.18,22.0,78.0,145,43.3,18.6,47,209.0,22.66388437
59,0,157.0,50.7,36.4,85.0,154,25.9,18.9,20,155.0,20.56878575
61,1,177.5,68.4,21.3,65.0,112,39.7,3.5,24,197.0,21.70997818
34,1,176.3,74.0,22.4,90.0,122,39.3,17.7,56,218.0,23.80822922
62,1,164.3,65.9,22.1,76.0,135,36.9,12.7,45,198.0,24.41238934
23,0,167.0,52.1,15.3,49.0,88,29.1,19.9,41,175.0,18.68120047
27,1,155.2,54.3,13.5,72.0,119,46.0,23.9,51,207.0,22.54324317
34,1,178.1,74.0,12.1,74.0,127,46.6,4.7,40,262.0,23.32941672
52,0,159.5,55.2,31.5,68.0,103,24.4,15.0,16,119.0,21.69789998
23,0,167.7,60.7,28.5,84.0,129,27.1,18.8,39,155.0,21.5835345
53,0,156.7,62.6,35.8,72.0,104,25.7,9.5,10,138.0,25.49390366
54,1,170.7,72.2,28.0,95.0,142,38.4,7.7,26,169.0,24.77822289
49,1,173.0,76.86,27.3,91.0,154,50.8,26.0,34,205.0,25.68077784
58,1,168.5,74.9,30.1,89.0,139,40.6,15.8,29,188.0,26.38043832
59,1,160.4,64.0,24.4,93.0,154,33.7,15.1,21,217.0,24.87546719
58,0,157.9,57.4,32.71151,84.0,117,23.6,23.1,16,135.0,23.02224294
41,1,177.4,79.2,18.1,79.0,133,50.1,4.2,49,218.0,25.16621778
62,1,165.6,67.6,25.7,84.0,152,40.5,9.8,41,188.0,24.65051693
61,1,167.2,68.6,20.1,90.0,150,39.0,13.9,39,165.0,24.53870104
32,1,174.5,71.1,18.4,76.0,147,41.4,15.2,53,219.0,23.34956199
26,1,173.6,70.5,16.4,68.0,106,48.3,15.5,52,214.0,23.39320223
46,1,167.2,68.8,24.5,77.0,119,46.7,11.0,43,213.0,24.61024244
46,1,170.5,75.1,20.1,78.0,133,39.0,18.7,63,206.0,25.83397116
41,1,176.4,75.1,23.7,94.0,131,40.1,8.9,41,196.0,24.13474838
31,0,160.6,56.6,31.0,85.0,119,30.7,10.4,35,144.0,21.94448278
22,1,179.6,70.0,13.1,74.0,127,49.7,16.7,51,248.0,21.70128124
63,1,164.1,59.6,19.8,81.0,144,46.3,10.9,33,218.0,22.13242991
32,1,177.0,76.4,18.1,68.0,139,49.8,15.2,50,210.0,24.3863513
36,0,159.6,47.9,25.2,68.0,106,18.1,21.2,31,148.0,18.80484419
43,0,151.6,48.1,18.6,78.0,136,26.7,22.0,44,130.0,20.92891305
25,1,171.7,73.5,16.9,81.0,130,38.8,24.0,47,240.0,24.93140472
35,1,168.8,72.7,21.7,68.0,118,39.1,19.6,41,197.0,25.51464477
37,0,170.7,71.3,34.7,76.0,121,31.1,15.5,38,175.0,24.46935308
43,1,175.2,76.1,7.6,74.0,117,47.0,2.4,50,191.0,24.79227914
23,0,164.4,64.3,27.7,72.0,130,29.0,23.4,43,199.0,23.7907069
35,1,184.5,98.4,28.8,73.0,155,40.8,-12.5,51,167.0,28.90695574
40,1,166.7,62.8,17.9,83.0,133,35.6,14.7,45,237.0,22.59895951
56,0,148.2,54.7,37.7,85.0,125,22.7,10.7,0,134.0,24.90525077
33,1,176.5,70.3,12.4,84.0,140,47.8,18.5,53,222.0,22.56658829
23,0,161.7,56.7,25.8,65.0,123,27.5,19.4,24,172.0,21.68517938
21,1,169.2,64.6,11.3,72.0,125,40.2,25.7,45,252.0,22.56481621
64,1,169.8,58.6,13.6,87.0,158,42.8,8.5,26,168.0,20.32461109
40,0,171.0,53.3,20.5,65.0,120,33.3,21.8,45,155.0,18.22783079
57,0,156.1,54.8,32.7,98.0,177,25.7,25.2,26,129.0,22.48923861
40,0,158.5,56.9,28.6,84.0,135,30.1,16.1,17,161.0,22.64924519
55,1,164.3,62.5,21.4,81.0,133,43.8,10.7,28,166.0,23.15287305
49,1,181.9,73.4,16.4,74.0,133,40.7,-7.0,36,200.0,22.18353033
59,0,155.1,57.3,40.4,73.0,155,19.4,16.21,0,116.0,23.81941145
47,1,169.1,71.2,24.7,77.0,117,41.2,12.2,37,210.0,24.89962339
59,1,160.7,56.8,18.2,90.0,142,29.1,15.9,45,187.0,21.99462603
22,0,153.6,52.0,24.1,71.0,115,25.4,22.1,34,157.0,22.04047309
22,0,166.0,59.88,22.7,93.0,150,34.5,18.3,52,202.0,21.73029467
24,1,173.0,62.4,13.9,69.0,118,34.9,14.0,31,188.0,20.84934345
42,0,164.5,63.7,32.2,72.0,135,22.7,0.8,18,146.0,23.54006338
28,0,155.2,47.1,18.5,83.0,124,19.9,18.3,34,154.0,19.55408386
35,0,158.1,65.26,38.8,92.0,141,29.2,21.0,36,146.0,26.10858467
23,0,162.2,63.1,33.4,68.0,115,27.1,19.7,47,180.0,23.98433378
51,1,172.6,71.3,20.3,82.0,137,42.4,13.2,34,220.0,23.93359552
26,0,159.1,55.3,27.9,60.0,106,31.3,27.2,34,162.0,21.84664603
27,1,180.7,86.5,22.9,71.0,129,55.4,19.5,42,241.0,26.49108843
33,1,179.0,71.6,13.2,63.0,112,46.3,14.6,50,252.0,22.34636872
33,1,181.0,79.0,19.0,83.0,132,51.4,6.2,50,186.0,24.11403803
51,0,161.0,66.0,30.4,94.0,147,23.3,14.0,22,165.0,25.46198063
62,0,155.5,52.8,26.97343,73.0,114,25.0,22.4,30,148.0,21.83600252
36,1,174.5,73.4,20.8,80.0,130,49.8,9.6,57,208.0,24.10489241
41,1,170.7,73.6,23.6,75.0,137,42.9,11.9,38,193.0,25.25868705
59,1,163.5,65.7,24.5,92.0,152,37.3,13.7,27,165.0,24.5770558
23,0,167.0,52.8,23.7,83.0,123,28.1,30.9,26,183.0,18.93219549
49,0,165.7,55.3,27.8,75.0,133,26.5,23.1,28,152.0,20.14095757
22,0,164.2,55.9,31.8,63.0,100,17.5,11.1,27,130.0,20.73316015
23,1,162.6,63.8,17.9,69.0,130,39.1,5.2,45,191.0,24.13123762
25,1,174.7,59.3,12.0,69.0,113,38.4,3.4,43,219.0,19.42982475
28,0,165.8,56.4,21.0,76.0,127,33.2,17.2,38,187.0,20.51682015
26,1,173.2,85.2,14.3,72.0,123,54.3,10.6,45,212.0,28.40166623
32,0,163.7,48.9,20.1,61.0,113,22.1,13.8,37,155.0,18.24784151
26,1,178.0,67.4,17.6,91.0,128,43.7,20.9,58,229.0,21.2725666
25,1,181.3,69.3,12.9,87.0,136,43.3,19.7,56,199.0,21.0832533
43,1,175.4,81.8,24.0,80.0,119,42.7,8.3,38,209.0,26.58851766
43,1,176.0,84.1,15.7,88.0,120,65.4,24.1,55,246.0,27.15005165
42,1,185.6,83.0,19.2,75.0,118,44.1,5.3,45,224.0,24.09473469
57,1,169.2,74.5,23.7,83.0,151,29.6,16.7,38,194.0,26.02289176
23,1,177.8,80.7,23.1,76.0,129,42.6,14.0,47,177.0,25.52760208
41,1,172.2,71.9,25.5,89.0,141,44.6,14.4,47,207.0,24.24725591
24,1,178.6,67.6,13.4,80.0,128,49.4,19.6,55,212.0,21.19257783
26,1,162.4,64.4,25.0,78.0,113,38.4,7.3,35,198.0,24.41820961
34,0,164.5,61.2,32.9,82.0,138,12.5,12.0,18,160.0,22.61619904
47,1,172.2,82.9,22.9,79.0,135,46.3,10.2,38,190.0,27.95685
60,1,162.5,55.0,9.3,66.0,105,38.8,9.8,45,178.0,20.82840237
34,1,173.2,69.3,20.5,69.0,124,47.2,4.7,43,230.0,23.10135528
27,1,175.0,94.1,26.2,91.0,151,57.8,25.0,48,211.0,30.72653061
45,0,159.0,63.1,30.9,93.0,144,34.1,19.0,30,155.0,24.95945572
28,1,173.2,72.6,15.3,88.0,139,39.2,15.7,55,233.0,24.20141982
32,0,173.2,65.0,29.9,77.0,126,30.5,23.2,35,137.0,21.66793785
23,0,159.4,56.5,32.1,83.0,112,24.7,26.2,23,150.0,22.23677561
32,1,179.9,77.7,15.2,66.0,126,55.6,17.3,60,208.0,24.00814979
35,1,188.5,87.3,16.5,77.0,143,44.2,6.9,39,217.0,24.56922936
42,0,157.1,59.7,33.0,81.0,149,26.3,16.9,27,153.0,24.18922538
25,0,158.9,45.6,22.7,83.0,135,26.0,11.1,31,168.0,18.05997099
21,1,171.1,83.0,25.8,96.0,146,42.5,7.3,48,227.0,28.35163266
31,1,169.5,65.9,11.8,84.0,131,34.9,11.5,56,233.0,22.93749619
21,1,177.3,81.4,11.8,74.0,144,43.9,5.9,51,202.0,25.89446447
23,1,163.6,56.8,15.0,96.0,157,40.2,8.9,53,188.0,21.22177653
59,1,171.4,67.8,21.4,88.0,135,47.6,11.0,36,177.0,23.07852553
21,0,165.0,53.4,22.6,79.0,119,29.7,24.8,25,136.0,19.61432507
35,1,178.2,81.9,21.1,80.0,126,46.0,12.2,45,215.0,25.79101906
47,0,161.7,56.6,18.7,63.0,118,32.3,22.0,43,170.0,21.64693392
41,0,162.6,55.0,26.6,69.0,107,27.2,21.8,26,163.0,20.80279105
37,0,148.7,38.1,22.8,83.0,123,19.7,19.6,31,165.0,17.23070466
23,1,181.9,89.1,13.5,71.0,130,51.6,17.7,49,250.0,26.92850889
46,0,158.0,52.3,26.5,81.0,120,28.6,19.3,32,158.0,20.95016824
49,1,170.9,68.2,22.1,75.0,146,44.9,5.7,48,195.0,23.35071855
54,1,176.5,75.3,18.4,85.0,132,50.0,28.4,45,229.0,24.17160879
21,1,180.0,73.4,20.1,67.0,120,42.1,6.7,54,232.0,22.65432099
39,0,161.3,54.6,31.0,78.0,117,22.7,15.0,23,155.0,20.98572164
48,0,159.6,57.7,29.9,96.0,150,26.1,16.8,37,148.0,22.65218183
62,0,158.7,59.3,34.2,78.0,143,30.5,24.6,20,160.0,23.54511629
21,0,158.1,53.6,27.63524,70.0,115,18.9,12.4,17,116.0,21.44376553
25,0,163.5,54.5,25.0,79.0,112,26.1,25.4,41,175.0,20.38735984
49,1,176.7,63.9,17.8,91.0,159,36.7,-8.2,30,213.0,20.46575445
26,1,185.8,101.4,21.1,93.0,158,53.6,11.1,47,254.0,29.37288032
49,0,155.9,57.0,23.3,67.0,104,25.1,17.5,25,110.0,23.45214795
29,1,172.4,86.8,28.8,86.0,139,49.3,-1.6,34,183.0,29.20419248
27,1,166.3,70.7,20.9,81.0,139,40.2,5.7,51,211.0,25.56435945
25,1,168.9,79.66,16.5,74.0,127,47.3,24.8,55,245.0,27.92421691
24,1,179.4,78.1,23.9,76.0,121,37.9,-13.1,37,217.0,24.26644494
21,0,165.0,51.1,14.9,82.0,121,30.7,27.1,55,202.0,18.76951331
40,0,159.1,50.4,16.6,67.0,115,28.7,25.7,32,162.0,19.91086726
64,1,164.3,66.82,15.8,78.0,141,43.3,19.3,41,178.0,24.75319963
22,0,157.1,45.4,19.8,82.0,111,26.9,21.8,43,190.0,18.39515632
27,1,180.0,71.4,14.7,89.0,120,60.5,17.1,59,223.0,22.03703704
42,1,163.0,62.1,20.1,95.0,151,38.0,17.0,47,244.0,23.37310399
56,1,177.4,76.7,24.7,86.0,148,40.0,13.9,33,192.0,24.3718296
28,1,170.0,84.2,13.5,93.0,139,42.6,23.5,51,241.0,29.1349481
31,1,171.4,77.0,28.6,92.0,128,40.5,5.0,37,205.0,26.21012487
56,1,168.4,85.5,33.3,81.0,121,37.1,-6.0,20,180.0,30.14962678
26,1,176.0,70.6,15.6,72.0,121,49.2,-6.1,47,246.0,22.79183884
54,1,169.7,66.6,18.6,75.0,147,47.2,21.7,43,213.0,23.12653374
21,1,172.7,66.3,14.5,80.0,129,42.8,23.0,67,266.0,22.22945695
33,0,153.0,53.2,35.5,53.0,99,18.9,6.4,11,124.0,22.72630185
23,1,164.2,68.5,25.2,73.0,123,40.7,9.2,46,215.0,25.40646637
58,0,154.6,53.5,33.6,79.0,124,22.8,21.7,18,121.0,22.38385083
35,1,167.2,72.5,13.4,92.0,150,43.9,19.8,55,246.0,25.93375838
61,1,158.5,60.5,26.8,77.0,141,33.7,5.9,31,171.0,24.08223786
23,1,173.2,80.3,33.0,75.0,142,34.4,8.3,37,204.0,26.76823707
25,1,178.5,94.1,24.0,80.0,145,44.4,11.7,40,221.0,29.53338198
37,1,171.2,70.5,23.1,87.0,142,39.2,10.5,58,204.0,24.05368373
27,0,145.4,46.8,29.3,75.0,128,22.6,21.5,39,163.0,22.13691207
50,1,181.1,86.0,23.1,88.0,138,38.8,17.0,42,191.0,26.22174264
21,0,153.5,52.7,38.4,82.0,118,15.8,-3.0,19,114.0,22.36628505
29,0,167.8,72.9,29.3,76.0,120,27.6,20.2,41,191.0,25.89068944
48,1,175.3,85.4,21.1,85.0,133,56.2,22.3,35,218.0,27.79035141
21,1,176.1,72.3,14.2,70.0,134,44.4,20.0,65,249.0,23.31414995
21,0,168.7,62.0,30.1,79.0,134,29.4,22.1,40,188.0,21.78519864
23,0,153.2,53.4,34.0,99.0,135,24.3,26.3,43,187.0,22.75221728
60,1,171.8,68.3,21.2,92.0,154,39.7,16.5,35,183.0,23.14058771
41,0,161.9,46.7,21.4,84.0,140,25.4,16.4,23,131.0,17.81653244
58,1,168.6,100.4,30.3,82.0,141,43.1,0.1,37,171.0,35.31982737
22,0,161.8,48.0,25.6,69.0,126,25.1,17.2,46,187.0,18.33513884
24,1,164.0,63.3,20.8,72.0,128,40.6,8.0,43,203.0,23.53509816
27,0,167.0,55.6,24.1,70.0,105,28.4,26.4,43,173.0,19.93617555
28,1,176.8,85.9,24.9,66.0,121,48.2,6.3,49,226.0,27.48075387
28,1,169.0,70.7,14.5,84.0,140,61.9,14.4,56,246.0,24.75403522
25,0,158.6,46.2,17.8,62.0,115,22.1,19.6,21,135.0,18.36688935
41,0,157.4,54.0,23.5,65.0,111,25.1,16.0,40,190.0,21.79637663
24,0,155.4,51.0,21.6,70.0,118,37.5,19.0,40,155.0,21.11874699
39,0,170.0,51.5,16.8,55.0,100,30.6,23.5,29,140.0,17.8200692
32,0,157.1,49.96,23.9,80.0,120,28.0,14.0,39,165.0,20.24277555
51,0,155.9,51.2,20.4,64.0,107,29.7,20.6,28,150.0,21.06578904
48,1,173.7,82.9,28.5,90.0,148,38.9,3.4,30,170.0,27.47608768
58,1,165.3,69.9,19.8,91.0,148,46.9,18.6,47,160.0,25.58182176
55,0,155.1,66.5,39.5,77.0,135,24.7,18.2,13,102.0,27.64381957
21,1,179.0,62.5,11.4,73.0,120,26.0,6.8,52,173.0,19.50625761
47,1,168.1,76.8,23.6,96.0,159,49.1,18.0,46,211.0,27.17851934
43,1,167.4,74.4,28.2,92.0,137,42.7,0.3,34,182.0,26.54984734
21,1,170.1,66.5,14.3,73.0,117,43.1,18.7,61,237.0,22.98333345
22,1,185.2,71.7,8.3,89.0,147,45.0,11.7,58,234.0,20.90437517
54,1,164.8,69.1,22.8,96.0,123,40.3,12.3,39,190.0,25.44272552
36,1,169.6,81.3,34.1,90.0,150,35.6,7.2,40,183.0,28.26434007
28,1,172.2,71.6,15.1,65.0,115,55.0,15.4,68,234.0,24.14608516
60,0,160.6,90.3,48.9,81.0,156,29.2,12.8,7,101.0,35.01036741
24,0,165.8,82.5,42.7,85.0,133,26.3,6.6,15,97.0,30.01130608
33,1,175.6,93.5,32.4,95.0,138,46.9,3.4,45,215.0,30.32233125
27,0,160.7,64.8,27.2,63.0,117,30.6,19.2,52,163.0,25.09246068
45,1,179.6,80.8,14.3,92.0,132,50.4,22.5,56,258.0,25.04947892
26,1,177.8,70.1,11.5,60.0,125,38.7,15.4,63,249.0,22.17453414
21,0,156.9,45.7,19.7,74.0,128,22.7,30.7,57,206.0,18.5639467
48,0,153.0,51.7,27.5,81.0,144,24.2,16.4,24,132.0,22.08552266
54,1,177.2,73.0,22.0,95.0,147,36.5,12.7,32,183.0,23.24852611
35,0,162.3,54.2,29.2,69.0,122,25.1,29.7,28,161.0,20.57606138
44,1,180.5,78.7,24.1,81.0,131,51.5,10.2,41,221.0,24.15573852
37,0,167.6,67.4,36.5,88.0,133,26.6,14.5,29,144.0,23.99450903
30,0,167.0,52.9,17.7,66.0,108,27.9,15.4,33,168.0,18.96805192
60,0,149.1,63.3,42.7,73.0,134,23.8,21.6,3,118.0,28.47399622
21,0,163.9,52.0,28.9,75.0,120,24.0,15.6,30,132.0,19.35732922
50,1,171.9,66.7,20.2,76.0,124,43.6,19.2,36,195.0,22.57220992
60,0,152.4,56.1,35.2,65.0,98,22.4,15.8,18,138.0,24.15421498
23,1,174.9,70.1,9.4,85.0,137,40.4,18.3,62,222.0,22.91597812
61,1,173.6,84.7,28.8,83.0,146,37.4,11.3,14,178.0,28.10502453
44,1,171.3,77.9,22.8,94.0,148,42.0,17.9,45,205.0,26.54744512
45,0,161.7,53.7,27.1,73.0,124,16.9,14.6,33,144.0,20.5378154
49,0,166.9,66.8,32.2,66.0,130,23.6,26.1,27,145.0,23.98080674
21,1,171.5,62.6,18.2,84.0,143,36.8,17.9,48,195.0,21.28364882
46,1,173.6,81.4,25.5,84.0,122,62.4,22.1,48,219.0,27.01002357
32,0,171.0,79.6,30.5,99.0,147,36.1,30.1,45,205.0,27.22205123
58,0,163.7,65.0,31.4,67.0,128,29.3,15.0,13,140.0,24.25582205
37,1,172.8,79.3,24.7,79.0,144,38.8,5.8,49,239.0,26.55740955
25,0,160.0,57.9,28.2,77.0,117,33.0,23.0,43,171.0,22.6171875
47,1,177.9,76.3,17.1,90.0,139,53.9,16.0,43,236.0,24.10863611
25,1,173.4,67.6,28.3,77.0,117,33.2,6.4,25,195.0,22.48270229
36,1,169.4,66.5,17.0,62.0,118,39.4,10.4,46,182.0,23.17367081
52,1,170.7,87.6,28.0,69.0,117,40.5,15.4,58,195.0,30.06332861
44,1,165.0,57.1,16.2,87.0,120,40.3,11.0,24,211.0,20.97337006
28,1,175.8,67.0,18.1,68.0,118,37.4,17.3,60,244.0,21.67889097
28,0,162.9,63.1,27.1,91.0,149,34.2,31.0,49,176.0,23.77864979
28,1,172.1,67.0,17.8,78.0,138,41.1,13.7,50,215.0,22.62106575
27,0,174.8,71.2,28.3,56.0,93,28.1,13.8,42,190.0,23.30221135
24,1,179.5,78.5,14.7,76.0,117,42.7,12.5,47,242.0,24.36356018
39,1,181.7,94.0,27.6,75.0,134,55.4,6.4,26,217.0,28.47200157
21,1,173.1,69.5,17.0,83.0,122,42.7,1.7,53,238.0,23.19480196
26,0,166.2,58.5,30.8,65.0,114,17.9,4.5,17,142.0,21.17843319
25,1,179.6,89.3,24.8,79.0,137,39.1,-9.7,43,182.0,27.6846345
56,1,170.0,74.0,26.4,74.0,140,38.6,12.2,37,166.0,25.60553633
21,1,175.0,78.5,19.5,78.0,142,24.6,3.8,45,217.0,25.63265306
36,1,172.7,81.8,21.7,60.0,159,45.4,12.0,60,187.0,27.42638881
51,1,167.4,56.4,13.2,77.0,123,30.8,9.2,46,212.0,20.12649718
40,0,161.5,58.2,30.7,78.0,108,21.6,25.2,20,127.0,22.31402582
23,1,181.8,87.3,18.2,86.0,153,44.4,1.2,37,129.0,26.41353244
26,0,157.7,51.4,19.6,71.0,111,30.1,19.5,49,171.0,20.66806089
22,0,160.5,50.7,22.9,91.0,137,25.9,25.6,44,202.0,19.68148601
28,1,172.5,63.7,6.0,65.0,115,40.3,15.6,62,226.0,21.40726738
38,1,164.3,73.5,23.4,87.0,139,45.4,19.5,57,200.0,27.22777871
21,1,176.3,83.5,29.3,81.0,147,32.6,0.7,57,232.0,26.86469108
30,1,174.5,76.4,19.4,76.0,118,45.7,21.2,53,220.0,25.09010599
47,0,164.0,58.0,31.0,80.0,120,30.0,19.0,40,160.0,21.56454491
24,1,181.0,59.4,9.7,74.0,125,28.8,17.0,51,245.0,18.13131467
25,1,174.4,67.6,16.3,84.0,139,53.7,24.7,41,231.0,22.22561232
30,1,180.0,81.7,15.1,80.0,120,42.6,14.7,56,221.0,25.21604938
41,1,180.3,79.7,20.2,79.0,118,45.7,13.0,50,208.0,24.51697408
21,1,180.8,87.2,19.1,86.0,145,36.4,18.4,61,241.0,26.6759339
23,1,174.6,70.3,13.3,82.0,112,38.1,12.6,56,213.0,23.06040054
55,1,177.3,76.5,28.2,89.0,141,45.6,8.0,28,178.0,24.33570678
33,1,184.5,108.3,30.2,87.0,152,58.7,16.7,50,224.0,31.8152775
50,1,164.9,68.1,15.7,78.0,123,40.6,21.0,48,194.0,25.04412142
21,1,166.6,57.04,9.5,59.0,107,35.7,27.5,56,232.0,20.55083738
56,0,151.3,50.0,27.2,84.0,119,28.4,21.5,21,125.0,21.8419872
23,1,170.1,70.9,30.4,71.0,128,31.4,7.6,38,190.0,24.50403522
42,1,178.0,74.6,22.0,90.0,148,35.7,7.0,40,215.0,23.54500694
59,0,154.1,59.92,34.6,74.0,127,20.1,21.4,16,103.0,25.23286286
43,1,173.0,69.0,16.1,96.0,131,41.6,9.5,45,199.0,23.05456246
43,1,170.0,73.8,22.7,86.0,126,42.4,9.5,50,204.0,25.53633218
32,1,182.3,81.3,20.7,84.0,156,45.7,8.3,46,218.0,24.46342207
38,0,160.0,56.1,22.49118,93.0,146,28.4,31.2,31,180.0,21.9140625
25,1,173.4,68.4,9.8,81.0,118,33.6,20.1,48,185.0,22.74876977
62,1,167.0,61.8,10.2,70.0,119,40.9,12.9,35,195.0,22.15927427
30,1,180.4,74.3,19.1,93.0,136,56.7,18.0,36,240.0,22.83051706
64,0,148.2,53.1,33.0,94.0,152,33.3,19.6,31,119.0,24.17676081
38,0,168.0,74.0,24.4,96.0,110,31.2,17.4,40,178.0,26.21882086
52,1,173.6,84.1,30.2,86.0,129,32.9,4.2,36,195.0,27.90593345
49,0,160.8,59.7,27.5,81.0,117,25.8,13.7,30,129.0,23.08884681
43,1,177.2,76.3,12.2,94.0,139,37.7,9.7,41,198.0,24.29948688
32,1,170.0,75.9,34.4,78.0,124,34.1,7.3,37,211.0,26.26297578
35,1,174.9,72.9,16.0,62.0,100,52.0,15.0,50,215.0,23.83130963
27,1,173.5,65.3,14.3,76.0,137,39.1,12.1,46,229.0,21.69273061
30,1,179.7,75.7,22.8,83.0,142,37.6,8.0,50,223.0,23.44227332
21,0,158.6,47.3,21.2,72.0,104,18.5,20.2,38,173.0,18.80419624
22,1,181.1,88.5,23.0,75.0,138,43.0,23.9,55,231.0,26.9840026
27,0,166.0,54.1,29.1,75.0,134,22.4,24.6,29,179.0,19.63274786
25,1,168.5,73.0,27.7,81.0,135,47.5,14.2,47,213.0,25.71124162
49,1,164.5,67.44,25.7,71.0,114,33.7,14.6,30,179.0,24.92216443
58,0,151.9,54.8,36.7,65.0,115,17.2,5.9,15,103.0,23.75007639
28,1,161.5,52.1,33.2,77.0,120,18.4,-6.0,10,121.0,19.97527054
21,0,158.0,45.6,28.9,70.0,120,19.7,19.7,43,164.0,18.26630348
37,1,176.9,79.6,28.2,79.0,127,44.9,14.5,42,193.0,25.43650285
49,1,176.2,73.3,22.2,88.0,147,45.0,9.9,33,223.0,23.6097923
21,0,160.6,47.96,27.7,75.0,118,20.7,19.9,42,162.0,18.59465361
27,0,152.9,47.1,22.5,80.0,110,24.1,20.1,29,158.0,20.14679356
22,0,165.7,57.0,20.1,61.0,113,21.3,12.7,40,194.0,20.76011901
38,1,179.0,83.4,26.8,88.0,134,31.4,-14.1,32,182.0,26.02915015
22,1,180.2,92.2,21.8,79.0,128,54.7,21.5,64,250.0,28.39365805
22,1,166.0,76.1,19.1,77.0,140,37.1,17.8,61,226.0,27.61649006
23,1,170.7,70.4,18.8,58.0,111,34.5,11.2,53,225.0,24.16048326
24,0,174.5,62.8,26.3,84.0,130,27.6,24.7,35,176.0,20.6238044
21,1,169.6,64.5,10.9,77.0,134,46.2,21.5,65,248.0,22.42373843
37,0,162.7,71.3,30.0,75.0,116,28.0,2.7,16,159.0,26.93484148
21,1,175.0,84.7,28.0,61.0,133,50.9,11.6,42,156.0,27.65714286
25,1,183.8,83.02,17.2,71.0,132,41.0,9.5,53,229.0,24.57489749
23,1,174.1,68.3,9.3,73.0,136,44.9,23.0,61,203.0,22.53321505
23,0,159.5,55.9,34.8,78.0,127,24.7,20.0,24,156.0,21.97305451
29,1,184.3,89.5,17.8,77.0,127,54.7,21.7,54,234.0,26.34949917
22,1,167.0,71.0,22.6,82.0,132,48.5,17.0,48,205.0,25.4580659
30,1,176.1,68.9,17.7,92.0,156,48.4,17.6,63,237.0,22.21777222
31,1,178.3,79.1,13.7,78.0,129,55.3,15.0,46,217.0,24.88134179
37,1,181.3,82.0,29.1,75.0,118,38.4,23.5,34,209.0,24.94699524
22,0,159.0,58.1,31.9,76.0,133,12.0,16.5,26,141.0,22.98168585
21,1,186.8,79.1,12.3,79.0,135,50.4,-1.5,45,235.0,22.66849772
29,0,156.7,52.2,26.2,65.0,103,22.3,19.0,31,172.0,21.25849474
62,0,152.7,48.6,31.5,66.0,118,23.1,19.6,24,142.0,20.84290241
64,1,172.0,67.9,15.9,76.0,135,34.3,22.5,51,186.0,22.95159546
50,0,160.4,67.5,36.4,61.0,115,31.2,17.4,25,137.0,26.2358443
49,1,167.6,64.9,22.8,90.0,141,42.5,14.1,42,195.0,23.10450499
23,1,175.5,93.9,27.3,93.0,148,37.0,1.6,39,189.0,30.48676553
25,1,175.0,72.54,12.3,60.0,120,44.8,18.7,48,212.0,23.68653061
21,0,171.9,69.5,32.1,98.0,142,27.4,17.6,34,141.0,23.51976896
43,0,166.7,55.9,28.5,81.0,119,28.3,20.4,19,181.0,20.11595281
53,1,177.3,88.48,35.6,76.0,130,36.3,6.4,18,183.0,28.14671027
23,1,177.1,74.2,15.5,76.0,122,42.7,23.4,57,213.0,23.65738747
61,1,166.0,66.4,24.5,83.0,123,32.6,3.1,22,174.0,24.09638554
41,0,157.7,73.5,43.4,71.0,116,25.1,10.1,8,106.0,29.55452287
50,0,166.6,56.0,17.1,78.0,115,31.1,21.8,23,153.0,20.17613768
38,1,166.7,70.4,29.9,94.0,124,33.4,15.7,25,213.0,25.33386544
40,1,173.2,67.7,13.1,83.0,144,39.3,18.2,57,218.0,22.56799066
21,1,171.6,72.5,24.5,74.0,136,33.3,-3.0,33,203.0,24.62087252
32,1,176.9,78.3,12.9,67.0,112,55.5,16.3,54,248.0,25.02108258
24,0,158.0,49.6,19.4,88.0,130,23.3,26.9,48,176.0,19.8686108
49,0,156.7,64.1,32.8,67.0,123,22.8,18.0,11,106.0,26.10477994
59,1,172.3,78.0,24.0,86.0,150,31.8,12.7,39,184.0,26.27387006
21,0,167.3,55.1,34.9,83.0,117,20.8,21.5,40,160.0,19.68610136
50,1,166.0,66.2,23.5,78.0,124,40.6,17.3,47,202.0,24.02380607
25,1,186.1,97.4,25.6,64.0,135,66.8,-14.6,36,199.0,28.12329553
32,1,171.1,80.8,15.4,94.0,155,64.7,18.5,44,263.0,27.6001436
32,0,162.3,50.8,19.5,58.0,101,28.9,18.8,52,163.0,19.28531215
24,0,167.4,56.9,28.6,60.0,120,26.1,14.9,45,169.0,20.30492357
49,1,174.7,67.4,21.2,86.0,142,32.2,1.4,30,174.0,22.0838143
24,0,163.2,59.26,32.9,80.0,127,27.0,20.9,44,140.0,22.24955546
54,0,158.1,57.7,28.7,76.0,150,27.7,23.5,7,138.0,23.08405356
38,1,174.8,68.0,18.2,79.0,134,41.6,16.7,47,220.0,22.25492096
51,0,159.0,69.6,35.3,88.0,130,27.7,15.5,10,127.0,27.53055654
44,1,179.4,92.7,29.8,81.0,139,44.5,15.6,33,208.0,28.80280981
22,1,174.2,81.4,26.2,88.0,154,44.4,22.0,51,220.0,26.82428184
63,0,151.2,58.2,33.0,63.0,103,18.6,19.8,23,135.0,25.45771395
29,0,160.7,47.5,22.2,81.0,107,19.5,18.3,42,170.0,18.39339325
31,1,165.6,60.8,13.9,74.0,134,45.7,13.6,52,229.0,22.17087913
60,1,164.0,64.7,29.6,80.0,120,45.2,1.5,24,154.0,24.05562165
42,1,172.4,67.5,18.6,86.0,124,46.3,25.4,60,226.0,22.71063356
37,1,173.3,68.8,22.3,79.0,135,49.2,15.5,57,249.0,22.90821829
21,0,159.3,49.3,21.3,63.0,109,26.7,21.8,36,180.0,19.42743067
63,1,164.8,66.0,23.7,80.0,152,32.2,11.4,31,165.0,24.30130078
56,0,166.6,61.3,24.3,78.0,117,33.2,26.1,26,157.0,22.085665
30,1,177.5,77.2,24.0,67.0,108,49.3,-0.5,35,210.0,24.50307479
23,1,179.0,86.9,20.1,81.0,123,46.6,19.6,56,207.0,27.12150058
30,1,168.0,81.0,18.9,87.0,148,62.4,21.2,51,248.0,28.69897959
36,1,179.7,86.7,22.2,80.0,128,45.6,6.4,49,211.0,26.84868028
29,1,179.1,74.1,18.8,84.0,134,42.1,18.6,55,229.0,23.10080086
21,0,162.3,58.9,31.7,78.0,117,27.6,17.5,39,180.0,22.36033239
25,1,170.9,73.4,20.2,83.0,123,42.1,13.4,59,207.0,25.13112524
45,1,172.5,76.8,22.7,91.0,134,42.5,5.5,43,214.0,25.80970384
30,1,184.7,91.0,22.0,84.0,143,48.2,-9.5,48,227.0,26.67519491
26,1,175.8,73.7,10.7,79.0,135,47.2,14.7,47,256.0,23.84678007
45,0,155.1,53.0,35.8,70.0,138,26.4,21.2,22,133.0,22.03191635
24,0,157.1,60.3,30.6,86.0,130,31.9,20.2,41,186.0,24.43233317
49,1,172.6,69.7,30.1,77.0,120,33.8,2.2,16,190.0,23.39651624
42,0,162.4,60.7,24.0,66.0,100,37.4,21.5,43,172.0,23.01530006
25,0,158.7,43.5,24.4,75.0,115,20.9,19.4,26,167.0,17.27171263
22,1,182.0,70.5,17.6,62.0,117,47.8,-2.3,34,202.0,21.28366139
29,0,168.6,76.7,39.0,93.0,145,24.6,13.8,26,160.0,26.98237808
36,0,158.2,64.3,33.6,64.0,109,27.6,22.1,30,137.0,25.69200599
49,1,165.6,68.64,23.3,86.0,136,47.5,21.8,49,188.0,25.02975565
33,1,169.6,75.5,16.4,81.0,142,50.0,23.1,59,239.0,26.24794188
45,0,160.0,56.3,28.6,88.0,128,21.7,10.0,25,127.0,21.9921875
61,0,157.2,49.2,21.4,90.0,154,29.2,18.9,20,165.0,19.90948468
63,0,152.1,66.7,39.8,77.0,121,22.7,10.1,4,117.0,28.83151116
52,0,160.7,74.1,31.8,90.0,154,23.3,16.7,26,154.0,28.69369347
55,1,174.0,70.5,19.7,88.0,145,36.0,18.2,32,199.0,23.28577091
22,1,180.2,79.6,14.2,95.0,153,43.0,25.2,50,260.0,24.51339676
39,1,176.2,81.5,24.8,78.0,134,43.6,6.0,38,216.0,26.25099689
21,0,162.1,73.0,48.2,85.0,146,26.2,10.3,19,157.0,27.7815729
30,1,175.9,66.2,14.9,74.0,121,47.3,21.4,52,225.0,21.39569068
32,0,170.0,56.6,27.2,85.0,114,28.6,10.9,43,159.0,19.58477509
30,0,162.1,58.4,19.5,80.0,138,27.6,17.9,59,186.0,22.22525832
51,0,153.1,52.7,29.3,71.0,107,23.4,22.7,27,144.0,22.48330924
47,1,173.1,73.25,21.4,89.0,151,46.0,19.7,35,206.0,24.44632005
38,1,167.0,63.0,9.8,70.0,115,43.3,24.21,49,228.0,22.58955144
41,1,169.3,54.4,24.9,96.0,148,31.8,-2.6,25,159.0,18.97950946
24,1,173.3,68.5,10.0,60.0,106,52.2,7.4,62,223.0,22.8083278
39,0,164.9,60.6,26.6,63.0,111,27.3,31.6,37,177.0,22.28595826
42,1,169.2,65.4,19.3,63.0,110,43.5,16.0,68,211.0,22.84425666
32,1,178.1,64.0,14.5,83.0,135,59.8,16.5,52,238.0,20.17679284
21,0,159.9,52.0,24.0,57.0,109,26.8,26.4,36,218.0,20.33791445
37,0,156.6,50.3,23.4,51.0,106,21.6,18.5,29,133.0,20.5108883
21,1,171.4,56.5,14.7,74.0,116,42.6,7.9,45,214.0,19.23210461
22,1,178.7,76.4,13.1,93.0,140,50.4,20.4,53,230.0,23.92457621
49,0,151.5,52.0,27.6,77.0,144,23.8,21.3,39,154.0,22.65573092
28,1,182.0,73.1,15.8,73.0,127,45.1,-3.5,46,202.0,22.06859075
54,0,166.9,68.8,32.4,87.0,136,29.7,21.4,28,140.0,24.69879496
29,1,177.0,88.3,25.7,64.0,132,45.2,16.3,44,194.0,28.18474895
26,1,172.7,77.1,21.1,83.0,123,44.4,16.4,60,257.0,25.85054496
32,0,168.0,59.5,22.7,68.0,103,29.0,13.1,51,182.0,21.08134921
45,1,170.1,66.8,20.0,96.0,123,38.2,16.0,45,218.0,23.08701767
23,1,177.5,72.2,17.3,70.0,118,37.1,11.4,32,167.0,22.91608808
21,1,175.6,72.8,15.4,65.0,122,44.4,26.3,68,257.0,23.60925898
26,0,156.2,46.5,29.2,75.0,124,26.2,14.0,25,177.0,19.05859555
30,1,166.0,65.6,21.6,99.0,153,43.3,16.2,49,246.0,23.80606764
26,1,165.9,66.1,22.8,72.0,125,42.1,18.6,47,228.0,24.01644309
48,1,169.8,75.4,14.7,94.0,149,51.4,24.7,55,246.0,26.15146205
45,0,160.6,59.2,35.7,58.0,93,19.9,25.4,19,91.0,22.95253323
21,0,164.7,55.6,22.9,94.0,125,23.8,15.7,41,172.0,20.4968722
26,1,178.3,68.4,17.2,81.0,123,57.0,16.0,58,230.0,21.51559771
22,1,171.5,62.2,13.3,66.0,124,37.6,18.3,56,252.0,21.14765106
52,1,167.8,67.4,26.0,93.0,167,39.1,10.0,40,200.0,23.93734524
28,1,175.1,71.5,26.6,99.0,129,38.9,15.9,49,224.0,23.32027941
27,0,170.8,59.72,23.2,79.0,136,29.2,20.9,40,167.0,20.47123606
42,1,171.9,67.7,22.9,54.0,108,43.7,6.2,36,199.0,22.91062386
21,1,172.8,76.7,18.6,74.0,127,42.1,10.8,54,242.0,25.68667481
27,1,170.3,73.1,18.4,74.0,123,41.6,0.8,44,208.0,25.20508005
55,1,178.0,65.9,15.6,71.0,125,40.3,13.0,30,186.0,20.79914152
44,1,169.1,75.9,24.2,75.0,101,37.5,9.6,60,206.0,26.54327831
35,1,181.3,78.6,21.4,91.0,137,41.4,21.5,39,235.0,23.91260763
60,1,168.9,55.6,14.2,65.0,107,41.7,15.5,32,182.0,19.49016395
56,0,159.0,53.2,24.7,57.0,101,21.0,12.6,23,160.0,21.04347138
64,0,147.0,52.4,36.0,70.0,115,24.1,24.7,17,126.0,24.24915544
44,1,175.6,72.1,15.5,85.0,150,44.6,12.5,40,228.0,23.38224688
53,1,174.1,72.6,19.5,73.0,133,37.8,7.3,49,184.0,23.95185084
47,0,164.9,60.7,29.3,97.0,159,20.7,2.0,11,152.0,22.32273377
34,1,173.4,70.04,19.9,63.0,118,42.4,13.6,51,224.0,23.29420811
32,1,168.2,62.9,18.6,97.0,134,37.8,20.7,56,226.0,22.23303044
38,0,164.0,57.8,27.6,74.0,138,29.8,18.4,29,193.0,21.49018441
27,0,158.8,47.7,26.7,80.0,127,20.3,14.0,21,144.0,18.91548071
21,0,170.2,55.1,16.0,85.0,124,26.7,26.2,44,186.0,19.02096241
34,0,162.1,79.3,43.5,96.0,155,24.6,20.1,13,135.0,30.1791607
30,0,158.3,51.5,24.8,59.0,113,26.7,26.0,53,156.0,20.55158868
40,0,159.4,52.6,25.9,96.0,134,26.9,26.3,31,162.0,20.70184774
63,1,164.0,56.5,19.7,60.0,100,34.0,13.3,6,159.0,21.00684117
42,0,154.2,51.6,20.5,78.0,142,26.6,17.5,24,153.0,21.70106032
26,1,174.5,62.4,13.7,70.0,129,34.1,6.4,46,229.0,20.49244259
32,1,177.0,72.6,16.5,83.0,146,48.2,14.7,41,237.0,23.1734176
59,0,162.7,49.0,20.3,67.0,130,24.8,14.5,0,130.0,18.51062037
51,0,165.0,60.6,33.5,88.0,128,27.5,20.5,27,97.0,22.25895317
24,1,169.3,65.4,20.4,71.0,115,38.0,21.5,50,246.0,22.81727791
39,0,167.1,64.48,18.4,74.0,125,21.7,29.4,33,143.0,23.09256257
56,0,155.1,46.4,30.2,82.0,149,24.9,24.3,11,121.0,19.28831922
38,1,184.3,94.1,19.3,78.0,132,57.9,27.4,50,244.0,27.7037751
29,0,166.1,61.9,19.3,64.0,124,34.2,24.7,43,161.0,22.43630753
57,0,149.4,55.76,35.0,67.0,123,19.3,26.0,28,126.0,24.98167592
30,1,169.3,71.6,17.8,75.0,117,52.0,8.5,44,220.0,24.98038377
51,1,170.0,63.8,18.1,83.0,146,29.1,16.0,38,215.0,22.07612457
28,1,178.9,71.4,26.6,85.0,130,55.3,19.1,45,211.0,22.30886784
64,0,145.5,54.38,35.1,76.0,126,13.1,3.6,15,81.0,25.68699
21,0,167.6,68.9,32.2,71.0,129,32.3,24.9,43,199.0,24.52851146
47,1,169.1,64.6,13.7,80.0,129,44.6,18.1,45,201.0,22.59151224
26,1,175.3,82.9,18.2,78.0,123,57.2,10.4,53,238.0,26.97681653
58,1,165.7,65.34,20.9,77.0,135,27.2,11.7,16,179.0,23.79765221
47,1,173.4,82.9,34.4,73.0,110,36.7,8.8,28,195.0,27.57124289
36,0,161.4,72.0,42.7,58.0,110,28.1,14.5,11,154.0,27.63919791
30,1,163.7,65.5,23.6,84.0,116,43.5,14.5,42,230.0,24.4424053
62,0,152.5,60.1,34.9,83.0,150,23.1,17.7,13,127.0,25.84251545
22,1,173.5,66.9,17.0,82.0,142,35.7,8.1,58,172.0,22.22425234
21,0,169.2,64.9,35.3,68.0,125,29.9,22.3,39,174.0,22.66960638
22,1,179.0,69.2,10.6,71.0,119,31.6,10.4,56,218.0,21.59732842
21,1,173.9,62.3,8.3,69.0,131,40.0,13.6,52,253.0,20.60102754
26,0,154.5,60.4,33.8,76.0,126,26.5,22.3,28,165.0,25.30346352
30,0,154.4,48.9,27.2,69.0,105,21.0,20.6,23,135.0,20.51229563
29,1,170.0,66.0,20.6,95.0,145,39.6,6.0,38,185.0,22.83737024
47,1,167.7,67.6,14.8,65.0,110,52.9,19.4,61,220.0,24.03701701
28,1,171.5,69.6,24.2,99.0,153,36.2,6.6,43,220.0,23.66360955
26,1,183.3,88.7,12.8,81.0,133,56.7,21.7,55,274.0,26.39968166
28,0,165.2,58.5,31.6,74.0,129,30.4,26.6,33,164.0,21.4356067
38,1,174.5,89.7,29.5,69.0,135,53.0,6.0,43,200.0,29.45788622
23,0,160.6,58.3,29.3,69.0,124,33.4,20.9,39,175.0,22.60359269
21,1,168.6,58.9,12.6,87.0,116,30.2,16.9,44,217.0,20.72049634
45,1,170.4,71.08,17.9,80.0,125,41.3,14.0,57,225.0,24.47982102
21,0,172.7,61.0,24.6,70.0,108,27.2,20.8,56,178.0,20.45244154
22,1,162.9,78.0,33.5,91.0,147,32.3,4.4,45,191.0,29.3935766
21,1,181.0,71.8,8.3,82.0,136,45.3,14.6,60,220.0,21.91630292
32,1,176.1,75.5,18.4,86.0,148,55.7,6.6,53,210.0,24.34603487
46,1,168.4,75.0,19.0,74.0,119,44.0,16.4,41,195.0,26.44704103
40,1,171.0,75.8,25.2,96.0,139,38.3,-5.4,33,201.0,25.92250607
21,0,164.1,56.9,27.5,76.0,124,27.9,20.0,29,203.0,21.12978628
24,1,170.9,63.1,11.7,62.0,115,40.2,8.4,42,229.0,21.60455045
23,1,170.8,71.9,17.2,98.0,144,48.7,12.1,60,235.0,24.64638099
21,1,168.3,67.2,19.1,68.0,105,39.7,-8.4,48,196.0,23.72471702
26,1,166.0,83.6,29.2,87.0,143,47.9,20.4,53,211.0,30.33822035
34,0,164.2,56.9,26.7,67.0,105,25.9,28.8,31,156.0,21.10405747
54,0,152.3,48.2,25.4,75.0,128,20.3,26.0,26,136.0,20.78008078
27,1,169.6,60.0,6.4,74.0,125,42.4,12.7,64,257.0,20.85929156
37,1,171.4,71.1,18.2,59.0,104,44.8,17.6,51,242.0,24.2018166
22,0,170.9,62.4,27.8,90.0,104,34.4,17.4,34,160.0,21.36488031
60,0,148.5,55.0,32.0,58.0,105,19.9,14.2,15,108.0,24.94076568
44,0,159.0,57.4,33.9,99.0,137,26.3,16.2,40,144.0,22.70479807
23,0,162.7,51.7,19.0,76.0,110,32.6,21.4,59,200.0,19.53059333
35,0,169.9,73.7,33.9,85.0,143,34.4,16.8,32,165.0,25.53175863
56,0,159.9,80.72,46.1,88.0,152,26.1,24.5,18,138.0,31.57070104
28,0,162.0,58.3,25.2,90.0,132,29.4,22.5,48,170.0,22.21460143
40,1,178.8,81.2,16.3,70.0,133,53.8,11.0,63,240.0,25.39925629
30,0,167.0,52.1,27.0,67.0,108,21.1,-1.4,39,140.0,18.68120047
28,0,157.7,47.1,21.7,69.0,114,27.5,20.2,56,185.0,18.93902078
23,1,170.0,75.7,20.1,78.0,121,53.6,18.4,58,220.0,26.19377163
57,0,153.2,59.1,40.3,83.0,142,18.6,11.7,15,103.0,25.18082474
25,0,167.0,61.3,32.5,66.0,109,28.5,-6.5,22,169.0,21.97999211
24,0,163.2,55.7,28.5,82.0,137,25.0,2.6,30,161.0,20.91293012
60,0,166.8,56.0,18.3,77.0,142,23.7,21.8,31,123.0,20.12778267
24,1,175.8,81.8,20.8,59.0,106,49.9,6.0,43,209.0,26.46766092
39,1,177.7,81.8,20.1,86.0,151,40.6,9.0,50,184.0,25.9046929
29,1,172.0,66.3,11.7,79.0,128,41.0,26.4,60,271.0,22.41076257
51,0,155.9,56.0,35.0,85.0,143,28.5,17.4,20,133.0,23.04070676
26,0,157.3,45.6,21.5,64.0,103,22.2,19.3,55,162.0,18.4292388
48,0,161.8,55.1,17.2,67.0,127,31.2,23.4,51,181.0,21.04721145
40,1,176.1,79.1,21.0,87.0,132,41.8,9.7,28,222.0,25.50690541
51,1,163.9,59.8,18.8,77.0,124,46.3,21.2,49,190.0,22.26092861
60,1,171.9,74.7,21.7,81.0,121,43.5,16.4,40,197.0,25.27952146
39,1,180.6,73.2,14.9,79.0,119,42.8,16.1,46,226.0,22.44272506
39,0,164.6,46.9,25.0,62.0,113,21.5,10.3,24,155.0,17.31064224
21,0,160.2,56.86,16.4,80.0,120,30.5,29.1,44,189.0,22.1555141
51,1,173.6,69.1,17.0,96.0,158,47.3,14.5,37,222.0,22.92865637
21,1,173.3,74.9,25.5,82.0,136,41.2,0.9,50,212.0,24.93932485
22,0,166.8,54.6,23.9,68.0,102,28.9,25.5,37,175.0,19.6245881
46,0,165.5,56.7,28.0,83.0,133,31.4,18.9,31,161.0,20.70079682
60,1,171.2,69.8,25.6,80.0,138,39.8,18.9,28,184.0,23.81485283
27,1,164.0,61.7,20.3,77.0,131,31.1,22.3,38,224.0,22.94021416
25,0,166.0,51.5,27.4,84.0,119,22.0,23.5,47,208.0,18.68921469
36,1,174.8,77.9,24.0,76.0,124,49.1,12.5,44,223.0,25.49497562
30,1,178.4,73.6,16.4,88.0,128,55.5,17.5,44,252.0,23.12533934
42,1,173.0,75.7,20.3,96.0,152,41.9,12.0,33,220.0,25.29319389
27,1,169.5,56.52,16.6,88.0,127,35.3,-0.3,38,202.0,19.67264469
23,1,169.9,80.3,24.1,79.0,155,47.9,12.6,51,222.0,27.81818478
50,0,156.0,44.4,19.6,68.0,119,22.8,26.5,19,140.0,18.24457594
27,0,164.0,52.1,16.4,65.0,110,26.2,26.0,51,184.0,19.37091017
27,0,169.8,64.9,26.9,83.0,132,31.3,12.3,49,159.0,22.5096802
49,0,153.0,53.1,35.3,62.0,104,25.7,14.2,16,124.0,22.68358324
61,0,153.4,52.0,34.9,91.0,134,19.4,18.7,17,118.0,22.09798245
22,0,170.2,51.2,24.8,74.0,113,24.5,25.0,29,170.0,17.6746511
41,1,175.4,71.8,20.6,68.0,117,28.0,4.6,31,185.0,23.33808763
58,1,164.3,86.0,33.6,94.0,151,40.9,-0.8,23,127.0,31.85835332
47,0,159.7,60.6,34.3,73.0,127,24.7,12.6,25,148.0,23.76089482
22,0,163.8,56.2,25.4,78.0,134,24.1,23.2,50,195.0,20.94635794
33,1,178.0,71.5,21.6,75.0,119,41.8,14.2,66,211.0,22.56659513
27,1,170.3,74.6,22.0,98.0,151,47.9,14.5,53,170.0,25.72228415
28,1,167.9,62.1,14.0,62.0,110,45.3,19.0,55,238.0,22.02876794
56,0,158.7,63.7,35.5,92.0,154,24.8,2.0,10,130.0,25.2921401
24,0,163.7,55.3,27.3,85.0,112,23.8,15.3,41,158.0,20.63610707
30,1,182.1,80.34,13.8,96.0,158,51.3,17.9,42,244.0,24.22768597
57,0,154.3,67.5,41.2,87.0,148,28.9,22.1,0,113.0,28.35123101
37,1,177.7,71.6,11.4,78.0,120,49.7,25.1,58,231.0,22.67452337
24,1,170.2,79.7,13.2,93.0,149,51.7,17.0,64,259.0,27.51307993
21,1,174.7,86.1,23.8,89.0,142,46.9,13.7,57,277.0,28.21092598
27,0,155.9,50.8,23.4,71.0,136,27.0,22.9,47,186.0,20.90121256
23,1,173.7,78.5,12.7,87.0,143,52.9,18.0,57,233.0,26.01776699
33,1,177.5,68.0,16.9,83.0,117,43.5,12.1,52,195.0,21.58301924
21,1,169.5,68.1,18.2,79.0,145,43.6,20.3,75,226.0,23.70323962
32,0,166.2,58.5,25.7,71.0,117,37.4,20.2,38,163.0,21.17843319
43,0,160.6,58.5,31.8,56.0,109,23.6,20.0,21,153.0,22.68113503
51,1,162.4,58.4,9.4,84.0,159,47.5,25.3,53,229.0,22.14322114
50,1,171.1,63.68,18.7,88.0,143,32.8,16.6,46,194.0,21.75219238
64,0,158.6,52.7,28.9,57.0,114,21.1,25.5,21,126.0,20.95097551
21,0,162.2,55.3,24.9,84.0,131,28.5,24.2,46,207.0,21.01955084
27,1,175.0,77.0,20.3,68.0,116,37.3,4.9,57,226.0,25.14285714
28,1,169.8,75.9,24.1,81.0,130,45.1,12.7,38,239.0,26.32488024
28,1,176.4,83.1,25.2,89.0,144,41.7,-0.3,37,186.0,26.70569362
28,1,163.4,85.9,25.5,85.0,127,36.1,11.3,28,175.0,32.17281483
55,0,158.2,64.4,38.8,80.0,116,25.1,23.3,5,132.0,25.73196245
45,1,173.9,64.0,14.7,87.0,157,45.6,13.5,43,211.0,21.16317436
39,1,171.7,67.3,19.5,78.0,124,46.6,7.2,45,218.0,22.82834745
32,0,160.1,51.8,18.1,73.0,120,30.3,23.8,37,180.0,20.20910572
45,1,163.5,88.4,32.6,86.0,122,50.1,-1.2,15,188.0,33.06867174
26,1,180.6,80.1,7.9,72.0,134,57.3,21.0,51,261.0,24.55822783
24,0,155.0,49.7,33.5,76.0,130,23.2,18.0,36,155.0,20.6867846
42,1,174.0,76.7,17.2,76.0,130,43.6,17.0,64,222.0,25.33359757
25,0,160.2,58.2,31.7,77.0,117,31.9,10.6,35,163.0,22.67764545
59,1,173.3,67.5,17.2,80.0,140,37.9,11.5,36,190.0,22.47535951
42,1,175.2,83.6,22.8,99.0,151,46.3,11.8,36,232.0,27.23567065
35,1,178.1,80.4,27.5,89.0,140,48.2,20.0,45,202.0,25.34709601
40,1,174.0,76.6,25.9,93.0,150,40.2,16.3,50,239.0,25.30056811
42,1,169.1,75.8,9.0,74.0,134,47.0,17.4,47,226.0,26.50830693
30,1,176.4,71.7,17.9,68.0,130,53.4,24.3,56,210.0,23.04209666
30,1,179.5,90.8,18.3,79.0,130,56.9,21.3,51,230.0,28.18103522
37,1,168.8,99.2,44.8,96.0,136,34.6,6.3,21,191.0,34.81503111
26,0,159.3,49.8,26.8,87.0,124,30.8,22.6,53,165.0,19.62446343
29,1,172.6,66.2,13.0,91.0,136,46.7,20.8,49,254.0,22.22165531
55,1,172.8,70.5,19.4,85.0,135,40.9,25.6,35,199.0,23.61030736
25,0,164.0,61.0,23.5,69.0,131,33.3,32.7,39,182.0,22.67995241
26,1,164.2,70.9,22.1,75.0,125,52.0,11.6,61,227.0,26.29661994
21,1,186.4,64.5,8.7,76.0,129,29.6,24.2,57,255.0,18.5638435
45,0,161.8,56.9,26.0,67.0,116,18.3,17.5,38,135.0,21.73477916
30,1,177.3,70.6,8.8,76.0,130,61.1,17.9,48,229.0,22.45883528
60,1,169.8,66.6,29.7,75.0,128,47.2,15.2,38,220.0,23.09930203
62,1,170.4,72.9,22.8,97.0,149,49.1,14.5,27,174.0,25.10662567
40,0,160.4,56.5,24.8,93.0,159,24.2,23.2,35,173.0,21.96037338
54,0,156.6,54.5,34.7,79.0,127,20.8,19.8,26,145.0,22.22352709
27,1,158.0,49.7,25.9,83.0,116,23.7,8.0,43,147.0,19.90866848
40,0,158.1,54.0,24.5,82.0,130,25.4,22.7,52,168.0,21.60379363
32,1,171.2,70.8,20.3,75.0,141,38.7,8.3,49,196.0,24.15603983
50,0,155.5,66.3,34.8,86.0,156,22.9,14.1,29,120.0,27.41907135
27,1,169.6,64.1,9.4,80.0,130,37.8,30.5,53,251.0,22.28467649
28,1,175.8,93.3,33.5,80.0,137,42.6,11.5,38,215.0,30.18866459
44,1,169.3,70.5,22.5,97.0,148,30.9,12.0,37,235.0,24.59660692
32,0,172.9,60.8,20.1,86.0,126,30.4,22.2,34,186.0,20.33825053
21,1,170.7,68.1,8.3,60.0,116,34.4,23.6,64,249.0,23.37114929
41,0,160.5,67.9,33.6,71.0,116,27.7,20.0,7,164.0,26.35843984
22,1,167.7,68.5,14.7,91.0,156,42.2,8.8,56,171.0,24.35703646
63,0,153.9,51.0,26.0,80.0,159,24.3,15.6,24,137.0,21.53242467
21,0,155.8,53.7,24.2,62.0,112,29.1,14.0,31,174.0,22.12276362
37,1,173.8,68.4,14.3,81.0,126,43.3,12.7,46,240.0,22.64417786
57,0,162.1,71.4,39.1,82.0,150,28.6,18.0,15,114.0,27.17266171
50,0,161.2,52.1,25.1,61.0,112,27.0,21.7,24,145.0,20.04968936
60,0,169.3,61.3,26.1,79.0,131,31.9,22.8,30,164.0,21.38683694
59,0,159.8,64.9,34.2,82.0,131,24.6,16.2,26,125.0,25.41506044
41,1,172.1,77.5,20.4,98.0,150,55.1,16.3,43,239.0,26.16615814
34,1,182.4,90.3,17.7,71.0,123,52.0,13.8,38,213.0,27.14176477
54,1,171.1,68.58,22.6,84.0,136,40.9,11.8,48,196.0,23.42596347
24,1,177.3,70.8,18.8,70.0,142,38.6,7.0,56,196.0,22.52245804
23,1,175.4,71.7,14.7,73.0,125,53.3,19.2,49,223.0,23.30558333
60,0,153.3,64.9,37.5,91.0,155,24.5,13.8,0,105.0,27.61597539
55,1,165.3,72.16,14.1,70.0,116,37.7,14.5,41,212.0,26.40893073
63,1,166.8,58.4,20.7,77.0,122,33.0,10.4,30,181.0,20.99040192
56,0,169.0,53.1,17.8,74.0,119,22.2,4.8,32,147.0,18.591786
58,0,154.7,51.0,26.4462,60.0,117,25.9,23.2,20,141.0,21.31029927
25,0,154.3,47.2,25.3,67.0,110,27.3,22.0,37,190.0,19.8248608
30,1,181.0,81.88,15.5,80.0,120,43.3,14.9,59,223.0,24.99313208
64,1,183.5,75.4,17.2,80.0,143,46.5,21.0,34,188.0,22.39232603
57,1,169.9,69.5,18.3,88.0,144,48.6,11.1,26,164.0,24.07676018
38,1,173.5,80.5,22.2,75.0,137,49.4,7.2,47,224.0,26.74218705
46,1,168.9,68.5,16.4,83.0,123,50.5,24.3,52,234.0,24.01216242
57,0,150.2,62.1,43.3,81.0,132,19.1,11.9,4,117.0,27.52654694
63,1,167.9,68.5,24.2,77.0,118,34.9,8.8,29,185.0,24.29904354
39,0,155.5,52.8,30.9,99.0,130,24.0,14.7,22,150.0,21.83600252
28,0,165.5,69.6,30.3,86.0,134,37.5,21.9,46,159.0,25.41050191
23,0,160.6,55.5,20.4,70.0,113,25.4,15.3,52,170.0,21.5179999
25,1,176.3,79.1,15.1,82.0,118,50.7,10.0,54,251.0,25.44906664
21,1,187.9,74.7,21.06,73.0,123,44.7,7.7,45,221.0,21.15763115
63,1,171.2,70.9,17.1,90.0,136,44.9,12.5,44,203.0,24.19015853
32,1,178.5,74.6,21.2,73.0,143,42.1,7.2,56,193.0,23.41328688
33,1,171.5,65.82,11.0,74.0,126,45.6,11.6,52,235.0,22.37843076
48,1,165.9,65.2,19.6,84.0,148,36.9,20.9,50,204.0,23.68944159
44,1,176.9,76.92,19.7,60.0,150,41.7,6.4,49,240.0,24.58009798
54,0,151.4,55.5,31.4,84.0,134,26.0,16.4,33,113.0,24.21258915
39,1,184.4,85.7,18.5,92.0,138,49.8,13.7,46,223.0,25.20339166
23,0,156.9,47.4,26.1,59.0,95,21.2,9.2,30,113.0,19.25450927
49,0,158.3,54.0,23.5,70.0,108,24.4,21.0,33,147.0,21.54923861
23,0,171.0,67.3,31.8,81.0,134,36.3,20.5,49,169.0,23.01562874
46,0,149.7,68.5,42.5,88.0,141,23.9,14.3,14,149.0,30.56658853
22,0,163.4,56.8,29.9,69.0,128,24.6,28.3,41,164.0,21.27375882
48,1,169.1,72.2,26.1,99.0,150,42.0,20.0,52,202.0,25.2493372
34,1,170.2,79.3,27.3,81.0,133,43.0,-3.7,35,196.0,27.37499672
60,1,168.0,62.6,20.4,72.0,109,37.4,6.0,32,159.0,22.17970522
27,1,178.0,72.4,14.1,77.0,138,47.8,26.1,67,263.0,22.85065017
21,1,164.5,58.2,24.7,76.0,110,30.9,-7.5,25,180.0,21.50756183
55,0,155.2,57.5,32.0,77.0,132,29.4,24.7,35,185.0,23.87175842
35,1,176.5,82.1,21.6,86.0,137,56.4,10.1,56,252.0,26.35443668
21,0,161.2,50.2,29.3,71.0,130,40.1,22.3,32,163.0,19.31851067
21,1,169.3,70.7,27.8,90.0,133,35.0,1.3,18,198.0,24.66638453
21,1,174.4,55.4,11.8,97.0,132,33.5,13.8,39,210.0,18.2144811
58,0,160.7,52.9,27.5,89.0,136,22.3,11.9,16,133.0,20.48443164
21,0,168.7,56.4,29.9,99.0,147,26.1,24.4,40,150.0,19.81750328
49,0,152.3,47.6,30.0,75.0,111,18.6,18.1,23,165.0,20.52140758
26,1,163.0,74.4,19.1,85.0,146,53.6,12.1,64,245.0,28.00255937
21,1,175.2,66.3,11.2,70.0,118,41.6,18.6,55,255.0,21.59958091
33,1,176.4,81.6,24.0,74.0,125,39.5,-2.3,44,170.0,26.22364138
43,1,162.6,70.4,27.4,92.0,132,27.6,5.0,40,190.0,26.62757255
43,0,156.4,50.0,19.3,73.0,123,32.4,23.8,34,175.0,20.44073495
33,1,180.6,80.9,13.6,91.0,150,46.6,20.9,57,230.0,24.80350352
43,1,167.9,87.3,28.9,97.0,154,43.6,18.7,39,208.0,30.96797812
45,1,173.7,72.4,15.1,73.0,146,46.3,21.8,53,225.0,23.9960042
24,1,176.2,73.16,17.0,74.0,135,43.5,15.6,56,246.0,23.56469856
51,1,165.7,68.0,24.7,65.0,129,39.7,25.0,41,212.0,24.76645777
22,1,180.4,76.4,11.7,62.0,113,44.3,13.3,42,243.0,23.47579412
60,1,160.6,64.8,29.7,98.0,139,30.2,12.8,18,179.0,25.12371881
22,1,180.3,65.2,6.5,84.0,122,48.3,10.8,55,220.0,20.05654592
51,0,154.4,64.1,34.4,79.0,139,20.1,16.4,20,143.0,26.88830573
35,1,175.0,74.0,19.2,84.0,123,46.0,11.5,47,217.0,24.16326531
64,1,155.6,70.0,29.7,84.0,138,37.7,10.4,27,151.0,28.9120479
21,1,167.5,56.2,9.7,81.0,120,45.0,17.2,65,270.0,20.03118735
31,1,183.6,80.5,24.4,76.0,122,40.4,-1.8,59,212.0,23.88089102
28,1,174.2,75.6,16.6,74.0,117,54.8,12.0,52,240.0,24.91296938
33,1,171.1,68.7,21.6,84.0,147,48.5,11.6,47,217.0,23.46695378
26,1,181.1,72.12,19.4,87.0,133,49.4,9.5,42,214.0,21.98967534
28,1,173.8,67.7,17.1,70.0,127,43.5,27.1,45,217.0,22.4124392
25,1,178.8,74.5,21.5,85.0,136,35.3,25.5,36,218.0,23.30350485
61,1,167.9,77.1,27.9,90.0,154,40.9,12.7,43,203.0,27.34972638
26,1,180.1,74.1,26.1,79.0,128,31.9,3.7,49,198.0,22.84498001
41,1,175.7,81.2,22.0,80.0,117,43.7,14.3,42,199.0,26.30343736
61,1,158.6,43.2,14.9,59.0,117,22.7,10.3,26,130.0,17.1742342
25,1,171.2,65.1,11.8,67.0,127,45.1,22.2,54,239.0,22.21127391
27,1,180.6,75.4,18.4,81.0,149,46.1,5.7,47,222.0,23.11723319
41,0,157.5,50.8,19.9,86.0,126,26.1,22.0,36,171.0,20.47871
29,0,171.2,56.76,27.5,70.0,124,27.7,17.8,25,152.0,19.3657743
23,0,162.8,53.0,27.4,74.0,107,28.8,24.5,28,125.0,19.99710231
22,0,170.7,67.6,24.9,55.0,105,33.7,19.8,51,179.0,23.19955495
26,0,157.6,50.6,30.4,65.0,103,26.5,15.3,50,165.0,20.37220748
50,0,160.0,54.0,21.7,87.0,131,20.7,27.5,29,180.0,21.09375
27,0,161.0,51.9,26.2,61.0,100,23.3,22.3,35,169.0,20.02237568
22,1,176.8,83.8,32.8,81.0,136,35.8,0.8,48,178.0,26.80893102
55,0,155.4,53.3,27.9,69.0,111,21.4,25.1,23,134.0,22.07116107
60,1,159.2,69.2,20.5,96.0,143,47.8,7.6,33,206.0,27.30360344
22,0,164.6,66.4,32.7,62.0,103,25.8,21.2,48,179.0,24.50803081
22,1,179.7,72.2,8.4,72.0,119,50.5,26.0,61,285.0,22.35841657
23,1,160.0,65.3,35.8,73.0,142,39.3,-3.4,29,164.0,25.5078125
48,1,162.1,73.82,24.3,67.0,100,41.2,23.0,49,187.0,28.09363988
44,0,164.5,63.6,28.3,93.0,123,28.6,19.9,38,138.0,23.5031088
23,1,178.0,74.4,21.9,91.0,133,35.9,15.2,40,235.0,23.4818836
46,0,157.4,50.8,24.0,60.0,94,22.3,19.4,26,124.0,20.5047395
52,0,162.2,57.4,24.2,60.0,111,27.0,22.2,38,147.0,21.81776163
23,1,167.9,66.1,16.9,68.0,138,40.2,25.9,59,259.0,23.44769019
24,1,178.5,95.4,26.0,72.0,132,59.6,0.7,53,185.0,29.94138832
24,1,175.5,79.9,15.4,85.0,145,47.1,23.5,46,250.0,25.94134788
23,0,157.9,63.1,38.0,80.0,122,22.3,17.6,17,131.0,25.30842385
22,1,167.4,59.1,9.1,70.0,105,47.2,3.5,35,274.0,21.0899997
21,0,159.7,54.4,27.7,71.0,112,32.1,21.0,40,165.0,21.32991218
35,1,172.3,76.6,19.7,92.0,144,40.0,18.3,46,209.0,25.80228778
25,1,168.0,66.1,20.5,65.0,113,35.0,14.2,30,209.0,23.41978458
25,1,184.0,88.1,20.7,97.0,152,55.8,15.1,61,247.0,26.02197543
28,0,171.8,63.6,23.3,98.0,139,27.5,33.4,42,189.0,21.54819002
22,1,183.7,74.4,10.9,77.0,123,44.8,11.5,66,222.0,22.04725996
27,1,164.7,59.1,30.5,81.0,144,26.8,24.1,41,151.0,21.78714293
25,1,177.6,76.2,21.2,93.0,155,45.9,21.3,55,255.0,24.15844899
63,0,156.9,55.9,31.3,88.0,160,25.6,6.0,4,60.0,22.70732212
64,1,166.5,60.92,21.7,82.0,138,30.9,4.9,13,143.0,21.97512828
28,0,166.7,58.1,18.0,60.0,100,37.9,24.4,37,198.0,20.90763611
35,1,183.2,91.5,22.4,75.0,142,45.7,7.0,46,123.0,27.26278103
25,1,174.0,77.6,24.4,77.0,157,48.6,18.6,59,211.0,25.63086273
57,0,148.0,54.0,33.6,78.0,135,27.4,18.8,16,137.0,24.65303141
54,1,172.5,75.92,21.4,99.0,146,43.6,19.1,43,190.0,25.51396765
27,0,169.8,58.2,24.5,61.0,111,30.1,17.5,53,151.0,20.18587655
49,0,153.9,49.4,35.5,84.0,145,23.2,10.9,21,120.0,20.85689762
26,0,157.7,51.1,20.3,69.0,110,25.0,23.1,39,207.0,20.54743018
46,1,174.3,72.3,23.1,79.0,133,40.9,5.8,19,190.0,23.79816784
35,1,169.9,61.7,22.2,85.0,136,38.1,14.3,37,216.0,21.37462018
56,1,174.4,72.5,20.7,98.0,151,34.1,18.5,30,176.0,23.83664043
39,0,152.3,57.6,34.6,82.0,126,25.4,6.3,12,150.0,24.83262766
23,1,175.0,86.0,23.1,85.0,134,61.0,21.0,60,243.0,28.08163265
29,1,173.0,73.1,22.2,91.0,137,51.8,17.2,52,231.0,24.42447125
36,1,179.8,83.0,16.9,90.0,144,53.8,10.75,46,220.0,25.67430627
22,0,164.6,84.7,44.6,93.0,138,22.6,12.0,28,97.0,31.26250316
21,1,169.5,75.2,24.0,68.0,122,49.0,18.7,58,230.0,26.17450248
22,1,183.5,76.9,15.7,86.0,143,40.9,22.8,56,253.0,22.8377967
38,1,175.7,70.3,17.9,88.0,136,38.4,7.3,54,205.0,22.77255722
27,1,172.3,72.3,9.8,50.0,112,44.3,18.2,72,236.0,24.35385648
22,1,168.5,61.22,13.3,80.0,120,38.0,15.7,49,218.0,21.56222209
21,1,169.5,58.2,15.4,88.0,135,42.0,16.0,45,211.0,20.25739421
21,1,171.7,83.8,17.9,55.0,132,41.8,3.3,63,217.0,28.4251934
28,1,171.4,72.2,14.2,83.0,138,53.0,15.0,62,260.0,24.57624696
27,0,166.3,52.3,26.5,98.0,129,30.0,20.5,43,146.0,18.91111739
23,1,166.8,87.6,34.5,87.0,138,45.0,11.5,49,215.0,31.48560288
39,1,176.1,70.4,22.7,68.0,125,34.1,20.2,50,242.0,22.70146828
40,0,162.1,52.7,25.9,62.0,119,22.5,18.3,36,145.0,20.05601222
48,1,162.8,72.4,27.3,96.0,140,37.6,20.1,31,174.0,27.31679636
40,1,178.4,80.3,26.9,97.0,148,9.4,15.3,42,206.0,25.23049931
51,1,165.7,58.1,17.9,94.0,145,36.3,12.1,29,200.0,21.16075289
34,0,156.8,55.0,32.4,80.0,120,19.7,20.4,26,140.0,22.37023636
33,1,175.2,87.5,26.6,90.0,149,49.4,5.6,34,214.0,28.50623423
58,1,175.2,75.0,26.0,80.0,120,45.8,-2.0,29,198.0,24.43391506
21,0,158.4,51.7,28.4,76.0,115,25.1,20.1,52,168.0,20.60535915
22,0,166.5,63.6,28.4,75.0,131,29.8,14.3,45,198.0,22.94186078
33,1,178.1,81.1,18.4,58.0,116,48.1,22.1,54,249.0,25.56777968
64,1,167.4,61.5,24.1,84.0,139,35.0,6.2,18,165.0,21.94644639
37,0,163.9,56.2,26.6,94.0,130,25.0,20.6,28,180.0,20.92080582
27,1,174.3,86.6,20.4,84.0,138,54.3,10.6,46,231.0,28.50513603
64,1,170.7,62.2,20.3,78.0,117,38.8,16.4,19,200.0,21.34633607
57,0,153.5,52.9,30.1,66.0,102,21.5,20.6,31,124.0,22.45116659
28,1,176.7,85.8,25.7,80.0,138,41.8,9.2,40,240.0,27.47983931
35,1,179.3,70.1,14.0,72.0,120,45.1,18.9,50,272.0,21.80506767
63,0,150.1,68.4,43.0,74.0,134,18.0,0.0,0,70.0,30.35950716
32,1,164.0,65.8,20.6,93.0,143,36.3,4.8,37,191.0,24.4646044
22,1,180.6,63.2,7.8,74.0,122,45.3,13.2,42,220.0,19.37677902
56,0,157.1,51.4,27.5,83.0,155,25.3,11.1,29,120.0,20.82623425
26,1,172.9,71.4,14.4,81.0,143,50.3,18.3,58,260.0,23.88406394
30,1,173.4,83.34,26.7,85.0,128,31.3,2.7,43,196.0,27.71758001
35,1,173.1,74.7,16.6,83.0,142,46.9,24.3,59,215.0,24.93024038
21,1,171.5,80.0,20.6,71.0,128,42.6,8.9,44,243.0,27.19955121
25,0,165.2,47.6,25.2,85.0,139,24.0,24.8,34,150.0,17.44162187
33,1,164.5,63.1,21.2,83.0,149,37.7,10.0,49,230.0,23.31833594
41,1,175.3,77.2,20.6,91.0,151,61.4,23.7,44,219.0,25.12195701
22,1,167.3,61.4,16.4,68.0,114,38.8,19.9,67,240.0,21.93696232
46,1,183.5,84.2,24.9,93.0,148,35.9,-3.1,31,226.0,25.005754
35,1,174.1,75.9,20.7,87.0,143,41.3,7.2,37,183.0,25.04057133
21,1,182.2,73.5,18.2,68.0,129,35.5,10.0,38,203.0,22.14066158
26,1,175.3,66.3,14.7,85.0,137,51.1,19.2,51,249.0,21.57494495
38,1,170.0,78.6,23.4,91.0,145,43.7,4.5,42,208.0,27.19723183
29,1,176.9,73.0,11.0,64.0,122,49.0,13.7,69,234.0,23.32744608
25,0,164.4,55.5,34.4,85.0,128,24.4,23.5,50,165.0,20.53474701
40,0,163.1,65.6,28.6,88.0,133,28.7,16.9,30,154.0,24.66016155
32,1,191.4,93.3,14.6,71.0,149,58.7,15.5,35,235.0,25.46817216
25,0,160.0,57.3,27.6,60.0,100,29.3,19.8,44,178.0,22.3828125
62,1,161.6,62.2,19.6,87.0,145,37.8,15.3,33,179.0,23.81813058
37,0,165.3,55.1,21.9,72.0,104,29.0,20.1,25,173.0,20.16535592
64,1,172.1,59.9,15.4,72.0,104,21.5,-7.0,19,150.0,20.22390804
28,0,164.0,52.6,21.3,80.0,120,24.6,18.3,32,165.0,19.55681142
59,0,162.4,64.2,33.8,69.0,102,29.2,15.7,12,115.0,24.34237667
26,1,179.5,97.6,29.6,96.0,137,39.5,-13.6,32,183.0,30.29150922
50,1,173.5,73.6,23.5,91.0,150,42.9,14.1,45,198.0,24.44999958
23,1,179.1,68.4,18.9,98.0,139,42.9,7.1,46,217.0,21.32381618
27,1,168.6,67.2,23.7,77.0,123,45.0,11.6,41,223.0,23.64036254
28,1,172.9,74.6,13.7,58.0,121,46.9,17.4,64,239.0,24.95449818
60,1,170.0,74.8,26.9,81.0,140,34.9,8.2,29,161.0,25.88235294
26,1,176.0,72.4,17.4,73.0,129,49.0,19.6,75,242.0,23.37293388
23,1,169.7,67.0,17.1,69.0,111,41.0,9.6,58,210.0,23.26543184
39,1,175.5,76.8,23.0,97.0,147,38.8,6.6,43,220.0,24.93486254
23,1,166.4,66.1,19.1,70.0,120,46.5,8.9,55,227.0,23.87233034
38,1,183.2,94.42,21.2,89.0,150,52.3,20.2,51,235.0,28.13280639
23,0,162.2,57.5,36.7,73.0,120,26.2,21.9,27,148.0,21.85577167
25,0,156.0,50.0,18.2,80.0,138,30.1,30.5,35,190.0,20.54569362
54,1,174.8,73.2,23.4,91.0,151,43.9,14.9,52,198.0,23.95676785
45,1,168.0,62.0,12.2,87.0,133,37.8,20.2,54,211.0,21.96712018
64,0,162.1,55.5,34.5,68.0,136,12.6,-4.0,0,60.0,21.12160679
49,0,164.7,72.1,34.3,89.0,154,36.1,15.3,22,137.0,26.57957708
27,0,164.6,56.9,29.4,68.0,148,26.8,19.9,51,183.0,21.00161074
55,1,167.8,64.7,20.3,81.0,141,39.9,16.0,19,195.0,22.97843082
59,1,174.5,72.4,20.0,88.0,135,42.0,15.8,39,194.0,23.77648788
45,1,171.8,91.18,31.1,88.0,150,48.2,13.7,36,185.0,30.89251519
60,0,152.6,52.2,27.9,81.0,125,17.5,4.3,25,131.0,22.41617125
61,1,169.7,65.1,21.3,94.0,157,36.5,15.6,40,221.0,22.60566586
28,0,152.9,53.0,28.2,89.0,140,24.8,19.7,45,174.0,22.67048957
45,1,176.6,58.88,11.2,86.0,147,41.8,27.4,41,209.0,18.8793224
21,1,174.2,70.1,14.6,91.0,137,49.4,25.2,63,259.0,23.1005179
22,1,175.5,79.3,19.7,79.0,142,45.8,15.0,51,225.0,25.74654427
23,1,181.5,82.5,19.5,79.0,137,54.5,16.3,58,244.0,25.0438267
63,0,160.3,54.5,29.6,79.0,139,24.0,25.7,20,108.0,21.20945249
52,0,155.4,56.9,34.7,77.0,125,22.9,11.7,11,112.0,23.56189615
29,0,164.7,53.9,24.1,66.0,117,20.6,7.5,12,154.0,19.87016927
31,1,176.1,75.1,22.6,92.0,153,43.1,1.9,50,220.0,24.21704925
63,1,165.0,62.0,20.7,75.0,142,42.2,12.6,31,180.0,22.77318641
64,1,169.9,83.02,28.6,81.0,149,34.1,5.6,22,147.0,28.76046949
33,1,171.5,72.9,13.1,63.0,111,52.6,20.1,64,254.0,24.78559104
39,1,176.7,83.4,25.3,91.0,143,50.9,20.7,40,213.0,26.71117248
42,1,169.9,72.3,14.2,92.0,131,49.6,28.3,62,225.0,25.04675915
29,1,171.7,69.9,13.2,72.0,124,49.5,15.0,65,259.0,23.71027469
45,1,187.5,108.1,27.0,89.0,140,45.5,6.7,42,220.0,30.74844444
59,1,166.8,57.9,13.0,65.0,114,40.1,14.3,34,180.0,20.81068958
21,1,167.0,74.4,24.0,67.0,117,42.2,20.8,61,214.0,26.67718455
60,1,173.0,71.3,18.3,93.0,154,34.5,2.7,33,149.0,23.82304788
60,0,155.2,48.9,26.8,71.0,120,20.6,27.9,36,150.0,20.30137368
48,0,157.2,60.6,32.8,84.0,112,23.5,0.1,2,112.0,24.52265796
38,0,156.8,49.8,24.6,80.0,120,25.5,17.2,26,158.0,20.25523219
22,1,173.5,71.9,26.9,76.0,122,36.8,-8.3,45,194.0,23.88525775
28,1,178.8,73.5,12.2,67.0,113,42.4,14.0,49,253.0,22.99070612
23,0,156.0,57.2,32.7,67.0,110,25.7,32.1,20,169.0,23.5042735
33,1,170.6,67.8,18.2,71.0,102,53.0,23.0,53,239.0,23.29547875
32,1,182.9,71.5,16.4,88.0,154,43.2,10.1,47,221.0,21.37364692
21,1,169.9,76.6,27.8,72.0,140,34.1,17.1,37,237.0,26.53640042
30,0,161.9,67.9,16.5,81.0,127,44.1,25.1,39,222.0,25.90455146
59,0,155.4,51.0,26.2,70.0,110,25.3,15.3,29,123.0,21.11874699
40,0,156.2,64.5,33.6,82.0,114,25.6,0.1,21,171.0,26.43611641
22,1,171.1,67.7,12.4,77.0,118,30.0,32.0,55,215.0,23.12536785
61,1,172.9,70.2,24.2,83.0,140,36.7,22.2,34,181.0,23.4826511
28,1,180.3,80.1,21.1,78.0,111,49.3,17.2,57,220.0,24.64002038
29,1,175.7,70.6,16.0,99.0,152,42.8,15.4,67,247.0,22.86973741
45,1,164.7,72.48,43.0,77.0,136,40.3,6.8,30,186.0,26.71966362
25,1,178.0,67.0,18.2,80.0,123,40.2,17.2,50,230.0,21.14631991
46,1,174.5,65.3,15.3,78.0,123,44.8,17.3,49,243.0,21.44481572
49,0,149.8,42.6,18.8,85.0,131,22.1,14.0,23,150.0,18.98392338
21,0,158.2,58.6,30.7,59.0,108,13.6,17.7,17,155.0,23.41448757
24,0,152.1,46.2,21.2,80.0,110,17.7,26.6,53,165.0,19.9702521
26,1,173.6,70.8,18.9,72.0,113,44.5,11.8,63,205.0,23.49274778
22,1,171.4,56.6,17.0,76.0,114,27.9,15.0,48,259.0,19.26614373
38,0,171.4,56.3,29.6,57.0,96,23.4,-11.1,20,140.0,19.16402637
54,1,169.6,63.3,15.0,74.0,123,42.9,22.5,44,174.0,22.0065526
27,1,178.6,80.6,15.3,76.0,132,44.2,10.6,49,238.0,25.26807357
46,1,177.5,80.5,26.6,94.0,146,49.2,6.6,25,196.0,25.55048601
37,0,162.6,54.1,28.8,94.0,132,28.4,25.1,47,165.0,20.46238175
38,0,170.6,56.6,18.0,67.0,106,30.2,26.5,30,170.0,19.44725807
56,0,152.3,61.3,25.8,51.0,123,25.4,24.5,16,122.0,26.42777909
26,1,186.9,100.36,31.6,80.0,130,45.1,2.1,20,180.0,28.73042496
62,0,155.6,66.1,38.5,85.0,143,26.4,18.7,6,101.0,27.3012338
25,1,181.2,70.1,23.8,63.0,125,41.7,13.4,40,220.0,21.35018445
60,0,151.3,51.0,31.5,87.0,148,23.1,17.2,0,105.0,22.27882695
62,0,155.4,60.2,28.4,83.0,131,23.8,18.6,38,149.0,24.92840331
50,1,173.1,81.8,30.3,72.0,115,31.7,-9.1,29,165.0,27.2997813
37,0,166.0,55.2,14.4,77.0,122,26.0,28.9,33,165.0,20.03193497
34,1,177.7,88.5,28.7,99.0,158,48.2,5.0,50,217.0,28.02647092
23,0,160.1,58.7,18.3,70.0,116,27.9,24.3,52,198.0,22.90105224
24,0,165.1,58.9,29.6,77.0,134,30.9,22.4,34,166.0,21.60832724
22,1,177.3,66.4,12.5,83.0,136,35.0,13.8,48,253.0,21.12275726
59,1,157.1,60.3,22.5,83.0,137,42.2,16.5,36,192.0,24.43233317
52,0,149.4,50.7,28.4,80.0,120,22.7,19.6,28,147.0,22.7146874
21,0,161.9,57.1,32.4,61.0,99,20.6,15.6,34,141.0,21.78423988
21,0,160.2,54.9,29.4,77.0,121,26.5,22.3,57,199.0,21.39179958
63,1,175.2,76.4,26.7,96.0,142,47.0,11.2,37,192.0,24.8900148
38,1,168.0,75.8,26.9,80.0,120,55.4,23.0,61,253.0,26.85657596
64,0,156.0,49.1,26.6,74.0,107,23.1,3.0,10,110.0,20.17587114
30,0,170.3,61.2,17.6,61.0,113,36.2,24.1,50,181.0,21.10192748
27,0,163.6,54.9,29.3,99.0,144,28.9,29.6,30,177.0,20.51189316
22,0,167.0,68.8,26.6,62.0,106,31.4,23.8,40,171.0,24.66922443
27,0,165.5,80.38,44.3,92.0,129,24.7,7.5,43,115.0,29.34620896
24,0,164.7,56.2,21.2,75.0,119,35.3,17.9,51,196.0,20.71806147
39,1,170.5,71.8,29.8,78.0,121,42.3,12.5,44,185.0,24.69879
24,0,159.1,57.3,24.6,59.0,114,27.4,27.4,36,163.0,22.63675981
29,1,168.4,77.9,29.9,75.0,128,39.5,1.7,45,203.0,27.46965995
31,1,171.7,70.9,20.7,88.0,142,45.2,16.4,38,188.0,24.04947748
23,1,165.7,62.7,23.2,70.0,123,37.7,25.5,35,237.0,22.83613091
30,1,172.9,64.0,13.8,69.0,122,47.0,18.0,58,237.0,21.40868477
35,0,161.4,52.6,23.4,72.0,101,31.1,21.0,42,183.0,20.19196958
35,1,171.7,65.6,13.5,89.0,155,54.3,27.6,44,222.0,22.25170271
56,0,162.7,49.0,24.3,72.0,125,23.9,23.4,21,164.0,18.51062037
49,1,167.1,72.0,20.5,62.0,122,51.0,3.6,27,177.0,25.78573984
41,0,164.5,57.7,24.4,72.0,108,29.8,19.0,32,152.0,21.32278896
35,1,177.9,75.5,14.9,90.0,137,50.4,15.1,46,237.0,23.85585879
31,1,177.5,94.6,27.3,82.0,140,49.0,13.4,30,200.0,30.02578853
63,0,153.1,53.0,30.2,63.0,103,22.1,20.8,17,94.0,22.61129771
48,1,170.0,72.0,15.5,72.0,141,44.2,13.9,49,224.0,24.91349481
23,0,157.5,46.2,23.6,72.0,105,23.9,15.0,23,142.0,18.62433862
38,1,164.0,70.7,25.4,90.0,141,48.0,-3.9,50,198.0,26.28643664
63,1,168.0,62.4,27.4,99.0,150,35.9,11.8,26,154.0,22.10884354
26,1,176.0,80.0,11.1,82.0,141,49.7,15.3,54,253.0,25.82644628
35,0,164.6,62.3,35.0,88.0,122,20.1,15.3,20,136.0,22.99473373
58,0,150.3,66.3,37.8,82.0,120,12.9,12.8,18,140.0,29.34915266
38,1,175.6,77.4,24.7,72.0,124,53.4,17.3,39,215.0,25.10105282
24,0,148.2,44.7,23.1,70.0,104,19.6,14.9,32,138.0,20.35218847
36,1,165.6,64.0,28.1,83.0,142,34.1,0.3,35,168.0,23.33776751
24,1,173.0,67.6,16.8,79.0,129,43.9,17.1,60,248.0,22.58678873
30,1,168.9,74.0,26.9,89.0,136,46.4,17.7,45,198.0,25.94014627
27,1,172.6,71.9,19.5,59.0,122,48.7,19.1,55,223.0,24.13500025
62,0,163.0,57.0,30.0,91.0,160,25.2,22.5,20,108.0,21.45357371
63,1,159.8,53.6,20.8,58.0,133,31.0,10.2,28,182.0,20.98994206
62,1,170.8,76.4,28.0,99.0,156,42.8,12.3,39,194.0,26.18892222
38,0,162.1,64.1,20.8,80.0,148,30.0,17.8,41,210.0,24.39450442
40,1,178.9,73.8,11.5,70.0,110,45.0,13.4,34,194.0,23.05874575
43,1,164.8,69.0,15.3,98.0,158,45.3,16.6,45,218.0,25.40590536
56,0,152.1,57.3,28.4,73.0,140,16.9,22.5,0,126.0,24.76829969
21,1,175.0,61.8,11.0,65.0,120,40.3,11.9,48,232.0,20.17959184
24,0,160.4,58.7,29.1,77.0,115,29.6,22.1,54,187.0,22.81546757
56,0,157.5,67.2,33.0,90.0,144,35.5,23.6,22,180.0,27.08994709
43,1,176.3,69.7,25.3,91.0,144,39.9,20.0,44,196.0,22.42477806
60,1,165.5,56.9,14.9,72.0,136,29.6,15.6,30,169.0,20.7738155
27,1,171.6,78.88,20.1,69.0,129,40.1,23.9,69,248.0,26.7875093
43,0,164.1,64.7,30.3,68.0,114,26.7,13.5,27,174.0,24.02631234
35,1,180.7,74.5,19.2,81.0,117,30.9,8.4,41,185.0,22.81602414
41,1,166.2,58.8,37.1,88.0,149,27.9,12.3,32,144.0,21.28704054
40,1,173.0,68.5,14.9,90.0,129,46.3,18.4,38,229.0,22.88750042
34,0,162.5,46.7,18.4,61.0,125,18.7,17.1,26,145.0,17.6852071
50,0,157.3,51.8,31.0,65.0,105,28.3,19.1,30,144.0,20.93496863
52,0,160.1,55.4,26.2,74.0,131,24.4,24.3,24,125.0,21.61359956
25,1,183.9,98.4,28.0,92.0,152,60.1,20.5,45,203.0,29.09588958
25,0,154.6,53.8,33.5,66.0,124,23.3,16.1,30,160.0,22.50936775
47,1,177.3,80.3,24.3,79.0,128,40.3,14.8,33,161.0,25.54453927
32,1,182.4,91.7,23.7,84.0,154,65.8,21.3,47,231.0,27.56256733
62,1,171.6,75.8,30.25304,92.0,159,39.7,-2.4,19,152.0,25.74154672
30,1,176.9,81.6,4.7,70.0,126,65.0,14.0,49,234.0,26.07561096
30,0,164.6,57.9,26.1,75.0,135,25.1,25.0,36,158.0,21.37070759
24,1,168.2,72.0,18.6,82.0,135,43.8,24.2,63,226.0,25.44957379
21,0,165.5,63.0,33.5,60.0,116,36.6,29.4,44,168.0,23.00088535
26,1,173.7,71.0,17.5,81.0,133,50.7,18.1,60,201.0,23.53199307
59,1,167.0,71.9,30.7,84.0,143,20.9,2.0,16,140.0,25.78077378
32,1,172.6,63.5,13.4,85.0,140,51.1,18.6,50,218.0,21.31533402
31,1,173.4,70.9,19.4,96.0,150,38.3,7.7,46,213.0,23.58023065
43,1,175.9,90.0,26.9,81.0,147,50.7,0.0,33,221.0,29.08779699
37,1,174.6,83.0,28.3,99.0,142,39.2,7.9,33,177.0,27.22636194
21,1,171.8,66.7,17.5,71.0,110,39.6,24.8,56,230.0,22.59849488
26,1,171.2,67.7,23.0,98.0,140,38.4,12.3,47,203.0,23.09836012
45,0,149.0,45.9,30.3,88.0,121,20.5,6.7,22,138.0,20.67474438
61,1,166.8,62.7,20.8,98.0,154,35.7,12.1,38,188.0,22.53592809
25,0,161.5,52.6,32.7,65.0,107,22.5,17.7,28,156.0,20.16697179
51,1,182.7,95.4,26.6,87.0,132,47.6,8.1,8,170.0,28.58059593
28,1,177.6,72.5,17.5,79.0,140,46.7,4.3,39,221.0,22.98540094
27,1,176.8,72.2,16.3,91.0,149,45.9,18.4,64,244.0,23.09790954
23,1,183.3,79.4,19.8,79.0,136,48.9,23.0,48,199.0,23.63173307
46,1,176.7,68.6,19.8,86.0,150,43.2,-0.6,26,225.0,21.97106033
23,1,174.2,68.2,19.4,83.0,141,41.9,15.3,48,213.0,22.4743983
55,1,179.7,74.6,20.5,84.0,144,47.6,3.8,36,216.0,23.10163263
27,1,170.7,72.0,14.0,95.0,154,54.9,20.6,59,237.0,24.70958516
22,0,163.2,59.1,26.5,62.0,103,23.8,21.8,51,154.0,22.18948241
32,1,172.2,73.4,24.9,68.0,113,35.7,-9.3,48,239.0,24.75310965
36,0,165.8,55.78,26.7,73.0,124,25.4,23.9,30,152.0,20.29128064
37,1,173.6,78.2,19.7,94.0,147,47.6,16.7,53,223.0,25.94820446
52,0,156.9,58.68,37.3,96.0,152,20.4,19.2,26,115.0,23.83659502
63,1,167.5,74.8,31.4,81.0,156,33.6,8.1,24,115.0,26.66072622
40,1,167.9,68.2,18.7,80.0,137,37.2,13.8,53,212.0,24.19262437
21,0,160.2,49.0,34.1,83.0,123,17.3,19.8,15,133.0,19.09286301
39,1,180.7,81.0,15.7,87.0,136,55.9,22.0,52,249.0,24.80668396
24,1,175.0,77.2,22.9,87.0,143,43.8,19.3,52,222.0,25.20816327
35,1,172.3,72.3,28.3,80.0,120,42.8,19.1,47,215.0,24.35385648
27,0,168.1,72.7,33.7,84.0,145,28.5,8.1,25,121.0,25.72758276
51,1,166.3,90.3,35.8,98.0,142,43.5,11.5,35,170.0,32.6515086
23,0,165.9,55.5,26.9,70.0,121,19.6,18.7,48,155.0,20.16509215
62,1,165.9,63.3,19.0,85.0,126,36.2,2.6,35,167.0,22.99910511
21,1,170.0,62.0,17.1,80.0,120,38.4,18.5,50,230.0,21.4532872
52,1,169.3,68.8,23.5,92.0,132,44.1,11.3,36,182.0,24.00349725
35,1,181.5,98.5,22.8,80.0,122,61.4,18.0,56,205.0,29.90081127
35,0,168.0,53.1,24.7,78.0,127,26.8,20.3,48,174.0,18.81377551
25,1,174.3,58.5,11.0,91.0,135,43.2,12.4,46,216.0,19.25577896
21,1,167.1,59.9,19.5,88.0,143,31.7,12.7,44,218.0,21.45230301
22,0,164.6,71.0,36.4,60.0,103,31.5,15.6,37,174.0,26.20587632
39,1,166.6,66.9,17.1,65.0,119,40.3,28.9,57,240.0,24.10327877
42,1,180.0,75.4,16.8,77.0,116,47.2,19.3,37,217.0,23.27160494
57,1,172.4,69.1,21.1,96.0,143,33.8,6.3,31,181.0,23.24895968
47,1,169.2,69.2,15.4,97.0,141,47.3,18.2,47,230.0,24.17159879
60,1,165.4,67.7,18.2,90.0,159,43.4,25.6,43,201.0,24.74672079
45,1,167.4,82.9,33.4,87.0,145,39.3,2.8,17,185.0,29.58309603
60,1,166.7,61.9,23.3,86.0,144,42.6,19.7,33,178.0,22.27508907
37,1,174.5,74.4,14.3,71.0,118,47.3,26.8,52,233.0,24.43329694
22,0,173.5,69.7,27.5,71.0,145,39.9,19.4,48,203.0,23.15441537
47,1,173.1,73.5,22.2,84.0,136,30.7,5.8,16,180.0,24.52975459
21,1,171.7,65.2,18.4,70.0,135,37.9,23.1,51,237.0,22.1160216
29,0,163.5,52.2,22.8,61.0,109,26.4,25.7,44,174.0,19.52697584
29,1,174.3,78.8,19.2,87.0,124,49.2,9.8,43,232.0,25.93769883
27,1,178.7,65.2,11.1,92.0,132,37.8,20.3,51,221.0,20.41730849
32,1,172.2,77.4,26.6,78.0,127,45.3,9.5,58,216.0,26.10205296
21,1,170.1,63.5,25.7,71.0,126,27.3,18.4,40,211.0,21.94649134
26,1,164.8,67.4,25.9,91.0,146,39.8,14.6,54,210.0,24.81678292
42,0,158.0,93.1,47.3,85.0,135,35.8,-2.8,17,145.0,37.29370293
37,1,177.8,88.9,25.5,93.0,153,41.8,13.7,50,183.0,28.12148481
24,1,178.0,79.0,19.3,80.0,132,50.2,16.3,58,221.0,24.93372049
45,1,171.4,71.3,18.3,89.0,127,44.4,13.9,40,231.0,24.26989485
38,0,169.9,68.8,34.1,80.0,133,28.7,24.6,38,177.0,23.83426043
25,1,171.7,65.1,11.8,69.0,142,44.1,22.0,46,242.0,22.08210132
28,0,153.1,50.4,29.3,89.0,125,23.4,22.5,36,159.0,21.50206424
53,1,167.5,61.6,13.4,93.0,142,47.9,16.0,45,197.0,21.95589218
39,1,166.2,68.0,21.5,77.0,123,44.0,17.4,48,217.0,24.61766593
41,1,179.3,73.4,18.0,99.0,150,43.3,17.3,47,246.0,22.83155445
51,0,156.9,56.2,34.9,89.0,154,24.8,24.0,30,150.0,22.8291861
55,0,153.8,53.1,29.9,80.0,143,22.8,23.8,4,115.0,22.44821691
38,1,168.9,75.7,14.4,83.0,140,53.1,21.3,64,251.0,26.53606855
26,0,168.1,70.2,26.0,70.0,120,28.1,17.9,42,167.0,24.84286534
21,0,162.6,63.2,34.1,73.0,118,26.1,5.6,23,143.0,23.90429808
23,0,159.6,56.5,30.6,59.0,100,35.9,29.1,37,172.0,22.18107926
23,1,168.8,70.0,21.4,79.0,142,36.5,13.2,53,223.0,24.56705824
21,0,159.6,51.2,24.7,60.0,119,25.1,32.8,37,207.0,20.10037625
64,1,174.8,72.5,18.8,71.0,130,32.4,10.5,24,170.0,23.72767308
35,0,160.2,57.2,30.1,92.0,143,27.5,21.0,44,150.0,22.28799519
27,0,165.7,68.5,27.3,64.0,122,32.1,24.4,42,188.0,24.94856407
30,1,166.1,66.4,24.1,96.0,154,39.9,9.6,44,227.0,24.06737996
40,1,173.8,73.2,12.0,80.0,148,46.9,15.0,50,250.0,24.23324298
21,0,168.9,56.3,25.9,68.0,103,26.1,20.1,33,114.0,19.73554371
24,1,169.5,57.0,16.4,74.0,127,42.9,15.8,63,231.0,19.83971598
27,1,178.3,75.8,24.0,82.0,122,39.9,13.5,56,188.0,23.84330857
60,1,172.5,73.9,21.2,76.0,137,40.0,13.5,36,189.0,24.83511867
23,0,159.5,56.0,25.9,58.0,119,28.2,32.0,46,171.0,22.0123623
24,1,179.2,80.3,18.2,92.0,145,52.7,22.1,44,231.0,25.00572983
23,0,166.3,65.9,30.9,62.0,121,25.8,16.3,29,160.0,23.82873109
55,0,153.6,52.8,28.6,75.0,119,29.1,18.0,24,155.0,22.37955729
50,0,160.7,63.6,33.4,80.0,134,16.6,10.6,0,111.0,24.62778549
21,1,180.3,65.9,15.8,69.0,113,36.4,14.8,32,196.0,20.27187694
30,0,169.5,54.6,19.0,74.0,118,29.1,26.1,22,168.0,19.00435952
29,1,169.0,78.6,28.1,80.0,120,50.4,20.9,66,215.0,27.52004482
21,1,172.5,72.4,20.4,65.0,123,38.2,11.2,50,229.0,24.33102289
62,1,180.0,73.1,25.5,72.0,144,37.5,19.5,27,187.0,22.5617284
41,0,164.4,62.7,28.0,91.0,146,33.9,19.0,30,180.0,23.19871419
26,0,153.1,45.1,22.4,62.0,109,16.6,-2.8,26,140.0,19.24093447
62,0,158.5,64.5,33.3,66.0,124,22.3,20.3,16,102.0,25.67445193
54,1,166.5,62.6,18.3,66.0,105,43.3,22.0,33,167.0,22.5811397
21,0,160.0,52.1,26.8,77.0,120,21.9,21.9,49,178.0,20.3515625
37,1,181.3,81.3,15.1,90.0,151,55.6,31.4,53,273.0,24.73403309
27,1,169.3,71.02,23.0,83.0,135,37.3,13.6,42,198.0,24.77802871
28,0,166.0,59.1,23.4,82.0,120,30.8,23.6,42,186.0,21.44723472
48,1,167.4,73.1,26.1,93.0,148,35.0,9.3,40,213.0,26.08593872
62,1,162.4,64.7,30.0,90.0,148,34.8,7.6,30,183.0,24.53195904
32,1,171.5,84.4,25.7,80.0,139,52.8,21.3,52,221.0,28.69552652
30,1,175.8,73.8,16.2,75.0,135,50.2,19.1,56,250.0,23.87913662
30,0,165.4,57.7,24.8,73.0,135,30.0,25.9,45,188.0,21.0913706
44,0,159.0,56.8,33.0,88.0,151,33.9,26.5,34,156.0,22.46746569
44,0,162.2,60.3,20.2,85.0,141,31.5,31.2,38,188.0,22.92005273
48,1,175.8,84.5,31.4,83.0,125,33.8,3.7,24,211.0,27.34128787
27,0,154.5,84.5,42.2,88.0,142,17.6,6.8,12,165.0,35.39971303
28,0,158.9,56.5,32.4,89.0,127,27.5,16.5,50,130.0,22.37693773
22,0,154.5,57.1,34.3,79.0,119,19.8,21.9,38,175.0,23.92098952
21,1,175.1,71.5,21.1,94.0,138,33.0,10.3,26,182.0,23.32027941
38,1,172.3,71.6,15.5,65.0,111,47.4,6.2,47,230.0,24.11806534
38,1,158.9,69.9,36.0,86.0,147,30.1,2.5,26,145.0,27.68403447
25,1,168.7,74.0,21.4,82.0,130,39.7,14.1,45,158.0,26.0016887
51,0,161.9,61.7,31.5,79.0,123,25.1,21.1,12,139.0,23.53918741
22,0,160.1,52.7,30.7,83.0,123,24.2,26.6,47,188.0,20.56022918
48,0,158.0,48.0,25.6,64.0,108,21.8,20.0,23,130.0,19.22768787
48,1,170.3,80.4,23.6,82.0,143,43.7,13.3,42,223.0,27.72214003
30,1,163.7,57.2,19.0,80.0,123,33.8,19.3,60,218.0,21.3451234
21,0,161.2,49.8,20.7,75.0,118,31.8,17.9,39,169.0,19.16457832
37,1,176.0,65.0,16.0,84.0,123,47.0,15.0,47,220.0,20.9839876
25,0,164.7,57.3,17.2,72.0,121,23.8,23.5,50,161.0,21.12357513
25,1,171.7,61.6,11.0,70.0,135,44.6,0.7,37,207.0,20.89489157
23,1,177.6,65.8,12.1,61.0,122,44.3,12.1,62,228.0,20.86123285
25,0,161.2,70.6,38.5,68.0,118,29.1,8.7,24,165.0,27.16906083
21,0,167.5,53.4,25.9,79.0,123,26.8,12.2,47,202.0,19.03319225
58,1,162.0,60.0,19.2,78.0,128,36.3,5.1,23,191.0,22.86236854
24,0,171.8,53.9,20.1,68.0,104,32.1,23.3,50,162.0,18.26175223
57,0,149.0,54.4,37.5,75.0,130,24.9,7.0,20,105.0,24.50340075
55,1,167.3,78.0,27.8,78.0,136,42.5,8.2,30,148.0,27.86780229
43,1,176.7,79.74,11.1,80.0,131,53.2,26.3,49,253.0,25.53895555
23,1,175.0,73.18,14.3,78.0,126,45.7,23.7,53,243.0,23.8955102
28,1,173.9,64.7,15.1,79.0,123,41.0,5.4,41,237.0,21.39464658
30,0,163.2,53.8,25.4,84.0,117,22.2,13.1,30,134.0,20.19956267
63,1,162.9,64.5,20.8,75.0,141,37.6,14.0,44,185.0,24.3062268
28,1,165.4,65.0,13.1,81.0,130,44.4,23.3,54,236.0,23.75977623
63,0,159.1,64.0,38.9,97.0,149,30.8,22.0,0,117.0,25.28364097
32,1,183.6,84.3,21.6,80.0,122,46.9,22.1,44,200.0,25.00818773
29,0,161.4,61.8,29.8,57.0,118,24.6,18.7,41,168.0,23.72364487
22,0,165.6,47.3,26.6,81.0,136,23.1,23.6,38,167.0,17.2480688
42,1,172.9,68.0,21.6,84.0,127,39.9,10.4,33,200.0,22.74672757
24,0,159.0,79.7,45.4,77.0,121,16.5,6.3,16,62.0,31.52565168
30,1,185.2,84.5,20.8,62.0,126,53.8,16.0,51,219.0,24.63625804
37,1,170.8,64.66,16.5,94.0,151,50.6,14.9,53,221.0,22.16460355
58,0,158.3,54.6,24.5,92.0,148,27.1,20.6,42,142.0,21.7886746
55,0,166.9,60.9,26.1,78.0,117,21.1,17.7,13,131.0,21.86274147
33,1,178.0,90.4,26.3,80.0,120,60.3,17.7,51,239.0,28.53175104
27,0,155.8,52.4,22.3,68.0,125,30.1,15.0,45,181.0,21.58720324
25,0,162.6,55.4,30.8,68.0,103,28.8,28.9,57,177.0,20.95408408
21,1,173.1,72.5,21.8,74.0,126,30.6,3.8,24,151.0,24.19601643
48,1,179.2,79.7,27.3,73.0,120,42.0,17.0,31,215.0,24.81888752
24,1,182.4,74.1,11.1,63.0,114,48.1,11.3,53,249.0,22.27247807
30,1,171.5,70.4,19.5,93.0,156,39.5,17.2,47,223.0,23.93560506
21,0,164.0,59.0,24.9,67.0,110,30.1,21.4,53,211.0,21.93634741
51,1,160.9,73.44,29.2,88.0,131,41.3,14.3,47,172.0,28.36746842
28,0,166.1,65.6,31.2,78.0,120,29.0,11.4,46,165.0,23.77741153
64,0,158.7,51.6,34.0,61.0,123,21.5,15.2,11,125.0,20.48782463
40,0,156.6,59.1,30.55772,94.0,149,32.9,24.1,58,172.0,24.09927433
43,1,171.1,69.4,23.6,88.0,136,48.7,15.5,37,213.0,23.70606394
22,1,177.9,81.2,21.5,93.0,132,44.1,11.5,48,249.0,25.65689714
38,1,179.8,82.5,24.6,94.0,134,42.2,-2.1,40,204.0,25.51964177
26,1,169.1,66.2,21.4,62.0,112,33.8,17.6,53,184.0,23.15105433
36,1,179.2,79.5,16.7,76.0,137,40.6,20.8,58,245.0,24.75660674
31,1,170.0,72.0,30.1,83.0,121,39.2,18.4,44,198.0,24.91349481
54,1,174.5,72.4,22.0,61.0,120,39.9,5.2,22,184.0,23.77648788
21,1,170.0,67.32,10.5,74.0,139,47.4,13.1,52,237.0,23.29411765
60,0,154.4,58.5,27.5,64.0,122,28.5,14.7,18,139.0,24.53924938
37,1,175.1,89.14,20.3,89.0,156,51.8,22.9,40,203.0,29.07370219
29,0,158.0,48.86,35.1,48.0,92,17.4,-10.9,40,118.0,19.57218394
21,1,175.6,77.0,15.0,56.0,121,45.5,4.6,35,218.0,24.97133161
31,0,167.4,74.3,37.7,82.0,142,21.6,26.0,23,120.0,26.51416206
35,1,173.8,68.7,19.6,94.0,144,47.5,3.5,54,223.0,22.74349443
27,1,174.3,65.2,14.6,94.0,146,48.2,22.7,57,266.0,21.46114167
26,1,165.2,67.2,23.1,86.0,126,40.4,18.1,55,236.0,24.62346616
21,1,186.1,91.0,22.1,79.0,139,45.3,5.9,37,258.0,26.27535825
57,1,160.5,66.62,24.6,93.0,135,47.6,15.8,41,196.0,25.86155026
22,1,183.0,83.9,24.4,93.0,149,39.1,1.7,45,217.0,25.05300248
29,1,163.3,68.8,21.0,92.0,146,45.4,21.0,58,212.0,25.79978393
25,1,174.4,78.7,21.2,75.0,129,55.0,14.6,58,247.0,25.87508417
61,1,163.5,65.0,27.6,76.0,111,29.4,3.6,38,147.0,24.31519981
30,1,167.0,69.9,19.6,83.0,149,45.0,17.5,64,235.0,25.06364516
57,0,157.3,54.1,30.5,77.0,126,23.7,21.5,27,130.0,21.86451357
21,0,165.2,59.1,30.2,64.0,101,24.7,18.1,35,156.0,21.65545908
30,1,167.1,76.92,25.6,84.0,145,36.9,14.9,41,217.0,27.5477654
52,1,165.5,67.7,19.7,90.0,159,37.3,9.6,30,193.0,24.71682442
51,1,168.9,67.5,18.9,99.0,151,46.7,12.7,42,182.0,23.66161991
26,1,175.3,73.6,21.9,86.0,138,43.5,7.9,48,198.0,23.95046679
63,0,153.1,56.3,35.9,64.0,107,17.2,7.5,2,70.0,24.01917097
56,0,156.6,52.4,23.8,80.0,122,22.4,24.1,25,141.0,21.3672077
45,1,170.0,70.0,20.0,73.0,137,34.2,8.5,36,219.0,24.22145329
50,0,157.1,60.1,36.7,71.0,119,28.7,23.0,26,121.0,24.35129724
24,1,179.0,80.3,10.1,80.0,120,56.2,27.8,67,276.0,25.06163977
27,1,187.1,101.7,26.9,84.0,154,39.0,27.4,39,187.0,29.05182222
33,1,164.6,63.1,13.6,83.0,142,49.9,20.0,64,240.0,23.29001121
22,0,162.5,64.1,39.5,91.0,131,17.4,21.4,25,129.0,24.27455621
24,1,181.7,85.4,20.4,77.0,134,52.7,11.8,56,241.0,25.86711632
45,1,178.8,74.0,11.4,71.0,125,47.4,28.2,47,222.0,23.14710549
39,1,167.4,89.3,26.6,89.0,130,43.9,14.8,49,218.0,31.86695386
21,1,171.1,72.8,19.1,70.0,132,33.7,20.7,65,225.0,24.86745612
29,1,181.6,74.94,17.7,80.0,137,48.2,16.1,49,231.0,22.72385453
25,0,164.2,56.0,29.5,61.0,114,27.1,21.6,28,159.0,20.77024988
51,1,178.9,81.4,21.8,89.0,156,49.0,11.7,29,207.0,25.43335913
47,1,180.0,68.6,10.2,75.0,135,52.1,14.2,46,213.0,21.17283951
25,1,170.1,59.6,21.2,86.0,156,39.6,5.0,44,205.0,20.5985966
36,0,154.0,56.7,33.2,74.0,116,27.7,14.3,25,150.0,23.90791027
45,0,162.0,51.4,27.9,79.0,128,24.3,27.0,35,135.0,19.58542905
38,1,172.3,80.4,25.0,71.0,126,41.2,15.6,43,226.0,27.08229683
50,1,169.3,78.3,25.3,70.0,121,31.9,2.8,45,190.0,27.31793365
58,0,160.7,58.0,31.5,68.0,134,28.5,13.0,17,119.0,22.45930123
58,1,175.6,67.7,18.2,66.0,132,40.4,22.8,38,241.0,21.95531364
38,1,173.5,77.7,24.7,96.0,151,46.9,13.1,39,215.0,25.81202402
50,0,157.7,59.7,32.5,82.0,142,23.5,20.9,25,111.0,24.00551041
24,1,181.6,93.5,25.7,85.0,142,51.3,13.7,48,216.0,28.35175338
58,1,176.1,78.5,20.9,84.0,148,48.3,16.0,42,205.0,25.31342698
24,1,173.6,71.2,17.1,85.0,152,53.4,9.4,53,209.0,23.62547516
21,0,166.6,65.42,30.9,70.0,130,29.4,25.9,41,181.0,23.57005227
33,1,172.6,79.3,32.8,84.0,141,39.9,16.1,51,200.0,26.61899193
53,0,155.1,60.0,31.2,78.0,125,28.2,17.6,19,139.0,24.94179209
44,1,167.0,57.4,18.8,66.0,98,35.7,-7.5,20,160.0,20.58159131
39,1,178.7,65.1,18.2,71.0,120,48.3,15.7,39,208.0,20.3859936
22,0,154.0,51.1,26.0,69.0,113,26.3,23.9,48,190.0,21.54663518
61,1,169.5,82.5,24.3,86.0,154,43.3,7.0,31,184.0,28.71537839
42,0,160.5,73.7,39.3,94.0,152,26.7,-1.9,15,137.0,28.60997079
28,1,178.1,91.8,27.0,99.0,158,42.8,15.1,31,204.0,28.94108723
58,0,156.7,58.1,28.8,95.0,159,26.6,21.2,30,150.0,23.6612748
23,0,158.0,53.1,26.4,75.0,126,25.3,26.2,36,172.0,21.27062971
47,1,165.1,71.8,25.5,94.0,144,41.7,11.1,41,211.0,26.34088108
21,1,179.1,60.1,9.1,82.0,124,39.9,24.6,51,275.0,18.73627708
22,0,158.2,55.0,24.5,55.0,114,29.8,23.2,47,185.0,21.97605489
21,0,163.7,56.3,21.9,83.0,116,30.3,17.3,41,172.0,21.00927356
29,1,170.4,68.0,10.5,70.0,139,40.3,24.6,57,235.0,23.4190747
36,0,168.6,59.1,31.4,74.0,106,21.4,21.6,13,154.0,20.79085456
24,1,181.4,87.0,18.1,80.0,147,44.5,18.6,59,239.0,26.43897944
44,1,169.2,80.8,30.9,91.0,147,45.3,12.4,43,185.0,28.22348529
30,1,170.7,71.9,16.0,80.0,139,48.8,16.6,60,233.0,24.67526629
43,1,164.0,63.6,25.2,97.0,147,45.6,19.6,52,231.0,23.64663891
31,1,174.6,61.2,12.1,77.0,137,36.4,20.9,55,219.0,20.07534158
28,0,157.1,52.5,28.3,74.0,127,25.0,21.6,42,165.0,21.27193187
27,1,180.9,77.1,19.9,76.0,156,40.9,22.0,52,209.0,23.56010623
21,1,171.1,57.7,13.9,75.0,142,44.6,13.6,50,229.0,19.70950849
26,1,176.7,77.2,16.3,66.0,129,50.0,9.1,51,223.0,24.72544982
35,1,170.7,74.1,21.7,86.0,145,41.2,15.3,44,230.0,25.43028139
44,1,174.6,75.0,18.5,80.0,142,48.0,12.0,38,218.0,24.60213428
24,1,175.7,66.4,9.8,61.0,122,48.9,12.9,46,205.0,21.50921479
56,1,168.2,53.5,12.7,60.0,110,33.1,13.3,34,197.0,18.91044719
59,0,162.8,57.94,30.9,78.0,123,26.9,6.2,18,137.0,21.86098316
32,0,162.1,49.1,19.3,94.0,141,32.1,22.4,35,195.0,18.68596205
43,1,173.0,83.1,29.3,88.0,135,43.6,7.4,41,207.0,27.76571219
21,1,181.8,72.2,17.0,84.0,143,48.5,11.8,59,240.0,21.84486876
29,1,186.1,79.7,26.3,78.0,119,32.2,-10.5,27,117.0,23.01259398
28,1,170.1,69.9,20.6,61.0,124,41.3,5.8,58,214.0,24.15842118
32,1,176.2,81.6,21.0,79.0,130,53.3,14.9,69,232.0,26.28320671
32,1,177.3,66.0,13.9,85.0,132,40.6,7.6,52,240.0,20.99551173
63,1,171.2,76.8,24.7,89.0,138,35.1,8.7,30,168.0,26.20316185
26,1,176.2,73.1,17.5,75.0,118,46.3,15.3,49,226.0,23.54537267
26,0,162.5,60.88,32.9,80.0,120,29.9,29.1,50,157.0,23.05514793
32,1,178.0,84.5,21.2,68.0,130,52.3,16.2,62,232.0,26.66961242
25,1,168.3,72.4,16.9,98.0,151,45.7,23.5,56,215.0,25.56055822
26,0,164.1,60.2,33.7,81.0,127,26.1,17.6,51,178.0,22.35523961
26,1,178.3,73.16,15.3,79.0,130,47.8,16.6,58,232.0,23.01288199
64,1,176.1,81.1,23.8,77.0,142,44.2,14.0,29,169.0,26.15183348
54,1,172.2,75.6,20.9,83.0,158,48.1,19.2,35,210.0,25.49502847
38,1,180.9,85.1,14.7,64.0,129,56.5,17.8,40,245.0,26.00473463
32,1,169.7,70.2,23.4,84.0,124,51.2,18.1,45,232.0,24.37661664
49,0,166.7,58.6,22.4,99.0,134,25.2,20.2,27,124.0,21.08756413
32,1,171.9,66.4,13.5,63.0,112,46.7,14.0,57,204.0,22.47068574
25,0,163.5,56.18,28.2,67.0,100,24.9,12.8,27,161.0,21.01581423
26,1,165.7,58.9,17.4,69.0,121,41.6,11.7,57,211.0,21.45212298
26,1,177.0,83.6,23.0,84.0,146,58.8,24.0,49,209.0,26.68454148
60,1,176.9,74.18,19.5,70.0,151,42.7,12.0,35,176.0,23.70451987
33,1,188.6,90.3,17.2,76.0,123,36.5,18.3,59,242.0,25.38659026
56,0,158.0,67.2,36.3,89.0,136,27.1,16.9,15,138.0,26.91876302
34,1,175.5,96.6,34.9,98.0,149,44.8,4.9,37,214.0,31.36338179
48,0,153.8,54.4,31.2,71.0,139,24.6,16.8,27,138.0,22.99779661
22,0,169.3,53.4,23.8,79.0,128,28.2,22.5,47,168.0,18.63062141
24,0,161.8,50.7,20.3,75.0,110,24.7,20.2,40,169.0,19.36649039
39,1,166.2,54.5,15.9,89.0,128,30.5,27.5,47,231.0,19.73033519
23,0,161.8,47.8,17.2,66.0,103,25.2,21.5,47,178.0,18.25874242
25,1,170.4,74.1,19.9,67.0,123,41.0,12.2,45,215.0,25.51990346
25,0,168.9,66.0,30.2,90.0,145,28.9,20.5,37,146.0,23.13580613
51,1,179.7,84.4,18.0,75.0,124,49.5,8.9,38,199.0,26.13643155
24,1,177.0,89.9,18.9,80.0,117,56.8,12.7,54,232.0,28.69545788
43,1,172.2,87.8,28.5,96.0,151,31.8,-2.1,37,185.0,29.60930555
53,0,157.6,46.6,24.8,82.0,123,25.9,20.0,35,160.0,18.76175629
29,1,174.6,69.4,21.9,83.0,141,36.0,15.1,44,220.0,22.76517492
39,0,160.6,52.2,33.9,51.0,91,22.6,21.8,29,141.0,20.23855126
21,0,162.4,59.2,20.9,64.0,116,29.4,16.4,48,158.0,22.44655294
26,0,157.9,52.9,23.5,61.0,113,26.7,20.3,47,170.0,21.21736326
63,1,167.6,65.4,18.3,76.0,152,40.3,11.9,37,195.0,23.2825058
45,1,174.5,68.1,19.6,82.0,150,44.2,17.9,46,209.0,22.3643484
22,1,172.6,70.2,17.1,70.0,139,43.0,14.5,48,211.0,23.56435351
62,0,161.7,60.0,29.9,73.0,121,25.7,18.8,20,141.0,22.94727977
27,1,171.0,63.5,14.7,96.0,144,35.6,2.7,47,229.0,21.71608358
54,1,165.9,64.0,23.4,83.0,123,35.9,15.6,46,179.0,23.2534396
22,0,154.1,43.5,26.3,65.0,105,25.2,7.0,18,140.0,18.3182499
36,1,170.0,73.5,19.5,64.0,116,41.7,24.7,42,213.0,25.43252595
56,1,176.3,66.5,15.6,69.0,140,40.4,17.6,50,218.0,21.39523301
53,0,159.9,61.9,37.4,80.0,123,26.6,15.8,10,101.0,24.20994047
27,0,156.3,50.7,24.7,83.0,135,29.1,25.0,60,202.0,20.75343568
52,1,170.6,69.5,15.0,65.0,101,28.4,12.3,30,170.0,23.87958368
59,1,166.1,67.8,25.9,98.0,151,40.6,22.4,34,188.0,24.57482472
26,0,158.4,60.4,31.79044,98.0,142,33.8,13.2,35,162.0,24.07279869
31,1,169.1,67.4,22.3,84.0,138,48.4,12.2,46,222.0,23.57071091
22,1,179.4,70.5,17.8,72.0,113,41.1,22.2,51,222.0,21.90504953
22,1,163.8,51.9,7.8,64.0,111,41.6,9.2,47,229.0,19.34370066
57,1,175.8,59.8,18.8,99.0,158,37.8,11.8,33,180.0,19.34921911
62,1,170.0,78.9,27.4,87.0,142,42.5,7.7,41,185.0,27.30103806
55,1,171.8,65.0,17.5,72.0,116,36.7,27.8,23,203.0,22.02252125
61,0,147.5,52.2,36.2,82.0,158,19.5,19.3,20,122.0,23.99310543
52,1,166.8,71.3,25.4,92.0,142,39.4,15.7,20,187.0,25.62698043
26,1,183.6,91.6,24.4,67.0,132,52.7,14.7,39,209.0,27.17378406
46,1,177.1,79.2,24.6,86.0,122,41.0,16.2,38,213.0,25.25155104
23,1,181.2,89.8,23.9,90.0,150,51.0,15.0,43,240.0,27.35016495
23,0,161.9,57.1,23.8,74.0,119,28.6,18.9,40,195.0,21.78423988
40,1,173.8,80.6,21.7,92.0,138,44.6,18.3,33,208.0,26.68305169
38,0,163.1,61.0,26.5,77.0,123,32.4,21.8,37,170.0,22.9309429
41,1,164.9,69.8,30.6,93.0,153,41.8,-3.6,26,198.0,25.66930506
52,1,174.8,86.0,24.2,80.0,129,39.3,21.2,40,195.0,28.14592944
22,1,184.0,83.2,17.1,80.0,121,41.5,7.5,53,245.0,24.57466919
25,1,190.2,76.0,12.0,79.0,123,42.0,12.8,60,242.0,21.00838013
60,0,149.8,57.0,42.8,73.0,139,12.9,9.7,0,90.0,25.40102424
54,1,174.1,64.3,13.0,78.0,114,42.7,6.6,27,172.0,21.21355384
35,0,158.6,49.5,24.7,71.0,117,23.3,24.1,37,177.0,19.67881002
38,1,172.1,66.0,13.6,77.0,121,55.2,25.5,70,220.0,22.2834379
59,0,161.1,62.0,39.8,88.0,153,23.4,15.2,19,106.0,23.88914512
33,0,166.2,57.4,23.7,72.0,117,28.9,30.2,40,158.0,20.78020624
29,1,176.8,79.6,15.1,92.0,154,62.6,18.8,59,241.0,25.46528531
27,0,158.4,51.0,26.3,75.0,118,25.9,13.1,39,148.0,20.32636976
24,0,169.6,58.7,26.9,83.0,124,25.4,20.0,36,195.0,20.40734025
31,1,170.5,57.8,18.1,68.0,123,36.2,13.0,35,184.0,19.88286994
25,1,177.1,80.6,20.7,73.0,138,48.2,6.4,50,229.0,25.69791684
55,0,152.1,59.3,35.2,70.0,127,29.4,26.4,16,136.0,25.63281277
22,1,168.7,83.1,32.0,90.0,131,44.5,6.1,48,162.0,29.19919367
25,1,174.4,69.5,14.2,79.0,135,48.2,10.1,48,250.0,22.85029669
22,0,163.3,57.2,25.2,66.0,112,30.0,12.9,30,138.0,21.44982036
23,0,163.6,64.0,33.0,81.0,134,28.5,18.5,47,180.0,23.91186088
24,1,171.9,67.8,23.3,89.0,128,41.9,11.6,48,220.0,22.94446526
55,0,156.0,58.1,36.6,80.0,120,22.8,12.7,21,158.0,23.87409599
24,0,157.7,53.3,26.0,65.0,108,26.2,21.4,45,167.0,21.43205536
62,1,165.6,68.9,33.5,88.0,151,33.3,12.5,10,170.0,25.12456533
57,1,163.4,71.5,26.4,75.0,115,41.3,18.4,39,210.0,26.77946753
31,1,172.6,73.64,22.6,80.0,136,43.4,13.4,46,190.0,24.71907397
31,0,160.0,54.9,26.1,80.0,120,33.2,19.3,56,210.0,21.4453125
28,1,175.9,80.8,25.0,81.0,120,46.7,16.3,44,239.0,26.11437774
21,0,159.6,53.3,22.9,80.0,135,25.5,24.5,74,201.0,20.92480575
49,0,154.7,55.0,24.1,81.0,123,25.3,22.4,44,151.0,22.98169529
39,1,181.5,70.1,13.2,78.0,120,39.4,21.5,46,226.0,21.27966365
46,0,166.4,67.2,26.8,64.0,107,24.4,8.3,32,162.0,24.26960059
22,0,163.3,48.7,23.9,81.0,115,19.1,-2.1,26,148.0,18.26234705
38,1,164.8,60.3,21.9,73.0,119,37.7,7.7,30,196.0,22.20255208
21,1,178.5,85.3,18.7,67.0,113,47.4,14.8,48,222.0,26.77149291
26,1,178.9,82.8,22.3,89.0,132,52.7,11.6,44,192.0,25.87078791
21,1,170.1,66.7,17.4,83.0,130,48.2,27.8,56,238.0,23.05245626
52,0,167.0,69.2,36.0,79.0,128,16.1,15.0,17,135.0,24.81265015
34,1,176.9,78.54,26.8,76.0,116,43.7,14.8,47,221.0,25.09777555
21,1,169.0,70.56,19.5,67.0,130,43.8,15.8,53,184.0,24.70501733
26,0,169.1,63.5,25.7,78.0,130,30.4,8.8,31,113.0,22.20682704
24,1,174.6,91.12,29.4,80.0,120,43.9,3.0,36,195.0,29.88995301
25,0,165.8,54.0,27.3,66.0,114,20.8,18.0,47,153.0,19.64376398
25,1,170.7,68.86,13.3,60.0,106,39.2,14.1,51,235.0,23.63197269
63,1,164.7,73.8,36.7,81.0,141,35.6,9.0,22,135.0,27.20628001
60,1,167.6,68.1,27.7,65.0,119,40.5,-3.2,19,151.0,24.24371016
44,1,176.0,76.4,11.7,95.0,120,51.9,23.7,57,249.0,24.6642562
49,0,157.5,48.0,22.3,78.0,120,22.3,22.6,38,180.0,19.34996221
46,0,159.1,52.9,32.5,76.0,123,21.9,8.0,21,140.0,20.89850949
36,1,180.5,79.7,16.6,61.0,123,43.8,13.1,46,239.0,24.46267294
25,1,174.2,63.0,12.6,93.0,140,47.5,15.1,52,219.0,20.76080781
28,1,187.0,98.54,24.2,81.0,135,49.4,15.2,54,184.0,28.17924447
46,1,169.7,62.6,12.1,73.0,114,39.3,10.3,36,210.0,21.73755273
59,1,160.0,55.6,13.2,112.0,145,32.5,22.1,48,175.0,21.71875
24,1,174.3,67.6,7.2,84.0,143,60.3,26.8,61,270.0,22.25112235
50,0,155.7,87.3,46.0,89.0,128,23.5,15.7,0,123.0,36.01115232
63,1,164.0,67.0,25.1,97.0,157,41.1,3.9,37,137.0,24.9107674
28,1,168.0,71.0,17.7,93.0,149,53.1,24.3,68,245.0,25.15589569
21,1,171.3,68.2,15.2,78.0,112,47.6,17.4,69,220.0,23.24179406
26,1,175.3,76.4,20.8,76.0,124,40.2,3.3,38,192.0,24.86162585
59,0,162.0,50.0,25.3,88.0,132,27.1,18.5,17,95.0,19.05197378
28,0,158.1,58.6,29.9,79.0,117,21.1,-6.2,23,130.0,23.44411679
23,0,161.3,61.2,34.5,66.0,121,22.8,20.2,23,128.0,23.52245722
49,0,167.0,66.0,37.3,72.0,110,29.2,14.6,20,148.0,23.66524436
25,1,171.1,78.9,18.4,67.0,137,46.0,14.2,47,217.0,26.95113032
57,1,177.0,73.2,21.3,64.0,101,40.0,16.6,30,203.0,23.36493345
29,0,160.7,49.24,22.0,84.0,119,29.2,19.4,44,197.0,19.06717228
33,1,171.6,62.2,19.6,61.0,103,45.5,6.3,39,207.0,21.12301063
25,0,168.4,52.06,26.2,70.0,110,22.1,14.3,37,151.0,18.35777275
26,1,170.4,68.1,24.1,87.0,154,45.3,5.9,57,203.0,23.45351451
39,1,178.2,73.9,12.0,85.0,135,48.3,32.8,40,219.0,23.2717498
22,1,175.9,90.7,21.4,74.0,120,45.4,13.0,55,248.0,29.31403541
25,0,160.0,56.2,26.6,46.0,99,26.0,23.8,47,178.0,21.953125
50,0,155.7,53.5,30.8,80.0,138,25.4,22.6,27,158.0,22.06869014
22,1,175.7,67.9,11.3,71.0,103,52.5,19.2,55,232.0,21.99511572
29,1,184.6,82.6,23.3,77.0,132,34.0,-8.1,36,196.0,24.23910913
38,0,158.2,45.5,26.2,67.0,123,25.0,23.1,32,158.0,18.18019086
25,0,167.2,54.4,24.5,74.0,127,26.2,21.0,35,183.0,19.45926146
23,0,155.5,46.5,25.2,57.0,101,20.8,7.5,24,165.0,19.2305704
21,0,155.3,54.3,24.5,66.0,132,23.7,19.8,46,203.0,22.51422065
23,0,161.9,50.6,22.0,78.0,116,36.5,25.5,47,172.0,19.30442273
22,1,174.5,73.2,17.1,74.0,122,60.3,7.6,53,204.0,24.0392115
38,0,165.9,55.6,23.7,96.0,131,29.3,21.8,52,170.0,20.20142565
22,0,158.0,53.8,30.1,77.0,108,17.8,5.8,22,115.0,21.55103349
33,0,151.2,47.1,21.4,70.0,111,27.9,24.6,38,159.0,20.60237675
29,1,175.0,73.6,15.8,75.0,143,51.5,14.9,39,246.0,24.03265306
63,0,161.7,57.6,31.2,80.0,144,19.9,9.0,20,131.0,22.02938858
36,1,174.3,79.9,21.1,81.0,104,51.6,3.0,50,180.0,26.29977331
51,0,167.2,58.52,27.3,80.0,128,19.6,12.8,21,165.0,20.93301435
23,0,166.1,51.7,20.7,66.0,123,26.3,22.5,49,197.0,18.73921
59,1,170.4,69.3,18.6,84.0,133,49.0,19.6,35,197.0,23.8667923
50,0,158.4,57.2,32.0,69.0,134,21.1,18.6,17,136.0,22.79741863
50,1,165.1,74.1,27.7,80.0,120,39.6,6.5,37,200.0,27.18466975
28,1,174.3,67.46,16.1,80.0,114,44.6,23.9,57,239.0,22.20504014
43,1,176.5,80.62,20.7,99.0,146,48.4,15.6,48,211.0,25.87935061
59,1,172.0,73.1,25.4,86.0,153,34.9,5.8,36,165.0,24.70930233
21,0,160.6,57.2,24.0,56.0,107,30.4,30.0,45,185.0,22.17710981
23,1,177.9,82.7,21.1,64.0,124,36.5,17.5,56,256.0,26.1308546
24,1,177.4,79.6,21.8,92.0,150,53.8,25.6,56,259.0,25.29331989
37,0,160.8,54.5,24.6,66.0,110,24.9,22.0,44,171.0,21.07775798
49,1,172.1,80.6,17.2,89.0,129,49.7,15.7,51,233.0,27.21280447
44,1,165.4,59.7,18.6,81.0,117,33.6,12.2,48,225.0,21.82244063
24,1,183.6,96.5,30.7,84.0,153,51.5,8.8,55,204.0,28.62740352
32,0,158.6,57.5,28.9,80.0,122,23.8,9.8,37,169.0,22.85922376
27,1,170.0,63.18,19.2,79.0,120,31.5,20.7,66,237.0,21.8615917
53,1,175.5,81.0,30.3,93.0,145,39.9,12.0,21,180.0,26.29848784
25,1,185.0,88.6,18.8,79.0,133,42.7,20.0,63,220.0,25.88750913
63,1,170.6,74.7,24.7,74.0,128,44.7,14.2,31,175.0,25.66625756
23,0,163.1,69.0,20.5,85.0,134,28.3,15.3,51,260.0,25.93827968
28,1,163.6,62.4,14.0,91.0,158,45.4,18.8,67,247.0,23.31406436
60,1,180.0,84.1,27.3,88.0,124,45.2,19.8,28,161.0,25.95679012
21,0,168.9,57.0,25.2,77.0,121,27.6,28.7,39,197.0,19.98092348
30,1,180.6,76.5,19.5,86.0,147,42.2,15.0,49,220.0,23.45448726
26,0,166.9,64.8,26.8,76.0,130,35.0,23.2,44,171.0,23.26281851
62,1,163.3,59.84,17.9,67.0,113,31.1,23.2,36,201.0,22.43981207
25,1,171.6,71.1,19.2,83.0,120,53.9,19.6,60,247.0,24.14543498
23,1,178.3,87.2,27.1,82.0,140,38.3,7.4,37,220.0,27.42924152
47,1,169.1,66.0,17.7,75.0,114,45.5,16.3,49,225.0,23.08111157
55,1,168.0,65.0,21.7,82.0,135,45.7,16.1,37,188.0,23.03004535
33,0,160.7,49.3,24.7,74.0,133,28.2,25.0,38,160.0,19.09040604
48,1,173.4,68.7,17.2,99.0,149,39.0,17.0,46,208.0,22.84854508
58,1,176.7,80.14,25.5,86.0,130,42.3,10.2,31,178.0,25.66706669
29,1,177.0,81.6,18.3,75.0,139,53.9,15.8,55,235.0,26.04615532
39,1,181.8,68.8,18.2,66.0,112,41.1,-2.7,34,222.0,20.81616302
46,1,162.7,64.1,20.2,94.0,151,35.5,9.0,33,176.0,24.21491359
48,1,166.3,67.12,16.6,90.0,138,40.6,22.3,44,228.0,24.26986996
44,1,167.5,70.0,19.4,72.0,118,39.9,14.3,36,217.0,24.94987748
28,1,164.6,70.6,18.7,92.0,141,52.1,21.7,61,234.0,26.05823758
63,1,163.4,68.1,23.8,79.0,155,36.5,19.0,33,187.0,25.5060383
21,1,177.0,94.1,23.9,80.0,139,56.2,14.8,50,185.0,30.03606882
56,0,159.5,50.0,28.5,90.0,122,24.7,25.7,25,139.0,19.65389491
41,1,172.6,68.9,17.3,67.0,131,43.9,18.2,52,226.0,23.12797659
22,1,174.3,69.7,14.4,83.0,140,43.9,20.6,49,186.0,22.94235544
61,1,169.1,79.0,35.5,82.0,142,34.7,-12.8,37,161.0,27.62739112
22,1,175.7,67.1,15.0,64.0,115,44.6,14.3,64,257.0,21.73596856
39,1,183.0,75.0,15.7,69.0,112,38.3,11.3,40,207.0,22.39541342
63,0,160.9,52.1,27.2,74.0,120,22.7,22.4,24,136.0,20.12452484
41,1,179.2,77.3,17.3,77.0,127,46.9,5.8,46,215.0,24.07151826
26,1,176.5,70.6,20.7,80.0,133,38.1,4.9,35,200.0,22.66288952
58,0,155.7,53.4,26.6,92.0,139,28.2,21.2,35,153.0,22.02744025
24,1,173.9,64.1,19.5,87.0,154,37.9,20.9,58,225.0,21.19624182
54,0,150.1,56.5,34.3,74.0,116,20.5,20.3,15,135.0,25.07766308
21,1,181.4,69.6,17.0,86.0,136,44.0,10.8,56,206.0,21.15118355
31,0,153.3,42.1,18.7,75.0,129,21.6,14.7,42,162.0,17.91421516
38,1,174.4,72.68,21.1,80.0,120,56.8,17.0,45,205.0,23.89582106
45,0,156.2,68.1,34.4,90.0,144,28.7,16.9,28,169.0,27.91162058
34,1,170.2,63.5,16.2,87.0,142,39.6,16.4,54,218.0,21.92070986
32,1,167.9,58.7,15.9,80.0,126,45.9,12.1,51,226.0,20.82268403
48,0,165.9,60.32,30.0,80.0,128,27.6,21.7,34,173.0,21.91636682
37,1,168.0,72.7,21.4,91.0,132,43.3,14.3,47,218.0,25.75821995
21,1,179.7,63.9,12.1,74.0,128,33.0,1.1,48,167.0,19.78812768
28,0,175.0,70.5,30.0,75.0,131,33.2,25.9,37,163.0,23.02040816
26,0,161.0,48.6,25.7,86.0,137,29.9,23.6,50,169.0,18.74927665
28,1,177.7,84.9,13.7,80.0,139,52.3,17.7,40,237.0,26.88641109
55,0,159.7,55.9,27.9,53.0,107,17.8,21.5,24,145.0,21.91805314
60,1,174.3,72.9,20.5,50.0,109,38.4,12.1,44,158.0,23.99566301
37,1,175.2,66.7,19.6,59.0,99,39.6,7.6,44,194.0,21.72989512
30,1,169.3,53.8,10.3,82.0,125,34.4,-0.3,47,192.0,18.77017663
64,1,163.4,64.1,21.8,70.0,114,24.7,-6.2,15,125.0,24.00788627
61,0,167.5,55.1,26.1,70.0,139,19.7,14.4,12,156.0,19.63911784
29,1,176.5,73.7,11.5,71.0,123,35.0,10.9,62,208.0,23.65800223
27,1,178.8,66.4,11.2,78.0,144,43.9,8.9,39,268.0,20.76983519
27,1,173.2,68.0,18.3,96.0,135,46.9,5.4,61,219.0,22.66799652
39,0,156.4,55.5,33.1,67.0,111,20.3,10.2,20,155.0,22.6892158
21,1,167.2,73.7,20.2,76.0,131,39.9,21.6,49,202.0,26.3630068
25,1,175.2,72.4,10.7,79.0,134,50.4,23.2,54,245.0,23.58687267
30,1,184.1,89.64,13.9,81.0,156,53.8,19.3,50,253.0,26.44808737
28,1,168.0,92.0,39.0,95.0,129,31.8,-12.0,34,190.0,32.59637188
31,1,178.3,68.9,17.8,91.0,154,39.1,14.6,46,205.0,21.67287547
51,1,181.2,85.2,25.4,79.0,136,47.3,-1.0,28,157.0,25.94915428
21,1,185.8,83.6,13.4,90.0,142,45.0,-6.2,59,232.0,24.21669422
25,1,181.9,86.12,24.2,83.0,133,47.0,14.4,61,210.0,26.02786965
48,1,173.8,85.6,25.6,97.0,141,59.8,13.4,37,206.0,28.33832785
36,1,173.7,65.9,9.4,85.0,140,47.1,14.8,50,241.0,21.84166681
22,0,166.0,54.9,23.5,82.0,155,28.1,21.5,46,167.0,19.92306576
26,1,172.1,73.0,17.8,79.0,141,52.9,11.6,47,214.0,24.64683283
60,1,173.6,57.9,13.7,87.0,147,38.3,13.5,41,189.0,19.21228949
62,1,170.9,69.5,28.0,83.0,135,32.6,2.7,31,149.0,23.79582022
54,1,173.6,78.5,24.5,86.0,135,43.7,4.5,14,178.0,26.04775001
35,0,162.8,54.5,17.7,89.0,130,31.3,17.5,35,117.0,20.56305803
26,1,167.4,75.4,31.7,88.0,132,49.5,11.2,56,212.0,26.90670013
22,0,168.3,56.3,20.9,74.0,117,27.4,21.5,56,192.0,19.87651144
44,1,170.7,63.3,18.1,79.0,126,46.1,21.7,45,175.0,21.72384362
39,0,147.3,50.7,32.4,82.0,140,22.9,16.8,35,129.0,23.36697348
51,1,175.1,74.1,16.9,84.0,154,46.4,7.3,46,214.0,24.16828957
45,1,172.4,91.0,35.9,97.0,149,32.9,2.1,19,154.0,30.61729857
27,1,168.1,68.9,24.8,82.0,145,37.8,9.2,43,214.0,24.38281228
22,1,177.1,63.3,11.1,70.0,143,47.6,12.3,55,250.0,20.18211087
49,0,158.2,53.1,31.6,77.0,125,24.8,24.4,38,175.0,21.21688209
56,0,153.5,46.3,20.0,63.0,123,24.1,17.1,28,145.0,19.65007586
24,1,169.5,59.3,16.5,83.0,127,36.0,9.8,43,210.0,20.64026592
25,1,177.5,75.9,21.7,86.0,152,41.8,22.2,57,237.0,24.09045824
47,0,169.3,61.6,25.3,60.0,101,26.3,18.5,32,135.0,21.49150336
24,1,180.0,75.1,17.7,90.0,137,45.8,15.2,60,234.0,23.17901235
40,0,154.6,46.2,21.7,75.0,114,21.0,20.9,47,161.0,19.32960576
62,0,163.7,61.4,28.5,85.0,134,25.9,26.6,16,131.0,22.91242268
33,0,163.2,55.0,23.5,82.0,113,30.7,14.4,20,162.0,20.65011053
25,0,159.0,58.5,27.0,77.0,118,32.5,31.5,57,200.0,23.13990744
56,0,152.3,46.9,25.4,70.0,141,14.6,14.0,14,124.0,20.21962217
26,1,173.1,66.0,11.8,69.0,124,48.9,27.8,56,272.0,22.02671841
36,1,169.3,57.9,8.0,77.0,117,46.2,11.9,53,238.0,20.2006176
25,1,175.0,72.0,16.1,77.0,116,50.1,20.0,62,221.0,23.51020408
28,1,171.7,77.6,14.0,85.0,132,59.1,19.7,53,257.0,26.32213614
28,1,181.3,82.9,20.9,98.0,144,50.0,16.0,54,228.0,25.22080373
21,0,168.9,74.8,34.6,70.0,137,32.7,15.9,40,182.0,26.22058028
32,1,170.2,70.0,11.3,64.0,129,53.3,11.9,57,221.0,24.16456205
24,1,184.8,66.5,7.3,77.0,130,38.3,-13.6,31,236.0,19.47232061
52,1,169.3,64.9,29.1,76.0,137,38.9,4.4,25,198.0,22.64283389
54,1,174.1,71.2,20.7,91.0,158,42.6,13.4,40,203.0,23.48996942
63,0,161.0,60.9,27.1,54.0,134,16.9,19.8,16,146.0,23.49446395
42,0,163.3,53.7,33.0,58.0,114,21.4,4.1,6,133.0,20.13733135
44,0,163.9,62.8,34.3,72.0,118,30.7,18.9,35,154.0,23.3776976
24,0,166.6,50.5,17.7,60.0,105,22.6,31.0,50,198.0,18.19455273
43,1,163.8,72.5,22.7,63.0,110,39.3,15.3,44,206.0,27.02154717
21,0,165.9,69.2,37.8,84.0,127,25.2,22.2,39,163.0,25.14278157
31,1,181.1,64.2,16.0,90.0,143,46.4,17.4,52,201.0,19.57483579
62,0,164.0,59.0,33.4,66.0,119,24.8,26.8,26,132.0,21.93634741
26,1,183.4,83.6,14.1,79.0,145,50.6,16.0,51,231.0,24.85464788
39,0,161.8,62.1,23.6,78.0,121,24.7,29.0,35,154.0,23.72108587
50,0,159.8,59.0,30.3,72.0,114,24.1,26.8,35,150.0,23.1046004
21,1,167.7,74.1,24.6,74.0,107,45.9,15.8,48,222.0,26.34826864
59,0,160.0,58.7,26.0,66.0,105,28.3,27.3,25,127.0,22.9296875
52,1,172.3,72.9,21.7,99.0,145,41.7,16.9,46,191.0,24.55596317
26,0,167.7,63.4,27.6,78.0,133,34.5,17.3,36,182.0,22.54359287
23,1,175.1,82.7,18.7,74.0,142,56.8,11.1,58,217.0,26.97324626
22,0,165.8,62.5,33.0,77.0,130,29.7,19.0,30,183.0,22.73583794
28,1,178.7,86.0,11.9,90.0,141,61.0,12.7,48,263.0,26.93080568
47,1,173.8,68.5,17.2,84.0,143,53.3,10.2,35,211.0,22.67728339
43,0,161.3,61.2,24.1,70.0,117,28.6,15.4,52,196.0,23.52245722
41,0,160.0,50.0,20.6,62.0,106,27.4,22.6,38,178.0,19.53125
35,0,169.0,59.1,23.5,79.0,120,27.3,18.6,47,185.0,20.69255278
30,1,193.8,93.4,19.4,77.0,133,52.5,11.0,54,230.0,24.86791251
58,1,167.6,68.4,17.0,84.0,133,40.1,9.8,32,185.0,24.35051065
26,1,176.1,89.0,31.1,85.0,132,53.4,4.5,39,206.0,28.69929938
21,0,160.8,54.9,26.1,84.0,140,22.7,21.0,47,176.0,21.23245712
26,1,172.6,75.5,17.1,75.0,122,40.7,17.2,52,240.0,25.34342863
52,0,160.2,55.6,20.4,87.0,131,24.2,17.6,29,135.0,21.66455476
28,1,180.1,82.1,15.0,83.0,147,52.6,18.8,55,247.0,25.31137461
23,0,158.2,46.6,23.1,78.0,114,20.1,16.1,29,144.0,18.61971196
21,1,168.4,71.0,22.3,70.0,120,35.2,8.5,61,213.0,25.03653218
55,0,156.5,57.2,32.9,66.0,105,24.4,17.1,28,118.0,23.35432637
21,1,184.5,76.9,12.9,73.0,112,46.6,10.7,53,255.0,22.59090342
26,1,175.0,63.0,15.0,77.0,125,38.0,17.0,38,195.0,20.57142857
22,0,160.8,53.0,22.8,89.0,129,29.1,22.6,44,179.0,20.4976362
34,0,164.7,64.4,23.3,69.0,118,39.3,27.1,40,152.0,23.74098147
58,1,168.7,69.4,27.2,87.0,158,38.6,13.0,36,191.0,24.38536751
24,1,175.7,86.2,20.9,77.0,135,43.7,16.6,56,219.0,27.92310715
24,1,182.0,85.8,25.0,81.0,123,50.3,-11.9,52,212.0,25.90266876
64,1,175.6,64.3,17.5,80.0,123,42.0,17.8,38,223.0,20.85268341
24,1,171.1,68.1,18.5,76.0,125,49.5,15.1,53,232.0,23.26200222
24,0,169.5,58.8,22.3,88.0,137,30.6,22.9,38,182.0,20.46623333
25,1,183.8,68.3,14.1,76.0,132,44.5,10.0,53,244.0,20.21760418
22,0,154.3,58.5,34.4,90.0,140,28.0,14.2,38,159.0,24.57106688
21,1,177.5,74.2,13.7,64.0,133,46.2,11.4,64,233.0,23.55088276
23,0,166.6,57.56,25.2,69.0,110,35.8,18.3,45,174.0,20.73818723
28,0,164.9,52.2,29.1,82.0,121,26.7,8.0,43,180.0,19.19681554
64,1,162.8,58.5,14.6,89.0,136,31.2,19.7,45,203.0,22.0722733
61,1,171.6,78.7,23.8,70.0,136,40.3,22.2,47,182.0,26.72638162
39,1,178.3,80.3,21.0,73.0,126,49.7,8.9,36,201.0,25.25880842
21,1,169.9,70.6,14.3,75.0,136,39.3,19.2,60,246.0,24.4578312
61,0,159.5,54.68,32.3,71.0,126,26.4,-3.4,0,127.0,21.49349947
25,1,178.2,80.6,17.2,84.0,151,52.7,22.6,54,254.0,25.3816378
27,0,159.0,50.8,28.5,82.0,133,26.7,22.5,32,148.0,20.09414185
23,1,180.1,75.3,15.0,79.0,147,47.8,22.8,59,237.0,23.2149392
28,1,176.6,79.6,22.2,93.0,150,40.8,8.0,39,196.0,25.52299699
23,0,167.1,67.4,30.0,85.0,143,31.0,26.6,40,155.0,24.13831757
56,0,153.3,49.6,20.3,68.0,112,23.5,16.8,15,141.0,21.10558366
22,1,175.5,64.5,14.4,81.0,111,39.4,19.1,45,237.0,20.94138846
21,0,166.3,67.0,36.0,89.0,130,30.1,20.6,51,169.0,24.22647925
51,1,162.6,66.0,31.6,83.0,130,30.9,-4.0,40,182.0,24.96334926
24,0,158.4,59.1,33.1,71.0,118,30.1,2.7,15,120.0,23.55467554
41,0,159.6,53.5,30.6,74.0,119,26.0,14.5,45,151.0,21.00332284
28,0,160.9,67.2,37.0,80.0,123,31.2,23.2,32,163.0,25.95716064
28,1,180.7,73.5,15.5,73.0,128,44.3,18.2,48,246.0,22.50976878
51,1,172.0,67.8,21.7,71.0,136,47.2,6.3,22,200.0,22.9177934
54,0,159.2,53.5,26.2,70.0,100,23.1,21.9,35,154.0,21.10899977
38,0,167.3,51.3,18.2,79.0,123,26.2,13.8,22,181.0,18.3284392
22,0,156.3,55.1,34.0,68.0,124,25.7,28.3,40,189.0,22.5545228
51,1,172.7,77.12,19.9,89.0,146,52.1,19.4,39,218.0,25.85725068
61,0,154.8,54.6,26.8,67.0,114,23.5,24.8,25,151.0,22.78508904
55,1,164.0,68.2,22.7,81.0,121,43.1,16.0,33,183.0,25.3569304
59,1,174.5,77.4,31.4,97.0,158,36.9,11.5,23,168.0,25.41851052
61,0,158.0,50.0,30.0,90.0,130,24.0,14.0,18,120.0,20.02884153
22,0,157.0,52.9,26.6,71.0,115,26.0,22.4,35,193.0,21.46131689
63,1,181.9,71.8,17.5,74.0,139,39.6,5.4,23,172.0,21.69996564
26,0,162.8,47.1,20.3,72.0,114,24.6,20.3,50,190.0,17.77100979
55,0,154.9,56.2,31.0,68.0,130,21.7,19.4,13,126.0,23.42251254
22,1,180.4,82.0,15.2,83.0,137,43.8,20.3,65,239.0,25.19653296
31,0,161.8,53.6,26.2,80.0,138,24.3,14.7,46,183.0,20.47423837
26,1,183.0,91.5,14.2,89.0,152,59.8,24.0,52,218.0,27.32240437
25,1,185.0,88.1,18.0,66.0,123,42.7,5.3,45,222.0,25.74141709
24,0,163.3,51.3,26.4,77.0,114,23.4,21.6,35,161.0,19.23733889
32,0,162.4,53.0,23.1,82.0,135,28.1,9.4,35,171.0,20.09573151
63,1,161.0,68.9,25.64,83.0,136,42.2,8.7,30,162.0,26.58076463
32,1,179.6,70.5,12.4,70.0,120,49.7,14.7,56,223.0,21.8562904
55,1,170.0,79.9,30.0,85.0,141,29.0,21.1,30,172.0,27.64705882
62,1,164.8,78.8,25.6,74.0,133,50.1,10.0,28,169.0,29.01428033
47,0,152.6,53.9,30.0,62.0,120,20.7,20.6,27,136.0,23.14619981
60,0,153.2,50.8,27.7,77.0,144,14.3,21.7,23,119.0,21.64443142
31,1,174.6,65.6,13.8,78.0,135,44.1,18.4,66,238.0,21.51866679
21,1,171.4,67.0,23.1,81.0,117,38.0,12.3,54,184.0,22.80621255
41,1,167.5,73.5,25.8,89.0,151,38.7,3.1,39,165.0,26.19737135
24,1,170.6,69.9,3.0,75.0,123,52.4,23.9,60,280.0,24.01702013
22,0,176.2,74.9,26.5,85.0,126,36.6,24.9,64,186.0,24.12514929
60,0,154.7,50.4,29.1,84.0,140,19.2,20.0,24,152.0,21.05958986
29,1,177.9,73.3,13.1,80.0,150,47.1,18.0,57,260.0,23.16072119
59,0,154.5,56.8,33.4,80.0,129,15.0,6.9,10,131.0,23.79531006
48,1,180.7,76.2,22.2,92.0,126,47.2,21.3,38,218.0,23.33665825
50,0,152.7,62.2,36.6,79.0,133,19.1,14.5,23,148.0,26.67548416
22,0,169.3,58.4,23.8,65.0,123,27.1,12.9,27,169.0,20.37506162
22,0,160.1,48.5,20.0,81.0,138,25.4,25.0,58,190.0,18.92165304
53,1,169.9,62.8,12.8,71.0,118,49.0,17.7,47,200.0,21.75569121
47,1,175.5,79.8,31.1,99.0,146,39.5,-1.0,40,171.0,25.90888061
37,1,173.1,77.3,20.1,75.0,135,44.5,17.1,48,174.0,25.79795959
24,1,183.8,73.0,10.7,82.0,123,37.1,16.7,59,239.0,21.60885951
61,1,165.2,73.7,33.1,77.0,145,27.7,8.7,25,151.0,27.00520024
43,1,170.4,60.8,15.4,77.0,120,44.2,12.2,33,227.0,20.93940797
22,1,177.3,70.2,13.3,70.0,155,50.6,23.0,55,235.0,22.33158975
40,1,178.6,71.4,21.01,82.0,143,42.8,20.0,45,232.0,22.38387659
32,1,177.3,77.5,15.5,74.0,117,52.0,22.3,58,252.0,24.65382059
51,1,181.9,96.9,20.4,96.0,150,56.1,12.0,30,204.0,29.28588677
46,1,179.0,78.4,20.8,92.0,150,45.3,17.6,35,181.0,24.46864954
25,1,170.8,60.7,13.5,75.0,149,38.6,19.7,56,225.0,20.80716726
40,1,170.0,71.9,25.4,85.0,134,44.6,5.0,41,195.0,24.87889273
39,1,173.8,70.9,19.7,86.0,148,40.9,3.1,36,207.0,23.47181594
25,1,177.1,73.1,10.9,66.0,116,43.5,17.4,51,233.0,23.30667148
46,1,171.7,74.5,25.9,94.0,154,35.4,12.8,31,195.0,25.2706075
22,1,168.5,74.5,23.5,55.0,116,43.9,-8.0,45,205.0,26.23955481
23,0,161.0,58.9,31.1,77.0,127,30.3,19.1,43,203.0,22.72288878
43,0,159.7,58.4,24.5,62.0,124,26.0,15.1,47,196.0,22.89828808
61,1,165.2,70.7,24.5,81.0,120,33.3,12.7,30,165.0,25.90593836
30,1,172.7,86.2,27.4,96.0,144,49.5,17.6,56,225.0,28.90164689
31,1,175.9,68.8,11.9,73.0,151,56.9,15.0,41,230.0,22.23600481
41,0,167.6,74.3,31.6,86.0,126,20.7,10.7,15,155.0,26.45092019
26,1,177.3,81.2,26.3,88.0,144,45.4,16.3,55,226.0,25.83084171
25,1,186.0,89.8,20.2,80.0,130,44.1,8.5,38,198.0,25.95675801
23,1,170.8,74.1,20.0,65.0,116,46.0,21.2,48,255.0,25.40051226
27,1,177.9,87.8,20.8,90.0,120,42.6,18.3,58,218.0,27.74230996
21,1,176.6,63.4,11.6,78.0,141,43.5,19.0,63,236.0,20.32861821
60,0,163.6,69.0,40.7,75.0,118,19.4,-2.2,9,112.0,25.77997501
53,1,168.8,70.66,27.6,85.0,125,39.9,17.5,40,177.0,24.79869051
22,1,171.4,70.0,23.1,73.0,140,39.1,8.9,47,212.0,23.82738624
30,1,174.5,81.8,20.2,81.0,114,56.2,16.3,65,232.0,26.86349045
48,0,160.0,57.34,32.4,77.0,139,23.0,18.9,20,140.0,22.3984375
21,1,165.9,64.0,15.7,88.0,147,39.7,17.5,57,218.0,23.2534396
21,1,165.0,65.9,15.9,80.0,120,33.4,25.0,33,210.0,24.2056933
57,0,153.8,42.8,20.7,69.0,125,22.2,19.3,0,95.0,18.09385468
21,1,173.1,67.36,14.4,69.0,147,34.2,10.0,44,176.0,22.4806023
32,0,160.2,57.4,27.6,77.0,125,27.4,15.5,39,163.0,22.36592524
23,1,182.1,74.66,23.2,83.0,138,40.4,13.2,23,212.0,22.51480003
36,1,176.7,88.0,28.6,83.0,131,44.5,11.1,52,166.0,28.18445057
53,0,156.0,54.4,31.9,88.0,136,25.7,4.5,21,159.0,22.35371466
49,1,172.2,73.2,22.7,92.0,138,51.0,22.8,28,188.0,24.68566249
61,0,149.6,48.54,31.6,75.0,159,24.8,25.0,20,133.0,21.68885298
34,1,172.0,69.8,18.8,82.0,127,39.9,12.1,36,218.0,23.59383451
22,1,171.1,75.52,30.7,74.0,129,35.3,15.9,24,186.0,25.79656986
55,1,177.5,79.8,30.46432,82.0,133,46.3,6.3,24,168.0,25.32830788
39,1,181.4,84.9,21.2,72.0,125,51.7,17.3,41,203.0,25.80079718
62,0,163.4,56.7,34.5,82.0,132,22.8,19.6,21,124.0,21.23630502
37,1,172.8,80.8,25.3,79.0,131,60.1,14.7,45,238.0,27.05975652
40,0,151.6,60.5,39.7,98.0,151,32.1,15.8,24,176.0,26.32430852
31,1,171.5,61.0,16.8,76.0,130,33.3,21.0,51,218.0,20.7396578
32,1,173.0,68.9,32.0,80.0,147,34.3,19.0,40,165.0,23.02115006
41,1,185.2,88.66,20.3,98.0,148,37.9,4.5,46,229.0,25.84911998
23,1,168.1,84.8,34.0,92.0,143,36.7,-7.9,41,183.0,30.00961511
35,0,164.4,57.8,26.9,63.0,102,37.9,24.5,33,187.0,21.38573653
60,0,150.9,65.1,40.4,80.0,134,33.0,12.0,4,114.0,28.58923332
51,0,154.3,57.2,35.2,69.0,111,26.2,11.8,9,126.0,24.02504317
21,0,171.5,52.5,22.7,74.0,120,32.8,20.7,41,185.0,17.84970548
62,0,149.1,57.0,33.2,87.0,145,17.7,22.6,18,134.0,25.64009139
21,1,165.0,59.9,19.9,70.0,125,38.1,11.0,43,205.0,22.00183655
31,1,178.0,87.2,32.4,89.0,135,50.1,16.7,48,211.0,27.52177755
31,0,163.6,60.2,29.4,62.0,109,29.3,18.5,42,174.0,22.49209414
39,1,165.5,74.8,26.9,82.0,141,37.6,13.3,37,200.0,27.30898769
44,0,159.7,66.9,39.0,55.0,110,20.7,12.6,15,137.0,26.23108686
31,0,165.1,55.1,25.7,79.0,114,23.7,0.0,27,136.0,20.21424161
21,1,173.2,89.2,25.2,63.0,134,58.0,4.4,50,208.0,29.73507779
53,0,150.7,47.6,28.7,79.0,128,22.9,10.9,10,119.0,20.95947732
50,1,174.0,75.4,26.0,93.0,138,38.3,22.8,28,227.0,24.90421456
28,0,158.0,45.1,26.3,55.0,114,23.6,18.2,30,153.0,18.06601506
22,1,177.1,71.7,16.8,91.0,135,44.1,13.3,50,245.0,22.86030568
62,1,180.9,74.2,25.6,81.0,137,44.5,-2.3,22,183.0,22.67392844
57,1,170.5,73.0,22.0,97.0,152,45.6,8.5,40,198.0,25.11158315
31,1,171.3,65.4,23.0,79.0,139,39.9,9.4,38,195.0,22.28758551
51,0,154.0,50.0,21.0,86.0,152,17.6,23.1,39,151.0,21.08281329
57,0,165.4,61.86,37.1,90.0,154,23.6,19.6,10,134.0,22.61199627
26,0,159.7,53.0,27.2,79.0,123,28.9,17.3,33,173.0,20.78098062
62,1,174.8,73.4,22.0,81.0,159,46.5,15.1,30,185.0,24.0222235
36,1,178.5,90.5,14.7,87.0,125,64.0,26.4,45,262.0,28.40351827
38,1,182.5,72.7,17.1,90.0,148,39.4,21.8,59,227.0,21.82773503
39,1,175.8,76.2,21.2,85.0,121,44.1,-3.2,46,228.0,24.65569391
28,0,164.2,54.7,15.7,75.0,99,33.1,20.2,45,163.0,20.28808337
23,0,173.3,57.8,26.9,65.0,109,25.4,22.8,46,176.0,19.24556711
22,1,162.7,65.7,21.4,95.0,142,41.6,11.4,56,210.0,24.81934201
23,0,166.1,64.9,26.2,62.0,106,29.0,25.6,45,196.0,23.52368915
28,1,166.1,54.5,20.9,90.0,129,40.4,11.4,44,212.0,19.75409952
24,0,158.4,53.7,33.9,81.0,142,22.8,19.9,40,162.0,21.40247169
21,0,159.9,49.7,25.4,76.0,116,23.4,24.3,11,145.0,19.43835285
38,1,170.6,83.6,31.3,89.0,144,45.6,-1.3,44,179.0,28.72421864
21,0,171.8,70.8,28.2,66.0,150,32.2,23.0,47,189.0,23.98760776
25,0,164.5,68.5,38.7,76.0,123,33.0,21.3,51,167.0,25.31388291
29,1,168.4,71.9,19.9,72.0,124,46.4,20.4,47,223.0,25.35389667
22,1,175.4,64.1,17.0,88.0,134,31.1,9.7,60,211.0,20.8352565
64,1,169.5,73.2,23.3,89.0,145,41.6,22.8,31,179.0,25.4783721
62,1,181.4,80.2,28.2,80.0,153,31.6,1.0,18,127.0,24.3724845
26,0,159.3,49.0,20.9,77.0,135,21.3,21.1,54,171.0,19.30921101
59,1,168.5,74.6,22.7,88.0,147,34.5,8.7,31,202.0,26.27477569
56,1,170.1,61.5,22.0,89.0,148,37.7,20.5,40,195.0,21.25526327
60,0,161.8,48.4,20.9,63.0,105,23.0,22.3,21,131.0,18.48793166
63,0,148.2,64.2,39.8,82.0,153,27.6,11.5,8,140.0,29.23065996
49,0,160.4,55.7,28.9,78.0,131,24.1,25.3,24,155.0,21.64943004
54,1,171.3,59.8,12.6,69.0,122,38.1,9.4,37,194.0,20.3791684
27,1,174.2,84.3,30.8,83.0,131,46.3,0.4,55,184.0,27.77993807
45,1,184.3,88.3,25.4,84.0,147,47.4,17.9,32,205.0,25.99620979
30,1,178.4,87.5,32.2,86.0,134,45.1,7.6,36,177.0,27.49276076
22,0,164.3,53.1,19.9,61.0,121,28.9,23.7,60,177.0,19.67068094
30,1,172.6,102.7,28.3,96.0,160,57.5,11.2,48,246.0,34.47377643
32,1,191.7,90.2,11.0,73.0,137,58.8,15.4,52,251.0,24.54495905
27,0,160.4,55.68,24.3,60.0,124,29.0,24.5,64,173.0,21.64165646
27,1,172.5,74.9,23.8,78.0,154,46.6,13.3,54,233.0,25.17118252
60,1,167.5,70.3,25.6,79.0,125,35.9,14.0,28,189.0,25.05680552
25,1,178.7,63.8,15.2,74.0,122,29.7,1.5,33,214.0,19.97890003
54,1,171.4,65.7,21.7,90.0,154,32.1,14.8,35,210.0,22.36370395
30,1,171.3,70.1,15.4,69.0,118,44.6,26.5,50,238.0,23.88929272
52,0,166.4,57.38,15.6,85.0,130,27.1,27.8,50,173.0,20.72306074
60,1,170.0,68.9,18.5,96.0,143,44.7,21.0,30,183.0,23.84083045
31,0,161.2,53.8,18.09828,76.0,128,34.1,31.2,44,218.0,20.70390188
25,1,168.0,61.4,15.4,72.0,125,41.7,-10.4,46,160.0,21.75453515
25,0,164.2,66.6,30.2,82.0,120,25.7,22.9,39,178.0,24.70176147
30,1,172.9,76.2,20.2,87.0,140,47.9,20.9,55,241.0,25.4897153
51,0,158.2,55.5,32.8,86.0,122,27.1,18.8,26,137.0,22.17583721
31,1,167.0,69.7,29.4,94.0,148,45.0,5.5,36,205.0,24.9919323
60,1,172.4,69.5,26.7,95.0,145,46.5,8.5,25,180.0,23.38354122
27,1,173.8,87.0,24.1,95.0,158,39.9,22.5,50,189.0,28.80180518
25,0,164.9,67.0,32.4,72.0,118,28.6,15.4,35,149.0,24.63959082
22,1,170.7,72.2,23.8,72.0,136,46.0,20.7,49,226.0,24.77822289
36,1,173.9,89.2,25.8,77.0,120,51.2,16.0,40,206.0,29.49617426
22,1,160.5,60.8,18.9,64.0,118,30.9,13.7,60,196.0,23.60225541
23,0,161.5,56.9,25.5,82.0,123,31.0,20.9,45,188.0,21.81560256
62,0,158.3,58.8,28.3,80.0,128,26.7,21.3,19,137.0,23.46472649
24,1,171.9,80.1,27.5,89.0,135,45.9,13.9,41,173.0,27.10695674
25,1,173.2,69.4,10.8,74.0,129,52.9,22.7,61,235.0,23.13469057
45,1,170.3,76.7,17.0,86.0,154,50.8,19.5,43,214.0,26.4463699
48,1,173.6,72.3,16.5,82.0,141,51.4,20.4,56,240.0,23.99047548
34,0,160.1,52.3,19.9,72.0,123,27.3,25.1,52,180.0,20.40417431
24,1,170.7,89.7,34.3,85.0,141,38.4,4.2,42,187.0,30.78402484
26,0,164.7,61.1,26.7,70.0,108,32.9,22.2,42,197.0,22.52444049
29,0,155.6,57.7,34.7,80.0,141,19.5,16.4,12,129.0,23.83178805
36,1,175.0,70.5,15.8,98.0,148,49.7,14.2,49,230.0,23.02040816
53,0,156.1,72.9,41.3,88.0,130,19.7,11.1,11,108.0,29.91725356
61,1,167.6,67.46,24.1,73.0,135,38.0,7.9,33,186.0,24.01586913
21,0,155.5,55.3,38.0,62.0,103,25.0,16.5,33,160.0,22.86990416
30,1,170.0,74.74,23.4,78.0,147,47.0,15.0,55,204.0,25.8615917
21,0,162.5,59.8,31.3,81.0,131,26.5,21.9,40,195.0,22.64615385
41,1,169.7,73.08,17.4,83.0,142,37.8,13.1,48,226.0,25.37668297
34,1,177.0,66.7,12.1,93.0,149,38.1,16.6,49,184.0,21.29017843
33,1,169.1,67.9,20.0,91.0,150,50.6,17.0,53,214.0,23.74556781
28,0,176.3,62.7,24.1,81.0,124,27.1,23.2,45,168.0,20.17264827
44,1,170.1,64.3,19.0,82.0,143,45.3,14.4,29,221.0,22.22298257
39,1,164.8,68.98,22.5,85.0,148,43.2,12.5,48,206.0,25.39854133
27,1,172.7,56.6,13.3,72.0,117,41.4,19.7,53,210.0,18.97718346
55,0,158.4,55.7,35.5,88.0,127,22.6,20.1,14,140.0,22.19958423
30,0,148.8,44.3,29.2,67.0,104,20.4,12.3,28,128.0,20.00773211
55,0,151.0,51.4,32.5,83.0,138,20.7,18.5,14,119.0,22.54287093
61,0,157.6,56.9,36.5,88.0,159,21.7,20.8,20,121.0,22.90866809
39,0,161.5,50.5,28.7,62.0,104,24.2,15.1,24,125.0,19.36182653
28,1,180.6,66.6,12.7,98.0,143,39.4,4.4,53,236.0,20.41920067
37,1,170.2,70.5,27.6,74.0,139,34.8,18.9,43,240.0,24.33716606
21,0,167.1,62.3,30.3,81.0,140,25.2,21.1,38,146.0,22.31182767
23,0,158.0,57.0,29.0,82.0,138,29.6,24.0,46,188.0,22.83287935
44,0,161.2,54.4,22.4,74.0,150,27.0,18.9,42,159.0,20.93480041
30,1,178.4,82.5,30.0,97.0,139,39.3,1.9,42,200.0,25.92174586
55,0,163.7,52.0,29.4,64.0,127,25.2,17.6,40,151.0,19.40465764
22,0,161.4,54.5,30.2,73.0,129,25.0,17.1,36,137.0,20.92133731
31,0,161.8,52.5,24.1,72.0,111,27.0,15.5,34,172.0,20.0540581
64,1,170.0,84.1,24.2,95.0,154,41.0,10.1,28,181.0,29.10034602
43,1,167.8,68.24,21.1,82.0,118,39.5,12.5,31,214.0,24.23567417
55,1,180.7,66.8,20.2,82.0,139,40.2,5.9,30,191.0,20.45785788
41,1,165.5,67.8,24.4,78.0,131,31.0,14.4,48,191.0,24.75333376
21,0,165.9,48.5,21.7,71.0,117,19.2,27.5,44,173.0,17.6217472
29,1,177.4,70.6,14.5,66.0,125,49.7,22.1,51,227.0,22.43352242
43,0,161.3,60.1,30.2,70.0,111,26.7,18.0,20,143.0,23.09966796
28,1,176.7,87.9,26.5,83.0,157,39.3,12.2,55,185.0,28.15242279
45,0,164.1,63.9,34.5,97.0,144,28.3,14.3,29,130.0,23.72923274
51,1,171.7,66.3,21.4,69.0,134,48.8,14.5,36,211.0,22.48914466
32,1,179.0,82.2,19.0,99.0,150,48.6,28.7,57,250.0,25.65463001
53,1,173.1,73.5,21.9,87.0,144,41.7,5.5,39,198.0,24.52975459
62,0,165.3,65.5,34.7,70.0,127,30.6,22.2,24,147.0,23.9715211
50,0,153.3,57.6,32.1,90.0,134,24.4,12.3,32,156.0,24.50971006
22,1,181.1,86.7,24.8,77.0,158,34.3,15.0,48,193.0,26.43517543
57,1,172.8,59.8,19.6,61.0,103,32.8,9.1,32,171.0,20.02689901
25,1,176.9,78.3,15.6,77.0,139,54.1,17.4,62,235.0,25.02108258
25,0,161.9,49.5,24.0,72.0,125,31.8,13.3,43,168.0,18.88476137
22,1,170.0,58.2,9.4,42.0,113,38.3,8.2,53,186.0,20.1384083
36,1,170.0,71.0,19.9,73.0,129,45.8,20.6,71,234.0,24.56747405
31,1,174.8,67.8,17.8,71.0,123,46.9,17.2,50,234.0,22.18946531
26,1,177.4,78.3,14.0,74.0,115,53.3,15.3,63,234.0,24.88023804
33,1,174.9,80.2,23.5,79.0,131,50.7,19.3,53,233.0,26.21770964
24,0,158.0,46.1,22.2,83.0,122,22.1,21.4,32,149.0,18.46659189
35,1,166.9,75.8,33.0,95.0,156,41.2,15.7,37,208.0,27.21175375
34,1,174.1,66.9,18.4,83.0,126,42.9,6.2,47,222.0,22.07133363
25,0,163.8,54.2,35.8,72.0,107,26.6,19.3,35,156.0,20.20093595
55,0,167.9,61.8,25.5,99.0,153,32.3,19.6,30,182.0,21.92234877
43,1,173.1,77.5,22.8,96.0,144,55.3,24.0,53,226.0,25.86470722
55,1,165.7,64.0,20.6,62.0,111,38.3,12.3,10,163.0,23.30960731
39,1,170.6,75.7,23.0,84.0,125,43.8,9.2,61,185.0,26.0098487
26,0,166.0,66.1,26.7,74.0,141,32.7,14.1,44,172.0,23.98751633
26,1,172.7,71.3,19.2,80.0,154,53.3,22.3,56,243.0,23.90588658
43,1,180.2,77.6,16.5,72.0,118,51.9,8.1,30,190.0,23.89748226
25,0,157.8,54.0,30.9,84.0,126,26.8,30.8,67,165.0,21.68601541
31,1,183.8,90.1,24.4,84.0,139,40.8,18.6,39,226.0,26.67066085
62,0,162.2,62.1,37.2,71.0,145,28.1,26.6,21,110.0,23.60423341
55,0,162.3,54.2,23.1,57.0,109,20.9,15.7,16,142.0,20.57606138
57,0,152.6,50.0,34.4,91.0,152,22.1,9.6,14,111.0,21.4714284
24,1,174.0,75.5,11.3,75.0,130,49.3,22.5,57,250.0,24.93724402
31,1,172.2,68.3,18.4,68.0,110,35.8,17.2,55,201.0,23.03320694
55,0,151.7,53.8,29.0,90.0,148,28.4,20.3,24,146.0,23.37820239
26,1,178.7,64.7,25.9,81.0,144,38.7,3.0,30,132.0,20.26073404
23,1,167.5,64.6,13.2,73.0,157,49.4,21.1,68,234.0,23.02517264
59,0,163.3,62.54,34.8,81.0,151,24.2,22.5,34,135.0,23.45230359
25,1,163.2,61.8,21.2,78.0,126,42.3,9.6,48,199.0,23.20321511
59,1,174.0,68.2,18.0,67.0,147,50.3,16.0,31,208.0,22.52609328
39,0,155.5,50.4,25.5,79.0,131,30.4,21.5,31,160.0,20.84345695
63,0,154.8,46.0,18.7,90.0,148,26.6,28.5,24,137.0,19.19622886
26,0,166.6,55.9,24.5,79.0,121,25.4,17.7,30,160.0,20.14010886
35,1,181.0,78.5,15.4,87.0,146,45.5,-1.5,62,267.0,23.96141754
58,1,171.3,74.2,25.0,95.0,144,36.2,18.8,40,177.0,25.28652668
21,0,160.6,64.88,34.4,70.0,122,30.5,22.1,35,160.0,25.15473574
25,1,176.6,68.7,15.5,68.0,131,35.6,7.8,60,236.0,22.02801373
41,0,161.6,70.4,20.1,76.0,128,32.8,19.5,34,175.0,26.95814136
39,1,171.0,75.5,24.3,78.0,138,44.8,14.6,43,205.0,25.8199104
27,1,171.7,77.3,15.1,76.0,139,48.4,24.3,59,255.0,26.2203753
37,1,179.5,76.7,19.3,94.0,122,53.0,12.5,47,236.0,23.8049053
26,1,167.3,71.8,15.0,62.0,146,35.9,18.0,54,245.0,25.65266929
52,1,153.5,48.9,24.8,88.0,153,24.7,-7.1,31,140.0,20.75353585
36,1,178.4,88.2,21.6,88.0,150,44.1,22.7,50,233.0,27.71270285
60,0,156.6,55.7,31.6,80.0,120,26.8,13.7,18,140.0,22.71285246
59,1,162.7,74.1,33.7,93.0,138,41.2,17.7,33,168.0,27.99259122
23,0,162.4,58.9,29.6,71.0,119,28.1,25.5,48,178.0,22.33280351
36,1,175.5,82.9,23.2,73.0,122,52.4,7.6,48,186.0,26.91536595
23,1,171.7,79.7,18.8,84.0,145,46.1,2.4,47,222.0,27.03446199
58,0,157.7,59.8,31.0,94.0,159,30.3,19.9,38,170.0,24.04572065
21,1,187.6,80.7,16.7,80.0,137,40.6,10.3,46,255.0,22.93020126
47,1,167.6,62.8,18.6,81.0,141,39.6,17.7,46,200.0,22.35690159
63,1,169.0,49.7,21.6,87.0,154,20.4,14.2,22,125.0,17.40135149
24,1,177.4,70.5,12.4,75.0,156,44.5,22.6,59,219.0,22.40174689
30,1,172.4,96.7,35.1,78.0,144,30.7,-2.2,14,163.0,32.53508541
27,1,163.3,62.5,15.0,78.0,123,40.3,20.7,63,233.0,23.43730371
23,1,172.4,80.3,22.2,90.0,151,53.5,17.1,60,213.0,27.01724259
37,1,186.0,95.8,19.0,74.0,154,63.0,17.8,60,239.0,27.69106255
21,1,180.3,86.4,30.9,85.0,136,37.0,1.2,29,191.0,26.57799951
22,1,175.7,71.4,11.2,64.0,125,49.6,11.3,60,269.0,23.12888458
36,1,172.5,71.8,16.4,76.0,130,45.0,21.4,42,221.0,24.12938458
51,0,165.8,58.0,23.9,74.0,123,32.1,29.3,24,158.0,21.09885761
63,1,165.5,68.3,23.4,92.0,157,39.3,13.0,29,146.0,24.93588047
24,1,184.6,82.4,21.2,78.0,120,43.5,-0.8,41,224.0,24.18041879
50,1,163.9,57.8,15.0,76.0,143,42.3,17.0,41,221.0,21.51641595
40,1,173.9,74.8,21.1,87.0,137,55.1,16.2,33,218.0,24.73446003
42,0,161.3,57.2,29.1,78.0,126,26.2,26.4,30,163.0,21.98504172
23,1,177.0,70.6,14.0,80.0,120,37.3,10.3,51,205.0,22.53503144
35,1,164.6,66.0,15.7,78.0,135,36.4,27.3,46,198.0,24.36039207
39,1,173.2,79.3,29.0,79.0,123,39.6,9.9,22,199.0,26.43488418
54,0,159.3,66.7,42.0,70.0,126,18.5,11.0,0,85.0,26.2841709
27,1,162.6,79.6,35.6,68.0,114,18.7,-3.6,17,101.0,30.10731214
23,1,173.8,66.3,12.5,84.0,137,45.2,12.7,51,225.0,21.94896188
25,1,172.8,66.5,23.1,86.0,150,45.2,3.7,52,203.0,22.27071545
44,1,173.6,88.4,28.8,86.0,152,39.3,-4.0,33,190.0,29.33275287
28,1,165.6,68.9,11.9,79.0,129,52.2,14.9,61,243.0,25.12456533
21,1,178.4,71.0,10.9,70.0,125,47.6,17.9,56,238.0,22.30841159
50,1,178.2,88.4,23.4,85.0,146,54.9,19.3,51,25.0,27.83792533
27,0,156.0,53.9,35.5,69.0,116,23.1,13.1,28,144.0,22.14825773
47,1,171.0,72.64,20.6,89.0,151,45.8,18.0,45,205.0,24.84183167
21,0,161.3,51.6,23.4,80.0,120,24.6,24.1,39,176.0,19.83266001
33,1,174.9,79.9,20.7,71.0,130,52.1,16.2,76,244.0,26.1196384
22,1,186.6,111.8,28.9,94.0,136,54.7,14.3,50,222.0,32.10838965
26,1,167.4,65.4,22.2,85.0,123,41.8,7.5,49,209.0,23.33817226
61,1,170.9,102.2,33.2,92.0,153,39.4,6.2,19,178.0,34.99183923
23,1,177.6,74.6,26.6,75.0,130,40.6,14.2,44,211.0,23.65118497
60,1,160.8,53.8,19.8,92.0,133,24.4,5.0,42,150.0,20.80703448
24,1,177.9,67.5,19.9,67.0,125,36.9,9.7,46,222.0,21.32808568
26,0,161.5,46.0,23.8,83.0,135,20.2,16.5,20,132.0,17.63651525
63,0,151.0,45.4,34.7,73.0,137,21.4,4.8,9,120.0,19.91140739
38,1,166.9,65.8,23.4,79.0,130,38.3,15.8,42,225.0,23.62181263
49,1,174.0,73.3,22.1,83.0,146,42.0,20.2,44,218.0,24.21059585
63,1,173.0,78.0,23.7,70.0,133,42.8,13.2,25,190.0,26.06167931
27,1,173.4,72.1,19.3,88.0,129,46.2,13.4,44,231.0,23.97933188
22,0,155.0,45.7,26.5,77.0,99,17.4,12.0,24,135.0,19.02185224
24,1,186.7,71.8,20.4,89.0,156,46.7,15.6,43,256.0,20.59851008
24,1,175.6,93.38,25.4,88.0,144,63.6,18.0,51,215.0,30.28341488
61,0,151.0,56.4,36.6,86.0,139,24.9,13.8,0,137.0,24.7357572
40,0,160.4,64.5,31.0,72.0,114,25.8,20.9,35,165.0,25.06980678
26,1,186.4,92.3,8.0,81.0,153,60.4,15.2,62,286.0,26.56500396
31,1,180.7,78.84,14.1,83.0,143,44.0,10.7,58,214.0,24.14517239
36,1,165.3,77.1,21.1,87.0,144,50.0,26.1,58,249.0,28.21685919
61,1,167.1,72.6,16.1,63.0,130,45.4,4.9,30,183.0,26.00062101
44,0,168.8,52.1,21.6,96.0,148,30.0,25.3,25,173.0,18.28491049
35,1,183.0,86.7,18.7,88.0,134,55.6,14.7,51,227.0,25.88909791
24,0,160.3,64.3,37.2,77.0,122,19.3,25.8,10,155.0,25.02326229
25,1,180.7,77.1,17.9,86.0,146,45.8,17.8,52,227.0,23.61228807
46,0,155.5,50.8,23.3,78.0,128,26.8,18.3,22,162.0,21.00888122
21,0,163.8,66.0,39.8,88.0,133,25.2,20.2,31,152.0,24.5989257
30,1,176.7,79.5,15.3,80.0,120,49.3,28.9,62,222.0,25.46208887
47,1,179.0,74.5,26.9,61.0,114,34.5,15.4,34,214.0,23.25145907
47,0,158.5,55.8,21.3,76.0,132,25.5,22.9,51,179.0,22.21138632
34,1,170.7,67.4,23.0,80.0,123,48.0,6.0,39,215.0,23.13091722
21,1,175.0,64.0,14.8,83.0,133,44.6,16.4,60,231.0,20.89795918
23,0,161.4,53.52,23.5,79.0,109,32.0,22.3,52,182.0,20.54513711
29,1,169.5,76.2,20.1,95.0,159,46.3,21.3,61,225.0,26.52256768
31,0,162.5,56.7,29.8,92.0,132,37.2,18.9,37,151.0,21.47218935
31,1,173.7,78.4,25.4,98.0,140,52.3,14.8,56,218.0,25.98462333
38,1,176.7,67.7,22.4,90.0,139,42.4,7.7,38,195.0,21.68281027
61,1,169.5,75.6,23.9,87.0,129,26.8,0.9,25,193.0,26.31372856
28,1,178.0,83.46,19.4,84.0,147,48.6,25.3,55,231.0,26.34137104
41,1,178.3,86.1,22.3,78.0,131,42.7,8.5,42,223.0,27.08323045
29,1,180.0,83.9,25.5,77.0,129,47.6,4.4,41,183.0,25.89506173
24,0,164.9,55.9,29.9,94.0,126,26.7,16.1,47,198.0,20.55750936
28,1,167.2,64.5,13.6,54.0,104,48.4,13.4,51,232.0,23.07210229
24,1,173.1,60.4,12.0,66.0,117,29.3,10.2,62,239.0,20.15778473
27,1,162.8,66.7,15.1,115.0,138,46.0,10.0,65,230.0,25.1661646
27,1,171.1,78.0,25.1,77.0,123,37.7,17.3,53,214.0,26.64370298
38,1,183.6,67.7,12.0,69.0,115,47.7,15.3,58,213.0,20.08368102
21,0,154.7,58.8,33.8,72.0,121,24.6,25.3,50,193.0,24.56952151
44,1,172.0,71.0,18.1,69.0,113,48.3,28.7,52,203.0,23.99945917
29,1,174.3,75.5,9.4,71.0,142,43.4,20.8,60,256.0,24.8514754
32,0,160.6,50.9,22.4,67.0,111,23.1,27.6,42,191.0,19.73452604
21,1,179.0,66.4,15.1,66.0,111,46.8,13.0,50,203.0,20.72344808
40,1,178.5,70.5,17.5,74.0,118,42.6,17.0,33,215.0,22.12649766
27,0,160.2,61.3,26.9,84.0,136,33.9,19.7,55,180.0,23.88556128
34,0,162.6,52.1,20.4,72.0,115,31.3,28.2,65,208.0,19.70591662
24,1,159.4,66.6,19.9,64.0,134,33.9,19.3,52,208.0,26.21184524
43,1,174.6,104.9,36.2,97.0,150,32.7,-1.3,22,173.0,34.41018515
23,0,165.5,61.2,22.7,87.0,140,28.5,8.6,30,143.0,22.3437172
32,1,181.2,87.0,24.0,95.0,154,48.9,20.2,68,239.0,26.49737585
39,0,150.2,60.9,37.0,65.0,111,19.2,14.0,31,149.0,26.99463299
47,1,173.0,75.4,24.5,99.0,135,43.4,16.7,32,193.0,25.19295666
28,1,171.1,67.4,18.9,99.0,142,40.7,18.8,46,250.0,23.02289206
37,1,172.2,66.9,17.6,86.0,128,46.2,14.9,39,224.0,22.56107678
40,0,162.5,51.4,22.5,91.0,143,26.9,26.3,36,174.0,19.46508876
25,0,156.3,53.3,26.8,50.0,96,28.4,12.9,40,190.0,21.81771443
25,1,184.0,83.3,16.2,72.0,119,48.9,12.1,47,264.0,24.60420605
21,1,169.7,69.7,22.1,76.0,134,32.4,19.4,57,231.0,24.20299402
22,0,160.1,57.18,33.2,68.0,108,21.6,-4.9,38,164.0,22.30804373
23,1,169.2,57.48,8.1,95.0,141,39.3,4.3,51,242.0,20.07779622
24,0,161.7,61.5,27.5,77.0,117,30.6,24.9,37,190.0,23.52096177
64,1,172.1,72.88,21.8,86.0,155,34.1,15.2,39,153.0,24.60631749
56,0,157.2,60.4,36.2,70.0,118,24.2,14.3,16,132.0,24.4417251
21,1,165.1,66.8,18.7,85.0,137,41.8,9.2,48,209.0,24.50655789
23,1,168.4,55.6,6.6,94.0,134,49.5,16.9,51,204.0,19.60607309
24,1,177.2,75.4,16.0,82.0,144,49.8,25.9,56,252.0,24.01286121
25,1,173.8,83.6,21.6,86.0,139,53.1,28.6,53,242.0,27.67621739
23,0,159.0,54.3,31.4,79.0,117,24.5,16.7,43,185.0,21.47858075
25,1,175.1,68.2,17.3,77.0,128,34.5,6.7,46,203.0,22.24395882
21,1,177.6,67.0,17.8,95.0,153,36.4,4.5,27,184.0,21.24168087
43,0,162.3,54.7,26.4,81.0,123,31.7,23.5,42,195.0,20.76587745
36,1,164.9,82.9,34.0,99.0,140,25.7,4.7,28,174.0,30.4868967
47,1,168.8,68.4,26.7,78.0,124,42.1,6.5,32,207.0,24.00552548
26,0,162.4,52.9,25.8,85.0,117,25.3,18.5,46,167.0,20.05781504
31,1,173.6,94.4,35.5,91.0,141,50.4,7.2,45,212.0,31.3236637
22,1,178.2,75.7,17.2,84.0,138,42.0,16.4,57,226.0,23.83858538
25,0,165.8,55.4,34.5,71.0,101,28.1,20.6,19,152.0,20.15304675
23,1,182.7,67.6,11.6,91.0,150,45.4,-11.0,39,234.0,20.25207846
52,0,163.0,55.4,22.0,80.0,133,27.2,20.9,32,154.0,20.85136814
38,0,159.0,49.5,15.8,93.0,144,25.1,23.4,44,154.0,19.57992168
27,1,177.6,76.7,15.6,79.0,117,51.0,10.8,55,216.0,24.316969
62,1,163.6,57.3,22.3,82.0,130,34.2,17.0,23,185.0,21.40858794
61,1,165.7,60.3,22.7,99.0,154,41.1,11.4,23,188.0,21.96202064
58,1,171.1,64.4,23.8,90.0,149,32.6,10.4,29,181.0,21.99813426
53,1,176.6,86.1,20.8,89.0,133,42.2,10.9,60,192.0,27.60716132
25,1,171.4,69.4,15.7,87.0,141,41.2,19.0,45,232.0,23.62315151
62,0,157.2,50.4,26.7,83.0,140,29.4,19.8,18,159.0,20.39508187
26,0,158.3,53.1,26.5,87.0,139,19.1,22.2,42,161.0,21.19008464
24,1,176.3,78.04,20.9,86.0,143,49.2,12.2,52,236.0,25.10802984
28,0,169.3,68.1,29.8,80.0,128,32.7,24.8,33,175.0,23.75927562
59,1,160.8,60.6,22.4,91.0,157,36.0,11.3,33,177.0,23.43691988
28,1,177.2,73.6,24.0,70.0,130,38.9,8.3,42,210.0,23.43960988
26,1,165.6,64.1,21.7,74.0,119,28.3,14.7,57,203.0,23.37423277
51,1,166.7,78.4,30.5,99.0,154,52.4,15.0,39,215.0,28.21271379
23,1,185.1,75.4,13.6,77.0,137,52.7,19.4,66,238.0,22.00688167
56,1,176.8,70.9,23.6,92.0,135,43.6,10.5,34,190.0,22.68201921
26,0,160.9,51.5,29.5,82.0,124,26.3,29.7,36,168.0,19.89276448
23,1,177.3,76.6,23.3,73.0,125,34.3,17.6,44,180.0,24.36751816
31,1,176.0,82.5,25.3,82.0,135,49.6,21.5,48,227.0,26.63352273
25,1,171.6,76.0,13.2,96.0,137,50.2,13.6,47,211.0,25.80946637
28,0,153.4,54.8,25.4,64.0,114,27.6,16.0,38,173.0,23.28787382
28,1,173.9,76.5,26.8,78.0,123,48.7,18.9,53,208.0,25.29660685
21,1,174.4,72.8,17.7,66.0,110,49.9,17.8,42,229.0,23.93527481
26,1,172.0,74.9,12.6,96.0,150,44.8,16.7,65,235.0,25.31773932
36,1,172.4,67.7,12.1,43.0,88,45.8,30.2,46,244.0,22.77792432
24,0,166.0,64.4,32.3,78.0,128,25.1,18.8,42,154.0,23.3705908
24,1,170.0,72.5,27.3,74.0,123,57.0,5.0,53,212.0,25.08650519
21,1,174.9,65.4,15.8,72.0,106,44.4,9.6,49,239.0,21.37952881
22,1,165.7,68.4,27.1,76.0,113,38.0,-2.6,28,183.0,24.91214281
22,1,178.6,65.6,16.4,98.0,154,35.1,15.8,54,220.0,20.56557849
38,1,171.1,68.3,19.8,92.0,136,35.1,10.0,41,222.0,23.33031941
28,1,170.9,78.8,20.8,83.0,131,45.6,15.3,49,227.0,26.98000911
38,1,172.2,79.2,24.6,96.0,156,47.7,21.9,51,220.0,26.70907744
25,0,157.4,56.8,24.6,63.0,101,26.7,22.7,54,175.0,22.92655913
22,1,179.4,78.6,16.5,86.0,155,56.2,18.2,56,245.0,24.42179991
25,1,174.0,73.96,21.8,70.0,140,43.2,9.4,51,221.0,24.4285903
22,1,166.8,57.9,13.0,96.0,126,33.0,8.1,47,225.0,20.81068958
22,1,180.3,68.1,14.9,92.0,149,43.8,13.1,52,231.0,20.94863156
21,1,179.3,74.46,12.0,82.0,133,50.9,18.0,54,242.0,23.16127445
21,0,163.3,54.1,24.3,71.0,123,28.0,30.8,47,199.0,20.28733009
53,0,154.1,47.8,20.3,60.0,106,24.1,26.5,26,171.0,20.12901943
28,0,162.2,64.42,31.6,88.0,140,32.2,21.8,43,162.0,24.48606628
27,1,180.3,92.4,16.2,77.0,132,53.0,11.4,50,242.0,28.42369392
63,1,164.0,65.0,23.5,85.0,144,27.8,-3.2,23,178.0,24.1671624
23,1,175.6,65.5,13.2,84.0,133,35.4,19.8,55,224.0,21.24184702
60,0,156.8,60.9,25.8,80.0,130,30.9,20.3,20,153.0,24.76995262
25,1,174.2,76.1,18.2,75.0,140,58.3,21.5,55,223.0,25.07773769
58,0,156.7,52.8,36.8,84.0,143,25.0,11.2,11,111.0,21.50284526
44,1,177.2,70.6,16.7,93.0,151,45.1,18.3,52,233.0,22.484191
25,0,163.3,52.36,29.2,70.0,114,21.5,20.4,40,145.0,19.63483556
28,0,172.0,63.76,17.8,60.0,115,35.2,24.4,55,185.0,21.55219037
41,1,174.6,76.6,19.9,75.0,123,45.9,17.0,45,224.0,25.12697982
28,1,176.2,62.86,18.9,71.0,130,38.0,17.0,59,239.0,20.24708791
23,1,185.3,80.3,21.7,82.0,143,42.7,11.0,64,162.0,23.38647179
56,1,166.0,77.4,26.3,85.0,155,38.8,3.5,22,184.0,28.08825664
29,0,167.8,63.5,28.3,77.0,123,22.7,26.5,44,133.0,22.55224663
23,0,164.1,58.3,29.7,89.0,140,27.5,22.4,47,174.0,21.64967557
34,1,171.1,68.5,23.4,88.0,124,36.4,21.9,40,225.0,23.39863659
50,0,162.0,61.0,26.2,72.0,124,27.2,4.0,16,110.0,23.24340802
26,0,155.5,54.66,24.7,57.0,107,25.4,27.8,37,169.0,22.60522534
30,1,169.4,62.4,13.6,103.0,154,33.5,16.5,54,197.0,21.74491817
39,0,158.5,53.6,26.4,74.0,116,21.3,25.9,31,171.0,21.33566858
47,1,173.5,66.7,19.1,91.0,145,51.2,25.5,51,221.0,22.15781212
24,1,176.0,77.2,21.0,71.0,141,46.9,8.5,57,223.0,24.92252066
57,1,174.8,78.7,23.6,98.0,156,43.6,23.2,32,183.0,25.75679822
29,1,168.1,64.3,20.2,78.0,134,42.7,15.7,60,233.0,22.75493221
23,1,179.0,78.6,17.5,60.0,139,38.8,16.5,64,263.0,24.53106957
30,1,180.7,100.2,29.1,84.0,135,64.4,9.6,52,239.0,30.68678683
51,1,175.5,76.1,21.5,98.0,138,54.0,19.6,35,222.0,24.70759166
42,1,171.0,72.2,25.3,94.0,132,33.0,9.5,24,181.0,24.69135802
33,1,167.4,76.3,19.2,85.0,138,48.4,13.6,51,234.0,27.22786763
60,1,175.5,82.2,25.3,112.0,170,35.4,-2.1,35,169.0,26.68809506
27,1,171.2,63.74,19.6,73.0,142,39.6,15.4,44,201.0,21.74725959
22,1,178.9,88.6,12.5,84.0,143,63.7,18.4,61,294.0,27.68299286
51,0,161.2,47.8,17.1,75.0,123,23.9,14.1,29,154.0,18.39491654
40,1,182.8,97.6,27.5,73.0,118,42.2,13.1,57,206.0,29.20770509
24,1,167.2,61.4,18.8,76.0,117,35.1,7.6,49,240.0,21.96321055
30,0,155.7,52.0,30.5,79.0,116,20.1,10.6,33,160.0,21.44994182
44,1,172.5,68.8,16.0,80.0,115,26.8,8.0,31,210.0,23.12119303
30,0,151.5,44.7,27.9,66.0,107,25.6,20.4,37,162.0,19.47521485
27,1,169.9,73.9,12.9,60.0,121,50.4,19.5,65,226.0,25.60104427
29,0,150.5,52.3,26.1,68.0,105,24.0,26.0,30,157.0,23.09025287
50,0,167.0,57.0,24.0,66.0,101,23.4,28.6,17,175.0,20.43816558
26,1,184.6,78.2,9.7,84.0,143,55.6,18.4,58,275.0,22.94792172
24,1,180.0,88.8,20.3,76.0,129,46.8,20.7,54,230.0,27.40740741
64,1,170.4,66.0,19.6,86.0,124,35.4,12.0,25,164.0,22.73027838
61,0,148.6,54.8,34.2,54.0,104,25.4,13.5,9,122.0,24.81663765
60,1,176.5,69.5,16.5,77.0,123,41.9,11.8,33,182.0,22.30978501
21,1,168.8,72.82,24.0,81.0,142,36.8,5.1,25,179.0,25.55675973
23,1,182.3,71.3,16.3,87.0,135,40.6,18.5,60,183.0,21.45439106
21,1,176.1,71.6,23.3,83.0,128,37.3,10.2,50,230.0,23.08842512
34,1,174.5,74.4,24.3,94.0,154,39.3,22.5,56,224.0,24.43329694
31,1,187.7,89.7,21.2,96.0,156,47.9,11.4,45,230.0,25.46032234
25,1,180.7,76.7,23.3,43.0,122,43.1,19.4,34,217.0,23.48978592
64,0,152.0,62.1,33.7,62.0,116,29.4,21.0,17,135.0,26.8784626
24,0,167.2,62.7,23.3,69.0,127,30.2,24.1,49,197.0,22.42822967
23,0,159.1,46.72,22.8,78.0,120,28.5,20.6,48,163.0,18.45705791
23,1,173.9,65.9,10.1,86.0,129,42.0,16.3,55,185.0,21.7914561
60,1,170.0,65.1,15.0,77.0,136,52.6,15.5,34,214.0,22.52595156
28,0,143.8,72.6,48.7,85.0,136,12.6,0.1,4,25.0,35.10903144
57,0,149.1,56.0,30.6,92.0,152,25.7,27.8,12,130.0,25.19026522
44,0,157.6,46.8,22.9,77.0,141,28.4,15.6,15,149.0,18.84227885
24,1,185.7,86.6,22.0,78.0,118,48.3,-3.3,50,184.0,25.11273909
39,0,164.7,57.8,21.8,73.0,123,30.9,26.2,52,180.0,21.30789952
62,0,155.3,54.7,34.3,64.0,102,24.4,-0.1,3,154.0,22.68007127
21,1,174.4,72.0,18.6,77.0,124,37.7,28.4,56,224.0,23.67224981
37,1,180.1,76.4,19.4,75.0,134,47.0,14.5,42,224.0,23.55406846
46,1,171.9,64.8,25.9,73.0,130,43.2,1.9,23,198.0,21.92922343
63,1,165.9,65.8,21.8,73.0,120,31.1,12.8,35,186.0,23.90744259
36,0,155.9,50.2,24.9,80.0,142,25.0,10.1,23,118.0,20.65434784
32,1,171.5,72.7,21.7,90.0,127,37.6,4.6,22,172.0,24.71759216
63,0,147.3,52.1,37.2,83.0,154,19.2,15.6,3,116.0,24.01221535
33,1,180.2,68.4,14.5,77.0,127,44.0,16.2,49,232.0,21.0642756
30,1,184.3,80.5,12.9,77.0,130,53.3,25.7,49,209.0,23.69982886
40,1,172.6,64.4,19.1,93.0,145,40.6,19.1,50,220.0,21.61744111
58,0,150.4,60.8,31.8,65.0,122,33.1,7.3,22,122.0,26.87867813
56,0,167.5,74.0,32.0,64.0,114,27.1,4.3,12,118.0,26.37558476
55,0,154.7,50.6,19.9,70.0,123,19.5,18.8,20,142.0,21.14315967
60,1,160.0,69.98,24.9,83.0,130,39.8,4.8,24,184.0,27.3359375
29,1,167.1,59.2,19.3,83.0,142,38.8,23.1,51,199.0,21.20160831
26,0,164.2,50.9,15.0,76.0,129,25.3,16.2,36,167.0,18.87867355
30,1,172.2,66.68,19.4,70.0,121,43.5,11.2,47,205.0,22.4868849
22,1,179.1,62.7,14.7,99.0,144,47.0,11.3,55,230.0,19.5468315
34,1,174.9,86.9,25.8,90.0,149,51.7,10.4,39,182.0,28.40796718
28,1,184.8,84.6,17.2,83.0,123,52.5,11.7,56,257.0,24.77230562
44,1,167.0,62.0,18.7,76.0,121,39.0,15.6,45,210.0,22.23098713
21,1,177.6,72.4,21.9,70.0,123,49.3,7.8,49,250.0,22.95369694
41,1,178.2,65.0,13.0,76.0,118,41.9,17.0,44,239.0,20.46906274
61,1,176.4,70.18,18.3,85.0,138,38.0,5.6,26,152.0,22.55361706
50,0,154.6,53.2,25.1,69.0,114,27.9,20.2,23,158.0,22.25833391
62,1,165.9,69.9,24.8,99.0,156,42.8,6.2,22,148.0,25.39711606
61,0,152.2,46.5,16.6,83.0,125,22.9,29.6,40,140.0,20.07352522
40,0,163.0,51.4,21.2,42.0,91,23.6,11.6,32,154.0,19.34585419
21,1,170.7,72.4,18.7,55.0,114,37.1,10.0,50,204.0,24.84686063
23,0,158.7,67.2,36.8,83.0,133,31.1,15.9,32,156.0,26.68181813
57,0,167.9,58.8,24.0,66.0,131,29.7,22.9,34,164.0,20.85815708
21,0,162.0,50.8,23.4,76.0,107,23.7,24.6,50,211.0,19.35680537
58,0,154.9,51.6,24.1,85.0,132,25.3,19.4,31,165.0,21.50536738
27,0,162.2,55.8,28.2,68.0,120,28.9,28.2,48,169.0,21.20960103
28,1,180.2,93.9,28.4,90.0,150,47.2,11.4,48,191.0,28.91718537
62,0,152.9,55.6,32.7,77.0,126,24.4,21.2,15,131.0,23.78262679
22,0,163.2,60.9,29.7,84.0,135,28.0,27.3,47,180.0,22.86530421
27,0,156.5,60.8,32.3,81.0,145,21.4,21.3,34,160.0,24.82417908
22,1,173.2,73.7,20.5,71.0,135,37.1,7.3,44,209.0,24.568108
59,1,168.1,66.3,15.6,97.0,151,40.0,12.0,44,216.0,23.46270615
24,1,171.7,57.7,8.1,94.0,136,44.5,22.4,62,245.0,19.57200071
24,1,176.7,77.7,15.4,92.0,151,51.5,28.9,60,258.0,24.88558875
28,0,164.3,59.9,35.7,58.0,98,18.3,-13.1,26,146.0,22.18971353
48,1,173.7,70.16,12.9,60.0,118,47.1,31.0,50,205.0,23.25358639
34,1,171.6,65.6,21.3,78.0,140,43.6,18.3,43,120.0,22.27764466
21,0,159.6,65.9,33.8,78.0,128,27.2,15.7,41,174.0,25.87138272
44,1,179.0,92.9,29.5,97.0,145,40.1,14.9,34,211.0,28.99410131
42,1,179.2,84.3,23.4,85.0,147,46.9,16.4,44,213.0,26.25134526
21,1,173.0,78.0,14.4,79.0,130,58.5,17.4,56,249.0,26.06167931
56,1,162.7,66.5,25.3,85.0,157,39.1,21.0,34,182.0,25.12155622
21,1,178.0,85.4,30.0,97.0,128,47.8,15.2,42,198.0,26.95366747
40,0,168.6,61.0,17.9,66.0,127,31.7,29.8,26,192.0,21.45925766
27,0,163.2,53.8,23.3,88.0,148,29.1,20.1,41,201.0,20.19956267
36,0,161.2,57.4,35.9,63.0,100,24.0,21.9,20,149.0,22.08929308
23,1,181.8,78.8,23.8,92.0,147,38.3,6.1,55,208.0,23.84176812
28,1,178.0,83.2,18.6,79.0,146,58.1,19.3,53,240.0,26.25931069
59,0,162.0,65.3,37.6,74.0,133,24.7,16.5,11,125.0,24.88187776
25,1,173.9,70.2,11.94574,76.0,138,51.2,22.3,62,241.0,23.21335687
51,1,167.7,72.7,29.0,90.0,148,36.3,6.1,37,180.0,25.8504606
33,0,159.0,45.1,15.2,90.0,119,22.7,23.2,41,166.0,17.8394842
40,1,169.1,66.7,26.2,96.0,144,36.9,14.4,27,171.0,23.32591124
22,1,181.4,77.4,11.2,94.0,127,50.0,21.6,58,244.0,23.52157482
22,0,157.9,47.2,20.9,67.0,117,25.7,23.6,46,188.0,18.93118234
23,0,153.5,50.7,32.3,62.0,111,22.2,32.2,50,178.0,21.51746968
49,1,171.7,63.3,21.1,76.0,145,39.3,14.8,56,223.0,21.47153631
62,1,172.4,74.9,25.5,78.0,153,39.1,-4.7,10,141.0,25.2003919
39,0,157.2,57.4,31.6,85.0,134,28.1,19.0,33,160.0,23.22773213
24,1,171.6,70.4,10.7,70.0,111,44.9,21.3,61,251.0,23.90771622
26,1,175.9,97.8,33.9,87.0,130,43.3,1.1,26,181.0,31.6087394
34,1,176.3,75.5,21.9,94.0,148,41.7,20.8,38,196.0,24.29082846
28,0,158.7,57.1,35.7,77.0,118,29.4,15.7,24,160.0,22.67160439
35,1,179.5,87.0,21.6,86.0,137,47.6,17.8,57,226.0,27.00165269
21,1,178.6,83.3,24.3,81.0,140,45.2,0.3,34,206.0,26.11452268
58,0,156.2,47.1,23.0,97.0,153,24.7,23.4,38,135.0,19.30451291
30,1,178.0,57.02,16.6,70.0,130,44.1,20.3,45,224.0,17.99646509
53,1,170.2,84.2,24.5,99.0,156,48.5,20.3,42,193.0,29.06651606
58,0,166.0,54.5,23.0,89.0,124,25.0,22.7,10,149.0,19.77790681
26,1,172.3,65.9,14.4,73.0,121,43.1,11.7,50,237.0,22.19805176
60,1,163.9,67.8,24.2,78.0,123,40.1,3.1,16,180.0,25.23897926
25,1,173.2,69.6,19.4,78.0,121,43.4,5.5,28,213.0,23.20136115
24,1,173.5,81.7,20.7,67.0,134,39.0,1.8,51,241.0,27.14082834
22,0,164.8,65.4,28.2,65.0,115,31.4,18.8,37,170.0,24.08037987
22,1,181.2,75.3,22.5,66.0,113,41.7,6.2,49,262.0,22.93393565
22,0,167.3,72.7,38.5,86.0,126,22.2,9.3,27,126.0,25.97422085
30,0,158.5,52.5,23.2,72.0,131,26.5,27.7,43,201.0,20.89780971
23,1,173.3,90.4,29.4,75.0,148,34.2,3.6,43,179.0,30.10033333
31,1,168.1,73.6,19.8,77.0,138,45.8,19.1,51,198.0,26.04608104
22,0,174.9,66.26,22.6,74.0,136,30.7,18.9,48,172.0,21.66066634
62,1,174.6,66.6,28.5,87.0,139,34.8,17.7,41,179.0,21.84669524
21,1,173.2,65.78,18.7,80.0,140,37.3,19.7,61,251.0,21.92795311
55,1,162.0,57.4,15.7,86.0,137,37.4,12.5,48,185.0,21.8716659
24,1,173.0,65.3,9.5,64.0,103,46.7,24.2,58,254.0,21.81830332
28,1,181.0,66.8,12.5,75.0,116,42.9,14.9,57,239.0,20.39009798
28,1,174.5,71.4,18.9,84.0,127,45.5,22.8,57,226.0,23.44808335
21,1,182.4,78.3,15.8,68.0,116,46.6,7.9,57,246.0,23.53488573
24,1,179.6,81.9,21.7,79.0,134,48.8,13.3,44,217.0,25.39049906
24,0,155.1,48.1,27.4,77.0,111,26.4,23.2,54,182.0,19.99500333
21,1,183.1,82.8,21.2,70.0,115,52.3,18.2,55,254.0,24.6975372
46,1,172.0,82.2,25.9,91.0,136,46.9,11.0,52,221.0,27.78528935
27,0,162.5,55.8,30.4,90.0,120,28.6,20.6,35,177.0,21.13136095
52,1,173.6,84.9,30.3,93.0,144,42.0,9.0,43,185.0,28.17138822
58,0,151.8,59.0,39.0,80.0,132,24.5,9.9,9,106.0,25.60403832
29,0,157.6,58.1,31.4,75.0,111,23.0,6.8,32,151.0,23.39180345
40,1,169.1,74.6,22.1,65.0,115,16.7,7.8,48,214.0,26.08865035
39,1,167.0,69.1,19.4,67.0,117,41.0,6.0,36,220.0,24.77679372
46,1,170.9,74.36,19.6,96.0,135,51.4,7.3,39,209.0,25.45981571
25,0,169.2,66.5,29.2,68.0,118,24.7,24.3,40,176.0,23.22848728
27,1,176.0,72.86,18.6,78.0,155,39.7,10.1,53,231.0,23.52143595
23,0,165.8,51.4,18.1,77.0,118,31.6,27.8,46,179.0,18.69795312
55,0,146.3,49.9,31.9,85.0,156,25.6,22.7,23,114.0,23.31373702
61,1,173.5,71.0,17.6,90.0,149,51.2,11.7,38,174.0,23.58627677
50,1,169.6,70.7,18.6,88.0,138,43.6,22.0,50,217.0,24.57919856
21,1,176.6,79.7,19.7,80.0,130,40.0,14.0,46,195.0,25.55506106
39,0,165.7,64.8,27.3,68.0,113,25.1,-0.9,24,159.0,23.6009774
54,0,150.7,54.0,33.0,80.0,131,24.6,13.1,27,123.0,23.7775583
43,1,175.0,69.5,15.1,90.0,140,38.3,19.8,51,227.0,22.69387755
39,1,186.9,82.3,20.1,83.0,143,42.3,-4.2,37,212.0,23.56032258
34,1,181.1,70.5,19.4,70.0,131,34.1,12.7,40,217.0,21.49573089
24,1,173.8,80.7,21.7,93.0,152,43.9,8.5,64,186.0,26.71615722
60,1,162.7,79.7,32.6,88.0,134,26.8,7.7,24,167.0,30.10809069
31,1,166.8,66.0,27.1,79.0,130,32.7,2.1,32,183.0,23.72202957
41,1,175.6,74.1,18.1,78.0,135,58.3,15.6,50,234.0,24.03085289
22,0,172.7,64.5,24.3,69.0,125,27.3,26.3,48,170.0,21.62594228
25,1,175.3,63.7,9.9,75.0,119,44.6,11.5,55,221.0,20.72886868
36,1,170.8,70.4,18.5,72.0,127,43.1,22.0,49,225.0,24.13220058
44,1,164.1,72.1,38.9,88.0,124,20.6,7.1,5,120.0,26.7742986
23,0,173.2,66.7,22.2,66.0,106,31.4,34.7,47,180.0,22.23463777
59,1,170.0,59.1,15.0,71.0,115,28.3,8.6,15,162.0,20.44982699
30,1,178.5,76.0,18.1,90.0,145,42.9,7.0,50,221.0,23.85267833
32,1,175.0,73.0,12.1,71.0,134,48.0,22.0,55,243.0,23.83673469
33,1,163.4,72.6,28.2,61.0,117,39.7,-1.4,36,168.0,27.19145933
23,0,154.1,52.0,27.1,69.0,113,22.9,21.9,29,173.0,21.89767805
24,1,173.9,58.4,16.5,77.0,122,31.2,12.8,38,210.0,19.3113966
29,1,175.2,80.3,27.6,82.0,139,46.4,20.2,55,242.0,26.16057839
27,1,179.5,87.0,19.5,85.0,139,46.3,7.1,57,212.0,27.00165269
25,1,170.1,68.8,22.9,84.0,129,37.4,14.1,50,175.0,23.77824574
32,0,154.0,53.2,24.5,67.0,108,29.1,20.7,15,156.0,22.43211334
26,1,174.9,75.6,14.3,54.0,118,54.6,16.6,58,227.0,24.71395073
30,1,176.0,77.0,22.0,84.0,126,42.0,11.0,46,210.0,24.85795455
64,0,155.9,60.1,35.0,89.0,156,21.7,23.0,17,114.0,24.72761564
59,1,165.4,70.2,25.6,95.0,150,41.8,8.5,35,192.0,25.66055833
51,1,172.0,68.5,10.1,62.0,103,47.2,12.2,45,207.0,23.15440779
52,1,167.9,73.8,20.6,80.0,129,40.7,21.4,31,210.0,26.17911552
21,1,178.8,78.9,18.0,63.0,130,41.2,11.9,58,222.0,24.67981923
27,1,178.8,73.38,7.8,75.0,126,49.6,21.5,54,223.0,22.95317028
39,1,177.0,83.0,28.1,76.0,132,46.2,1.3,20,210.0,26.49302563
46,1,170.3,69.6,21.1,70.0,130,45.3,12.4,38,193.0,23.99827047
41,0,153.6,46.7,26.4,65.0,109,24.3,11.0,20,155.0,19.79404026
30,1,173.6,88.9,17.5,81.0,135,43.4,30.5,63,246.0,29.49866211
63,1,176.5,72.66,22.4,69.0,132,34.5,13.2,19,121.0,23.32415797
37,1,168.3,72.6,21.2,74.0,116,41.1,7.5,38,220.0,25.6311675
43,1,169.2,57.2,11.0,78.0,132,41.5,9.3,40,226.0,19.97999206
23,0,155.1,58.7,30.2,93.0,140,28.3,20.9,46,167.0,24.4013866
29,1,181.4,81.12,25.2,78.0,131,43.0,8.1,42,178.0,24.65206911
28,0,162.5,52.3,25.6,73.0,116,25.2,16.8,29,148.0,19.80591716
37,1,170.5,76.7,29.2,92.0,135,40.6,15.4,40,177.0,26.38436202
25,1,165.0,70.0,25.2,90.0,120,30.8,20.0,55,255.0,25.71166208
21,1,173.2,65.2,18.0,67.0,124,35.2,12.3,50,208.0,21.73460843
22,0,167.5,53.6,23.4,69.0,119,25.3,23.5,39,165.0,19.10447761
39,0,161.4,63.1,32.8,63.0,100,34.1,5.5,12,148.0,24.22268595
51,0,156.8,60.7,30.1,91.0,152,28.8,20.2,13,137.0,24.68860631
21,1,168.9,70.7,17.3,77.0,123,38.9,13.4,71,235.0,24.78335596
27,0,169.8,64.4,24.4,72.0,112,30.1,22.3,19,141.0,22.33626202
25,0,157.9,61.2,32.5,85.0,142,30.4,29.9,58,183.0,24.54636355
22,0,164.0,57.0,19.7,66.0,113,29.9,21.4,48,156.0,21.19274242
23,0,157.6,55.8,31.1,66.0,113,16.9,16.5,51,206.0,22.46579402
62,0,154.0,55.1,34.1,84.0,143,16.7,18.4,36,93.0,23.23326025
42,1,165.1,54.4,14.5,82.0,146,36.5,16.2,47,211.0,19.95743636
34,1,174.5,93.8,32.9,89.0,150,35.0,2.3,42,194.0,30.80434479
40,0,167.8,51.7,18.9,74.0,122,29.0,23.4,39,182.0,18.36143545
40,1,173.0,76.4,22.8,90.0,157,40.2,14.0,35,218.0,25.52708076
21,0,157.2,56.0,26.8,80.0,129,24.8,23.8,40,160.0,22.66120208
22,1,178.0,62.3,11.8,61.0,125,41.0,15.0,54,214.0,19.66292135
27,1,164.5,68.4,22.8,91.0,155,47.7,19.1,53,225.0,25.27692834
25,0,159.3,52.7,30.6,56.0,101,19.1,9.9,32,157.0,20.76725347
25,1,175.0,72.4,17.8,63.0,109,42.8,2.9,45,214.0,23.64081633
24,1,176.3,73.7,13.7,93.0,152,45.8,14.6,46,226.0,23.71170937
23,0,171.4,57.6,24.9,74.0,119,32.2,17.3,43,172.0,19.60653497
31,0,164.3,66.3,31.4,75.0,121,33.0,21.9,44,138.0,24.56056773
22,1,172.0,65.0,11.8,90.0,150,38.9,18.3,49,226.0,21.97133586
60,0,152.0,49.8,34.3,72.0,121,23.0,15.0,15,135.0,21.55470914
22,0,162.1,55.1,23.2,61.0,99,28.5,23.1,43,198.0,20.969379
43,1,173.6,74.4,21.3,81.0,110,48.5,13.7,58,220.0,24.68729427
21,1,179.1,64.0,13.0,54.0,106,34.4,8.3,49,254.0,19.9521087
38,1,189.0,79.2,14.9,88.0,130,42.2,8.0,41,258.0,22.1718317
25,1,170.2,73.6,21.6,74.0,121,47.6,21.2,43,222.0,25.40731095
21,1,181.9,76.6,24.4,77.0,146,49.2,21.6,47,226.0,23.15065972
62,0,158.7,53.1,25.5,74.0,120,24.3,17.4,19,133.0,21.08340093
61,0,155.5,53.8,30.4,77.0,155,21.5,23.4,28,136.0,22.24956318
41,1,169.5,65.3,15.7,86.0,148,38.8,6.8,38,185.0,22.72865708
49,1,173.7,76.2,19.6,93.0,142,45.0,11.8,46,224.0,25.25546299
40,1,170.8,69.8,16.7,97.0,141,42.0,13.1,45,225.0,23.92652842
28,1,174.5,69.4,16.1,63.0,109,35.8,19.5,53,195.0,22.79127429
21,0,167.2,77.9,34.7,83.0,121,36.0,21.8,33,169.0,27.86537625
44,1,175.5,81.0,25.7,74.0,148,50.5,11.6,47,196.0,26.29848784
49,0,163.1,61.0,32.9,85.0,129,26.1,18.3,24,146.0,22.9309429
27,0,164.8,50.4,16.8,61.0,110,26.5,25.5,41,181.0,18.55735696
55,0,149.4,49.9,38.8,65.0,104,20.3,19.9,16,114.0,22.35627024
21,1,183.2,76.4,10.4,57.0,107,50.4,17.7,57,260.0,22.76367728
35,1,164.0,69.1,16.2,88.0,153,47.2,27.1,50,251.0,25.69155265
52,1,171.5,73.0,28.9,84.0,140,47.4,14.0,26,204.0,24.81959048
37,1,174.4,83.8,25.9,92.0,142,45.5,12.4,47,225.0,27.55186853
33,1,184.3,83.3,16.2,92.0,144,41.0,15.7,47,246.0,24.52417073
49,0,151.4,55.7,32.6,91.0,130,28.3,22.3,32,140.0,24.29984172
43,1,173.2,79.56,28.5,72.0,118,33.0,-0.6,40,188.0,26.52155593
64,1,165.5,77.9,25.9,89.0,151,43.2,16.1,27,95.0,28.44077728
36,1,175.6,84.8,24.4,76.0,131,47.1,12.2,34,229.0,27.50089508
62,0,152.7,59.8,33.5,47.0,98,21.7,20.7,19,124.0,25.64620503
21,0,163.0,62.3,32.9,75.0,131,33.3,12.2,44,167.0,23.44837969
22,0,160.9,48.2,24.0,79.0,107,23.2,20.0,47,203.0,18.61808248
50,1,167.8,69.6,24.2,97.0,166,41.7,14.8,58,212.0,24.71868292
31,0,167.1,59.2,26.6,73.0,113,27.3,14.4,22,138.0,21.20160831
22,1,168.7,75.1,21.88911,87.0,141,53.0,15.5,50,160.0,26.38820029
61,0,154.7,54.1,30.6,67.0,115,19.3,24.8,12,117.0,22.60563118
55,1,170.6,59.9,14.0,94.0,148,43.0,17.6,43,198.0,20.58110881
39,1,176.0,67.9,18.1,93.0,141,41.7,5.5,35,237.0,21.92019628
40,1,170.0,67.7,22.3,86.0,131,43.2,0.5,31,206.0,23.42560554
47,1,166.6,59.7,15.0,95.0,142,40.0,16.8,35,185.0,21.50920392
28,0,162.1,45.48,20.0,73.0,124,23.4,13.8,41,178.0,17.30830049
36,1,176.3,70.1,15.4,72.0,118,57.5,18.5,49,225.0,22.55347119
25,1,162.9,60.3,27.4,69.0,108,35.1,9.5,38,195.0,22.72349576
30,0,157.7,54.3,30.3,87.0,135,25.1,15.2,41,157.0,21.83415771
29,1,176.9,63.1,11.3,74.0,130,37.3,12.1,44,244.0,20.16386093
26,0,167.2,58.16,20.9,87.0,126,32.6,20.5,36,155.0,20.80423983
24,0,165.0,52.0,13.3,92.0,143,22.2,11.8,27,154.0,19.10009183
25,0,158.8,74.1,36.0,60.0,121,34.1,27.6,56,189.0,29.38442602
61,1,172.1,76.0,29.9,97.0,154,41.7,13.2,38,199.0,25.65971637
21,0,164.6,57.4,25.0,72.0,121,23.8,25.6,56,172.0,21.18615916
26,1,180.3,81.64,16.8,75.0,119,51.6,20.7,56,238.0,25.11374861
30,1,179.0,67.2,18.8,70.0,104,36.1,8.8,45,213.0,20.97312818
34,1,177.4,86.0,19.1,71.0,109,43.7,11.3,60,210.0,27.32695365
32,0,168.7,64.8,26.6,81.0,127,29.9,24.3,31,158.0,22.76904632
42,1,172.5,76.3,20.3,96.0,136,41.7,12.7,48,221.0,25.64167192
38,1,169.3,77.7,23.3,82.0,135,40.1,12.8,27,217.0,27.10860082
29,1,177.6,70.1,12.2,65.0,114,39.5,14.3,58,196.0,22.22450491
36,0,171.4,64.4,28.0,51.0,96,30.6,12.0,46,191.0,21.92119535
21,0,165.5,64.9,25.7,74.0,120,35.4,26.5,57,197.0,23.69456285
32,1,168.0,69.8,21.9,88.0,127,50.9,26.3,68,248.0,24.73072562
37,1,178.5,75.0,15.4,66.0,124,60.0,18.2,51,240.0,23.5388273
57,0,160.1,43.7,18.4,62.0,127,25.2,20.8,16,144.0,17.0489946
34,0,165.5,56.4,33.2,71.0,123,22.0,13.6,33,152.0,20.59126879
47,0,158.2,53.9,25.1,73.0,143,25.8,17.3,42,167.0,21.53653379
21,1,170.0,63.7,20.2,75.0,119,36.1,12.2,51,234.0,22.04152249
21,1,166.3,66.5,13.7,79.0,127,38.9,25.2,53,248.0,24.04568463
60,0,148.3,46.5,25.8,56.0,102,19.1,8.2,6,60.0,21.14319673
23,1,171.2,67.4,15.2,81.0,134,47.8,7.6,42,239.0,22.99600402
48,0,157.1,63.6,38.9,71.0,113,20.4,21.9,0,130.0,25.76942603
50,1,173.2,84.1,32.0,75.0,118,38.6,12.0,22,197.0,28.03497805
21,1,171.1,65.5,15.2,69.0,148,36.8,16.4,42,203.0,22.37387879
56,1,172.1,65.7,22.5,90.0,140,40.1,18.2,35,170.0,22.18214955
22,1,170.9,57.1,9.9,70.0,116,40.0,12.1,49,226.0,19.55023503
29,0,154.2,49.3,30.7,73.0,130,20.0,17.3,44,154.0,20.733765
44,0,158.6,44.9,23.9,65.0,114,20.2,22.1,33,156.0,17.85007212
27,1,172.7,76.0,13.2,62.0,116,43.4,12.7,57,229.0,25.48173044
38,1,171.4,71.7,17.2,90.0,150,42.5,21.3,54,216.0,24.40605134
48,1,182.8,75.7,27.7,90.0,138,48.6,11.8,43,182.0,22.653927
26,1,176.8,68.0,15.5,68.0,116,41.1,21.2,45,178.0,21.75426384
44,1,176.0,75.18,10.5,95.0,130,49.1,23.8,56,228.0,24.27040289
56,0,158.6,59.74,27.1,80.0,120,23.2,22.0,20,156.0,23.7497396
63,1,165.6,66.94,17.6,80.0,148,38.1,4.5,28,162.0,24.4098462
21,0,162.1,49.6,21.2,65.0,114,21.3,28.2,38,166.0,18.87624679
28,0,165.1,53.4,23.3,95.0,128,28.2,23.7,53,165.0,19.59057173
26,1,176.5,70.3,22.3,66.0,112,44.0,27.0,45,206.0,22.56658829
32,1,174.2,77.7,23.4,75.0,126,46.2,13.3,46,238.0,25.6049963
21,1,177.0,87.0,25.5,75.0,125,40.7,8.0,54,200.0,27.76979795
21,1,167.2,59.7,19.3,78.0,134,35.3,3.3,47,231.0,21.35510863
63,1,172.1,62.3,26.8,79.0,121,37.2,17.8,24,187.0,21.03421487
32,0,163.0,51.6,15.6,87.0,120,39.7,26.2,40,191.0,19.42112989
22,1,172.8,73.8,20.5,65.0,124,39.6,15.2,51,211.0,24.71547068
53,1,167.7,100.1,39.9,92.0,136,35.1,-4.4,21,162.0,35.59327518
23,1,167.7,66.6,18.1,69.0,138,42.7,15.7,57,218.0,23.68143983
59,1,166.1,68.8,25.9,83.0,158,43.1,19.2,23,153.0,24.93728526
41,0,154.8,45.3,17.6,64.0,102,26.6,19.6,42,170.0,18.90411233
33,1,176.1,82.0,27.8,87.0,126,41.2,5.3,35,222.0,26.44205112
60,1,164.9,67.0,23.9,88.0,159,36.5,10.0,27,180.0,24.63959082
21,1,163.3,70.4,34.1,91.0,152,31.5,19.0,50,219.0,26.3997789
60,1,159.0,64.8,26.3,78.0,123,40.3,13.9,31,185.0,25.63189747
21,0,158.7,60.7,29.7,78.0,117,28.7,21.8,40,174.0,24.10098751
35,0,162.0,53.0,24.7,68.0,107,29.1,21.4,40,155.0,20.19509221
23,0,154.6,63.9,38.7,76.0,131,26.3,21.5,15,138.0,26.73510407
32,0,163.9,62.0,35.8,79.0,143,25.7,23.1,25,154.0,23.07989254
30,1,177.0,74.8,21.0,76.0,129,45.1,5.7,55,214.0,23.87564238
21,1,173.4,61.8,16.1,82.0,128,40.3,29.2,57,278.0,20.55371304
27,1,170.2,68.8,15.7,86.0,143,42.2,15.0,52,206.0,23.75031241
42,1,162.3,67.3,18.0,64.0,130,48.5,15.2,52,219.0,25.54924227
56,0,156.5,73.9,40.9,65.0,106,24.7,12.5,10,110.0,30.17280977
50,0,160.3,59.1,34.4,82.0,113,24.1,3.0,16,130.0,22.99960811
62,1,179.0,74.7,24.7,93.0,147,40.5,3.7,19,168.0,23.31387909
40,0,165.4,64.2,30.0,77.0,138,24.0,19.8,32,167.0,23.46734822
26,1,169.3,67.9,18.8,81.0,144,44.8,17.0,41,234.0,23.68949802
52,0,157.6,53.9,32.9,78.0,120,16.9,3.3,0,118.0,21.7008297
22,1,181.2,123.0,42.7,82.0,123,41.6,5.0,36,177.0,37.46180723
26,1,180.1,74.8,22.4,90.0,138,36.5,5.5,53,228.0,23.06078954
31,1,172.6,88.4,23.1,84.0,134,58.3,21.5,51,234.0,29.67363035
53,1,167.8,75.3,26.6,95.0,146,44.8,13.8,33,201.0,26.74305781
22,1,170.5,77.2,23.2,84.0,134,47.7,21.0,55,233.0,26.55635916
37,0,163.2,45.4,18.4,79.0,125,27.0,26.4,30,168.0,17.0457276
28,1,174.3,81.2,20.8,74.0,118,44.5,11.6,40,186.0,26.72767951
29,1,173.0,72.1,11.8,76.0,118,51.4,23.4,61,250.0,24.09034715
21,1,177.1,64.7,10.9,95.0,150,38.7,16.2,54,245.0,20.62847667
25,1,170.3,68.3,19.2,84.0,136,36.7,18.5,49,209.0,23.55002691
28,1,172.0,68.6,14.8,64.0,121,50.0,15.5,52,242.0,23.18820984
57,1,173.7,67.7,19.4,93.0,158,40.7,16.3,36,220.0,22.43825255
21,0,160.7,49.6,28.4,88.0,132,24.6,21.1,56,166.0,19.20657484
27,1,173.7,73.3,10.9,52.0,114,48.0,10.1,60,242.0,24.29429707
29,1,187.0,88.2,21.4,76.0,132,43.9,17.0,41,232.0,25.22233979
34,1,173.1,70.7,11.9,72.0,126,49.6,22.7,63,247.0,23.59528775
22,1,175.1,75.3,29.4,79.0,133,36.2,-0.3,24,202.0,24.55967888
23,0,161.0,52.5,28.7,88.0,114,21.9,24.8,41,184.0,20.25384823
59,1,175.7,72.1,24.3,99.0,143,40.8,12.2,23,155.0,23.35563835
42,0,167.2,67.7,31.4,79.0,130,31.1,13.0,26,187.0,24.21676473
24,1,177.4,73.5,22.1,87.0,139,44.5,10.6,60,216.0,23.35501272
57,1,167.7,65.98,25.7,97.0,157,43.5,16.5,33,183.0,23.46098198
56,0,152.9,49.2,30.4,78.0,122,18.0,18.2,18,142.0,21.04505824
62,1,171.0,64.9,16.5,68.0,138,38.0,9.4,39,197.0,22.19486338
27,1,182.0,83.9,17.8,78.0,144,56.1,14.0,56,240.0,25.32906654
31,1,175.9,76.6,18.2,79.0,120,59.5,25.4,65,263.0,24.75694722
31,1,164.9,77.38,32.3,90.0,143,53.8,14.6,52,207.0,28.45688862
39,1,174.1,76.7,23.5,87.0,135,45.9,7.2,52,242.0,25.30450357
25,0,157.8,58.5,21.6,52.0,99,27.6,27.3,47,167.0,23.49318336
21,1,176.5,63.1,21.7,95.0,141,36.1,18.5,52,213.0,20.25535876
32,0,153.0,44.8,16.3,80.0,120,26.5,15.3,32,158.0,19.1379384
24,1,171.0,63.1,16.3,83.0,141,37.1,17.2,51,240.0,21.57928935
30,1,162.1,62.0,21.0,84.0,139,38.1,10.3,53,195.0,23.59530849
25,1,167.7,54.7,15.4,83.0,123,42.1,12.5,48,231.0,19.45007145
21,1,177.7,63.6,11.1,63.0,107,44.9,3.5,44,247.0,20.14105707
28,1,173.2,73.7,22.7,78.0,130,40.7,5.3,45,202.0,24.568108
60,1,166.7,68.6,25.7,63.0,120,42.1,17.6,38,187.0,24.68612456
25,1,180.6,84.1,22.6,74.0,150,46.1,22.0,52,220.0,25.78460625
59,1,174.9,68.7,19.9,87.0,151,43.5,21.1,36,188.0,22.45831237
38,0,156.2,46.4,28.7,65.0,101,24.5,15.4,6,139.0,19.01760932
26,1,175.4,74.7,18.2,93.0,150,37.7,-6.8,53,215.0,24.28071234
25,0,166.5,60.7,35.2,69.0,107,28.3,19.3,44,134.0,21.89576964
59,0,154.7,60.34,37.3,91.0,149,26.7,20.5,25,148.0,25.21300898
62,0,149.1,60.0,37.1,82.0,139,22.5,17.4,20,119.0,26.98956988
32,1,185.6,113.9,30.2,92.0,137,57.8,11.2,38,215.0,33.06494315
50,0,163.3,66.62,36.6,94.0,145,30.0,23.2,19,137.0,24.98229077
21,1,173.0,65.7,16.0,80.0,120,43.3,18.5,50,248.0,21.95195296
36,1,173.6,74.1,17.1,84.0,134,50.5,8.9,35,238.0,24.58774873
30,1,171.8,82.9,34.2,79.0,131,45.5,0.0,33,194.0,28.08718479
48,1,176.3,75.5,24.4,86.0,147,40.6,-11.8,21,176.0,24.29082846
23,0,161.5,59.2,30.0,81.0,126,28.9,22.9,48,183.0,22.69742833
30,1,173.7,77.9,13.9,66.0,148,60.9,19.7,58,245.0,25.81890507
63,1,162.4,62.4,25.7,68.0,152,18.0,1.6,14,135.0,23.65988012
52,0,160.3,57.48,27.2,88.0,157,30.3,4.2,27,148.0,22.369162
37,1,173.0,92.5,34.2,86.0,131,33.9,17.5,30,198.0,30.90647867
33,1,165.1,59.0,19.1,95.0,126,36.7,11.2,45,233.0,21.6450137
22,1,172.5,56.8,12.8,76.0,134,33.4,13.6,50,203.0,19.0884268
60,0,161.0,54.1,33.5,88.0,132,19.8,11.6,3,157.0,20.87110837
49,1,173.5,70.2,13.7,84.0,137,48.6,18.4,50,218.0,23.32051591
61,0,154.8,57.1,33.8,66.0,130,27.0,17.6,24,145.0,23.82836234
42,0,159.2,57.9,32.3,75.0,102,28.9,18.0,24,45.0,22.84506704
29,1,176.4,66.2,20.4,64.0,117,44.1,6.2,43,211.0,21.27457181
36,1,170.2,60.7,22.0,69.0,129,45.4,7.8,46,229.0,20.95412738
34,0,159.4,69.2,35.9,78.0,133,31.2,22.4,31,168.0,27.23513048
43,1,182.4,91.6,26.7,77.0,114,47.3,15.0,26,222.0,27.53251
24,0,166.8,53.5,24.5,71.0,113,24.3,23.6,43,158.0,19.22922094
61,1,167.9,65.7,12.9,71.0,132,39.4,15.0,34,166.0,23.30579796
21,1,170.3,60.8,13.0,59.0,115,37.1,23.0,52,266.0,20.96400639
28,1,171.4,79.8,18.7,64.0,136,46.6,22.9,66,258.0,27.16322032
28,1,181.1,89.3,32.8,79.0,130,34.6,-8.3,39,187.0,27.22792579
57,0,160.1,45.6,9.7,56.0,123,26.6,20.1,23,172.0,17.79025523
63,1,169.8,77.9,30.7,92.0,152,32.6,6.5,12,166.0,27.01855297
29,1,179.4,73.6,18.8,70.0,115,48.3,15.8,45,214.0,22.86825029
50,1,183.6,83.9,21.0,92.0,151,59.4,21.5,46,227.0,24.88952492
34,1,176.8,75.3,19.8,79.0,140,43.1,6.2,56,221.0,24.08964804
53,0,157.5,59.6,34.9,84.0,158,31.5,23.1,35,168.0,24.02620307
24,1,184.4,84.3,20.9,78.0,142,51.6,10.2,52,160.0,24.79166765
29,1,170.9,74.5,24.7,78.0,134,42.0,1.0,59,176.0,25.50774973
25,1,177.0,66.4,17.3,69.0,115,29.9,7.5,47,227.0,21.1944205
62,1,170.8,67.4,22.7,88.0,152,36.5,21.2,21,181.0,23.10383976
58,1,171.4,69.9,27.2,89.0,140,30.4,10.9,25,165.0,23.79334712
32,1,173.5,85.3,30.3,86.0,133,49.1,13.0,41,198.0,28.33675224
26,0,161.4,57.9,35.9,81.0,108,16.2,0.9,28,144.0,22.22652165
28,1,172.6,78.1,20.7,78.0,137,55.7,8.9,65,256.0,26.21618247
21,0,164.0,56.4,25.9,77.0,117,24.1,24.4,40,165.0,20.96966092
41,1,168.0,65.5,18.7,84.0,120,43.1,17.0,56,236.0,23.20719955
46,1,171.0,73.6,19.5,85.0,136,46.6,14.4,43,206.0,25.17013782
40,1,174.0,68.16,18.4,55.0,129,29.2,13.0,48,173.0,22.51288149
21,0,165.2,50.2,22.3,72.0,130,32.6,23.2,31,162.0,18.3943155
55,0,156.4,51.6,26.79869,90.0,132,22.9,16.8,20,143.0,21.09483847
60,1,175.7,95.22,28.4,95.0,157,49.5,9.0,28,189.0,30.84499145
21,0,158.9,65.2,39.4,81.0,122,28.2,20.1,33,184.0,25.82259009
56,0,163.6,54.2,25.1,62.0,106,18.3,15.1,7,112.0,20.25035718
60,1,174.0,67.7,21.4,77.0,126,39.1,10.8,37,190.0,22.36094596
55,0,162.0,62.9,35.6,87.0,113,12.7,24.1,20,133.0,23.96738302
35,0,162.3,74.7,33.9,96.0,148,30.1,16.7,26,193.0,28.35852003
22,0,158.9,54.9,27.3,72.0,125,22.4,9.0,43,153.0,21.74325454
56,1,162.0,73.6,30.5,76.0,134,38.8,15.6,21,176.0,28.04450541
21,0,160.6,53.0,23.4,68.0,116,26.9,25.7,25,189.0,20.54872063
26,1,180.7,83.7,19.5,71.0,111,53.0,17.7,52,230.0,25.63357343
39,1,170.7,71.7,18.1,72.0,138,43.5,18.7,42,222.0,24.60662855
31,1,186.0,68.9,8.2,91.0,152,49.5,27.3,53,260.0,19.91559718
37,0,170.7,57.5,23.4,84.0,131,29.9,19.7,44,178.0,19.73334926
32,1,177.5,74.7,12.7,69.0,131,42.1,17.0,53,250.0,23.70958143
34,1,180.3,74.9,18.3,86.0,142,42.7,-13.9,31,214.0,23.04041855
25,0,160.1,57.5,27.1,92.0,140,34.4,28.8,53,162.0,22.43288763
24,1,168.4,60.2,6.2,87.0,131,40.9,16.2,61,230.0,21.22815827
59,1,167.9,64.9,21.9,75.0,116,41.2,14.4,36,201.0,23.02201351
44,1,172.3,69.3,22.9,75.0,130,39.7,15.4,39,221.0,23.34332302
38,0,168.0,65.7,27.0,95.0,138,30.9,22.1,39,170.0,23.27806122
55,0,149.0,52.7,36.4,75.0,123,22.3,16.5,1,93.0,23.73766947
23,0,165.6,58.6,32.0,74.0,117,29.3,13.7,24,156.0,21.36864338
21,1,178.5,69.3,14.3,81.0,137,40.8,18.1,54,232.0,21.74987642
21,1,178.0,69.8,12.2,65.0,117,45.2,9.3,64,271.0,22.03004671
51,1,175.5,66.0,13.2,68.0,118,47.4,17.1,44,216.0,21.4283975
35,1,166.7,67.1,20.4,86.0,150,44.2,16.7,61,222.0,24.1463405
34,0,164.8,59.9,24.4,74.0,126,30.4,28.7,45,186.0,22.05527147
64,0,153.3,66.3,38.5,83.0,151,28.1,21.3,29,118.0,28.21169751
29,1,170.0,85.3,22.8,72.0,120,43.6,18.0,45,211.0,29.51557093
28,0,163.6,52.4,20.3,72.0,118,31.0,23.5,23,130.0,19.5778361
34,0,163.7,50.6,20.7,63.0,120,24.6,28.4,19,170.0,18.88222455
53,1,167.3,72.96,21.5,90.0,138,44.2,17.6,47,208.0,26.06711353
24,1,184.3,69.7,14.0,70.0,112,35.6,2.5,46,217.0,20.52022449
23,1,182.3,82.4,18.3,74.0,132,48.5,22.7,43,249.0,24.79441548
61,1,167.2,69.7,26.1,89.0,147,36.1,2.3,32,145.0,24.93217875
33,1,168.3,63.8,17.4,81.0,125,40.6,2.5,45,205.0,22.52435932
43,1,172.5,90.5,33.0,99.0,143,41.7,18.7,40,216.0,30.41377862
22,0,163.8,61.7,32.2,73.0,127,28.3,17.0,25,176.0,22.99626842
46,0,157.9,50.7,30.3,89.0,149,22.8,17.6,42,163.0,20.33497765
21,0,154.4,49.8,31.2,64.0,119,23.2,21.2,31,142.0,20.88982255
27,0,159.8,54.8,24.4,55.0,104,27.5,22.7,38,191.0,21.45986613
21,0,159.5,56.3,37.3,62.0,103,21.9,17.0,24,115.0,22.13028567
22,1,168.0,66.3,21.3,78.0,136,43.1,8.9,32,200.0,23.49064626
60,0,150.8,40.8,24.6,74.0,129,10.2,18.8,23,139.0,17.94144756
34,1,180.6,67.6,18.0,83.0,126,39.1,10.0,39,206.0,20.72579528
32,1,172.3,69.6,17.9,73.0,151,39.6,-0.6,46,214.0,23.44437636
22,0,164.6,54.1,27.6,65.0,110,28.9,18.8,50,158.0,19.96813956
61,0,160.4,61.9,30.6,85.0,148,17.8,12.4,17,136.0,24.05924093
21,1,177.9,84.3,21.6,71.0,124,49.4,15.8,38,231.0,26.63640922
38,1,170.7,65.8,15.2,78.0,134,46.4,14.3,44,242.0,22.58181532
60,1,170.0,73.6,23.04889,90.0,153,41.8,35.0,35,182.0,25.46712803
58,1,171.5,74.34,27.3,91.0,142,47.1,17.1,30,194.0,25.27518296
47,1,166.3,67.4,24.1,83.0,131,44.6,6.0,38,181.0,24.37111495
43,1,172.3,74.3,25.8,80.0,126,45.3,1.5,25,204.0,25.02754546
64,0,157.8,61.4,34.8,87.0,142,31.6,19.6,25,157.0,24.65780271
34,1,173.5,72.4,17.4,83.0,118,60.1,16.5,67,236.0,24.05135829
22,0,172.8,55.1,29.5,76.0,117,27.6,21.1,27,172.0,18.45287852
22,1,176.1,88.2,20.1,83.0,141,52.6,15.6,48,238.0,28.44132815
38,1,167.7,67.9,15.6,76.0,139,39.0,20.9,57,225.0,24.14369016
21,1,166.5,62.1,17.0,74.0,129,42.7,13.7,45,227.0,22.40077916
24,1,179.0,66.0,7.1,84.0,152,48.5,26.6,66,267.0,20.59860803
31,1,169.4,67.3,20.5,84.0,132,43.8,19.4,48,247.0,23.45245181
21,0,161.6,59.1,32.7,67.0,108,24.1,21.4,35,183.0,22.63105333
37,1,171.1,69.6,22.2,85.0,134,46.8,6.6,38,230.0,23.77438112
64,1,155.6,59.0,28.8,87.0,158,34.1,-0.5,41,171.0,24.36872609
44,0,155.0,62.0,31.8,62.0,106,28.0,26.5,19,160.0,25.80645161
59,1,160.3,59.1,22.9,81.0,153,31.4,14.5,35,166.0,22.99960811
21,1,180.1,76.9,17.6,75.0,154,48.6,9.1,50,223.0,23.70821812
31,1,168.3,59.0,13.2,66.0,121,39.3,9.7,47,231.0,20.82973667
62,0,156.0,47.0,25.9,69.0,121,20.5,20.3,24,126.0,19.31295201
26,1,179.9,75.1,16.5,80.0,145,47.8,19.3,56,240.0,23.20478828
22,1,172.9,76.3,20.7,89.0,139,56.4,13.9,49,212.0,25.52316637
41,1,168.2,70.0,19.8,72.0,121,42.8,7.3,49,199.0,24.74264119
41,1,178.0,84.2,22.1,99.0,123,45.7,23.4,35,255.0,26.57492741
50,1,168.1,78.3,32.6,89.0,139,41.6,16.4,22,156.0,27.7093498
23,1,176.1,76.1,23.4,72.0,136,43.2,17.2,59,253.0,24.53951329
36,1,170.2,66.2,24.0,69.0,118,44.7,16.3,30,202.0,22.85277154
27,0,164.0,51.0,20.4,75.0,122,25.3,19.4,36,163.0,18.96192742
51,0,153.9,54.4,26.1,89.0,134,22.4,28.8,40,137.0,22.96791964
45,1,173.7,60.4,16.4,60.0,114,42.9,19.7,41,196.0,20.01876594
21,1,173.0,66.2,16.7,78.0,133,48.2,25.2,57,235.0,22.119015
46,1,168.8,70.1,17.8,77.0,122,44.8,18.1,47,211.0,24.60215404
26,1,173.0,74.3,13.6,86.0,141,50.6,20.7,52,235.0,24.82542016
25,1,175.0,70.1,13.9,78.0,122,42.0,16.2,44,247.0,22.88979592
38,1,173.2,75.8,19.0,91.0,127,51.3,19.8,44,244.0,25.26814906
24,1,168.7,62.32,15.8,72.0,129,37.5,11.4,61,228.0,21.89763838
24,1,174.1,74.5,16.5,84.0,136,52.0,16.7,58,218.0,24.57868991
37,1,166.7,71.6,17.7,79.0,128,38.4,11.6,34,206.0,25.76569269
27,1,165.3,63.1,14.1,81.0,130,47.8,6.0,62,186.0,23.09317529
45,0,162.1,55.0,27.4,59.0,94,25.9,14.6,25,146.0,20.93132205
45,1,160.0,59.3,20.2,78.0,118,31.0,11.5,40,220.0,23.1640625
61,1,168.3,66.3,22.5,85.0,140,38.8,16.9,35,192.0,23.40697528
37,1,176.4,75.3,30.7,97.0,159,46.4,8.8,31,183.0,24.19902201
38,1,178.4,83.02,14.6,64.0,118,44.8,20.7,41,226.0,26.08513141
46,1,176.4,69.9,18.1,71.0,121,42.3,25.4,46,214.0,22.46363398
23,0,163.1,55.2,32.3,70.0,95,25.1,12.8,23,133.0,20.75062374
63,1,167.4,67.1,27.1,81.0,154,36.7,22.2,40,187.0,23.94482199
26,1,176.8,85.9,28.5,97.0,140,36.1,12.6,40,212.0,27.48075387
25,0,156.0,44.9,28.3,78.0,113,23.8,11.6,45,161.0,18.45003287
24,1,171.0,69.0,15.5,89.0,159,50.0,26.2,63,235.0,23.59700421
22,0,162.3,50.0,29.5,84.0,125,15.9,10.1,27,156.0,18.98160644
21,0,169.5,83.7,42.9,73.0,138,21.6,20.3,43,166.0,29.13305662
58,0,158.9,55.7,26.2,65.0,100,21.4,26.3,31,132.0,22.06009614
26,1,174.3,80.1,11.5,85.0,149,57.1,17.3,62,238.0,26.36560503
44,1,185.2,86.4,24.5,100.0,145,48.8,-4.4,36,233.0,25.19020941
35,0,152.5,47.1,26.1,83.0,119,23.1,12.8,31,140.0,20.25262026
60,0,152.5,48.1,24.9,94.0,152,23.3,22.7,32,158.0,20.6826122
33,1,163.5,54.8,18.5,77.0,122,42.9,18.3,39,209.0,20.49958384
34,1,170.8,84.4,31.4,96.0,151,42.4,-1.1,30,206.0,28.93121774
54,1,171.6,56.6,10.9,94.0,151,36.0,1.7,33,203.0,19.22126048
62,1,171.9,70.2,15.8,87.0,155,41.8,19.4,30,196.0,23.75665872
37,1,166.2,75.6,14.8,73.0,140,47.3,17.5,49,246.0,27.36905212
63,1,170.0,80.2,28.0,77.0,137,47.7,1.3,28,188.0,27.75086505
21,1,169.5,76.1,16.0,75.0,116,52.5,20.9,55,260.0,26.48776116
29,1,178.6,89.7,21.0,93.0,134,45.8,11.4,53,223.0,28.12092059
60,0,147.5,53.1,32.6,76.0,140,20.0,14.9,19,118.0,24.40677966
25,1,173.0,70.4,13.0,83.0,135,43.1,26.7,64,238.0,23.5223362
43,0,159.1,57.3,27.6,88.0,124,25.3,15.4,36,139.0,22.63675981
21,0,161.0,63.5,30.4,74.0,133,30.2,22.9,48,195.0,24.49751167
36,1,167.9,65.5,18.7,68.0,150,47.2,21.7,57,247.0,23.23485185
46,0,162.5,74.1,35.28637,80.0,140,36.2,20.6,23,152.0,28.06153846
53,0,155.0,52.5,26.0,76.0,131,17.4,14.0,36,150.0,21.85223725
60,1,177.0,82.6,20.6,90.0,150,47.7,19.1,33,189.0,26.3653484
50,1,172.5,81.0,22.8,88.0,128,50.2,20.9,40,214.0,27.22117202
26,1,169.3,56.8,9.0,70.0,113,42.3,23.7,21,197.0,19.81684076
26,1,174.2,64.5,12.5,74.0,138,42.0,10.6,51,203.0,21.25511276
42,0,158.7,62.6,32.8,78.0,115,26.1,18.5,37,150.0,24.85538415
21,1,172.9,59.4,11.0,68.0,121,40.6,26.0,58,224.0,19.86993555
62,1,171.0,72.3,23.0,73.0,140,43.5,9.0,32,161.0,24.72555658
28,1,171.8,64.7,11.6,81.0,136,46.9,19.7,54,230.0,21.92087884
26,0,155.0,46.2,28.2,64.0,112,26.0,23.2,39,180.0,19.22996878
25,1,169.8,70.0,16.9,62.0,136,43.7,8.0,49,211.0,24.27854567
34,1,175.7,80.0,23.9,74.0,123,46.5,19.5,48,221.0,25.91471661
22,1,166.7,62.3,29.0,91.0,147,43.1,16.0,39,186.0,22.41903149
32,1,177.3,81.7,25.1,78.0,123,48.3,21.1,32,210.0,25.98989861
58,0,155.0,49.4,32.1,72.0,130,23.0,18.1,30,133.0,20.56191467
22,1,172.8,64.7,18.9,75.0,137,36.4,14.2,47,243.0,21.66789909
38,1,180.1,71.1,18.5,85.0,114,49.9,5.0,43,207.0,21.92008203
25,0,163.9,56.5,26.0,60.0,110,26.6,29.8,34,170.0,21.03248272
55,1,174.0,80.9,22.9,81.0,147,55.3,16.6,42,209.0,26.72083498
26,1,175.3,67.3,20.6,89.0,118,45.6,-14.5,45,230.0,21.9003589
56,1,173.1,77.5,20.2,82.0,120,52.3,28.8,55,221.0,25.86470722
30,1,167.9,74.5,19.4,84.0,136,49.7,22.5,50,224.0,26.42742692
48,0,168.8,59.7,26.6,70.0,120,26.2,25.5,45,169.0,20.9521911
25,1,171.4,85.7,28.7,79.0,131,41.1,3.6,40,215.0,29.17152859
64,1,162.0,75.02,30.6,95.0,154,30.1,9.0,44,170.0,28.58558147
22,1,187.0,101.3,26.3,75.0,133,47.0,8.6,56,242.0,28.96851497
48,0,158.8,66.1,33.3,99.0,158,23.8,20.6,13,142.0,26.21201835
21,0,169.5,60.6,33.1,60.0,128,26.4,29.8,47,173.0,21.09275067
35,0,156.8,55.3,24.4,65.0,118,29.7,10.5,40,194.0,22.49225583
56,0,152.4,50.5,31.1,89.0,158,24.0,14.1,10,119.0,21.74309904
29,0,168.1,55.9,23.2,92.0,134,29.0,19.0,47,159.0,19.78228166
34,1,188.5,118.8,31.5,67.0,118,35.8,2.2,34,125.0,33.43441521
40,0,161.2,56.88,27.8,80.0,120,27.8,16.4,22,153.0,21.88918102
61,1,170.0,72.6,22.3,83.0,158,30.9,6.3,24,165.0,25.12110727
37,1,177.7,83.4,18.2,69.0,115,52.2,-2.9,48,226.0,26.41138616
22,1,181.2,71.46,17.9,71.0,138,43.9,18.1,55,226.0,21.7643963
26,0,164.3,55.6,24.5,64.0,113,26.3,13.4,28,166.0,20.59679586
61,1,172.9,75.0,23.7,69.0,136,36.8,14.8,37,175.0,25.08830246
64,0,158.0,62.3,32.8,94.0,148,22.4,21.2,7,121.0,24.95593655
60,1,164.0,59.4,21.8,74.0,119,32.1,5.0,35,165.0,22.08506841
21,1,170.2,62.0,13.8,65.0,131,35.9,16.4,65,245.0,21.40289781
25,1,170.7,58.0,15.3,88.0,140,37.9,-1.2,50,200.0,19.9049436
32,1,173.1,73.7,22.1,82.0,119,46.3,18.7,59,242.0,24.59650222
54,1,172.6,66.5,17.2,75.0,143,37.0,14.4,21,189.0,22.32235767
42,0,169.5,55.56,27.3,65.0,112,22.8,8.1,23,142.0,19.3385021
32,1,172.8,69.0,25.4,83.0,117,40.3,2.0,29,214.0,23.10796039
61,0,153.2,62.2,37.0,71.0,111,25.7,3.0,0,58.0,26.50164634
27,1,178.5,81.3,18.3,75.0,115,41.2,-4.3,61,195.0,25.51608879
37,0,150.4,47.7,41.5,65.0,114,15.9,8.7,6,112.0,21.087384
61,1,169.8,73.7,26.9,73.0,140,39.5,4.2,24,177.0,25.56184023
42,0,166.0,53.1,25.1,78.0,127,28.2,22.3,47,185.0,19.26985049
48,1,177.4,78.9,22.2,85.0,137,41.9,1.3,24,208.0,25.0708912
21,0,158.6,53.8,27.9,83.0,134,23.1,16.3,32,165.0,21.3882824
53,1,169.7,73.9,32.7,89.0,130,36.0,-2.0,15,165.0,25.66142407
27,1,176.8,69.7,14.5,62.0,111,51.5,7.5,49,211.0,22.29812043
34,1,168.4,71.8,17.0,68.0,133,46.1,15.2,45,233.0,25.31863395
53,0,159.0,61.1,31.7,68.0,104,29.5,23.7,22,130.0,24.16834777
21,0,165.3,58.1,30.3,80.0,120,23.1,17.7,26,131.0,21.26328818
23,1,179.1,65.5,12.2,71.0,111,38.6,6.5,41,252.0,20.41973625
28,1,172.2,71.9,23.0,75.0,144,46.9,10.9,46,211.0,24.24725591
23,1,179.6,67.6,17.0,97.0,137,37.8,14.9,44,175.0,20.95723732
27,1,179.5,71.7,16.0,78.0,125,49.2,10.9,46,183.0,22.25308618
60,1,167.7,71.86,23.6,68.0,149,36.6,17.4,37,151.0,25.55177577
49,1,178.5,76.0,18.9,96.0,154,42.4,20.2,44,215.0,23.85267833
55,1,170.2,63.0,21.9,65.0,119,40.1,11.9,31,180.0,21.74810584
60,1,171.0,77.3,19.7,93.0,156,46.2,22.2,33,193.0,26.43548442
21,1,173.0,81.0,26.4,70.0,130,47.2,6.1,41,195.0,27.06405159
21,0,169.3,60.18,23.3,67.0,128,24.5,11.0,33,166.0,20.99608234
59,0,156.3,60.5,33.6,79.0,130,29.6,22.4,23,135.0,24.7649479
23,0,152.7,48.08,27.0,66.0,126,29.3,21.0,41,182.0,20.61989193
25,1,184.2,87.1,24.8,66.0,122,36.0,1.0,25,207.0,25.67077045
23,1,169.1,67.5,14.4,81.0,134,38.7,29.7,62,232.0,23.60568229
26,1,164.2,59.7,16.5,74.0,127,51.8,19.7,53,209.0,22.14256996
25,0,159.6,64.3,29.4,92.0,123,33.8,21.5,50,188.0,25.24324596
32,1,166.6,68.1,17.4,86.0,156,41.9,13.9,38,203.0,24.53562457
25,1,189.9,74.46,16.0,80.0,120,46.8,13.5,48,231.0,20.64776755
40,1,171.4,73.9,16.4,81.0,141,42.9,15.8,37,202.0,25.15491205
53,0,148.1,48.0,29.8,89.0,122,23.8,23.5,29,143.0,21.88422243
28,0,165.2,49.4,17.2,65.0,114,33.4,17.3,31,169.0,18.101179
25,1,168.8,71.2,19.4,89.0,133,33.9,9.5,47,210.0,24.98820781
28,1,164.0,66.2,24.3,84.0,137,39.3,5.3,53,212.0,24.6133254
57,0,152.8,61.6,35.4,96.0,152,21.8,10.0,14,135.0,26.38359694
25,1,170.7,66.8,15.9,70.0,132,48.5,20.2,56,245.0,22.92500401
21,1,176.5,78.8,24.7,97.0,159,33.1,10.6,61,165.0,25.29512315
31,1,187.3,87.5,17.1,78.0,131,53.0,9.6,49,223.0,24.94207026
26,0,168.6,53.2,23.1,75.0,120,28.6,29.9,40,165.0,18.71528701
63,1,178.5,83.3,24.9,82.0,152,35.3,15.0,33,180.0,26.14379085
37,0,163.5,52.7,27.2,74.0,109,34.4,-8.2,31,135.0,19.71401584
30,1,186.0,76.0,15.8,78.0,149,51.8,22.9,54,241.0,21.96785756
23,1,175.7,93.0,25.7,74.0,142,64.1,11.6,46,211.0,30.12585806
45,0,163.5,51.56,21.3,81.0,115,23.3,15.8,25,130.0,19.28756465
29,1,170.5,68.4,13.5,81.0,135,39.8,23.3,48,247.0,23.52920942
28,0,153.6,54.7,39.0,74.0,117,22.5,16.0,38,137.0,23.18488227
64,1,163.8,68.5,30.9,87.0,145,35.5,18.8,26,182.0,25.53070319
45,0,164.2,55.0,27.2,67.0,125,27.4,18.6,34,161.0,20.39935256
60,1,156.9,63.2,21.9,81.0,137,40.0,21.0,32,172.0,25.67267903
24,1,174.1,68.2,18.2,71.0,129,36.2,15.9,52,232.0,22.50022352
21,1,172.7,66.3,11.4,69.0,118,40.7,16.7,60,253.0,22.22945695
25,1,171.7,87.5,25.8,83.0,134,44.7,18.5,58,209.0,29.68024371
22,0,176.4,67.1,30.8,88.0,143,31.6,20.4,45,159.0,21.56380315
61,1,171.5,64.3,19.8,92.0,152,42.5,10.7,27,160.0,21.86163928
22,0,159.4,61.3,37.2,60.0,106,26.2,11.3,36,154.0,24.12591761
34,1,167.3,76.0,27.6,81.0,135,35.5,13.0,46,239.0,27.15324326
61,0,154.4,52.3,31.7,76.0,155,23.2,18.2,18,133.0,21.93850842
50,1,172.5,74.2,27.2,88.0,143,41.3,8.0,31,179.0,24.93593783
30,1,176.0,66.1,13.9,70.0,120,48.3,10.1,43,205.0,21.33910124
24,1,172.4,67.98,14.4,83.0,155,49.7,22.6,59,236.0,22.87213139
61,0,153.3,52.3,37.0,69.0,113,15.8,16.8,10,118.0,22.25447632
35,1,159.4,64.2,24.7,88.0,152,35.6,6.0,34,199.0,25.26727424
22,0,163.4,75.0,33.2,61.0,121,31.5,16.0,39,172.0,28.09035055
48,1,164.4,82.4,34.8,89.0,131,36.8,4.0,26,198.0,30.48762439
27,1,169.6,68.5,15.7,80.0,150,49.4,22.1,59,261.0,23.81435787
62,1,164.6,56.4,12.1,77.0,137,35.9,14.0,37,187.0,20.81706231
50,1,169.5,82.8,30.3,90.0,145,40.9,0.9,36,169.0,28.81979795
24,0,153.7,54.72,30.6,74.0,129,27.2,28.8,39,148.0,23.16318915
31,1,170.5,79.2,29.6,93.0,128,42.6,14.5,35,206.0,27.24434774
23,1,182.7,91.7,28.7,88.0,146,49.4,-4.2,51,208.0,27.47212418
28,1,167.0,68.1,20.5,80.0,146,46.5,11.1,54,212.0,24.41822941
27,1,171.0,87.0,17.4,92.0,137,52.6,23.0,57,241.0,29.75274443
28,1,169.2,72.7,27.3,79.0,133,39.6,14.9,47,212.0,25.39415075
33,1,176.2,73.6,25.8,89.0,133,43.1,16.8,41,219.0,23.70642173
38,0,161.7,49.6,22.3,65.0,110,25.2,22.1,33,142.0,18.96975128
54,1,168.6,66.0,24.0,95.0,145,36.0,4.3,17,143.0,23.21821321
22,0,160.5,50.8,17.0,57.0,107,30.2,35.2,46,181.0,19.72030551
43,1,162.4,66.4,20.3,66.0,126,41.2,13.2,38,178.0,25.17653911
30,1,170.2,62.9,14.7,78.0,134,42.8,27.8,65,240.0,21.71358504
29,1,165.0,60.0,23.7,79.0,128,34.7,17.4,56,193.0,22.03856749
21,1,176.2,94.5,26.5,68.0,132,47.4,-12.3,47,183.0,30.43827247
33,0,153.2,49.0,33.0,80.0,114,20.3,-0.4,1,144.0,20.87750274
41,1,169.1,78.4,23.1,90.0,140,47.1,6.4,44,177.0,27.41756284
23,1,168.6,74.9,21.2,77.0,133,35.7,19.0,51,234.0,26.34915408
32,1,183.9,87.6,29.3,96.0,146,46.6,10.4,36,201.0,25.90243829
29,1,167.0,64.0,17.3,68.0,103,31.0,17.1,49,233.0,22.94811574
40,1,174.4,74.7,18.0,87.0,138,46.9,22.4,47,233.0,24.55995918
32,1,170.7,90.5,36.2,82.0,133,45.1,11.4,33,188.0,31.05857579
41,1,176.2,73.5,19.2,72.0,120,39.3,17.4,46,177.0,23.67421192
26,1,175.0,75.2,18.5,87.0,136,41.9,18.7,52,251.0,24.55510204
54,1,171.0,77.5,26.5,90.0,146,36.5,8.2,36,176.0,26.50388154
60,1,168.8,66.7,19.2,83.0,131,50.3,18.6,41,198.0,23.40889693
26,1,178.8,78.1,10.3,87.0,139,31.3,21.8,61,264.0,24.42958025
37,0,165.0,55.8,21.7,88.0,128,24.9,20.0,37,157.0,20.49586777
62,1,168.6,95.0,37.7,92.0,155,43.7,3.7,8,147.0,33.42015538
59,1,166.9,73.8,23.1,70.0,120,43.9,15.5,39,215.0,26.49376553
30,1,172.9,79.7,17.9,66.0,119,52.7,17.1,66,264.0,26.66050275
30,0,162.7,51.1,23.9,79.0,136,27.7,21.2,33,181.0,19.30393268
44,1,183.7,77.8,22.1,77.0,124,41.2,7.4,45,211.0,23.05479603
37,1,163.0,59.8,24.9,78.0,126,42.6,13.0,34,215.0,22.50743348
28,0,164.0,56.3,25.1,73.0,123,28.3,23.7,41,139.0,20.93248067
53,1,174.9,86.3,23.6,84.0,137,48.6,13.8,43,215.0,28.21182471
30,1,171.4,66.0,13.6,46.0,102,48.8,22.9,51,230.0,22.46582132
30,1,178.4,84.9,23.4,88.0,140,45.2,16.7,42,192.0,26.67583301
37,0,169.0,60.9,33.6,80.0,120,27.7,16.3,23,155.0,21.32278282
64,1,166.3,74.1,30.5,87.0,140,39.3,-8.0,22,160.0,26.79376287
24,1,176.9,62.1,17.5,71.0,100,36.2,8.1,24,214.0,19.84430687
63,1,168.0,70.2,22.8,79.0,159,33.3,24.2,30,191.0,24.87244898
35,1,165.0,82.7,28.8,79.0,133,46.0,17.0,40,197.0,30.37649219
22,0,163.2,52.4,22.7,85.0,131,27.5,29.1,40,185.0,19.67392349
21,1,169.9,64.8,12.1,90.0,141,42.9,16.8,74,260.0,22.44854762
23,1,174.1,82.62,20.9,60.0,113,43.9,21.2,50,232.0,27.25760216
23,1,175.1,67.1,13.3,85.0,140,44.6,12.6,53,252.0,21.8851853
21,0,161.3,50.6,23.5,69.0,127,27.5,29.4,39,175.0,19.44830613
41,1,172.0,68.3,15.1,64.0,135,46.0,25.3,59,223.0,23.08680368
40,1,176.5,66.88,16.8,81.0,138,41.7,15.0,52,212.0,21.46875426
60,1,169.5,79.5,29.4,94.0,145,49.8,14.9,32,186.0,27.67118281
31,1,185.3,93.14,19.0,89.0,149,44.3,14.5,51,230.0,27.12597736
29,0,162.5,57.2,33.5,78.0,114,24.7,19.8,36,167.0,21.66153846
42,0,163.2,54.3,25.5,73.0,102,31.9,24.2,35,164.0,20.38729095
26,1,170.7,71.84,22.0,91.0,148,45.5,18.9,54,242.0,24.65467497
59,0,158.0,62.3,33.8,64.0,122,25.0,9.8,13,86.0,24.95593655
33,0,171.0,57.9,22.5,69.0,104,29.7,23.8,39,155.0,19.8009644
34,1,175.0,71.0,19.7,87.0,157,45.9,20.5,57,233.0,23.18367347
61,0,156.0,55.4,30.4,80.0,130,20.1,24.4,27,116.0,22.76462853
25,1,172.2,60.0,12.8,72.0,151,61.0,15.2,55,230.0,20.23414958
37,1,184.8,89.4,16.1,76.0,158,64.5,24.3,58,241.0,26.1778265
21,1,173.9,72.4,22.4,80.0,136,46.3,10.7,42,184.0,23.94084099
37,0,159.0,57.5,27.0,88.0,131,25.1,6.5,27,167.0,22.74435347
26,1,171.7,66.1,15.0,71.0,123,43.2,7.4,54,242.0,22.42130411
21,1,173.8,63.1,8.2,86.0,134,43.5,18.3,63,273.0,20.88958513
27,1,181.6,84.0,15.0,71.0,122,40.1,9.2,44,211.0,25.47109395
56,0,162.1,55.1,28.3,72.0,125,26.0,22.6,23,130.0,20.969379
26,0,154.9,71.92,31.4,69.0,133,33.6,22.5,45,188.0,29.97414771
55,1,170.1,59.3,15.3,79.0,150,28.4,14.2,42,162.0,20.49491239
24,1,181.0,84.4,20.4,80.0,120,48.9,7.2,54,213.0,25.76233937
46,1,180.6,73.6,17.7,82.0,117,43.6,0.8,39,206.0,22.5653629
57,1,171.9,78.1,24.7,79.0,138,43.6,15.2,40,185.0,26.43012886
41,1,172.8,75.2,27.6,78.0,123,48.7,8.3,30,212.0,25.18432785
31,1,168.4,84.0,27.4,93.0,146,48.6,12.0,47,176.0,29.62068596
22,1,184.2,70.8,18.1,75.0,130,48.6,24.8,54,241.0,20.86671123
27,1,182.1,83.2,8.4,80.0,120,49.6,14.1,62,245.0,25.09016022
62,1,172.5,68.0,20.8,85.0,144,44.3,3.6,28,192.0,22.85234194
25,0,161.7,63.36,31.3,89.0,128,25.0,10.7,39,160.0,24.23232744
39,0,148.3,66.56,42.4,81.0,143,9.1,-9.3,18,152.0,30.26432633
57,0,161.1,52.3,30.8,64.0,130,28.2,19.4,27,159.0,20.15164983
59,1,169.3,65.2,23.8,75.0,126,31.4,6.2,25,152.0,22.7475003
28,0,159.7,70.6,34.0,89.0,123,30.2,25.1,35,160.0,27.68183456
35,1,177.8,81.5,18.0,90.0,141,40.1,13.7,46,160.0,25.78066381
22,0,163.9,53.7,22.9,54.0,106,30.4,23.0,52,193.0,19.99016499
24,1,168.0,65.2,21.4,80.0,120,44.2,15.5,55,214.0,23.10090703
37,1,170.5,69.3,23.8,80.0,120,40.1,4.3,41,186.0,23.83880428
62,1,173.3,71.38,20.1,83.0,149,35.9,9.0,20,153.0,23.76727648
32,1,178.1,70.9,17.2,75.0,137,40.9,24.6,33,235.0,22.35210332
39,0,159.6,65.7,35.4,89.0,132,23.7,3.1,28,172.0,25.79286562
32,1,172.8,77.3,20.7,95.0,155,46.0,22.6,47,229.0,25.8876136
26,1,169.4,68.5,12.7,85.0,128,45.7,20.0,63,250.0,23.87062331
52,0,161.8,69.3,49.3,66.0,123,23.9,0.1,21,101.0,26.47135669
61,0,154.2,70.5,43.1,64.0,121,19.7,17.2,0,52.0,29.64970451
64,1,166.7,62.7,23.4,70.0,150,33.2,12.9,19,173.0,22.56297391
62,0,154.3,53.3,30.7,74.0,113,23.4,19.8,28,132.0,22.38697204
31,0,153.5,46.0,28.9,72.0,105,20.0,20.0,32,141.0,19.52275356
55,0,158.5,51.8,23.9,76.0,107,25.0,28.0,32,150.0,20.61917225
35,0,161.5,48.3,21.8,72.0,100,31.6,26.0,32,186.0,18.51834102
26,1,170.0,74.5,18.2,78.0,134,39.8,13.5,56,194.0,25.77854671
21,1,176.8,67.78,13.1,75.0,147,30.9,21.8,60,230.0,21.68388239
21,0,149.3,43.7,30.9,81.0,117,7.9,13.0,23,125.0,19.60477316
21,1,175.4,63.7,14.1,81.0,128,33.1,8.2,52,225.0,20.7052393
57,1,169.6,72.2,21.9,94.0,150,45.4,19.2,53,215.0,25.10068085
47,0,164.7,65.3,31.4,84.0,134,25.9,18.8,17,150.0,24.07276537
34,1,167.4,68.9,22.5,92.0,147,35.7,8.4,53,231.0,24.58715701
62,1,170.5,77.9,19.6,79.0,142,45.1,13.5,28,164.0,26.79715517
29,1,182.4,91.3,19.9,91.0,159,60.0,25.5,51,215.0,27.44233803
30,1,179.7,69.0,15.8,70.0,151,53.9,12.6,53,238.0,21.36746181
32,1,173.5,79.5,33.7,90.0,153,49.2,16.7,42,222.0,26.40998596
25,0,157.6,59.8,32.6,60.0,105,27.2,19.1,51,170.0,24.0762452
42,1,172.2,70.9,20.5,81.0,142,39.3,17.5,44,216.0,23.91002009
53,1,168.4,67.6,17.8,91.0,156,45.0,25.8,65,223.0,23.83759965
24,1,179.1,85.8,20.8,63.0,135,47.3,9.0,43,232.0,26.74829573
38,1,178.0,85.0,20.9,73.0,119,52.2,13.0,54,199.0,26.82742078
56,0,158.9,51.0,23.5,93.0,146,24.2,20.6,21,130.0,20.19865176
51,1,168.2,67.6,29.3,99.0,153,33.1,12.0,46,187.0,23.89432206
44,0,153.8,49.7,29.8,72.0,110,29.2,23.6,24,158.0,21.01085462
28,0,157.7,51.9,32.1,84.0,126,29.4,25.3,52,144.0,20.86911207
26,1,170.0,55.7,10.8,65.0,111,43.0,18.7,53,226.0,19.2733564
49,1,176.6,72.2,20.3,87.0,139,42.4,4.5,26,207.0,23.15025606
26,1,179.9,83.4,17.5,76.0,139,42.1,-5.3,60,233.0,25.76936542
61,0,157.4,58.5,33.4,64.0,129,24.9,15.6,23,105.0,23.61274135
51,0,155.8,45.8,23.6,66.0,115,22.1,22.4,31,151.0,18.86820436
26,1,171.6,74.7,24.5,82.0,115,40.0,12.6,47,204.0,25.36798865
22,1,172.0,66.8,17.5,80.0,137,46.1,22.5,55,200.0,22.57977285
24,1,173.4,63.9,15.5,84.0,136,34.9,-5.9,48,227.0,21.25214018
22,0,161.8,56.0,21.8,63.0,109,27.5,21.4,62,185.0,21.39099531
34,1,174.9,83.3,29.4,97.0,138,47.9,15.0,40,211.0,27.23111238
30,1,185.1,87.0,34.2,77.0,128,40.8,2.7,21,180.0,25.39255578
30,1,172.3,71.44,20.1,75.0,125,38.6,16.0,57,215.0,24.06417022
56,0,160.8,48.4,25.5,71.0,138,22.4,20.9,14,137.0,18.71859607
21,1,181.7,74.9,12.2,70.0,146,46.7,22.4,56,269.0,22.68673317
45,1,164.7,56.1,14.1,88.0,136,41.0,14.5,48,216.0,20.68119659
29,0,161.6,47.6,20.3,73.0,125,29.9,21.2,37,176.0,18.22737967
23,1,174.8,89.0,26.9,89.0,145,45.1,9.1,41,228.0,29.12776419
22,1,178.4,86.8,24.4,79.0,152,44.7,-6.9,38,233.0,27.27281868
25,1,170.8,71.4,25.7,67.0,129,42.6,14.8,49,231.0,24.47498752
23,0,157.6,60.2,22.6,61.0,106,29.4,28.1,57,173.0,24.23729032
36,1,182.6,77.4,22.0,80.0,131,45.9,21.6,48,233.0,23.21343524
50,0,161.5,53.5,23.6,73.0,122,24.0,22.0,33,150.0,20.51203405
35,1,169.7,97.26,33.6,94.0,139,43.3,5.3,24,200.0,33.77307314
38,1,176.5,74.4,10.2,75.0,136,50.5,18.9,54,243.0,23.8827051
45,1,175.0,81.7,19.8,87.0,131,51.3,21.6,54,249.0,26.67755102
48,0,160.0,109.2,50.6,94.0,141,36.9,8.2,0,159.0,42.65625
32,1,178.3,70.3,19.2,56.0,132,50.7,0.9,47,230.0,22.1132532
23,0,161.6,52.4,30.4,84.0,137,26.0,13.0,36,185.0,20.06543476
56,1,171.2,75.1,24.8,91.0,159,37.3,-10.6,26,214.0,25.62314394
21,1,180.4,73.9,26.2,99.0,149,31.9,5.2,53,157.0,22.70760714
24,0,173.3,65.3,33.6,77.0,118,26.5,8.4,13,131.0,21.74282928
21,0,160.3,61.0,36.0,69.0,116,12.4,-1.7,32,101.0,23.73902022
24,0,175.5,58.7,17.2,76.0,140,30.0,17.2,37,155.0,19.05828686
27,1,175.7,82.1,24.2,91.0,128,50.4,1.4,36,234.0,26.59497792
21,1,177.6,85.8,21.4,79.0,142,43.5,20.8,43,248.0,27.20203311
22,0,156.3,54.9,29.4,78.0,127,26.0,26.4,41,183.0,22.4726552
43,0,171.4,65.6,27.6,79.0,132,28.7,23.2,26,147.0,22.32966482
24,1,177.0,55.8,12.8,70.0,115,35.1,2.2,46,212.0,17.81097386
22,1,179.5,73.3,19.9,84.0,122,42.0,7.7,43,210.0,22.7496683
22,0,155.1,53.0,22.3,65.0,118,31.5,21.8,55,225.0,22.03191635
59,0,152.9,47.9,33.3,78.0,121,17.6,12.6,17,90.0,20.48898963
25,1,175.0,72.6,22.0,88.0,120,49.8,21.2,58,226.0,23.70612245
53,0,154.0,48.4,32.9,53.0,91,20.4,7.9,22,126.0,20.40816327
32,1,171.6,73.0,13.4,60.0,97,44.4,14.5,48,228.0,24.79067164
40,1,167.9,82.9,22.3,88.0,133,51.9,23.2,45,232.0,29.40716364
22,0,166.5,52.4,26.6,70.0,110,23.2,12.7,27,156.0,18.90178467
45,0,165.5,54.1,21.5,79.0,128,23.1,21.8,34,158.0,19.75155393
64,1,166.2,64.5,25.5,83.0,141,31.7,5.0,31,188.0,23.35058018
60,1,172.4,66.5,26.5,78.0,118,38.4,10.9,21,161.0,22.37417973
39,1,173.9,65.5,11.1,81.0,130,47.8,16.0,54,255.0,21.65918626
36,0,153.9,48.1,19.4,71.0,118,21.3,24.5,25,125.0,20.30803189
34,1,169.4,77.1,22.8,90.0,150,51.5,25.9,47,217.0,26.86751909
62,1,153.4,56.5,29.6,89.0,153,31.6,12.9,26,160.0,24.01030786
21,1,170.4,58.6,20.6,91.0,155,32.5,6.8,48,216.0,20.18173202
26,0,162.7,51.4,22.5,57.0,106,22.7,15.7,40,191.0,19.417263
29,1,164.3,57.2,7.4,64.0,104,41.7,15.0,69,228.0,21.18950941
29,1,170.7,85.3,30.2,71.0,118,35.5,2.2,33,198.0,29.27399464
28,1,171.7,73.46,20.7,85.0,147,46.8,22.5,61,238.0,24.91783661
38,1,178.0,75.3,16.4,71.0,119,42.4,8.2,34,227.0,23.76593864
22,0,165.2,48.3,16.2,78.0,130,30.1,25.6,37,189.0,17.6981163
26,1,181.8,82.56,23.9,95.0,158,47.7,13.9,49,200.0,24.97939563
27,0,162.1,70.9,35.7,97.0,148,30.6,11.0,42,157.0,26.98237697
36,1,188.3,97.8,20.4,74.0,115,52.9,5.1,33,246.0,27.58279138
64,1,165.0,78.7,31.7,77.0,134,38.4,9.6,25,190.0,28.90725436
24,1,177.8,81.64,16.2,82.0,141,50.0,7.0,44,244.0,25.82494961
26,1,176.0,70.6,20.8,62.0,114,41.2,16.3,57,228.0,22.79183884
25,1,174.4,77.0,12.5,41.0,97,54.0,18.9,57,252.0,25.31615605
24,0,169.6,71.48,36.7,82.0,146,27.7,21.5,30,152.0,24.85036935
21,0,158.1,56.3,27.0,74.0,122,30.3,20.6,42,191.0,22.52395521
29,1,171.9,66.7,18.0,77.0,127,41.6,7.7,37,217.0,22.57220992
28,1,174.4,74.9,22.5,67.0,119,48.9,19.1,45,187.0,24.62571543
31,1,179.1,71.9,15.3482,92.0,123,47.1,11.7,54,242.0,22.41494712
23,1,172.1,59.7,12.8,83.0,130,27.5,7.5,11,229.0,20.15638247
60,0,161.9,55.0,33.2,80.0,118,25.8,12.0,9,137.0,20.98306819
25,1,173.0,69.6,15.2,80.0,120,44.1,7.3,44,188.0,23.25503692
37,0,162.8,56.9,16.5,97.0,134,31.0,31.2,67,203.0,21.46858719
25,1,176.4,68.54,14.5,82.0,125,39.1,17.2,58,187.0,22.02657329
23,1,170.6,68.5,19.5,81.0,134,50.6,20.2,50,221.0,23.53599255
30,1,176.9,77.9,19.6,96.0,141,40.6,13.4,53,256.0,24.89326096
25,1,176.3,68.1,26.1,82.0,112,31.8,-5.8,30,165.0,21.91000554
22,1,179.0,70.8,11.6,86.0,120,54.1,14.4,48,229.0,22.09668862
28,1,181.0,65.9,11.7,90.0,118,47.9,20.0,56,240.0,20.11538109
26,0,156.0,50.7,30.1,75.0,126,24.6,16.6,31,116.0,20.83333333
26,1,180.8,69.26,13.6,80.0,120,44.0,1.5,53,249.0,21.18778879
28,1,173.6,71.4,16.0,86.0,156,41.7,15.7,53,218.0,23.69183886
27,0,174.6,60.7,18.3,72.0,118,30.4,21.0,64,187.0,19.91132735
34,0,166.1,49.6,23.5,64.0,121,25.2,19.1,31,155.0,17.97804287
50,1,170.4,71.2,21.2,87.0,144,47.6,15.4,32,201.0,24.5211488
28,1,169.7,64.9,15.9,81.0,132,44.3,18.0,57,225.0,22.53621681
61,1,167.4,80.8,29.1,58.0,137,43.8,16.8,28,179.0,28.83370517
27,1,179.6,73.6,14.9,76.0,123,52.3,16.0,53,233.0,22.81734714
60,0,160.1,60.3,35.0,75.0,136,27.3,15.0,11,101.0,23.52527172
37,1,171.1,71.9,22.3,91.0,159,42.2,4.4,45,233.0,24.56002878
51,0,155.6,65.0,37.0,81.0,122,28.5,24.4,12,141.0,26.84690162
29,1,181.3,80.1,17.2,76.0,136,51.2,8.8,49,224.0,24.36895511
36,1,180.2,76.3,19.7,81.0,142,47.6,18.6,60,243.0,23.49713785
28,1,175.7,88.4,32.8,66.0,119,39.9,6.1,47,219.0,28.63576186
32,1,173.2,71.0,24.1,64.0,120,47.6,11.2,36,205.0,23.66805519
22,0,158.1,76.1,40.7,67.0,106,26.3,5.2,29,137.0,30.4453462
27,1,172.4,69.9,12.6,85.0,128,42.7,12.1,64,242.0,23.51812275
48,1,180.2,87.0,22.0,78.0,129,51.3,16.8,42,227.0,26.79228037
43,1,174.3,72.7,24.6,85.0,130,43.9,14.7,46,211.0,23.92983128
24,0,162.4,57.9,32.9,73.0,122,30.6,18.9,46,180.0,21.95363877
23,1,176.0,79.0,23.9,80.0,120,34.0,3.0,25,190.0,25.5036157
45,1,167.2,72.48,25.6,86.0,138,40.1,24.2,43,219.0,25.92660424
51,0,154.2,46.6,20.3,78.0,120,27.4,23.4,31,173.0,19.5982444
26,0,163.9,53.68,15.9,75.0,115,32.3,26.6,56,162.0,19.98271986
42,1,184.9,85.9,26.2,99.0,147,39.2,-1.3,39,196.0,25.12576778
22,1,179.3,61.2,14.2,77.0,152,39.5,11.7,53,250.0,19.03666393
22,1,181.1,84.3,27.6,99.0,153,35.7,7.9,47,201.0,25.70340587
30,1,162.9,60.5,19.6,88.0,138,40.1,8.9,52,236.0,22.7988639
24,1,181.3,74.9,12.0,89.0,140,53.3,11.3,52,178.0,22.78695053
35,0,159.2,46.8,18.2,83.0,134,20.0,16.5,39,153.0,18.46544279
29,1,170.8,81.8,25.1,90.0,140,45.3,8.2,31,215.0,28.0399717
27,1,168.4,65.2,14.4,64.0,120,25.7,-3.1,45,220.0,22.99129434
53,0,143.6,53.9,32.7,76.0,120,17.1,16.8,1,86.0,26.1384533
48,0,159.1,56.2,32.2,93.0,136,23.0,22.8,30,168.0,22.20219723
22,0,151.0,67.6,40.0,84.0,124,30.4,21.1,50,160.0,29.64782246
21,1,176.2,70.9,13.8,77.0,139,49.8,8.0,48,245.0,22.83675681
22,0,161.0,46.1,25.8,58.0,105,17.9,20.6,55,165.0,17.78480768
27,0,161.1,55.7,33.0,82.0,114,28.2,22.6,37,170.0,21.46169973
24,0,164.7,62.4,38.5,64.0,107,22.2,20.0,22,150.0,23.00368391
64,1,170.8,71.2,19.8,96.0,143,36.4,10.4,50,194.0,24.40643013
55,0,158.4,58.1,33.1,64.0,118,26.4,21.2,17,138.0,23.15611927
21,1,181.0,68.7,10.0,68.0,125,37.2,9.2,57,234.0,20.97005586
25,0,163.0,47.5,26.9,83.0,132,24.5,18.2,43,132.0,17.87797809
62,0,150.3,51.4,25.6,74.0,144,21.3,18.3,8,115.0,22.75334007
27,0,162.4,59.7,31.8,69.0,120,37.3,31.0,44,189.0,22.63613531
57,1,162.4,65.8,27.6,73.0,117,38.2,10.8,23,160.0,24.94904026
40,1,183.7,97.7,32.6,88.0,155,47.3,14.0,32,206.0,28.95184541
39,0,159.7,45.7,19.4,68.0,104,22.1,8.1,7,150.0,17.91869461
28,1,175.3,69.44,22.6,81.0,125,36.4,15.0,50,217.0,22.59674475
49,1,180.6,82.8,18.1,93.0,158,50.4,23.4,48,198.0,25.38603327
36,1,177.6,88.5,24.7,91.0,139,43.4,6.3,32,178.0,28.05804115
30,1,174.8,75.2,12.6,60.0,112,55.0,16.3,65,249.0,24.61132435
44,1,174.3,66.7,21.7,79.0,143,49.9,26.6,32,184.0,21.9548796
58,1,167.4,65.52,16.7,81.0,158,43.9,19.2,40,181.0,23.38099459
51,0,155.6,58.0,33.5,92.0,128,20.6,15.9,3,135.0,23.95569683
42,1,171.5,61.1,16.9,93.0,136,37.3,12.1,46,199.0,20.77365723
21,1,173.7,74.2,22.7,65.0,114,43.9,19.7,45,240.0,24.59258994
22,1,172.0,61.5,13.2,78.0,126,43.8,13.9,53,234.0,20.78826393
24,1,177.7,100.5,27.3,85.0,141,47.4,11.0,46,218.0,31.82667037
35,1,186.4,75.7,18.4,100.0,142,54.2,24.0,50,230.0,21.78733261
46,1,164.5,71.14,32.0,78.0,126,36.7,-1.9,37,177.0,26.28948365
21,1,167.6,71.1,20.29228,58.0,124,36.2,10.5,47,237.0,25.31171502
51,0,156.0,63.3,37.6,65.0,107,20.7,16.1,20,162.0,26.01084813
32,1,173.6,68.5,16.5,79.0,138,44.8,25.8,60,229.0,22.72956529
27,1,168.3,66.5,13.9,59.0,115,47.9,11.8,70,231.0,23.47758456
32,1,176.6,75.6,21.8,72.0,103,40.6,14.9,31,215.0,24.24043433
23,1,174.8,73.8,21.3,72.0,126,33.9,-0.9,39,191.0,24.1531348
22,1,172.3,68.5,13.7,64.0,134,36.7,12.1,60,230.0,23.07384743
21,0,167.8,57.4,26.3,63.0,109,27.5,21.8,51,186.0,20.38581034
63,0,175.1,81.2,26.3,87.0,143,40.2,24.4,36,167.0,26.48400963
34,0,156.9,49.4,24.5,65.0,106,22.2,23.1,35,162.0,20.06693582
21,0,154.9,52.2,28.6,68.0,103,22.1,10.3,26,126.0,21.75542979
28,0,160.8,66.74,31.3,85.0,135,23.2,15.8,28,140.0,25.81155169
29,0,168.8,63.82,18.8,71.0,129,29.4,20.0,45,203.0,22.39813796
26,1,174.1,73.4,15.8,77.0,119,57.7,23.9,51,238.0,24.21578308
36,1,172.5,72.7,21.8,80.0,136,46.5,28.0,48,225.0,24.43184205
42,0,162.7,69.1,35.1,77.0,123,23.3,21.0,16,136.0,26.1037524
60,1,167.0,69.7,17.2,80.0,120,45.2,8.3,40,195.0,24.9919323
38,0,158.8,50.8,34.7,75.0,120,20.4,21.7,16,156.0,20.14478869
61,1,170.0,82.2,29.1,69.0,145,38.0,9.2,27,182.0,28.44290657
25,1,169.9,84.06,34.6,61.0,132,37.2,-8.2,24,166.0,29.12075483
26,1,170.3,74.3,16.0,92.0,144,48.6,25.1,52,234.0,25.61884333
41,1,178.9,69.2,16.4,74.0,115,36.0,19.1,36,223.0,21.62147975
21,0,160.9,48.04,18.4,69.0,102,25.0,21.5,42,170.0,18.55627972
21,1,179.8,70.3,8.4,80.0,120,52.3,8.9,45,190.0,21.74582808
59,0,161.4,53.2,29.0,82.0,144,24.3,21.4,24,122.0,20.42229623
58,1,172.9,82.5,26.2,81.0,159,45.8,3.2,15,170.0,27.59713271
22,0,171.7,68.1,21.4,75.0,112,36.5,17.1,49,191.0,23.09970968
23,1,178.9,77.6,17.6,70.0,124,44.3,15.2,53,250.0,24.24605244
39,1,174.7,74.9,15.4,99.0,140,48.3,21.1,61,232.0,24.54121203
24,1,181.4,86.8,19.3,72.0,138,51.8,18.0,46,242.0,26.37820018
42,0,157.9,48.5,19.0,60.0,116,31.7,24.3,41,186.0,19.45259203
32,1,185.1,77.3,22.7,98.0,154,44.8,9.9,54,221.0,22.56143174
33,1,171.6,93.44,19.7,95.0,147,55.1,16.0,61,240.0,31.7320597
52,1,167.2,79.2,28.5,84.0,149,40.2,3.5,38,181.0,28.33039537
26,0,165.4,59.1,21.9,68.0,119,28.9,18.5,42,151.0,21.60311962
24,0,173.0,62.5,19.8,74.0,120,36.3,24.7,46,195.0,20.88275586
33,1,167.4,71.2,23.2,87.0,136,37.1,9.7,47,178.0,25.40791842
41,1,178.7,85.1,31.5,99.0,138,46.0,10.0,50,224.0,26.64897167
62,1,175.9,66.0,20.2,73.0,141,34.6,5.4,20,159.0,21.33105113
64,0,158.8,59.64,40.1,65.0,128,23.2,13.2,15,135.0,23.65029916
22,0,160.0,54.9,22.7,75.0,118,20.5,12.8,32,164.0,21.4453125
47,0,153.0,57.9,34.6,75.0,114,22.9,3.6,12,120.0,24.73407664
42,1,166.3,71.6,23.2,82.0,135,41.9,11.5,48,197.0,25.88978977
32,1,180.8,88.9,25.1,89.0,137,46.3,6.5,47,210.0,27.19599225
61,1,167.1,62.4,17.2,88.0,158,39.7,16.0,40,202.0,22.3476412
60,1,165.9,76.8,24.6,84.0,146,40.7,7.1,29,192.0,27.90412752
37,1,171.1,84.2,20.7,64.0,125,40.9,-3.9,51,210.0,28.76153578
25,1,178.9,71.4,14.2,62.0,117,44.8,16.0,51,243.0,22.30886784
43,0,158.7,65.4,28.0,87.0,142,33.0,25.2,42,182.0,25.96712657
57,1,168.7,73.1,28.2,70.0,122,33.7,12.0,45,177.0,25.68545195
38,0,168.0,63.6,25.7,87.0,146,27.3,24.5,41,175.0,22.53401361
21,1,183.3,76.5,13.8,66.0,117,41.5,16.3,59,227.0,22.76860932
40,1,177.3,75.3,18.1,88.0,138,42.9,14.4,42,208.0,23.9539702
61,1,176.5,75.48,19.5,79.0,133,46.1,12.8,32,193.0,24.22938953
23,1,171.5,70.7,11.1,82.0,149,57.0,17.4,61,236.0,24.03760338
62,1,164.7,66.0,20.5,68.0,150,32.7,10.8,41,195.0,24.33081952
21,0,161.9,48.2,25.3,69.0,119,15.2,10.1,36,192.0,18.38879794
40,0,168.5,58.4,22.1,82.0,153,28.8,25.7,41,217.0,20.5689933
50,0,159.4,61.3,31.3,93.0,150,27.7,18.3,15,136.0,24.12591761
24,0,166.8,65.8,28.8,94.0,143,33.9,22.6,52,162.0,23.65014463
55,1,162.4,63.9,23.4,91.0,132,44.3,23.9,35,211.0,24.22862724
50,1,172.8,73.6,29.0,98.0,149,32.9,6.3,31,185.0,24.64849108
28,1,170.5,71.6,21.0,73.0,140,49.4,17.0,52,220.0,24.62999114
31,0,168.0,58.9,27.4,76.0,118,28.7,21.1,36,175.0,20.86876417
23,1,169.0,86.22,33.9,68.0,124,42.8,5.4,41,198.0,30.18801863
24,0,160.2,52.8,27.5,58.0,112,26.2,18.4,44,186.0,20.57353402
31,1,175.0,79.4,18.7,88.0,146,61.3,27.4,47,251.0,25.92653061
61,1,160.7,67.5,28.9,95.0,141,38.4,13.7,37,187.0,26.13797988
60,0,155.1,52.2,31.8,67.0,114,21.5,24.0,30,116.0,21.69935912
23,0,166.5,57.0,28.2,99.0,145,26.4,22.7,43,187.0,20.56110164
24,0,168.2,54.0,15.9,66.0,102,24.1,27.5,39,159.0,19.08718034
55,0,159.0,54.2,27.9,80.0,120,29.2,15.5,14,112.0,21.43902536
24,0,158.2,47.8,22.4,66.0,112,22.6,25.9,46,156.0,19.09918952
63,1,163.1,61.5,24.9,61.0,107,36.3,9.7,22,178.0,23.11890145
30,1,180.0,85.08,13.1,68.0,116,56.9,26.4,57,226.0,26.25925926
36,0,164.8,66.4,35.0,77.0,118,26.3,9.9,16,137.0,24.44858139
21,1,175.2,74.2,22.9,89.0,136,40.7,6.4,55,190.0,24.17328663
45,1,166.0,57.6,15.5,68.0,133,36.7,12.5,38,199.0,20.90288866
47,1,164.4,72.9,25.3,85.0,135,46.4,7.6,36,192.0,26.9726677
21,0,150.2,53.4,32.1,75.0,134,24.8,26.2,49,199.0,23.6701708
46,0,161.3,58.4,28.9,96.0,140,28.7,20.0,34,166.0,22.44626637
28,0,168.6,60.2,24.5,77.0,131,30.0,18.9,32,159.0,21.17782478
31,1,169.8,72.5,20.8,85.0,148,45.7,17.6,42,211.0,25.14563659
55,1,162.5,66.4,28.1,89.0,134,38.9,12.0,40,188.0,25.14556213
21,1,181.7,84.7,24.7,70.0,144,41.0,-2.7,46,223.0,25.65509078
55,0,155.0,57.7,31.5,88.0,145,27.6,21.2,35,149.0,24.01664932
33,1,172.7,66.1,18.3,70.0,107,42.4,18.0,51,221.0,22.16239976
21,0,167.3,63.5,26.5,71.0,118,35.4,29.9,48,183.0,22.6872493
28,1,173.3,80.2,24.0,94.0,154,49.8,9.8,45,214.0,26.70405679
36,0,166.5,53.7,25.9,84.0,130,27.4,18.9,40,186.0,19.37072207
21,0,157.6,53.1,24.8,51.0,130,27.8,25.3,59,193.0,21.37873947
23,0,167.7,58.2,26.2,77.0,139,26.98,22.6,66,191.0,20.69459156
63,0,148.2,51.96,38.8,68.0,118,20.2,13.2,2,98.0,23.6577117
61,1,172.6,73.0,20.4,72.0,114,40.9,15.0,37,188.0,24.50424225
22,0,157.1,52.1,31.3,78.0,122,24.0,22.8,47,174.0,21.10986001
23,1,170.3,76.92,23.0,98.0,151,43.8,9.5,55,236.0,26.5222265
40,0,157.1,61.1,25.8,81.0,143,29.1,21.2,34,166.0,24.7564769
24,1,184.0,82.3,16.2,70.0,118,49.4,25.4,65,219.0,24.30883743
34,1,169.0,80.2,20.2,92.0,148,47.6,27.0,55,237.0,28.08024929
62,1,170.5,62.6,19.8,79.0,150,44.1,13.9,25,175.0,21.53404253
50,1,175.0,81.3,18.5,80.0,123,51.1,18.3,45,202.0,26.54693878
28,0,157.3,53.8,26.1,83.0,143,28.4,21.1,41,165.0,21.74326858
24,0,157.8,51.7,25.2,78.0,113,26.1,24.2,50,187.0,20.76235179
49,0,155.2,75.1,44.3,67.0,128,25.4,25.1,5,125.0,31.17859231
29,1,179.5,76.7,19.0,86.0,132,34.5,3.7,52,204.0,23.8049053
21,0,164.0,58.2,28.9,87.0,141,24.4,25.7,45,173.0,21.63890541
24,1,174.8,72.9,19.6,73.0,129,32.0,6.8,43,216.0,23.85858438
29,1,174.3,84.3,22.9,66.0,115,51.6,8.1,56,223.0,27.74807121
35,0,155.0,46.7,17.7,62.0,106,21.8,22.0,35,137.0,19.43808533
35,1,178.4,79.0,15.4,73.0,127,52.7,14.7,68,260.0,24.82203543
60,1,165.3,66.8,22.3,84.0,155,33.9,12.8,35,174.0,24.44729175
23,0,161.8,58.7,29.6,76.0,124,29.0,10.3,44,126.0,22.42234687
21,1,169.1,66.7,23.3,63.0,146,43.0,7.7,61,200.0,23.32591124
25,0,168.6,61.7,28.8,89.0,139,31.1,20.0,38,178.0,21.70551144
32,0,152.7,65.34,39.1,74.0,110,20.3,13.8,15,120.0,28.02212435
42,1,168.7,65.4,10.8,83.0,123,50.8,20.7,60,248.0,22.97987083
26,1,183.6,83.8,21.2,78.0,142,47.8,12.8,49,226.0,24.85985922
39,0,154.0,53.88,26.1,73.0,126,19.5,17.6,27,134.0,22.7188396
26,1,177.8,71.0,17.5,57.0,112,48.3,-6.0,35,190.0,22.45922859
29,1,178.7,73.2,19.2,87.0,141,42.4,9.0,32,223.0,22.92249972
40,1,178.5,70.6,11.8,78.0,113,50.1,14.8,62,234.0,22.15788276
31,1,175.0,72.3,12.4,79.0,136,44.5,26.2,53,258.0,23.60816327
33,1,174.7,76.0,19.7,83.0,123,49.9,5.2,48,214.0,24.90163037
60,1,173.3,74.0,26.1,87.0,156,42.6,7.8,32,198.0,24.63965339
60,1,164.2,66.0,26.1,80.0,135,44.1,15.7,35,184.0,24.47922307
29,1,175.0,66.8,18.6,80.0,120,43.9,19.4,45,211.0,21.8122449
21,0,149.9,48.4,31.2,65.0,117,22.5,23.0,42,162.0,21.5398213
39,1,170.2,80.1,28.4,87.0,142,49.4,9.9,39,179.0,27.65116314
53,0,154.4,52.1,31.6,78.0,129,25.6,17.2,21,117.0,21.85461355
30,0,158.6,54.2,26.3,82.0,116,35.6,24.8,55,171.0,21.54730309
25,1,166.7,65.9,16.0,71.0,127,36.6,16.8,58,231.0,23.71451325
36,1,178.0,77.52,13.3,79.0,133,53.9,17.0,62,273.0,24.46660775
64,1,170.5,72.1,27.9,78.0,143,28.4,13.7,28,156.0,24.80198829
62,1,171.9,64.3,17.3,76.0,128,40.4,26.6,31,164.0,21.76001646
21,1,176.2,71.6,9.4,72.0,128,45.63,13.0,65,265.0,23.06222549
44,0,165.8,62.0,24.6,60.0,105,28.3,14.8,21,142.0,22.55395123
29,1,179.9,87.3,22.8,86.0,132,50.6,-5.0,24,225.0,26.97440768
28,1,164.6,70.8,20.8,94.0,135,48.2,15.5,56,212.0,26.13205695
28,1,172.0,74.2,19.5,76.0,125,41.0,15.9,55,215.0,25.08112493
22,1,173.8,92.5,24.5,91.0,157,51.2,16.5,60,215.0,30.62260895
64,1,165.1,67.8,24.2,99.0,152,34.7,17.1,19,196.0,24.87342253
24,0,162.4,50.92,20.0,79.0,129,30.5,20.2,46,201.0,19.30706884
63,1,174.6,70.46,24.7,88.0,130,42.9,1.7,29,156.0,23.11288509
34,0,168.3,58.1,17.9,70.0,120,28.8,20.6,32,138.0,20.51199493
41,1,176.0,78.4,22.8,93.0,153,43.8,16.3,46,205.0,25.30991736
28,1,166.5,62.3,25.2,76.0,130,34.6,19.4,52,189.0,22.47292337
35,1,181.5,76.7,22.4,99.0,160,46.8,7.4,54,192.0,23.28316979
47,0,158.0,47.0,22.7,60.0,117,17.1,20.0,25,144.0,18.82711104
56,0,152.2,64.3,36.0,66.0,102,19.1,17.7,20,92.0,27.75758434
30,1,175.7,69.3,15.5,76.0,136,45.3,16.9,45,211.0,22.44862326
40,1,167.8,69.8,23.2,64.0,136,45.4,26.6,56,210.0,24.78971362
41,1,181.1,93.3,29.6,99.0,153,41.1,-9.9,20,167.0,28.44754173
26,1,177.2,77.8,25.6,85.0,134,47.5,17.8,45,250.0,24.77719632
51,1,179.1,83.5,28.9,94.0,150,55.8,14.6,38,205.0,26.03126682
23,1,166.6,69.8,17.8,71.0,136,45.3,13.7,57,242.0,25.14811447
43,1,173.3,64.76,14.4,78.0,154,60.1,20.0,48,238.0,21.5630264
25,0,168.0,68.4,28.9,66.0,107,30.5,19.9,40,175.0,24.23469388
50,1,170.8,74.7,24.6,99.0,147,43.9,22.7,38,187.0,25.60618442
24,1,166.5,66.3,22.7,80.0,134,42.0,15.3,42,203.0,23.9158077
21,1,169.1,78.0,16.5,84.0,129,50.2,9.6,57,241.0,27.27767731
26,0,160.2,54.3,23.6,66.0,118,42.3,22.9,53,190.0,21.15800942
32,1,167.3,66.6,18.0,78.0,131,47.1,5.4,19,210.0,23.7948158
43,1,168.0,68.4,29.6,77.0,108,45.4,21.6,34,225.0,24.23469388
63,0,156.7,60.0,35.9,87.0,151,24.7,23.7,9,105.0,24.43505143
47,0,161.1,66.7,36.8,68.0,104,24.1,19.4,22,136.0,25.70009644
28,0,167.0,60.5,19.5,72.0,127,25.2,20.8,47,210.0,21.69314066
23,1,174.2,66.0,16.8,52.0,105,37.7,-4.9,47,189.0,21.74941771
59,1,165.7,74.2,30.6,74.0,120,45.0,2.7,26,202.0,27.02457597
62,0,155.1,55.6,15.8,74.0,124,28.5,18.5,25,126.0,23.11272734
53,1,173.7,64.7,12.8,80.0,127,40.5,19.4,43,215.0,21.44394298
24,0,161.1,48.1,21.8,63.0,102,29.6,24.7,46,164.0,18.53335291
39,0,163.7,59.6,33.3,85.0,132,24.0,13.7,24,142.0,22.24072299
25,0,153.4,51.1,23.9,60.0,110,27.0,23.9,39,179.0,21.71551737
36,0,159.1,54.6,28.8,96.0,151,25.3,16.2,42,174.0,21.5701062
45,1,165.9,70.3,22.1,84.0,143,49.9,19.4,58,230.0,25.54245006
43,0,163.3,57.1,29.1,62.0,111,28.7,22.1,25,149.0,21.41232067
28,1,174.5,71.3,12.1,81.0,122,55.1,21.2,59,230.0,23.4152429
24,0,162.3,59.3,29.7,66.0,109,22.7,20.6,32,138.0,22.51218524
25,1,180.0,78.9,17.9,95.0,110,49.5,21.5,63,265.0,24.35185185
42,1,168.0,61.0,14.9,94.0,151,28.9,1.0,32,230.0,21.61281179
39,0,156.2,56.0,26.5,71.0,120,29.6,18.5,24,165.0,22.95228711
61,1,167.3,67.3,23.2,88.0,146,38.3,-2.3,18,166.0,24.04491146
37,0,178.2,74.9,23.8,77.0,128,44.7,22.3,46,191.0,23.58665845
25,1,180.1,87.3,20.0,74.0,134,49.9,17.0,51,239.0,26.9145311
21,0,166.1,61.2,19.2,71.0,137,29.8,29.1,61,213.0,22.18258515
24,1,183.1,83.6,11.6,78.0,143,53.9,15.2,50,262.0,24.93616074
63,1,172.4,71.66,18.9,79.0,152,43.1,15.8,38,173.0,24.11028149
27,1,171.0,69.3,17.1,97.0,133,47.4,17.1,56,216.0,23.69959988
34,1,179.7,78.5,18.6,85.0,121,42.8,9.7,40,232.0,24.30935873
57,1,175.4,79.9,24.3,85.0,137,42.1,18.8,40,223.0,25.97093595
23,1,170.0,77.9,31.0,78.0,142,64.0,17.5,69,270.0,26.9550173
22,1,168.0,63.2,18.9,62.0,110,39.9,-9.8,45,220.0,22.39229025
48,1,170.9,62.2,18.4,95.0,155,39.3,18.7,50,208.0,21.29640313
24,0,163.2,70.2,31.8,91.0,137,34.2,23.1,47,165.0,26.35705017
62,0,159.8,57.1,32.1,82.0,130,25.2,22.3,13,127.0,22.36055395
32,1,165.7,76.6,26.0,97.0,153,44.3,13.4,49,199.0,27.89868625
25,1,179.4,81.36,25.3,68.0,121,44.8,2.9,56,215.0,25.27935929
25,1,176.5,80.6,17.2,83.0,128,47.5,26.0,53,231.0,25.87293053
37,1,177.6,76.1,20.8,70.0,131,46.0,16.3,36,176.0,24.12674499
29,1,183.9,75.7,18.9,89.0,151,40.7,8.9,40,206.0,22.38372806
53,1,172.3,71.6,19.6,90.0,141,37.9,9.3,47,203.0,24.11806534
58,1,175.0,73.8,22.2,74.0,120,45.1,9.5,33,197.0,24.09795918
42,1,168.9,69.9,23.2,81.0,158,48.7,15.8,33,225.0,24.50292195
21,1,169.4,64.2,16.4,90.0,121,42.0,16.4,55,225.0,22.37217543
24,1,177.9,83.8,18.4,80.0,143,47.7,18.8,54,226.0,26.4784234
63,1,170.7,76.84,22.5,80.0,120,41.7,9.6,30,151.0,26.37061838
29,1,171.0,72.5,17.5,64.0,122,45.3,18.0,55,254.0,24.7939537
44,0,171.0,58.7,33.0,64.0,100,26.9,21.3,30,150.0,20.07455285
30,0,164.7,54.2,22.7,72.0,117,31.6,28.3,44,184.0,19.98076391
28,0,157.9,52.3,29.8,84.0,118,25.6,19.4,57,155.0,20.97671264
27,0,162.7,58.9,27.7,70.0,142,31.8,19.9,59,182.0,22.25052123
61,1,167.0,56.3,18.3,63.0,122,29.2,13.5,31,188.0,20.18717057
25,0,166.1,54.8,21.6,76.0,121,35.4,32.2,49,210.0,19.86283768
59,0,164.6,70.4,38.3,80.0,126,26.7,16.2,6,110.0,25.98441821
58,0,153.9,53.8,32.9,74.0,124,21.7,28.0,33,150.0,22.714597
41,0,152.7,50.1,24.5,75.0,135,27.3,0.0,23,132.0,21.48620187
44,1,170.0,70.0,20.0,76.0,121,43.1,21.0,49,194.0,24.22145329
26,0,160.0,62.4,31.3,69.0,118,32.5,21.9,42,177.0,24.375
28,1,174.2,70.0,11.7,78.0,117,41.1,18.2,60,245.0,23.06756424
50,1,161.5,63.2,25.9,69.0,119,30.0,-7.9,24,141.0,24.23103835
55,1,171.4,75.2,22.1,80.0,142,50.1,10.8,39,197.0,25.59742065
25,0,159.5,54.8,27.4,77.0,117,26.5,20.0,46,164.0,21.54066882
55,1,173.6,77.76,22.1,80.0,120,41.9,-7.8,53,186.0,25.80220434
60,1,171.5,69.1,28.5,98.0,135,41.0,2.2,34,190.0,23.49361236
60,1,173.8,76.1,21.7,99.0,158,49.0,14.0,42,190.0,25.19330315
41,0,164.5,61.0,34.1,86.0,122,26.8,9.4,29,148.0,22.54228989
38,1,175.2,71.8,15.5,85.0,119,49.1,12.3,47,205.0,23.39140135
62,0,154.9,58.9,35.4,74.0,109,19.1,16.1,17,102.0,24.54779339
29,0,157.6,48.8,32.1,81.0,122,23.0,20.7,38,160.0,19.64750444
27,0,169.6,56.2,29.3,70.0,119,29.1,20.5,40,168.0,19.5382031
31,0,155.0,53.5,36.1,70.0,114,20.4,14.3,17,147.0,22.26847034
27,0,166.6,70.0,29.0,74.0,140,37.9,22.0,56,205.0,25.2201721
21,1,179.1,83.0,20.0,66.0,132,49.6,14.8,56,240.0,25.87539098
63,1,169.8,70.7,18.4,78.0,151,44.4,11.85,28,186.0,24.52133113
36,0,160.4,49.1,17.0,55.0,114,26.2,24.9,39,166.0,19.08414749
29,0,160.1,52.5,28.0,85.0,122,28.2,26.3,54,170.0,20.48220175
22,1,168.4,76.3,25.2,73.0,111,35.6,18.6,43,222.0,26.90545641
45,1,173.8,70.0,13.7,67.0,112,37.4,12.7,34,234.0,23.17386624
23,1,175.7,74.8,15.3,66.0,122,38.9,21.1,57,246.0,24.23026003
50,1,165.5,71.6,19.5,80.0,146,45.1,0.8,45,217.0,26.14068875
53,1,174.8,84.1,18.4,81.0,140,50.7,6.3,41,186.0,27.52410077
29,1,172.2,63.2,18.0,78.0,139,37.4,20.7,59,247.0,21.31330422
61,0,153.8,50.0,27.3,65.0,124,24.7,13.8,23,125.0,21.13768071
45,1,182.7,79.8,25.4,77.0,124,38.0,16.1,26,182.0,23.90703936
30,1,182.7,78.3,13.7,90.0,138,46.0,24.7,48,247.0,23.45765893
53,0,156.1,54.0,25.1,64.0,121,23.9,13.9,30,162.0,22.16092856
21,0,166.1,98.7,43.0,73.0,125,35.4,19.7,39,180.0,35.77485546
21,1,179.9,75.0,12.39132,76.0,159,39.6,19.6,61,226.0,23.17388976
60,0,161.2,56.8,25.5,75.0,147,22.5,13.6,0,106.0,21.85839455
37,1,171.2,79.1,23.6,82.0,148,55.8,14.4,33,214.0,26.98789196
56,0,162.7,57.8,24.4,73.0,128,28.8,27.0,19,175.0,21.83497669
39,0,159.5,54.12,30.4,67.0,106,22.3,3.8,23,144.0,21.27337585
64,0,155.5,60.0,34.9,85.0,130,17.0,12.8,20,100.0,24.81363923
48,1,166.2,68.4,22.8,63.0,111,38.8,8.0,28,177.0,24.76247573
64,0,156.3,55.5,32.3,67.0,107,21.8,22.9,36,137.0,22.71825799
26,1,164.1,66.5,20.0,83.0,134,37.5,6.2,45,202.0,24.69474143
23,1,175.1,74.3,19.2,58.0,117,46.4,-4.3,48,202.0,24.23352112
35,0,163.3,54.9,22.0,72.0,136,29.3,23.5,32,165.0,20.58732758
21,0,162.3,63.4,30.1,91.0,139,27.3,21.8,54,197.0,24.06867697
63,0,156.1,50.5,27.4,91.0,152,23.0,20.5,26,131.0,20.72457208
39,0,162.5,51.9,28.3,64.0,96,28.7,8.4,16,164.0,19.65443787
27,1,174.6,66.3,13.3,93.0,147,58.6,17.0,53,244.0,21.74828671
21,0,150.7,55.1,37.0,81.0,120,23.7,19.6,45,168.0,24.26191597
46,1,179.0,81.2,26.7,98.0,159,42.7,6.5,29,211.0,25.34252988
23,1,165.3,58.2,11.2,81.0,117,29.5,19.2,51,233.0,21.29988592
31,1,174.0,67.6,15.6,82.0,140,39.3,5.1,38,225.0,22.3279165
23,0,163.1,69.0,30.7,68.0,114,30.0,25.5,44,178.0,25.93827968
46,0,150.0,72.8,41.2,97.0,138,21.4,15.0,28,150.0,32.35555556
54,1,171.5,78.2,24.0,80.0,120,42.8,8.5,33,193.0,26.58756131
28,0,159.8,62.68,34.3,96.0,130,29.0,22.0,41,164.0,24.5457009
60,1,171.7,77.6,15.5,95.0,143,45.9,27.9,50,211.0,26.32213614
25,1,174.8,68.5,15.2,80.0,120,40.4,21.2,60,228.0,22.41856008
22,1,171.4,73.9,14.3,88.0,141,43.3,12.9,58,258.0,25.15491205
28,1,175.8,65.08,7.2,68.0,103,40.4,16.7,59,231.0,21.05764514
27,1,181.9,88.8,23.0,66.0,121,48.0,17.9,46,228.0,26.83784051
28,1,175.0,64.8,17.9,78.0,136,45.9,21.7,60,211.0,21.15918367
25,1,172.8,95.0,54.9,90.0,131,37.5,5.6,28,203.0,31.81530778
44,1,171.2,74.8,16.2,76.0,116,43.0,8.4,49,210.0,25.52078784
48,1,165.2,70.0,29.1,90.0,147,39.5,14.5,44,211.0,25.64944392
25,0,160.9,61.1,33.5,77.0,123,24.1,19.1,22,132.0,23.60093029
28,1,172.6,74.3,27.8,76.0,131,40.4,25.5,46,200.0,24.94061917
37,1,179.0,87.1,23.4,79.0,143,58.3,22.2,63,236.0,27.1839206
48,0,161.3,77.4,41.8,68.0,117,36.4,7.5,30,160.0,29.74899001
25,0,160.6,61.3,23.2,85.0,126,31.1,24.8,46,171.0,23.76672782
48,1,178.1,89.7,27.5,81.0,114,35.9,-7.5,26,180.0,28.27903622
26,1,173.0,80.2,22.2,92.0,140,58.4,16.2,54,235.0,26.79675231
61,1,158.6,64.3,23.9,78.0,137,33.2,8.5,25,167.0,25.56257544
31,0,161.0,56.5,19.8,73.0,108,33.6,16.8,26,156.0,21.79699857
21,1,168.7,70.1,26.1,84.0,130,41.3,9.8,32,213.0,24.63132943
30,0,155.0,49.2,28.2,83.0,119,37.2,19.3,49,160.0,20.47866805
23,0,168.5,59.6,15.7,97.0,140,38.2,24.4,55,171.0,20.99164385
21,0,161.0,54.2,30.2,86.0,130,22.6,26.4,61,152.0,20.90968713
61,1,163.7,59.7,19.2,91.0,152,40.3,4.6,34,159.0,22.27803964
21,0,162.7,49.72,21.1,65.0,106,21.3,22.7,49,179.0,18.78261316
27,1,164.6,67.1,19.3,64.0,116,44.3,16.3,65,257.0,24.7663986
36,1,177.7,83.5,21.6,66.0,132,58.7,5.4,50,244.0,26.44305449
24,1,177.1,71.96,11.4,80.0,120,50.3,17.9,55,204.0,22.94320218
29,1,172.1,71.8,17.4,74.0,139,40.9,13.6,64,222.0,24.24167941
36,1,171.8,73.3,24.7,79.0,126,38.9,15.9,54,206.0,24.83462781
62,1,167.8,65.42,25.5,85.0,142,28.6,10.5,17,153.0,23.23414133
24,1,175.8,69.3,21.2,76.0,133,50.4,15.6,51,222.0,22.42309171
42,0,164.2,64.5,26.8,67.0,113,27.0,20.6,35,164.0,23.9228771
37,1,181.0,84.7,16.6,98.0,152,53.9,20.5,53,247.0,25.85391166
33,1,172.7,65.9,19.6,98.0,145,41.8,12.9,52,184.0,22.09534258
64,1,173.9,62.5,15.3,77.0,123,34.6,12.5,43,170.0,20.66716246
35,1,171.0,66.6,20.1,78.0,127,52.2,20.1,45,245.0,22.77623884
25,1,172.4,79.6,14.8,75.0,119,52.7,17.6,52,249.0,26.7817249
56,0,156.3,54.2,29.2,90.0,142,20.7,15.3,0,136.0,22.18611861
22,1,174.5,79.4,24.1,76.0,134,41.7,7.8,42,195.0,26.07531958
63,1,158.7,59.5,23.5,95.0,156,42.3,10.0,28,184.0,23.62452647
60,1,171.9,79.8,25.9,92.0,131,41.6,7.4,34,179.0,27.00543256
21,1,184.0,95.0,21.9,93.0,142,54.7,-5.1,55,229.0,28.0600189
28,1,182.0,78.0,9.8,57.0,119,42.8,26.1,52,221.0,23.54788069
22,0,154.5,49.5,22.2,48.0,101,23.4,24.1,40,166.0,20.73711
63,1,171.3,65.6,23.2,57.0,122,41.0,5.4,26,172.0,22.35574326
54,0,150.5,52.3,33.0,78.0,142,20.7,25.3,24,122.0,23.09025287
24,1,166.8,70.0,13.0,81.0,134,50.4,16.7,60,244.0,25.15972833
25,0,155.0,54.4,22.6,78.0,117,28.6,22.7,42,171.0,22.64308012
26,1,170.1,62.6,12.5,73.0,126,49.3,17.9,56,237.0,21.63543871
29,0,172.0,54.3,20.5,78.0,122,26.5,18.2,37,185.0,18.35451595
22,1,174.2,71.4,11.7,74.0,141,44.3,14.1,60,235.0,23.52891552
58,0,168.4,59.0,23.4,65.0,119,26.3,23.9,28,130.0,20.80500561
56,0,152.1,55.7,34.8,75.0,142,27.4,24.0,23,166.0,24.07668923
36,1,174.6,85.1,26.4,86.0,139,40.2,-2.4,45,208.0,27.9152217
46,1,168.9,73.1,28.1,85.0,133,33.8,6.4,36,233.0,25.624658
22,1,168.9,69.0,21.3,60.0,111,36.5,18.0,56,237.0,24.18743368
50,1,170.0,64.5,20.5,80.0,118,39.6,7.6,33,155.0,22.3183391
47,0,157.6,52.4,30.2,65.0,105,17.7,15.4,31,126.0,21.09691051
48,1,180.7,95.7,19.5,81.0,139,42.0,1.6,38,208.0,29.30863772
22,1,171.8,81.2,29.3,77.0,122,35.5,3.6,35,169.0,27.51121116
50,0,167.2,60.1,27.8,52.0,104,28.9,24.0,33,144.0,21.49819143
21,1,180.0,76.6,25.5,90.0,134,39.9,13.6,28,219.0,23.64197531
48,1,169.3,67.8,18.0,63.0,122,33.9,5.9,33,172.0,23.65460921
28,0,169.0,56.1,24.4,86.0,112,26.3,20.4,40,166.0,19.64216939
28,1,167.8,66.5,15.4,70.0,125,45.0,21.0,57,235.0,23.6177071
24,0,167.2,70.0,35.3,54.0,103,23.3,-0.5,22,120.0,25.03949085
23,1,172.0,65.0,18.0,61.0,124,31.8,-1.2,28,216.0,21.97133586
25,1,178.4,81.6,14.5,78.0,127,58.2,3.0,44,244.0,25.63896318
24,0,154.1,42.1,22.2,88.0,128,20.7,23.4,41,179.0,17.72869703
46,1,161.4,57.46,9.0,65.0,107,40.5,7.3,33,178.0,22.05761544
25,1,165.8,72.3,22.4,83.0,143,48.7,6.8,48,206.0,26.30081733
25,1,183.5,77.6,15.1,82.0,134,47.8,28.1,51,236.0,23.04568302
24,0,169.0,61.3,24.4,75.0,116,32.6,20.6,49,183.0,21.46283393
40,1,168.8,68.8,20.3,81.0,120,48.0,11.4,47,220.0,24.14590867
26,0,157.7,52.9,26.8,76.0,125,32.1,19.0,47,173.0,21.27121442
58,1,168.1,67.2,18.7,77.0,102,37.0,3.8,27,186.0,23.78120443
60,1,169.2,59.8,25.2,74.0,137,36.2,15.7,33,179.0,20.88817352
37,1,174.0,75.2,18.5,82.0,142,39.7,20.5,50,224.0,24.83815563
30,1,177.4,79.0,18.1,82.0,126,53.4,12.8,48,190.0,25.10266673
58,1,165.5,71.8,24.4,76.0,117,34.3,9.0,30,171.0,26.21370743
25,1,170.6,66.5,14.7,86.0,140,49.4,19.0,57,263.0,22.84881028
56,0,150.1,54.4,35.3,88.0,134,21.3,16.2,15,129.0,24.14557295
60,1,173.6,74.6,21.8,73.0,136,43.9,24.6,25,174.0,24.75365797
62,1,172.5,74.7,24.4,82.0,151,44.3,10.5,27,175.0,25.10396975
34,1,175.2,75.8,14.0,65.0,131,51.7,14.6,57,247.0,24.69454348
62,0,161.4,68.86,33.8,90.0,158,26.2,11.2,16,121.0,26.43382178
22,1,178.3,73.2,23.4,93.0,132,42.7,11.7,46,208.0,23.02546421
47,1,171.7,78.7,26.6,99.0,156,41.2,13.6,50,213.0,26.6952592
40,1,165.2,77.9,27.1,79.0,128,41.8,17.5,50,222.0,28.54416688
47,1,171.2,71.3,25.6,96.0,131,45.0,5.3,28,203.0,24.32663333
24,1,167.0,71.3,25.1,99.0,143,42.4,13.0,57,194.0,25.5656352
63,1,160.5,59.1,30.7,86.0,158,30.3,1.4,27,151.0,22.94232393
26,0,157.2,48.32,17.5,67.0,102,30.0,26.9,43,183.0,19.55338008
42,0,158.1,62.1,29.1,72.0,130,30.4,20.1,32,146.0,24.84436267
22,1,175.7,69.1,8.6,72.0,130,46.4,18.9,44,252.0,22.38383647
46,1,175.6,69.0,19.7,88.0,123,49.1,15.7,45,214.0,22.37690755
29,0,157.8,57.4,27.2,63.0,102,28.1,23.1,42,181.0,23.0514312
27,0,148.8,41.3,27.5,68.0,108,18.2,20.5,24,153.0,18.65280668
21,0,161.6,56.2,35.2,96.0,136,27.0,19.2,50,182.0,21.52056171
59,0,157.7,47.2,22.0,77.0,128,20.9,26.5,30,132.0,18.97923101
63,1,163.9,76.2,29.2,76.0,154,53.8,15.0,33,170.0,28.36593244
28,1,176.1,80.5,19.9,78.0,140,44.8,19.0,49,216.0,25.95835506
59,0,145.5,53.8,38.7,81.0,151,21.0,1.8,2,107.0,25.41302063
24,0,169.0,55.6,28.1,88.0,139,25.7,26.9,36,169.0,19.46710549
35,1,171.3,90.7,28.0,66.0,147,52.0,17.4,47,213.0,30.90954137
27,1,170.0,75.9,34.4,82.0,132,35.2,-6.6,49,202.0,26.26297578
30,0,165.7,47.0,26.9,77.0,117,23.6,26.7,44,205.0,17.11799287
38,0,159.8,69.5,35.3,97.0,145,28.1,17.3,30,161.0,27.21643606
22,1,174.2,80.6,23.8,71.0,118,38.6,16.3,54,236.0,26.56065254
23,0,153.6,46.14,30.5,66.0,124,16.1,12.9,33,153.0,19.55668132
26,1,164.8,67.4,20.3,90.0,145,40.1,13.7,60,214.0,24.81678292
26,1,173.1,77.7,21.1,82.0,130,49.1,9.8,50,224.0,25.93145485
47,1,174.8,77.4,18.2,79.0,126,18.0,14.0,41,205.0,25.3313365
60,1,164.5,55.6,9.0,69.0,118,32.2,18.6,39,173.0,20.54674292
27,1,182.3,77.9,14.2,88.0,149,58.2,15.7,51,215.0,23.44035153
28,1,174.4,56.8,20.3,86.0,125,38.4,10.8,54,205.0,18.67477485
55,0,153.0,51.6,31.2,92.0,122,25.7,14.0,24,130.0,22.04280405
24,0,164.8,51.5,20.4,72.0,117,26.6,17.3,45,174.0,18.96237864
21,1,168.7,80.3,22.6,68.0,131,40.3,18.8,48,244.0,28.21534599
36,1,189.0,95.9,13.5,78.0,136,52.3,20.3,48,242.0,26.84695277
27,0,164.2,55.1,20.2,68.0,112,30.3,28.3,30,162.0,20.43644229
43,1,171.4,87.7,31.7,79.0,135,42.9,-9.2,33,195.0,29.85231105
25,1,181.7,81.0,18.1,73.0,134,41.6,8.8,57,220.0,24.53438433
30,0,164.3,56.46,26.7,72.0,113,24.9,20.9,48,155.0,20.9153794
36,0,160.3,62.16,32.2,80.0,120,29.8,19.8,26,166.0,24.19045077
54,0,156.5,50.32,28.1,85.0,129,24.2,18.7,29,122.0,20.54527453
35,1,168.4,71.9,19.1,109.0,138,53.6,16.2,42,232.0,25.35389667
33,1,174.0,74.7,23.8,80.0,154,42.2,6.4,49,213.0,24.67300832
23,0,165.2,56.04,31.1,64.0,100,18.2,1.0,34,149.0,20.53421196
28,0,163.1,60.5,27.9,73.0,126,32.6,31.0,45,195.0,22.74298435
56,0,158.0,57.9,27.4,88.0,128,20.5,20.5,20,155.0,23.19339849
23,1,172.8,76.4,18.4,75.0,125,34.6,14.5,58,226.0,25.58620542
23,0,160.8,60.2,21.0,70.0,122,24.9,22.3,43,158.0,23.28222074
29,1,176.9,74.3,18.2,79.0,122,47.1,7.6,64,219.0,23.74286636
30,0,152.4,47.8,20.6483,73.0,120,26.0,27.8,46,167.0,20.58059672
24,1,172.8,68.7,17.8,83.0,118,37.7,-1.1,49,223.0,23.007491
21,0,155.1,41.56,21.8,72.0,124,23.4,14.6,46,169.0,17.27634799
22,0,167.4,66.2,34.0,62.0,110,28.5,11.2,38,25.0,23.62365449
62,0,161.2,58.1,32.1,75.0,154,27.6,12.0,7,108.0,22.3586747
62,0,156.4,59.7,36.0,63.0,114,23.9,19.5,13,136.0,24.40623753
24,1,180.3,79.0,21.1,75.0,120,46.7,15.2,49,227.0,24.30164307
64,1,165.5,67.6,21.7,79.0,123,38.2,-8.5,23,151.0,24.68031508
30,0,161.9,46.8,19.4,66.0,112,25.3,20.0,41,188.0,17.85468348
53,0,171.8,65.2,25.3,83.0,124,31.3,30.0,51,152.0,22.09028285
21,1,164.2,60.9,10.3,89.0,145,40.1,17.4,58,233.0,22.58764675
30,1,160.4,48.9,23.1,75.0,122,34.5,6.6,24,179.0,19.00641165
22,1,175.0,69.8,15.0,63.0,128,50.3,26.8,60,276.0,22.79183673
27,0,161.4,65.5,30.9,78.0,122,43.5,27.4,60,227.0,25.14399254
48,1,171.6,58.5,11.3,75.0,127,42.6,16.0,42,202.0,19.86649714
30,1,180.7,86.6,17.7,73.0,128,49.7,23.9,43,239.0,26.52171396
61,0,152.4,51.2,30.5,96.0,136,21.7,14.4,17,129.0,22.04448853
36,1,182.0,73.1,21.5,87.0,119,57.8,22.5,60,249.0,22.06859075
64,0,157.7,74.8,49.2,79.0,149,22.9,14.7,4,125.0,30.07725592
25,1,171.4,74.5,16.6,84.0,130,43.3,15.3,42,140.0,25.35914679
26,1,174.9,72.4,23.7,88.0,138,56.4,18.1,55,220.0,23.66785758
58,0,167.6,68.6,32.4,82.0,137,30.4,17.6,26,161.0,24.42171097
32,1,173.1,70.7,14.6,79.0,126,51.3,4.2,43,243.0,23.59528775
64,0,148.9,47.4,39.8,63.0,131,15.7,28.1,0,72.0,21.37907674
41,1,170.6,70.3,20.1,95.0,145,48.2,14.2,41,189.0,24.15445658
26,1,173.4,81.4,31.9,85.0,139,32.8,-4.5,23,178.0,27.07236636
47,0,154.2,59.2,29.7,71.0,136,24.3,16.2,23,155.0,24.89734053
34,1,170.9,65.4,18.4,62.0,114,32.3,3.1,44,226.0,22.39203802
21,0,172.4,67.7,22.5,78.0,120,33.4,23.7,66,234.0,22.77792432
53,1,175.9,84.66,24.7,88.0,154,45.7,8.9,25,185.0,27.36192104
44,1,172.4,74.8,18.7,75.0,120,45.2,13.7,58,194.0,25.16674652
35,1,164.9,77.5,30.4,71.0,124,52.4,7.0,30,195.0,28.50101923
57,0,152.4,55.2,31.0,74.0,102,25.8,18.7,25,100.0,23.7667142
60,0,160.9,63.9,28.6,81.0,144,27.3,24.5,21,134.0,24.68247865
42,1,180.2,73.3,20.4,95.0,140,53.7,26.0,41,211.0,22.57326611
48,1,172.3,92.2,32.0,92.0,147,35.3,6.3,23,202.0,31.05706179
21,1,175.7,66.5,20.8,99.0,144,40.0,11.8,55,217.0,21.54160818
42,1,175.0,78.6,25.9,93.0,157,43.4,24.4,47,211.0,25.66530612
23,1,171.6,67.1,13.9,82.0,152,39.5,19.3,53,222.0,22.78704202
25,1,174.0,70.2,14.6,83.0,126,49.6,22.0,69,267.0,23.18668252
25,1,176.8,70.3,9.9,67.0,110,49.0,26.7,58,251.0,22.49006982
21,0,155.7,52.5,28.9,81.0,135,19.7,20.6,44,182.0,21.65619126
22,0,153.8,53.6,30.0,61.0,118,25.9,27.1,54,172.0,22.65959372
21,0,167.0,56.9,22.6,78.0,108,29.4,22.3,37,179.0,20.40230915
23,0,165.6,64.8,25.0,79.0,127,30.6,19.6,39,205.0,23.6294896
26,1,170.3,64.6,16.6,70.0,109,38.2,2.1,53,228.0,22.27425679
21,1,178.5,81.0,27.2,92.0,132,41.0,20.6,46,230.0,25.42193348
29,1,180.0,75.4,11.6,83.0,142,69.9,14.6,60,259.0,23.27160494
60,0,163.2,74.5,38.8,68.0,118,26.6,19.9,13,113.0,27.97151336
22,0,167.9,66.7,33.1,87.0,136,33.3,27.7,51,176.0,23.66052853
29,1,183.9,83.5,22.9,66.0,132,53.4,21.7,46,222.0,24.69010956
35,0,154.5,53.4,31.7,65.0,119,24.3,24.0,19,136.0,22.37094291
43,1,174.1,84.96,20.6,85.0,141,50.7,10.0,52,215.0,28.02960396
23,1,169.5,77.1,24.7,73.0,125,47.1,16.2,43,193.0,26.83582635
51,0,156.4,76.8,45.1,90.0,158,20.3,19.8,0,105.0,31.39696888
55,0,162.9,60.2,30.7,74.0,126,30.1,19.9,21,141.0,22.68581168
61,0,158.8,64.1,34.6,87.0,137,29.7,21.4,7,118.0,25.41891643
22,1,167.2,76.5,30.21,58.0,107,28.2,2.8,21,181.0,27.36458643
22,0,166.3,52.2,24.9,76.0,116,24.3,14.4,32,178.0,18.87495846
59,0,162.9,61.0,32.6,82.0,123,29.7,19.5,0,25.0,22.98728426
33,1,175.1,80.6,28.3,94.0,138,50.2,15.5,50,215.0,26.28831497
21,1,173.7,71.6,16.0,64.0,106,52.2,18.6,57,258.0,23.73085498
32,1,170.3,93.5,36.4,95.0,144,43.9,10.6,38,189.0,32.23905587
30,1,172.0,73.0,24.1,68.0,114,41.6,17.5,50,200.0,24.67550027
31,1,168.5,68.2,19.6,79.0,121,50.4,23.6,54,223.0,24.02063944
42,1,177.4,76.7,22.4,80.0,150,41.0,10.6,57,209.0,24.3718296
30,1,179.8,80.6,22.5,83.0,133,40.0,16.1,54,220.0,24.93191669
45,0,156.8,51.9,28.4,78.0,146,14.1,18.4,34,128.0,21.10936849
21,0,161.2,45.0,16.7,73.0,110,23.9,21.2,55,170.0,17.31739005
27,0,166.2,78.5,36.3,85.0,119,32.7,22.4,43,166.0,28.41892317
27,1,190.0,86.9,14.5,65.0,122,57.4,22.0,44,197.0,24.07202216
23,1,174.2,67.0,16.2,76.0,124,35.5,-9.3,35,190.0,22.07895434
32,1,174.9,87.4,20.7,97.0,153,58.8,15.2,54,240.0,28.57141923
21,1,177.0,70.0,16.4,72.0,133,38.9,19.3,49,222.0,22.34351559
23,1,178.4,68.0,11.2,70.0,129,45.8,8.4,48,225.0,21.36580265
30,1,167.2,60.6,22.3,87.0,141,44.9,9.6,41,193.0,21.67704494
29,1,182.3,85.5,17.7,76.0,122,49.5,12.2,43,254.0,25.72721509
37,0,161.0,52.8,19.4,70.0,124,29.0,29.9,27,201.0,20.36958451
25,1,177.8,68.5,17.0,98.0,146,40.9,19.0,41,191.0,21.66841068
22,1,176.6,74.4,23.7,80.0,137,35.1,4.8,34,216.0,23.85566553
28,1,175.5,80.0,14.1,64.0,122,50.1,19.2,57,254.0,25.97381515
38,1,171.0,69.3,18.8,61.0,136,47.0,18.3,48,220.0,23.69959988
21,1,171.1,66.3,16.7,96.0,149,42.7,14.3,56,235.0,22.64714754
60,0,160.1,63.9,32.0,71.0,131,23.0,13.8,12,106.0,24.92976555
22,1,169.5,72.8,23.4,67.0,104,36.8,10.6,57,237.0,25.33914602
22,0,150.8,41.3,30.8,59.0,107,19.0,27.9,36,157.0,18.16131824
23,1,176.7,74.0,24.6,83.0,142,39.1,24.1,48,238.0,23.70056071
53,1,169.3,76.7,21.8,85.0,140,44.6,14.3,41,211.0,26.75971278
51,1,169.1,68.5,17.1,86.0,158,40.1,23.7,62,205.0,23.9553961
23,0,164.6,57.0,20.2,68.0,100,34.1,22.3,48,182.0,21.03852042
26,0,166.3,52.1,24.8,73.0,136,26.0,20.1,43,170.0,18.83879954
39,1,180.5,77.1,12.8,84.0,144,47.8,16.2,49,219.0,23.66464346
21,0,154.8,49.16,18.1,69.0,113,23.2,16.7,40,194.0,20.51492632
36,1,176.0,80.9,31.7,95.0,154,38.4,3.5,46,221.0,26.1169938
22,1,173.9,61.7,20.6,76.0,138,38.4,15.4,51,202.0,20.40262278
26,1,176.0,72.7,8.9,86.0,136,46.8,21.8,55,281.0,23.46978306
52,1,165.9,71.8,24.0,92.0,151,36.3,5.6,37,173.0,26.08745255
23,0,160.5,55.0,27.5,82.0,130,23.9,21.1,52,192.0,21.35072447
48,1,166.1,68.1,21.6,71.0,126,43.2,19.1,39,208.0,24.68356289
51,1,170.5,67.9,15.6,95.0,144,45.0,21.6,41,225.0,23.35721227
25,1,167.8,60.0,14.6,70.0,123,43.9,18.8,55,232.0,21.30920941
27,1,176.5,69.1,12.1,70.0,130,58.6,18.5,53,220.0,22.18138337
25,1,177.5,69.7,12.5,81.0,135,51.7,14.9,47,216.0,22.12259472
26,1,170.6,59.4,17.7,81.0,141,35.4,16.5,58,235.0,20.40931324
60,1,155.3,57.1,24.1,78.0,136,32.8,16.9,52,192.0,23.67517494
44,1,178.2,101.2,29.2,98.0,159,48.0,1.4,38,211.0,31.86875615
23,1,187.3,76.8,14.05,62.0,106,48.9,0.3,38,237.0,21.89201138
63,1,164.8,59.0,16.8,98.0,158,41.3,10.5,45,170.0,21.72389009
21,0,148.0,42.0,22.8,62.0,104,22.4,23.8,26,155.0,19.17457999
33,0,157.7,53.9,28.5,65.0,113,27.5,16.8,52,160.0,21.67331677
47,0,157.2,55.1,31.6,83.0,132,27.5,12.0,33,171.0,22.29700419
29,1,178.6,78.7,16.1,73.0,120,42.4,24.7,70,232.0,24.67242419
49,1,163.0,78.8,37.5,73.0,123,23.6,-14.7,0,84.0,29.65862471
22,1,184.0,80.4,11.9,60.0,129,42.4,15.8,43,187.0,23.74763705
22,1,190.0,104.7,27.1,73.0,136,53.3,7.6,48,188.0,29.00277008
60,1,171.4,68.4,17.1,72.0,110,35.6,13.4,44,200.0,23.28276027
30,1,188.3,99.4,16.0,92.0,144,58.6,25.8,46,193.0,28.03404359
28,1,175.1,81.7,16.3,74.0,126,48.2,5.4,55,225.0,26.6470885
40,1,176.0,70.7,15.9,80.0,129,43.5,15.0,48,218.0,22.8241219
57,1,164.9,52.7,17.9,88.0,133,34.2,4.8,30,178.0,19.38069308
58,0,147.6,45.4,33.0,61.0,120,22.4,16.5,12,158.0,20.83930053
54,1,168.4,63.3,15.3,77.0,121,35.2,5.9,61,188.0,22.32130263
27,0,155.0,57.3,27.9,72.0,123,31.2,19.7,34,176.0,23.85015609
37,0,157.4,43.7,23.0,71.0,114,23.6,14.8,20,155.0,17.63891961
22,1,180.1,77.0,9.7,79.0,138,47.6,8.6,51,273.0,23.73904805
28,1,166.1,71.0,30.8,89.0,142,41.9,-6.0,33,167.0,25.73469846
43,0,168.1,54.5,20.3,99.0,143,24.4,21.0,32,120.0,19.2868399
43,1,181.2,77.2,19.5,82.0,133,42.0,-5.4,31,232.0,23.51261397
36,0,158.8,50.8,28.4,60.0,109,24.7,18.2,36,147.0,20.14478869
51,1,180.8,68.6,12.8,74.0,156,48.7,21.7,46,212.0,20.98588378
28,1,166.2,68.1,21.0,80.0,130,44.2,19.9,52,217.0,24.65386838
55,1,169.6,74.4,28.5,85.0,145,43.4,11.1,24,194.0,25.86552154
23,1,167.0,62.68,15.0,62.0,115,37.7,13.5,48,201.0,22.47481086
33,1,172.1,65.3,19.1,87.0,142,37.9,-12.1,37,183.0,22.04709841
43,1,173.6,74.0,25.2,89.0,128,43.0,-1.5,26,157.0,24.55456688
24,1,179.3,73.4,16.2,70.0,123,43.1,13.0,53,230.0,22.83155445
22,1,176.5,71.8,11.6,60.0,123,53.2,23.5,56,238.0,23.04809444
25,1,174.2,76.9,20.6,97.0,145,49.4,18.2,52,225.0,25.341367
22,1,185.3,73.7,12.6,93.0,148,42.0,8.6,55,230.0,21.46429602
62,0,148.7,52.6,36.7,67.0,127,25.3,12.7,18,101.0,23.78832192
59,1,175.4,68.1,21.3,74.0,122,36.2,40.0,40,174.0,22.13542852
55,1,159.4,57.42,15.8,86.0,136,39.0,8.7,47,137.0,22.59886116
35,1,167.6,76.5,25.4,91.0,139,45.2,13.7,68,220.0,27.23412375
62,1,169.8,68.78,18.0,89.0,159,44.3,4.2,35,188.0,23.85540531
23,1,176.9,71.8,12.9,95.0,136,36.7,8.0,40,204.0,22.94398122
60,1,169.2,77.5,26.0,83.0,143,32.8,9.8,51,175.0,27.07079344
53,0,152.7,47.0,23.9,74.0,125,21.1,16.3,22,142.0,20.15671633
45,1,175.6,76.9,14.9,80.0,123,48.5,10.2,53,222.0,24.93890131
29,1,171.0,66.6,15.6,62.0,117,56.8,8.1,46,222.0,22.77623884
50,1,171.2,67.3,18.1,68.0,124,36.8,24.3,47,201.0,22.96188532
62,0,161.9,61.6,31.4,82.0,132,24.4,20.5,15,98.0,23.50103637
35,1,173.0,67.9,15.4,70.0,120,45.6,16.8,50,246.0,22.68702596
32,1,186.6,88.32,17.9,80.0,120,51.9,12.5,51,197.0,25.36505344
48,1,174.3,74.3,23.0,73.0,126,44.1,9.6,37,196.0,24.45648507
26,1,174.1,79.2,23.4,69.0,127,49.1,15.0,46,193.0,26.12929183
31,0,168.9,64.6,23.3,72.0,126,36.8,29.3,34,200.0,22.64504661
25,1,179.4,74.3,12.4,92.0,139,49.1,20.9,58,270.0,23.08574724
55,1,168.3,65.7,23.2,80.0,113,38.9,14.6,33,191.0,23.19514745
23,1,172.7,77.9,12.1,98.0,155,48.9,16.8,55,245.0,26.1187737
43,1,168.8,75.7,20.62151,93.0,144,43.3,20.1,57,212.0,26.5675187
21,1,182.0,77.3,14.1,69.0,127,47.9,17.1,57,262.0,23.33655356
56,1,174.6,88.0,28.6,80.0,120,42.7,-8.0,27,163.0,28.86650423
22,1,178.1,70.2,8.4,75.0,123,38.1,17.6,55,260.0,22.13141965
41,0,161.1,68.7,35.5,85.0,120,22.2,-7.6,17,145.0,26.47071403
61,0,160.0,59.4,33.8,95.0,134,20.8,16.8,21,89.0,23.203125
28,1,167.4,51.8,13.7,69.0,121,37.1,24.9,50,178.0,18.48497436
32,1,171.5,73.2,17.4,72.0,134,38.7,28.3,53,252.0,24.88758935
36,1,180.8,79.3,19.6,72.0,147,55.0,21.4,50,227.0,24.25919218
29,1,180.0,108.2,34.1,83.0,121,48.4,12.7,44,188.0,33.39506173
22,1,172.2,78.7,25.3,79.0,122,49.3,17.2,57,233.0,26.54045953
34,1,167.3,71.8,31.9,94.0,125,33.5,9.2,30,192.0,25.65266929
39,1,178.1,67.3,20.9,79.0,131,47.6,23.1,34,196.0,21.21715872
23,1,170.1,81.6,19.2,65.0,127,39.2,13.7,58,194.0,28.20210541
43,0,157.3,55.2,21.8,73.0,119,33.1,23.0,22,150.0,22.30907854
39,1,182.7,80.0,17.2,92.0,142,50.7,14.9,46,222.0,23.96695676
22,1,172.7,72.3,16.1,94.0,152,51.7,19.0,51,240.0,24.24117251
22,1,166.7,54.7,8.2,66.0,124,36.5,27.3,55,227.0,19.68412556
48,0,155.5,69.0,35.8,95.0,146,30.0,17.8,23,203.0,28.53568511
38,1,169.0,72.9,22.9,94.0,140,41.4,8.8,50,226.0,25.52431638
49,0,153.1,55.0,31.1,69.0,112,20.9,10.3,22,155.0,23.46455423
43,1,167.1,58.5,17.9,88.0,114,46.2,3.2,50,216.0,20.95091362
55,1,163.8,68.58,23.0,95.0,149,35.6,13.5,35,181.0,25.56052007
26,1,183.1,82.7,20.3,91.0,134,50.9,20.0,60,198.0,24.66770925
21,0,158.9,50.04,22.8,74.0,147,27.9,21.0,39,185.0,19.81844184
41,0,160.2,65.1,39.9,74.0,130,28.3,11.2,7,113.0,25.36623228
25,0,165.9,50.1,17.4,53.0,108,26.4,24.5,36,183.0,18.20308319
35,1,168.3,57.5,12.2,74.0,126,37.4,13.2,40,220.0,20.3001671
23,1,180.0,84.0,21.9,76.0,126,32.5,11.8,50,211.0,25.92592593
55,0,162.0,51.6,23.6,65.0,105,24.9,22.8,28,151.0,19.66163695
24,0,163.5,51.7,22.3,90.0,124,29.0,21.6,59,192.0,19.33993585
23,1,175.3,77.5,20.1,80.0,139,43.9,11.0,37,208.0,25.2195812
43,1,169.1,66.5,18.7,68.0,116,46.9,10.4,51,209.0,23.25596848
29,1,176.2,74.9,20.9,85.0,128,38.6,15.0,47,223.0,24.12514929
28,1,169.1,86.0,19.2,84.0,128,63.0,23.4,57,247.0,30.07538781
26,1,170.1,67.1,16.4,68.0,113,35.2,15.4,51,225.0,23.19070188
23,0,164.2,54.2,17.4,74.0,132,29.5,31.2,55,153.0,20.10263471
40,0,154.3,62.62,30.9,89.0,153,34.8,21.8,33,157.0,26.30154201
53,0,162.5,63.18,32.7,87.0,148,27.6,11.4,12,133.0,23.92615385
42,1,171.9,75.2,20.3,77.0,120,44.6,1.2,39,198.0,25.44872843
60,1,164.0,58.9,11.2,83.0,123,34.5,18.4,51,178.0,21.89916716
50,1,170.5,68.1,17.1,88.0,144,45.2,18.2,36,182.0,23.42601113
50,0,166.0,61.2,31.4,80.0,139,22.1,16.8,18,130.0,22.2093192
30,0,160.2,60.4,30.7,77.0,134,26.3,19.7,44,183.0,23.53487604
54,1,167.8,52.9,20.6,67.0,101,31.7,12.0,20,181.0,18.78761963
34,1,172.8,73.1,19.9,95.0,121,51.5,10.1,46,223.0,24.4810421
22,1,175.1,77.6,26.7,88.0,148,36.0,-3.1,35,196.0,25.30984171
44,0,163.3,60.62,25.5,70.0,126,18.9,3.1,17,141.0,22.73230962
21,0,175.8,54.4,32.2,73.0,122,26.5,19.7,34,175.0,17.60196521
29,0,153.6,46.2,30.5,77.0,135,26.3,24.3,41,163.0,19.58211263
57,0,151.0,46.1,27.3,77.0,127,22.4,22.2,21,137.0,20.21841147
61,0,158.8,55.94,31.1,98.0,157,27.1,21.5,4,152.0,22.18306061
44,1,167.1,71.2,20.2,89.0,144,44.9,16.5,42,202.0,25.49923162
23,1,172.0,88.7,27.0,85.0,134,42.3,17.9,29,185.0,29.98242293
56,0,155.7,57.9,31.0,84.0,130,22.4,15.6,13,120.0,23.88368522
62,1,170.8,79.88,27.9,74.0,124,32.2,15.2,36,154.0,27.38182077
21,1,170.0,50.1,16.3,67.0,124,28.5,6.4,44,210.0,17.33564014
29,1,177.1,77.4,15.2,90.0,149,61.0,23.0,61,282.0,24.67765215
63,0,155.7,57.8,30.3,82.0,117,22.7,7.1,0,93.0,23.84243533
22,0,156.1,49.1,29.9,80.0,130,17.4,15.3,50,113.0,20.15002949
57,0,161.3,70.4,35.4,75.0,130,32.1,12.5,13,107.0,27.05851288
34,1,168.9,70.9,14.8,78.0,130,46.3,24.8,58,221.0,24.85346446
26,0,158.4,54.7,25.8,58.0,108,21.3,20.4,36,184.0,21.80102796
58,0,164.4,60.9,33.3,78.0,134,27.1,23.8,8,109.0,22.5327224
27,1,168.9,67.2,16.2,87.0,144,49.7,19.9,54,235.0,23.55645715
28,1,164.5,66.8,17.6,61.0,107,47.1,25.3,47,227.0,24.68565516
24,1,171.9,96.2,34.5,96.0,152,43.8,5.7,30,185.0,32.55542121
22,1,170.7,74.9,20.5,78.0,118,39.4,8.0,27,135.0,25.70483234
23,0,160.8,45.5,15.0,67.0,101,26.7,15.0,35,152.0,17.5970273
25,0,175.1,59.8,27.0,81.0,120,27.0,29.1,40,200.0,19.50423369
36,1,178.6,81.4,21.0,85.0,133,52.5,18.0,47,219.0,25.51887331
25,1,164.9,71.7,20.6,83.0,138,40.1,18.7,70,223.0,26.36803973
27,0,150.5,55.7,39.6,66.0,114,29.7,13.4,23,159.0,24.59134005
21,1,172.8,79.5,20.5,63.0,126,48.0,0.9,53,227.0,26.62438915
26,1,176.2,84.8,17.5,80.0,134,44.6,11.5,62,216.0,27.31392069
44,1,172.5,69.6,27.9,99.0,131,43.9,10.0,38,210.0,23.39004411
23,1,174.4,71.5,10.9,70.0,141,48.7,18.1,53,204.0,23.50785919
22,1,172.9,62.3,12.6,60.0,113,34.1,22.7,49,242.0,20.84001658
23,0,166.8,61.6,24.9,85.0,137,34.0,14.5,20,167.0,22.14056093
45,1,167.4,63.8,19.08869,80.0,136,37.4,20.0,60,199.0,22.7672078
24,1,172.3,75.7,12.1,73.0,131,45.4,30.3,71,258.0,25.49912774
27,1,167.9,66.4,19.0,88.0,126,41.1,13.6,50,239.0,23.55410936
36,1,171.0,69.4,9.2,57.0,111,52.2,17.0,54,238.0,23.73379843
57,0,164.2,56.0,20.3,72.0,110,27.0,32.4,47,148.0,20.77024988
48,1,174.0,68.5,18.3,72.0,127,40.6,5.8,32,184.0,22.62518166
21,1,180.2,80.3,24.7,72.0,124,47.3,10.4,53,239.0,24.72896683
36,1,174.2,80.4,22.2,78.0,121,41.6,17.6,38,217.0,26.49474521
59,1,164.6,57.2,18.6,88.0,154,32.9,16.1,25,184.0,21.11233979
50,1,156.7,56.1,20.0,99.0,156,37.1,21.2,55,208.0,22.84677309
43,1,173.5,77.7,16.1,63.0,110,40.0,14.6,57,230.0,25.81202402
31,1,174.3,72.7,11.4,69.0,122,60.9,16.8,60,256.0,23.92983128
46,0,161.4,79.8,38.0,83.0,131,26.1,-6.6,13,137.0,30.63344435
22,1,168.9,67.9,20.4,85.0,140,41.2,18.2,59,223.0,23.80183691
27,1,175.2,75.2,27.6,83.0,132,41.5,6.0,35,172.0,24.49907216
45,0,161.9,63.5,26.2,59.0,111,32.4,19.0,30,168.0,24.225906
39,1,180.1,73.8,28.1,80.0,133,47.9,9.5,37,198.0,22.75249021
39,1,170.7,74.3,25.4,76.0,109,45.0,15.7,40,205.0,25.49891913
23,0,165.5,48.62,19.9,83.0,127,29.6,22.0,44,176.0,17.750842
21,1,167.1,63.7,12.7,76.0,122,48.0,19.2,57,232.0,22.81321705
33,0,164.0,63.6,25.1,70.0,123,27.7,21.1,57,207.0,23.64663891
23,0,168.1,57.3,27.5,64.0,116,17.5,-7.2,29,126.0,20.27772342
42,1,174.5,77.14,15.0,89.0,157,46.3,26.2,55,234.0,25.33312534
59,0,153.7,49.7,24.3,77.0,130,23.9,23.3,36,140.0,21.0382036
43,1,164.3,59.4,8.8,78.0,119,38.9,22.5,40,201.0,22.00449055
40,1,175.5,82.5,19.7,77.0,120,54.5,18.2,48,217.0,26.78549687
42,1,172.1,69.1,9.8,79.0,140,40.1,18.7,55,213.0,23.33008423
23,1,174.3,71.8,18.3,60.0,133,37.9,-1.9,51,243.0,23.63358853
21,0,153.0,44.7,30.5,74.0,115,21.1,28.3,47,152.0,19.09521979
32,1,180.3,68.5,16.6,76.0,123,44.3,16.2,57,220.0,21.07167785
42,1,170.5,65.4,14.0,85.0,125,39.9,19.7,30,214.0,22.49722655
21,1,175.4,72.4,24.5,92.0,140,43.8,12.0,47,169.0,23.53311343
38,1,169.3,64.5,24.8,88.0,125,31.5,9.8,18,190.0,22.50327868
21,0,164.0,53.9,26.4,63.0,103,25.1,21.2,30,171.0,20.04015467
30,0,166.0,59.0,25.1,73.0,114,24.2,18.7,42,186.0,21.41094498
25,1,175.2,58.1,18.2,81.0,125,54.8,9.0,40,208.0,18.92813953
41,0,161.4,52.6,25.6,69.0,115,29.7,-3.0,2,110.0,20.19196958
64,1,166.2,62.5,23.5,81.0,151,37.1,13.3,32,177.0,22.62653118
22,1,171.5,83.5,22.9,66.0,131,46.1,-10.8,46,204.0,28.38953157
49,1,160.4,47.7,14.8,82.0,129,37.4,12.9,31,212.0,18.53999664
31,1,174.5,74.0,22.3,87.0,129,40.0,23.0,37,211.0,24.30193512
41,1,174.5,76.32,20.1,81.0,157,46.8,21.4,57,219.0,25.06383363
22,0,161.8,63.5,30.3,82.0,131,25.6,34.6,45,175.0,24.25586075
37,1,177.7,66.9,16.9,80.0,127,36.9,16.7,48,218.0,21.18611192
21,0,161.0,58.4,30.2,53.0,103,25.0,28.5,34,144.0,22.52999498
23,0,163.3,51.8,25.0,65.0,99,26.5,28.2,44,146.0,19.42483732
23,1,175.9,119.8,41.7,98.0,152,48.4,17.4,56,213.0,38.71908977
30,1,179.3,75.8,11.3,61.0,114,53.3,1.7,46,255.0,23.57809029
47,1,172.2,72.7,27.1,82.0,138,42.1,14.7,36,213.0,24.51704457
24,1,165.7,63.0,21.6,77.0,131,36.3,19.8,49,201.0,22.9453947
61,0,153.2,65.5,38.0,89.0,143,26.5,17.8,24,144.0,27.90768224
26,0,170.9,55.4,22.3,59.0,109,25.0,21.7,27,164.0,18.968179
21,1,177.2,64.2,15.3,78.0,139,35.9,20.9,46,195.0,20.44596406
52,0,165.4,61.06,33.5,87.0,129,23.6,19.6,24,122.0,22.31956826
37,0,167.2,57.6,21.1,77.0,121,28.1,26.0,21,170.0,20.6039239
33,1,181.1,80.3,11.6,74.0,111,54.2,22.5,55,264.0,24.48378993
27,1,175.6,70.0,8.4,70.0,127,47.7,17.3,53,239.0,22.70121056
32,1,172.3,72.6,29.1,99.0,142,35.6,23.7,27,195.0,24.45490983
26,1,179.4,70.6,11.4,79.0,139,46.7,18.2,52,243.0,21.93612053
51,1,172.8,65.7,20.4,83.0,111,35.1,3.7,20,194.0,22.00279707
34,1,175.8,68.5,15.8,76.0,120,47.4,20.1,49,231.0,22.16423928
30,1,174.0,77.0,13.9,84.0,122,50.0,21.2,50,229.0,25.43268596
27,1,171.8,75.1,24.9,90.0,144,42.7,8.6,54,211.0,25.44448224
48,1,190.0,85.9,6.2,90.0,120,56.9,16.8,39,219.0,23.79501385
41,0,160.2,71.3,38.4,69.0,116,22.0,8.0,18,125.0,27.78206393
23,0,157.4,55.9,27.4,73.0,118,26.3,29.4,38,200.0,22.56328618
58,1,172.7,70.56,20.8,61.0,157,42.9,23.3,40,186.0,23.657775
53,0,155.0,64.4,41.4,75.0,133,29.2,14.3,9,135.0,26.80541103
41,0,161.1,52.6,13.8,79.0,113,25.5,21.8,30,164.0,20.26724247
21,1,164.2,58.5,17.2,91.0,145,42.8,21.5,41,197.0,21.69749318
26,1,171.6,85.8,30.9,90.0,135,33.9,-3.9,46,190.0,29.13752914
57,0,151.8,40.3,18.4,64.0,113,24.2,13.6,33,160.0,17.48886007
22,1,177.6,72.5,20.0,77.0,144,41.1,13.4,53,225.0,22.98540094
26,1,172.8,70.34,19.8,77.0,126,47.0,20.0,48,219.0,23.55672368
36,1,179.9,84.0,20.2,98.0,155,48.7,19.0,57,214.0,25.95475653
21,0,172.0,74.3,25.9,62.0,129,32.6,19.0,41,200.0,25.11492699
22,1,168.6,70.5,25.2,52.0,121,41.8,6.5,46,215.0,24.8012732
27,1,179.2,86.6,23.8,63.0,124,43.5,8.3,36,198.0,26.96757414
22,1,173.3,90.9,29.5,72.0,153,40.6,-3.7,30,218.0,30.26681748
28,1,174.3,59.48,13.0,70.0,119,36.7,16.1,53,233.0,19.5783544
55,1,174.9,81.5,28.1,96.0,154,48.4,16.5,29,178.0,26.64268498
25,1,187.4,76.1,11.5,72.0,121,48.6,14.9,52,237.0,21.66933001
60,1,167.8,69.3,24.3,93.0,148,41.7,13.7,37,189.0,24.61213687
21,0,165.3,50.9,30.4,56.0,98,26.9,17.0,37,162.0,18.62825075
48,1,169.6,66.1,20.8,67.0,125,40.5,17.3,44,215.0,22.97998621
61,0,154.6,50.56,27.1,59.0,100,25.6,18.7,10,103.0,21.153785
41,1,173.1,66.7,19.7,69.0,112,35.3,-3.1,52,206.0,22.26033512
57,1,165.2,59.0,19.6,99.0,158,25.3,-2.7,18,140.0,21.61881702
28,0,166.4,51.7,24.1,78.0,117,24.0,20.6,31,147.0,18.67170165
26,1,174.3,70.8,11.6,61.0,129,45.9,14.4,53,231.0,23.30442992
54,0,162.0,59.8,30.4,94.0,134,21.8,-5.3,19,161.0,22.78616065
43,0,155.1,50.0,25.9,78.0,114,18.6,24.3,28,118.0,20.78482674
25,0,160.1,51.7,30.7,71.0,126,25.7,21.1,47,159.0,20.17009201
49,1,178.9,81.9,20.4,82.0,134,51.4,19.5,38,217.0,25.5895837
27,1,182.7,90.5,27.6,74.0,124,43.1,17.4,55,227.0,27.11261983
24,1,169.0,67.5,13.8,75.0,157,41.4,22.9,61,242.0,23.63362627
46,1,174.6,84.3,31.3,75.0,125,49.5,1.9,32,198.0,27.65279894
29,1,179.8,76.44,11.8,96.0,147,60.3,22.2,62,229.0,23.64510809
48,1,167.1,63.6,17.4,99.0,145,43.7,16.1,40,199.0,22.77740353
21,0,169.8,67.0,30.1,76.0,115,28.6,30.2,39,183.0,23.23803657
22,0,165.4,58.7,26.2,72.0,115,28.9,30.1,55,174.0,21.45690561
62,1,176.5,89.8,34.2,64.0,139,43.3,16.9,26,177.0,28.82616825
30,1,181.3,97.36,24.2,88.0,145,63.6,19.6,51,245.0,29.61999337
31,1,171.5,67.1,19.2,91.0,146,41.0,17.8,51,214.0,22.81362358
24,1,174.1,86.4,23.6,74.0,105,51.1,18.9,43,223.0,28.50468199
41,1,174.4,73.9,22.8,81.0,135,49.8,18.5,33,226.0,24.29693418
41,0,159.4,53.1,21.1,68.0,105,23.3,11.1,38,164.0,20.89863336
33,1,175.2,83.3,28.1,99.0,155,45.5,18.1,39,193.0,27.13793499
35,0,154.5,61.5,37.2,90.0,139,27.5,6.4,23,116.0,25.76428818
34,1,178.3,72.4,12.7,83.0,141,48.4,7.9,51,265.0,22.7738198
51,1,173.0,73.3,23.3,67.0,115,41.1,6.0,20,198.0,24.49129607
31,1,167.5,70.4,18.3,71.0,125,46.4,18.8,55,243.0,25.09244821
29,1,179.0,105.6,30.7,88.0,120,49.2,8.6,43,187.0,32.95777285
29,1,184.0,81.8,8.5,68.0,131,54.8,22.1,62,248.0,24.16115312
40,1,174.1,71.1,13.3,80.0,134,49.0,22.9,65,253.0,23.45697789
26,1,180.2,103.4,24.7,70.0,128,67.6,16.2,46,219.0,31.8427792
24,1,177.7,84.5,16.4,88.0,155,41.2,11.0,44,241.0,26.75973777
26,0,162.1,57.0,25.8,84.0,131,25.9,21.5,36,162.0,21.69246103
51,1,173.0,75.7,18.2,90.0,153,42.4,-10.7,21,122.0,25.29319389
38,0,164.3,57.0,21.1,61.0,102,28.6,23.0,31,202.0,21.11542022
29,1,168.0,83.5,24.8,70.0,122,47.7,15.8,62,229.0,29.58475057
34,1,169.9,66.5,20.0,93.0,146,41.1,-6.7,31,205.0,23.03747556
22,1,173.4,76.0,16.5,41.0,98,45.0,9.8,56,215.0,25.27641086
22,0,162.2,60.4,27.1,74.0,115,34.9,22.6,37,148.0,22.95806277
47,1,167.1,74.6,22.2,98.0,140,44.0,12.7,46,192.0,26.71689156
22,0,157.1,57.5,30.6,77.0,140,26.8,24.8,36,173.0,23.29783014
25,1,169.9,78.2,16.9,62.0,130,57.9,23.2,61,242.0,27.09068555
57,1,170.3,65.8,21.0,69.0,125,41.1,8.4,46,187.0,22.68802007
61,1,167.8,64.2,17.2,79.0,124,43.0,21.4,35,191.0,22.80085407
25,0,163.4,54.9,26.3,84.0,123,30.8,11.5,25,177.0,20.5621366
25,1,183.5,89.3,17.7,69.0,123,60.4,19.8,51,252.0,26.5203543
25,0,163.7,61.6,31.8,63.0,108,29.0,25.0,40,161.0,22.98705597
26,0,158.8,56.9,27.6,60.0,93,21.8,20.8,37,172.0,22.56374953
42,1,176.9,77.0,16.4,94.0,146,46.0,13.1,51,218.0,24.60566231
22,1,170.6,93.9,32.4,99.0,138,41.7,1.7,28,210.0,32.2632073
29,1,172.1,70.0,17.8,82.0,134,42.7,1.1,47,222.0,23.63394929
33,1,172.7,73.9,19.0,76.0,138,48.6,13.2,58,202.0,24.77762999
31,1,186.7,82.9,21.3,84.0,132,41.4,6.0,44,185.0,23.78295941
55,0,148.6,52.3,37.5,89.0,140,20.5,15.0,24,105.0,23.68449178
64,0,156.4,47.6,28.4,79.0,151,29.6,22.9,28,125.0,19.45957967
49,0,163.1,45.6,17.4,74.0,110,28.0,28.2,25,155.0,17.14181961
21,1,173.0,75.0,17.8,55.0,97,52.8,20.0,56,225.0,25.05930703
21,1,172.6,65.0,12.6,93.0,152,42.9,18.5,55,214.0,21.81884584
22,0,163.9,56.2,28.2,77.0,120,26.2,21.3,40,177.0,20.92080582
26,1,165.8,62.0,17.3,81.0,122,35.7,3.6,52,199.0,22.55395123
64,0,155.9,51.5,30.2,93.0,137,20.9,22.2,25,107.0,21.18922139
62,0,153.3,54.9,30.4,83.0,157,21.3,25.0,19,121.0,23.3608174
22,0,169.2,53.2,16.0,66.0,103,30.0,27.1,54,202.0,18.58278982
23,0,165.3,82.3,41.5,79.0,127,28.3,14.3,2,138.0,30.11994178
51,1,179.3,79.3,20.9,51.0,137,56.4,20.2,30,235.0,24.66678839
25,1,181.3,73.0,11.8,60.0,102,46.5,9.0,56,236.0,22.2089104
43,0,159.3,54.4,28.6,82.0,135,25.4,19.3,29,141.0,21.43716487
31,1,179.4,103.6,23.6,83.0,148,50.9,9.6,43,206.0,32.18954797
36,1,176.0,89.8,24.7,90.0,152,45.2,13.2,44,213.0,28.99018595
40,1,163.3,76.0,26.5,94.0,140,43.8,-8.0,36,215.0,28.49976131
60,1,161.5,59.5,19.6,75.0,149,42.3,10.6,39,175.0,22.81244908
29,0,163.7,51.2,19.1,64.0,117,33.0,29.2,35,153.0,19.10612445
32,1,173.3,66.0,16.5,70.0,143,49.9,22.3,44,227.0,21.97590708
42,0,160.0,56.8,39.4,66.0,98,24.9,-4.1,40,137.0,22.1875
27,1,167.0,65.3,17.7,60.0,126,44.7,8.6,54,227.0,23.41424935
53,1,175.0,76.4,17.5,85.0,147,51.5,23.5,54,219.0,24.94693878
23,1,182.0,84.0,21.0,97.0,139,56.4,0.0,38,235.0,25.35925613
21,1,174.7,71.7,13.9,71.0,113,53.9,17.2,60,234.0,23.49272233
28,1,177.0,79.9,24.7,89.0,151,44.7,11.5,39,244.0,25.50352708
25,0,163.1,54.5,25.1,74.0,112,25.4,20.8,46,173.0,20.48748177
21,1,168.8,58.9,16.6,70.0,104,40.7,10.4,44,235.0,20.67142472
32,1,174.3,75.9,20.0,96.0,143,47.2,21.4,47,261.0,24.98313885
25,0,158.6,60.9,34.1,66.0,119,23.8,11.9,13,158.0,24.2108996
51,0,161.7,48.2,22.4,66.0,101,21.3,25.3,30,154.0,18.43431475
62,1,162.0,73.1,34.7,93.0,158,28.5,6.1,15,113.0,27.85398567
26,1,174.3,75.4,18.6,74.0,125,44.5,25.3,45,233.0,24.81855954
53,0,155.5,49.6,28.6,95.0,142,23.3,24.9,34,126.0,20.51260843
22,1,179.7,67.98,14.8,91.0,132,43.9,17.6,50,240.0,21.05159499
31,1,177.2,75.12,21.7,80.0,136,47.7,21.1,60,227.0,23.92368878
24,1,174.9,77.3,17.4,77.0,139,55.5,22.1,46,225.0,25.26968772
27,0,157.7,49.7,25.8,76.0,118,21.2,25.5,44,172.0,19.98448689
59,0,152.6,61.5,36.1,70.0,122,21.1,16.8,22,120.0,26.40985693
61,1,168.9,66.5,19.1,68.0,127,31.4,11.7,45,190.0,23.31107739
33,0,166.6,59.92,26.1,75.0,116,22.3,28.2,38,179.0,21.58846732
21,0,168.3,56.9,23.0,65.0,113,20.7,14.2,34,153.0,20.08833927
26,1,169.4,62.5,18.8,72.0,125,37.8,17.3,48,213.0,21.7797658
55,0,155.0,60.7,32.0,99.0,152,27.9,25.9,24,145.0,25.2653486
48,0,153.9,52.76,36.3,66.0,122,20.9,7.3,10,147.0,22.27550442
45,1,170.5,72.3,30.2,73.0,122,37.9,-5.1,22,177.0,24.87078714
25,1,177.2,75.4,12.6,78.0,118,63.1,22.8,59,276.0,24.01286121
26,1,181.4,74.04,15.2,74.0,129,49.9,16.5,54,231.0,22.5004832
27,1,182.0,80.8,24.1,78.0,141,40.5,-1.6,52,222.0,24.39318923
31,0,160.7,54.3,27.9,83.0,118,30.3,25.5,33,157.0,21.0265527
48,1,167.0,65.24,22.1,86.0,142,37.2,11.2,49,210.0,23.39273549
49,0,154.1,50.7,26.7,90.0,121,24.2,20.5,34,151.0,21.35023609
42,1,173.7,72.4,27.1,81.0,135,40.9,8.3,47,217.0,23.9960042
25,1,172.2,69.9,20.4,91.0,139,42.0,18.9,57,243.0,23.57278426
42,0,165.4,49.9,24.4,67.0,119,22.8,16.0,27,125.0,18.24019745
31,0,160.1,52.4,24.4,85.0,143,22.5,17.4,20,161.0,20.44318803
21,1,175.9,91.5,28.7,91.0,142,37.8,2.6,35,182.0,29.57259361
35,1,175.7,82.9,23.8,95.0,147,50.9,4.8,33,232.0,26.85412509
23,0,170.3,87.9,40.3,73.0,116,24.0,-5.5,1,116.0,30.30816055
62,0,155.8,62.54,40.2,80.0,120,21.7,20.8,22,155.0,25.76457425
25,0,157.2,51.2,22.1,70.0,118,27.4,15.3,45,180.0,20.71881333
29,1,174.6,79.2,27.8,95.0,150,40.2,-7.6,29,174.0,25.9798538
31,0,160.0,48.8,21.4,62.0,101,24.4,23.9,20,150.0,19.0625
47,1,165.2,74.9,27.1,78.0,134,40.7,13.7,24,151.0,27.44490499
47,1,166.2,77.5,22.8,84.0,133,52.4,11.9,45,220.0,28.05689867
56,1,166.8,64.0,21.4,75.0,132,50.7,13.0,36,197.0,23.00318019
62,1,166.9,70.5,21.3,98.0,149,33.8,3.7,34,159.0,25.30908496
22,0,171.5,56.9,26.5,85.0,132,24.2,21.2,30,182.0,19.3456808
46,1,165.3,70.6,19.6,85.0,121,47.1,14.7,50,208.0,25.83800595
23,0,165.5,53.5,19.1,69.0,139,31.8,31.1,50,208.0,19.53249788
39,1,177.3,66.8,14.7,86.0,140,43.1,15.2,54,220.0,21.25000278
24,0,156.7,56.8,33.5,85.0,129,25.1,22.2,46,190.0,23.13184869
41,1,177.9,92.5,29.3,79.0,115,33.5,-9.9,35,197.0,29.22737667
24,0,159.6,54.9,32.4,74.0,111,21.1,11.7,12,143.0,21.55294251
40,1,173.0,72.1,14.2,71.0,135,46.1,3.7,46,239.0,24.09034715
54,0,162.8,56.9,28.7,70.0,120,23.5,9.7,23,116.0,21.46858719
56,0,162.5,64.5,35.00452,74.0,113,32.8,4.5,30,124.0,24.4260355
27,0,167.5,70.48,29.1,81.0,110,28.7,25.3,42,167.0,25.12096235
22,1,173.1,71.0,26.6,60.0,114,38.3,-6.4,30,170.0,23.6954092
24,1,179.6,65.0,10.2,64.0,121,42.9,14.8,58,240.0,20.15118973
51,1,164.6,62.1,21.9,96.0,157,37.0,20.5,51,215.0,22.92091436
28,1,173.8,73.6,15.1,76.0,110,51.3,9.9,51,245.0,24.36566507
30,1,185.0,101.6,20.0,87.0,145,43.5,16.9,49,253.0,29.68590212
29,0,163.0,54.7,21.3,74.0,120,35.5,32.9,66,207.0,20.5879032
54,0,152.2,56.5,35.2,76.0,126,17.7,12.7,8,105.0,24.39041237
22,1,179.4,90.6,30.4,79.0,142,41.0,8.6,50,199.0,28.15031897
28,0,163.0,48.02,20.6,64.0,108,22.9,15.5,35,170.0,18.07369491
61,0,159.0,61.3,27.6,92.0,149,29.3,16.3,28,142.0,24.24745857
54,0,154.0,54.5,31.6,74.0,129,16.0,12.5,13,120.0,22.98026649
64,0,148.6,57.8,36.7,82.0,118,24.7,20.8,14,120.0,26.17521271
60,1,177.1,88.58,28.5,90.0,159,37.5,13.7,17,170.0,28.24220191
25,0,166.5,53.2,26.5,75.0,113,21.6,17.6,47,174.0,19.19036153
52,1,177.4,75.5,22.9,69.0,119,46.0,4.0,27,178.0,23.99052327
31,1,177.7,76.3,16.4,62.0,129,47.9,16.3,56,232.0,24.16293482
61,1,169.2,86.3,24.4,88.0,159,43.8,13.6,27,158.0,30.14463838
31,1,179.7,81.7,16.6,86.0,135,42.5,18.0,47,211.0,25.30031348
22,1,173.5,53.8,14.7,76.0,114,37.4,-10.0,26,203.0,17.87241817
44,1,175.1,63.4,13.1,87.0,138,50.0,19.9,43,214.0,20.67840161
57,0,151.4,58.9,33.7,76.0,113,22.6,6.8,28,148.0,25.6958829
56,0,165.5,58.9,16.1,75.0,123,26.9,34.8,22,163.0,21.50400234
21,0,159.5,65.6,34.1,69.0,137,26.0,17.4,40,175.0,25.78591012
24,1,178.5,70.0,13.8,87.0,159,44.1,17.2,59,223.0,21.96957214
24,1,168.3,69.4,25.1,76.0,121,47.4,13.7,52,211.0,24.50141907
27,0,163.4,62.9,30.3,79.0,120,31.6,24.0,24,166.0,23.55844066
25,0,159.0,54.9,22.0,69.0,106,29.1,20.8,47,171.0,21.71591314
23,0,172.8,62.4,24.0,64.0,101,36.7,14.8,40,193.0,20.89763374
24,1,176.0,67.2,10.8,81.0,120,47.7,17.2,55,242.0,21.69421488
54,1,164.6,64.5,21.9,78.0,120,37.6,16.1,33,204.0,23.8067468
23,0,160.6,48.8,20.2,76.0,121,33.3,17.3,40,203.0,18.92033145
31,1,173.8,67.6,17.1,99.0,131,37.4,14.0,41,227.0,22.37933368
30,1,175.1,75.5,18.4,99.0,141,46.1,5.3,32,228.0,24.62491043
41,1,170.3,69.2,24.4,97.0,151,43.1,14.5,43,217.0,23.86034937
45,1,170.3,72.54,20.9,77.0,126,43.0,14.5,42,209.0,25.01199052
60,1,165.5,74.2,35.2,95.0,158,31.9,7.4,27,146.0,27.08993164
25,0,159.9,54.1,24.4,70.0,117,25.3,21.9,38,161.0,21.1592533
58,0,162.0,52.0,21.0,84.0,127,27.0,5.2,28,124.0,19.81405274
23,1,176.0,66.6,12.4,65.0,117,49.4,14.5,51,253.0,21.50051653
62,0,166.8,58.2,23.3,94.0,159,26.7,17.5,30,156.0,20.91851698
28,1,177.2,79.3,24.0,82.0,141,47.9,10.3,48,187.0,25.25490576
31,1,178.0,84.66,18.9,75.0,129,59.2,15.1,47,196.0,26.7201111
57,1,175.7,63.5,19.7,79.0,159,49.9,4.5,33,176.0,20.56980631
25,0,172.3,61.1,37.9,82.0,135,25.1,17.1,37,162.0,20.58119822
47,1,172.8,81.7,24.8,77.0,122,43.6,7.5,41,189.0,27.36116469
26,1,172.7,68.8,15.1,74.0,132,41.4,15.9,54,238.0,23.06767176
48,1,171.1,73.2,17.2,79.0,140,47.1,8.2,43,205.0,25.00409049
29,1,173.8,77.5,24.2,99.0,138,44.4,16.0,51,228.0,25.65678047
23,1,172.1,75.96,20.8,70.0,119,39.8,16.1,50,231.0,25.64621126
21,1,170.2,73.2,11.4,76.0,132,49.2,15.1,61,242.0,25.26922774
28,1,180.0,76.2,19.3,80.0,120,29.4,3.6,49,201.0,23.51851852
28,1,169.8,60.6,8.4,64.0,117,41.6,18.3,60,234.0,21.01828383
28,1,186.5,87.6,12.5,81.0,128,54.6,18.1,57,262.0,25.18525972
58,1,170.7,70.0,22.5,77.0,118,40.6,12.5,30,179.0,24.02320779
45,1,172.5,79.8,29.1,90.0,146,42.6,10.7,31,187.0,26.8178954
32,0,163.3,64.2,32.9,80.0,131,29.5,17.1,46,153.0,24.07479837
21,1,174.8,66.9,20.4,74.0,122,38.9,16.8,48,228.0,21.89491488
21,0,168.8,63.38,24.3,68.0,109,30.2,27.5,37,186.0,22.24371645
21,0,162.4,49.2,21.3,92.0,124,22.8,28.0,41,186.0,18.65490548
44,1,170.6,62.7,14.0,76.0,115,45.7,15.3,44,191.0,21.54316398
41,0,164.1,72.5,35.3,77.0,128,31.1,22.0,18,178.0,26.9228384
44,0,149.9,60.4,34.2,90.0,132,15.4,-0.1,20,63.0,26.88027286
24,1,179.6,80.9,28.6,82.0,129,41.3,-8.3,40,187.0,25.08048075
26,1,179.0,81.6,18.1,88.0,158,57.6,13.3,51,237.0,25.46736993
49,0,163.7,70.6,38.7,95.0,143,30.8,11.7,6,147.0,26.34555441
41,0,169.1,62.22,26.3,70.0,110,24.6,10.7,25,133.0,21.75919336
45,1,173.8,72.1,23.1,92.0,145,40.8,24.7,56,210.0,23.86908222
56,0,158.3,51.1,31.0,59.0,113,19.1,6.8,12,120.0,20.39196469
62,1,174.3,74.1,14.0,75.0,147,50.6,13.1,54,199.0,24.39065334
23,0,161.7,58.4,21.6,80.0,123,34.7,24.7,51,190.0,22.33535231
28,0,165.2,54.1,27.0,91.0,120,32.8,19.0,35,158.0,19.82335594
37,1,174.5,79.0,20.8,80.0,129,51.9,22.0,55,234.0,25.94395777
53,0,158.4,51.7,22.7,70.0,110,24.5,20.4,30,155.0,20.60535915
26,1,189.3,87.0,15.4,66.0,125,54.1,18.2,51,250.0,24.27828609
40,0,158.6,51.7,32.5,70.0,128,20.4,11.5,41,154.0,20.55342379
41,1,177.2,81.82,28.4,92.0,157,38.5,-8.6,9,191.0,26.05745762
21,1,178.5,73.2,17.1,66.0,112,42.5,0.2,62,198.0,22.97389544
24,1,179.6,76.82,16.4,90.0,145,51.9,20.6,56,246.0,23.81560607
30,1,169.7,77.9,20.7,65.0,116,53.8,18.0,54,232.0,27.05040508
22,1,174.3,66.9,15.1,69.0,133,40.6,7.6,51,238.0,22.02071132
21,1,179.6,78.6,16.3,64.0,118,54.1,25.9,58,248.0,24.36743865
32,1,176.5,80.7,23.4,96.0,156,53.4,26.2,59,248.0,25.90503094
28,1,166.9,65.6,12.7,99.0,145,50.1,19.4,44,230.0,23.5500138
22,1,165.5,75.7,30.5,88.0,143,34.2,0.6,33,169.0,27.63757176
48,1,172.9,78.9,20.4,75.0,121,43.1,9.5,47,217.0,26.39289419
25,1,181.7,85.22,16.1,84.0,138,52.4,17.0,47,254.0,25.81259547
41,1,175.0,73.0,25.9,89.0,129,51.5,10.5,37,207.0,23.83673469
38,0,164.4,56.2,21.5,83.0,125,28.9,17.1,29,169.0,20.79374382
26,1,179.4,73.8,16.7,72.0,133,38.8,9.0,50,197.0,22.93039228
54,0,160.7,59.8,33.3,86.0,155,25.1,11.7,10,101.0,23.15631403
55,1,167.3,76.0,27.3,87.0,146,33.2,7.0,45,160.0,27.15324326
32,0,160.4,48.3,32.1,80.0,133,25.8,26.2,31,139.0,18.77320415
28,1,164.3,63.2,26.2,84.0,131,44.3,5.3,43,221.0,23.41218523
23,1,179.2,75.4,9.7,73.0,133,43.9,10.8,64,233.0,23.47985092
42,1,180.5,79.8,23.6,91.0,137,40.7,-3.9,21,194.0,24.49336638
45,1,172.8,69.48,20.9,80.0,120,41.7,4.0,46,224.0,23.26871142
29,1,172.8,71.5,16.2,98.0,157,49.7,15.0,58,266.0,23.94520533
27,1,172.1,71.84,14.6,65.0,119,44.6,19.0,62,237.0,24.25518453
33,1,177.3,75.4,12.3,85.0,144,57.5,14.6,62,241.0,23.98578158
24,0,159.6,62.9,30.9,85.0,128,29.2,26.5,43,177.0,24.6936263
59,1,178.1,76.3,20.7,77.0,129,39.7,13.8,40,192.0,24.05452022
61,1,170.9,69.0,19.2,82.0,143,45.3,19.3,34,203.0,23.62462727
46,1,173.9,69.4,17.8,88.0,138,43.9,14.5,46,237.0,22.94881719
45,0,156.6,60.6,29.7,75.0,139,23.3,-4.5,20,128.0,24.71093104
35,0,160.9,46.4,22.5,68.0,103,23.1,-3.8,24,153.0,17.9228014
50,0,159.8,57.1,24.4,63.0,103,30.8,24.4,30,143.0,22.36055395
38,0,157.5,55.6,34.2,60.0,94,25.3,15.0,23,165.0,22.41370622
25,1,171.7,73.8,17.9,87.0,159,36.8,19.4,44,228.0,25.03316555
34,1,180.0,85.0,12.8,77.0,128,61.7,16.5,54,245.0,26.2345679
30,1,170.0,69.4,19.9,69.0,116,39.7,14.3,48,219.0,24.01384083
23,1,168.7,62.8,9.643515,92.0,133,40.8,16.5,58,257.0,22.06629798
64,0,159.0,58.9,30.1,79.0,140,22.0,20.1,12,145.0,23.29812903
31,0,168.1,59.3,16.3,73.0,118,28.5,22.5,42,174.0,20.98549736
25,1,176.8,81.5,10.3,67.0,119,51.1,18.0,65,239.0,26.07312504
25,0,168.0,52.0,17.2,70.0,135,30.1,20.2,50,205.0,18.42403628
21,0,161.8,62.28,28.6,83.0,140,30.0,34.5,49,171.0,23.78984264
55,1,182.0,78.3,20.2,94.0,132,38.6,11.1,35,152.0,23.63844946
43,0,165.5,80.74,44.4,84.0,126,27.5,7.7,18,137.0,29.47764259
28,1,177.9,71.0,11.6,73.0,135,47.6,28.4,54,246.0,22.43398642
54,0,162.4,56.2,23.7,96.0,145,28.0,16.6,19,143.0,21.3090587
41,0,166.6,67.5,33.1,84.0,141,28.6,22.2,30,162.0,24.31945167
22,0,161.5,48.9,18.3,71.0,110,23.0,19.3,55,160.0,18.74838252
26,1,184.0,84.0,18.4,67.0,112,60.0,18.5,53,235.0,24.81096408
22,0,160.7,45.8,23.4,79.0,125,23.8,32.2,35,143.0,17.73510338
60,1,165.3,67.7,18.9,90.0,148,37.5,3.6,36,162.0,24.77667143
24,0,167.9,55.9,28.9,55.0,111,27.2,9.8,21,170.0,19.82943845
56,1,171.1,62.6,14.0,78.0,136,46.8,27.2,45,217.0,21.38327957
26,1,169.9,95.5,33.0,91.0,152,43.8,11.9,30,190.0,33.08389348
22,1,174.9,65.2,12.9,71.0,133,46.0,16.5,62,234.0,21.31414798
23,1,165.4,72.98,20.3,80.0,120,44.5,10.4,62,211.0,26.67674569
22,1,177.5,82.2,23.1,87.0,136,39.3,11.6,55,227.0,26.0900615
21,0,154.3,48.1,21.9,81.0,135,29.7,18.7,36,199.0,20.20287721
63,1,170.4,67.2,21.6,78.0,124,37.9,14.3,36,183.0,23.14355617
58,0,164.6,62.3,35.3,80.0,120,21.8,14.9,29,146.0,22.99473373
35,0,157.5,51.0,28.2,67.0,113,20.3,11.7,21,119.0,20.55933485
26,0,165.6,55.2,29.7,69.0,115,25.8,19.3,23,139.0,20.12882448
23,0,162.7,63.9,36.7,77.0,134,30.5,27.3,30,169.0,24.13936004
21,0,170.1,65.9,25.4,64.0,101,21.2,25.4,44,185.0,22.77596503
48,0,150.0,51.0,32.3,79.0,123,24.6,20.1,20,150.0,22.66666667
23,0,153.4,52.8,28.6,66.0,119,20.6,20.2,31,176.0,22.43795142
45,0,160.1,51.4,22.6,61.0,94,22.7,14.4,28,145.0,20.05305085
30,1,173.0,74.12,23.7,79.0,138,43.1,5.9,45,200.0,24.76527782
23,0,157.1,48.6,32.8,83.0,124,27.1,20.4,43,162.0,19.69173122
60,1,154.0,58.2,28.1,66.0,108,27.2,5.0,11,155.0,24.54039467
43,1,169.5,67.9,15.6,78.0,135,43.1,16.4,35,226.0,23.63362658
21,0,164.9,57.1,33.3,69.0,108,32.7,18.9,27,117.0,20.99881546
36,1,177.3,82.32,22.0,76.0,129,57.5,20.6,48,214.0,26.18712918
46,1,172.8,67.5,24.1,89.0,137,37.1,19.7,37,213.0,22.60561343
46,1,166.2,51.1,8.6,88.0,135,49.5,20.9,39,197.0,18.49945189
32,0,159.9,53.0,23.5,78.0,115,22.2,11.4,32,168.0,20.72902819
23,1,173.0,68.7,10.2,61.0,121,34.8,23.2,50,266.0,22.95432524
24,1,163.1,69.76,26.0,80.0,120,41.1,5.3,40,192.0,26.22397667
41,1,172.5,65.8,17.4,92.0,124,51.7,11.3,32,220.0,22.11300147
29,0,158.4,57.22,27.8,59.0,124,27.0,26.1,43,142.0,22.80538976
47,1,171.3,73.8,23.8,85.0,130,49.6,13.9,36,231.0,25.15021117
28,1,173.8,73.2,20.1,78.0,118,40.1,10.8,46,232.0,24.23324298
29,0,167.8,61.1,29.8,69.0,111,23.2,16.6,35,155.0,21.69987825
64,0,153.4,47.4,30.9,79.0,125,21.0,23.3,18,127.0,20.14316093
64,1,172.7,81.3,26.3,84.0,154,47.2,22.2,36,177.0,27.25874585
24,0,159.6,52.7,27.6,67.0,106,20.2,9.7,12,131.0,20.68925446
23,0,157.1,57.7,33.7,67.0,106,29.0,33.0,33,153.0,23.37886607
23,1,174.7,72.0,20.1,73.0,133,38.6,8.4,54,206.0,23.59101824
28,1,175.5,73.3,17.8,75.0,134,40.7,10.2,26,195.0,23.79850813
26,0,156.3,45.9,31.6,80.0,114,17.9,10.4,26,105.0,18.78861336
35,0,162.6,57.0,21.9,74.0,117,25.5,21.3,27,154.0,21.55925618
36,1,182.0,83.0,22.0,87.0,134,50.0,15.9,45,210.0,25.05736022
22,1,191.9,92.8,24.8,87.0,136,42.0,-11.2,41,220.0,25.19985412
22,1,169.5,65.0,20.1,60.0,110,38.1,16.2,40,151.0,22.62423752
54,0,160.4,54.2,28.6,68.0,124,24.0,16.4,28,134.0,21.06641128
40,1,175.0,76.6,25.3,82.0,136,43.7,14.0,48,238.0,25.0122449
39,1,170.4,92.3,27.4,99.0,144,43.5,16.7,32,212.0,31.78794992
25,1,178.9,81.4,21.1,90.0,154,45.6,13.9,50,230.0,25.43335913
21,1,172.9,67.9,25.7,93.0,143,33.0,-2.2,45,184.0,22.7132765
24,0,172.3,66.5,24.4,62.0,109,33.3,22.8,44,190.0,22.40015845
56,0,169.0,62.9,29.5,68.0,114,24.4,14.1,17,138.0,22.02303841
22,1,183.8,66.4,15.4,77.0,122,46.6,21.8,52,229.0,19.6551818
30,1,182.2,85.4,15.5,83.0,139,55.8,20.9,65,230.0,25.72534012
24,1,173.0,73.6,11.9,65.0,133,57.1,22.1,59,255.0,24.5915333
46,0,163.2,58.08,26.1,67.0,117,35.0,32.3,35,171.0,21.80651672
23,1,179.9,78.9,15.6,98.0,140,44.8,10.9,42,222.0,24.37893203
30,1,180.1,73.1,12.92922,79.0,125,58.1,19.1,54,225.0,22.53668068
40,0,157.5,53.4,27.1,53.0,102,28.4,22.0,35,160.0,21.52683296
41,1,176.2,93.1,35.8,85.0,135,36.3,7.1,1,182.0,29.9873351
28,1,163.4,59.7,15.8,82.0,128,37.3,10.8,42,211.0,22.35991904
39,0,158.3,53.3,20.0,77.0,114,38.0,26.0,48,173.0,21.26989663
21,0,166.8,57.9,27.2,78.0,130,29.7,16.5,57,179.0,20.81068958
21,1,177.9,65.4,14.1,81.0,123,38.5,11.8,48,235.0,20.66454523
61,1,178.0,64.9,21.2,78.0,151,40.3,11.5,30,168.0,20.48352481
29,1,175.1,84.5,15.6,78.0,131,51.1,15.0,54,234.0,27.56033022
60,1,168.2,66.9,24.4,81.0,155,40.3,22.6,31,194.0,23.64689565
53,1,168.0,73.1,28.0,94.0,156,33.2,2.3,33,167.0,25.89994331
57,0,152.4,52.2,30.9,75.0,135,21.8,17.8,11,197.0,22.47504495
38,1,169.0,74.8,19.2,85.0,129,31.7,9.1,35,204.0,26.18955919
29,1,173.0,72.1,22.8,77.0,110,50.8,-3.4,35,220.0,24.09034715
23,1,160.3,63.9,20.3,67.0,143,46.1,9.8,66,173.0,24.86759659
23,1,170.2,79.5,32.6,80.0,135,35.2,2.3,28,156.0,27.44403833
48,1,171.1,73.2,21.3,75.0,132,38.9,18.6,48,221.0,25.00409049
62,0,160.3,62.9,26.4,88.0,132,26.9,24.4,21,123.0,24.47843232
64,1,165.8,61.3,8.5,66.0,114,34.9,7.6,33,166.0,22.29930985
42,0,163.2,64.8,28.7,83.0,122,30.2,15.9,29,158.0,24.32958478
37,1,172.6,75.12,16.8,85.0,141,50.3,18.0,49,226.0,25.2158723
28,0,162.9,65.4,29.4,85.0,156,37.2,19.3,43,173.0,24.64538346
45,1,178.6,70.4,22.5,99.0,148,37.2,11.2,24,173.0,22.07037691
24,0,167.6,71.9,29.0,65.0,129,42.6,24.5,44,178.0,25.59651631
21,1,176.0,87.7,27.5,89.0,149,34.4,4.3,61,204.0,28.31224174
57,0,156.8,61.3,32.4,87.0,142,26.6,13.6,18,134.0,24.93264525
53,0,155.0,48.0,27.0,74.0,134,13.5,12.4,25,129.0,19.97918835
28,1,175.4,60.6,13.5,76.0,123,44.4,17.5,53,227.0,19.69760599
63,0,151.6,58.0,37.2,78.0,137,19.7,21.4,0,84.0,25.23652718
30,1,181.9,70.0,9.8,87.0,135,46.2,16.6,56,245.0,21.15595536
22,0,170.3,67.9,32.8,68.0,119,23.3,20.1,37,131.0,23.41210582
32,1,168.8,62.7,17.8,92.0,142,38.4,14.9,39,230.0,22.00506503
29,0,150.3,54.5,29.3,64.0,122,27.5,26.0,26,150.0,24.12562323
24,1,170.7,69.4,24.2,77.0,107,39.7,15.6,52,230.0,23.81729458
61,0,158.4,54.7,27.8,73.0,145,23.1,21.0,17,139.0,21.80102796
26,0,159.3,59.4,34.2,90.0,138,27.8,24.3,45,156.0,23.40749253
43,0,165.2,55.6,31.8,80.0,121,17.2,12.7,35,165.0,20.37298689
28,1,172.7,69.8,27.6,81.0,149,46.5,10.0,48,185.0,23.40295769
21,0,167.3,76.1,41.2,85.0,118,32.5,14.0,44,162.0,27.18897121
34,1,164.4,67.3,19.4,83.0,134,44.7,10.6,41,216.0,24.90069322
55,0,154.6,61.6,35.3,71.0,118,24.4,11.5,4,138.0,25.77280768
26,1,182.4,83.6,19.1,84.0,143,42.3,15.1,63,234.0,25.12792398
62,1,163.7,63.9,23.3,93.0,144,42.7,25.0,29,211.0,23.84533891
62,1,167.0,77.4,22.6,87.0,125,42.4,21.2,29,161.0,27.75287748
35,1,180.6,78.0,23.9,90.0,133,39.1,-10.7,14,179.0,23.91437916
21,0,160.4,53.8,24.3,61.0,106,27.9,20.1,45,174.0,20.91093961
22,1,175.4,61.7,7.6,74.0,122,47.1,14.9,48,242.0,20.0551533
30,1,187.8,81.3,13.7,69.0,114,51.4,16.4,54,243.0,23.05150949
57,0,163.5,57.1,33.6,62.0,126,23.5,20.0,22,151.0,21.35996783
28,1,181.3,73.0,17.1,76.0,121,43.8,14.5,51,234.0,22.2089104
26,0,161.2,47.0,18.5,74.0,124,24.5,25.4,42,168.0,18.08705183
48,1,161.6,60.5,28.5,81.0,119,44.1,-2.5,19,118.0,23.16715273
49,1,174.8,74.5,21.7,83.0,117,43.1,2.9,40,178.0,24.38222958
21,0,160.8,49.4,23.6,82.0,119,22.0,22.1,37,177.0,19.10534393
23,1,175.0,93.5,35.7,85.0,136,46.4,9.9,34,180.0,30.53061224
54,0,161.0,51.86,29.9,88.0,154,22.1,23.0,36,148.0,20.00694418
21,0,164.5,66.7,31.4,67.0,125,27.9,16.0,36,162.0,24.64870058
50,0,160.8,62.5,30.9,81.0,122,27.0,15.2,15,141.0,24.1717408
27,1,166.2,63.2,16.7,77.0,124,46.1,14.8,47,241.0,22.87994833
29,1,175.3,71.9,15.3,56.0,115,50.9,18.5,49,223.0,23.39726307
29,1,171.0,70.6,17.7,80.0,141,43.9,22.4,57,234.0,24.14418112
64,0,155.7,50.2,30.0,59.0,116,26.0,23.1,4,120.0,20.70744383
63,0,167.8,68.6,36.0,89.0,151,27.3,22.1,18,126.0,24.36352943
61,0,154.9,56.3,38.7,84.0,143,24.1,25.3,30,137.0,23.4641896
41,0,158.0,50.5,20.3,87.0,128,21.7,30.3,56,182.0,20.22912995
27,1,173.0,72.8,8.4,62.0,127,43.3,14.1,64,232.0,24.32423402
43,1,170.0,59.6,14.1,83.0,144,43.7,11.5,54,217.0,20.62283737
53,1,171.6,61.2,15.2,83.0,132,38.4,20.8,44,211.0,20.78341239
22,1,175.8,69.66,13.3,70.0,127,44.8,18.7,52,262.0,22.5395753
27,1,175.3,77.0,9.9,70.0,135,51.0,17.9,67,259.0,25.05687422
21,1,169.1,65.5,21.5,75.0,120,42.8,13.2,58,230.0,22.90625467
22,0,165.8,56.5,33.8,67.0,125,17.2,-3.6,37,172.0,20.5531975
33,1,176.9,71.2,11.1,89.0,119,41.9,24.2,60,237.0,22.75224878
26,1,181.7,65.68,12.4,80.0,120,38.9,4.2,48,198.0,19.89405386
26,0,163.6,60.4,35.6,85.0,116,35.1,19.3,45,159.0,22.56681871
62,1,169.3,66.2,25.0,60.0,117,33.6,-5.0,16,175.0,23.09638835
31,0,167.8,52.8,24.4,61.0,111,21.6,5.5,30,166.0,18.75210428
48,0,162.4,57.4,23.3,59.0,101,27.8,30.1,34,163.0,21.7640564
52,1,167.8,69.5,20.5,89.0,147,43.1,19.0,35,197.0,24.68316757
23,1,173.0,73.9,11.7,59.0,125,38.0,13.0,53,181.0,24.69177052
21,0,169.1,65.1,35.3,61.0,104,28.3,21.9,40,196.0,22.76636914
36,1,169.3,54.4,16.4,90.0,138,36.4,18.5,47,211.0,18.97950946
41,1,170.1,60.6,14.4,96.0,142,38.6,13.7,43,222.0,20.94421064
51,1,172.7,72.5,17.5,78.0,140,49.0,16.8,36,206.0,24.30822969
23,0,162.6,64.3,30.1,81.0,123,25.9,13.2,35,142.0,24.3203539
30,1,174.4,68.6,12.3,88.0,145,45.5,18.6,56,234.0,22.55439357
60,1,175.2,78.1,22.5,93.0,135,48.8,10.6,45,211.0,25.44385021
25,1,168.2,68.8,25.5,81.0,119,38.7,7.4,47,201.0,24.31848162
35,1,171.0,71.6,24.6,81.0,129,41.0,4.8,46,213.0,24.48616668
29,1,178.6,73.6,18.3,67.0,129,42.4,20.1,32,211.0,23.07357587
28,1,181.3,82.0,17.2,84.0,122,58.6,14.9,55,265.0,24.94699524
34,0,160.8,51.5,30.3,57.0,102,23.3,20.9,37,153.0,19.91751442
43,0,164.0,50.8,22.4,88.0,124,24.0,13.5,28,160.0,18.88756692
35,0,159.4,55.7,30.1,77.0,117,21.2,21.8,30,156.0,21.92191861
50,1,167.1,74.4,14.5,70.0,117,47.6,18.9,64,227.0,26.6452645
25,0,156.1,49.7,18.1,67.0,118,31.7,20.4,35,152.0,20.39626203
45,1,176.0,98.5,25.7,84.0,129,46.9,8.9,40,190.0,31.79881198
35,0,169.5,73.2,25.1,85.0,135,41.0,17.3,42,174.0,25.4783721
48,0,159.7,60.0,26.7,61.0,110,31.8,20.4,37,188.0,23.52563844
21,1,172.9,75.0,14.5,64.0,123,47.1,14.9,59,220.0,25.08830246
32,1,171.2,66.6,15.6,82.0,132,43.0,18.0,54,232.0,22.72305442
60,1,166.6,62.1,17.6,65.0,105,41.5,14.6,31,186.0,22.37389554
58,1,161.1,73.1,28.6,81.0,129,31.2,6.0,40,165.0,28.16607271
22,1,179.8,82.0,12.4,79.0,142,50.1,14.2,42,201.0,25.36497728
60,1,174.5,75.1,25.6,74.0,123,36.8,11.8,32,174.0,24.66318011
53,1,172.2,59.5,22.2,88.0,135,37.7,18.4,39,196.0,20.06553167
29,0,158.5,53.32,23.1,78.0,138,28.4,19.2,43,169.0,21.2242136
25,1,171.6,67.1,12.5,70.0,127,43.7,16.4,69,222.0,22.78704202
27,1,176.9,98.8,27.3,99.0,140,45.3,16.9,40,202.0,31.57194073
63,1,156.0,66.7,36.7,71.0,128,21.1,-10.0,3,105.0,27.40795529
23,1,167.8,66.4,25.5,85.0,130,35.9,7.0,50,186.0,23.58219175
39,1,175.0,65.5,10.8,76.0,116,39.4,9.0,40,189.0,21.3877551
64,1,171.5,77.2,28.2,80.0,150,44.0,8.7,32,171.0,26.24756692
26,1,170.1,67.4,15.0,67.0,139,47.9,20.3,62,204.0,23.29438609
37,1,165.8,72.8,17.3,92.0,155,41.3,15.7,53,224.0,26.48270403
30,1,178.5,70.1,17.4,92.0,134,48.9,15.4,52,245.0,22.00095725
49,0,161.5,56.2,30.0,79.0,118,26.5,17.0,14,119.0,21.54722081
52,0,152.1,49.5,30.0,79.0,130,19.7,25.5,41,110.0,21.39669868
46,0,152.1,52.0,29.7,77.0,111,21.6,14.2,16,130.0,22.47734003
27,1,168.0,69.8,25.5,84.0,133,37.2,17.0,54,219.0,24.73072562
44,1,168.2,71.6,17.7,86.0,144,49.1,15.4,51,214.0,25.30818727
48,1,178.4,73.8,16.7,86.0,136,35.6,10.4,46,180.0,23.18817994
47,1,173.0,57.6,16.2,69.0,107,35.3,6.5,40,175.0,19.2455478
50,0,158.5,79.7,38.6,95.0,154,24.4,10.3,19,137.0,31.72486541
23,1,166.4,65.2,18.1,72.0,113,37.0,10.2,53,212.0,23.54729105
21,1,159.4,50.1,14.4,92.0,132,38.0,11.0,44,216.0,19.71791961
29,0,162.6,53.7,29.2,67.0,117,25.0,25.4,31,151.0,20.31108872
45,1,174.9,81.1,25.7,86.0,133,51.3,8.5,41,215.0,26.51192334
39,1,168.7,75.2,25.3,92.0,149,47.1,12.5,50,229.0,26.42333771
40,0,161.8,55.3,26.6,81.0,117,26.1,-4.0,25,138.0,21.12360787
31,1,180.3,73.3,14.5,74.0,118,53.0,14.4,54,207.0,22.54823338
55,0,153.4,63.2,39.5,78.0,123,23.2,2.6,6,117.0,26.85754791
28,1,177.1,70.3,17.2,83.0,123,43.5,14.2,66,236.0,22.41393988
48,0,162.2,60.9,20.4,79.0,119,34.4,25.9,40,173.0,23.14811295
48,1,168.1,68.0,29.3,97.0,149,37.0,-0.2,17,169.0,24.064314
57,0,159.8,63.7,33.1,86.0,131,22.3,-10.0,17,90.0,24.94513636
22,0,162.4,67.8,28.6,76.0,121,26.0,27.3,50,186.0,25.70736975
22,1,170.0,73.3,18.3,83.0,147,39.6,18.3,58,221.0,25.3633218
23,1,183.2,89.5,17.5,97.0,138,51.0,22.4,38,264.0,26.66687325
32,1,177.1,66.6,14.7,96.0,134,56.1,23.6,53,234.0,21.23425883
30,1,181.2,74.7,18.2,91.0,152,49.1,15.2,48,224.0,22.75119512
31,1,166.3,70.2,19.8,81.0,124,54.5,13.8,52,217.0,25.38356483
23,0,157.0,56.8,33.6,85.0,120,26.4,24.8,48,165.0,23.04353118
63,1,169.1,62.7,18.7,80.0,141,42.3,14.2,34,178.0,21.92705599
33,0,162.5,55.2,26.4,60.0,100,24.3,14.2,34,104.0,20.90414201
33,0,160.0,50.7,20.2,98.0,146,20.6,-9.0,37,128.0,19.8046875
31,1,178.8,84.9,24.3,69.0,136,41.8,-2.8,40,160.0,26.55661156
21,1,182.9,68.1,11.4,72.0,138,43.3,20.1,64,243.0,20.3572777
27,1,175.1,68.4,17.5,60.0,107,52.1,22.9,49,250.0,22.30919038
27,1,179.0,72.52,11.4,85.0,132,50.9,15.9,53,252.0,22.63350083
22,1,180.2,72.7,15.8,81.0,143,47.9,14.4,42,212.0,22.38849176
26,0,156.7,56.3,32.8,78.0,123,19.7,22.9,28,130.0,22.92822326
63,1,170.0,65.9,22.0,70.0,150,32.4,6.6,22,143.0,22.80276817
27,1,177.4,84.5,21.6,95.0,153,47.5,28.8,54,182.0,26.85032074
57,0,155.7,74.2,42.4,87.0,142,22.4,12.2,0,100.0,30.60741698
23,1,174.7,71.8,24.9,73.0,131,36.5,12.5,50,212.0,23.52548764
58,1,168.7,76.1,27.5,84.0,139,34.5,2.0,0,25.0,26.73957446
32,1,171.5,68.1,19.0,94.0,139,40.9,18.1,50,232.0,23.15361797
62,1,172.0,65.2,19.7,99.0,181,32.0,2.0,38,187.0,22.03893997
64,1,174.6,65.3,17.2,77.0,128,38.3,11.8,27,158.0,21.42025825
24,1,177.5,83.2,19.8,89.0,144,47.6,21.6,48,254.0,26.40745884
21,1,177.5,74.1,17.8,82.0,133,34.7,8.2,42,202.0,23.51914303
62,1,162.1,65.4,21.8,77.0,146,36.3,15.3,30,183.0,24.88924476
48,1,167.2,70.4,24.0,83.0,144,44.7,16.0,42,196.0,25.18257366
61,1,166.8,63.0,11.2,90.0,158,35.3,26.5,32,172.0,22.6437555
44,0,160.0,62.4,27.6,77.0,125,24.9,12.6,40,161.0,24.375
30,0,158.2,52.9,27.8,74.0,137,26.9,23.9,32,172.0,21.13696916
43,1,180.0,74.0,27.0,84.0,128,46.0,32.0,32,195.0,22.83950617
38,1,178.7,88.2,23.1,71.0,123,47.1,22.0,49,220.0,27.61973327
61,0,165.9,65.8,28.4,78.0,140,24.3,4.4,11,112.0,23.90744259
25,1,171.3,70.4,22.1,92.0,131,36.2,-8.0,45,196.0,23.99152935
45,1,174.5,87.7,31.9,99.0,146,48.9,3.3,35,182.0,28.80107717
45,0,161.7,57.6,32.4,93.0,157,22.3,17.2,32,159.0,22.02938858
42,1,180.0,78.0,21.0,84.0,128,52.0,12.0,42,230.0,24.07407407
21,1,168.2,72.6,22.3,84.0,134,35.6,2.0,55,234.0,25.66165357
23,1,167.7,64.5,19.7,74.0,122,47.1,9.0,52,182.0,22.93472776
32,1,179.7,85.2,25.8,88.0,150,56.4,18.8,32,214.0,26.38417024
23,0,165.7,55.1,24.7,60.0,122,30.7,22.1,38,166.0,20.06811504
30,1,173.2,64.4,15.1,81.0,137,41.6,5.2,50,220.0,21.46792612
42,1,178.0,80.6,22.8,63.0,121,43.4,24.9,52,196.0,25.43870723
63,1,165.8,63.9,20.7,82.0,123,26.9,14.2,28,160.0,23.24512071
27,0,166.6,66.4,37.8,85.0,122,18.7,18.5,15,132.0,23.92313468
21,1,170.1,81.0,37.2,79.0,151,39.0,-1.0,47,160.0,27.99473699
62,1,181.7,81.7,26.2,86.0,142,46.8,18.3,26,204.0,24.74640988
26,1,176.3,75.02,15.5,94.0,137,43.0,11.3,54,216.0,24.1363967
21,1,173.6,74.1,15.6,63.0,159,43.9,22.7,52,214.0,24.58774873
26,0,165.7,66.1,32.2,86.0,130,33.7,14.2,49,185.0,24.0744538
38,1,175.7,70.7,21.6,70.0,111,41.7,15.1,43,236.0,22.90213081
36,1,178.2,76.7,15.2,93.0,149,53.5,16.5,63,150.0,24.15349404
55,1,171.2,68.3,19.6,93.0,144,40.2,19.5,42,208.0,23.30307232
23,1,181.1,77.9,16.2,86.0,144,47.8,17.0,63,250.0,23.75202037
29,0,165.0,50.5,21.0,76.0,122,34.3,31.3,40,200.0,18.54912764
64,1,168.2,67.7,20.9,72.0,137,37.3,7.3,31,181.0,23.92966869
30,0,164.1,50.9,18.2,68.0,122,22.3,16.3,28,102.0,18.90168931
37,1,173.9,76.3,22.4,92.0,156,46.1,14.1,45,216.0,25.23047193
51,1,172.3,104.5,30.7,99.0,148,56.7,2.7,38,210.0,35.200249
31,1,172.9,82.4,19.2,95.0,135,51.7,26.2,60,211.0,27.56368164
37,1,167.7,77.3,27.8,102.0,146,49.1,15.6,57,226.0,27.4861156
37,1,172.0,70.0,12.0,78.0,119,43.9,11.0,31,235.0,23.66143862
29,1,173.7,76.1,17.3,73.0,133,51.1,16.2,67,247.0,25.22231933
44,1,160.2,44.9,14.8,82.0,141,36.5,21.3,50,221.0,17.49529692
27,1,171.8,74.8,24.1,77.0,132,39.9,15.1,45,211.0,25.34283983
54,0,159.6,55.94,30.5,70.0,114,23.3,15.0,13,149.0,21.9612314
61,1,171.9,71.4,23.4,96.0,158,41.6,8.4,40,174.0,24.16275545
48,1,167.2,68.5,28.2,75.0,112,39.2,7.0,31,195.0,24.50293034
60,1,163.7,72.7,28.1,83.0,180,40.5,23.0,38,185.0,27.12920405
27,1,176.0,87.8,21.6,71.0,132,53.5,5.4,52,254.0,28.34452479
60,1,170.2,65.4,16.5,90.0,133,34.3,15.9,33,192.0,22.57660511
26,0,160.0,46.86,21.3,72.0,108,22.8,26.9,48,173.0,18.3046875
40,0,155.0,57.4,33.2,77.0,113,28.1,18.0,35,111.0,23.8917794
61,1,161.1,66.1,28.0,82.0,142,42.7,4.0,37,173.0,25.46891117
41,1,164.5,74.6,25.7,75.0,136,39.1,13.1,40,205.0,27.5681119
26,1,169.2,56.5,13.9,93.0,143,45.8,21.1,53,236.0,19.73548167
26,0,155.3,57.1,34.3,85.0,128,23.0,21.0,28,162.0,23.67517494
52,1,172.6,76.4,20.3,80.0,133,36.4,16.3,40,184.0,25.64553573
56,0,157.6,61.8,31.2,82.0,123,23.5,19.2,31,143.0,24.88147079
29,1,178.4,84.32,20.5,81.0,137,55.6,18.5,60,225.0,26.49359529
34,1,171.3,63.3,23.4,85.0,129,33.2,12.9,37,195.0,21.57192909
26,0,163.8,74.1,35.4,75.0,134,33.2,23.6,37,152.0,27.61788476
28,1,181.7,82.5,15.9,87.0,148,54.2,25.7,56,244.0,24.98872478
24,1,185.0,83.4,14.0,83.0,119,53.0,7.0,45,200.0,24.36815194
23,1,174.8,60.8,12.5,74.0,122,38.6,20.1,56,221.0,19.89851756
61,0,160.7,58.4,25.3,86.0,142,28.7,23.9,19,133.0,22.61419296
50,0,167.2,55.6,18.4,98.0,121,29.0,23.0,43,174.0,19.88850988
56,1,166.2,70.2,22.9,86.0,140,42.7,3.5,15,200.0,25.41411982
34,1,179.0,96.1,30.8,74.0,125,34.0,3.4,41,193.0,29.9928217
25,1,166.8,64.6,17.0,98.0,138,39.5,13.9,54,222.0,23.218835
24,1,185.2,95.0,22.9,77.0,146,57.9,16.2,0,242.0,27.69756821
21,0,165.3,51.1,23.1,70.0,100,25.9,27.1,44,192.0,18.70144623
64,0,154.1,62.3,39.3,69.0,121,24.9,17.2,0,116.0,26.23510274
36,1,183.2,83.8,19.3,95.0,157,50.5,13.9,37,219.0,24.96853607
63,0,158.4,76.4,39.8,72.0,111,20.2,28.5,10,105.0,30.44969901
21,0,160.6,55.2,28.5,65.0,115,24.9,29.1,46,199.0,21.40168639
54,0,157.1,66.2,39.9,79.0,136,27.2,17.4,27,126.0,26.82289314
25,0,164.8,53.5,22.4,93.0,131,27.7,20.1,38,163.0,19.69878169
41,1,181.6,93.5,22.3,91.0,152,56.9,14.2,61,241.0,28.35175338
27,1,174.3,66.1,16.4,97.0,153,39.0,-4.5,51,234.0,21.75738443
63,1,174.4,71.8,22.1,92.0,142,33.3,6.7,30,173.0,23.60649356
33,1,180.8,73.64,18.7,87.0,132,46.6,7.5,48,223.0,22.52770381
24,1,177.8,70.1,7.3,67.0,124,49.9,20.5,59,238.0,22.17453414
52,1,163.9,66.3,20.5,72.0,127,32.0,16.6,50,204.0,24.68059476
48,0,164.0,65.6,35.6,91.0,146,23.7,24.1,40,142.0,24.3902439
26,1,182.2,79.3,21.8,86.0,145,39.2,17.8,45,235.0,23.88781583
23,0,157.4,49.3,25.5,69.0,112,22.5,23.5,32,182.0,19.89928459
21,0,160.4,53.8,27.5,60.0,108,25.1,21.7,41,184.0,20.91093961
61,1,163.9,55.5,20.3,78.0,135,31.1,18.6,32,160.0,20.66022638
40,0,157.2,58.4,30.6,77.0,112,24.6,13.3,40,160.0,23.63239645
22,0,157.7,46.2,20.2,82.0,126,24.5,24.2,43,174.0,18.57712866
32,0,164.8,69.6,33.2,91.0,142,29.4,15.5,28,174.0,25.62682628
62,1,170.0,72.7,22.5,95.0,145,42.5,20.2,46,199.0,25.15570934
55,0,158.3,60.9,35.3,77.0,146,27.9,8.3,2,161.0,24.30275244
21,1,174.6,79.4,18.3,88.0,140,38.3,10.8,46,222.0,26.0454595
25,0,162.8,57.9,33.6,69.0,148,25.0,20.1,44,177.0,21.84589101
32,1,172.5,69.9,13.1,100.0,148,43.6,24.2,63,267.0,23.49086326
28,1,171.0,74.8,19.1,75.0,132,48.4,19.5,56,230.0,25.5805205
22,1,177.9,93.4,36.8,75.0,146,32.8,2.8,31,169.0,29.51175114
24,1,175.1,81.8,27.0,85.0,137,40.4,9.5,39,192.0,26.67970428
24,0,154.5,45.4,20.5,65.0,103,25.4,25.8,48,190.0,19.01949079
44,1,170.5,71.6,22.5,71.0,117,52.1,11.3,41,195.0,24.62999114
33,1,174.7,77.6,14.9,75.0,134,43.9,13.7,65,218.0,25.42587522
55,1,162.4,64.38,21.2,85.0,143,39.3,10.1,28,124.0,24.41062632
23,1,169.1,66.1,14.4,61.0,108,33.8,8.5,43,225.0,23.11608295
25,1,179.7,74.4,12.9,80.0,147,47.7,9.0,55,258.0,23.03969796
23,0,163.8,52.7,31.3,72.0,111,27.8,26.0,27,156.0,19.64186946
33,1,177.6,78.7,19.8,78.0,131,46.2,13.1,47,213.0,24.95104902
23,1,173.4,68.8,16.2,68.0,120,41.7,-1.8,57,231.0,22.88180351
27,0,162.9,58.7,27.2,79.0,128,31.4,31.1,48,186.0,22.12055059
22,1,183.4,88.5,18.5,88.0,140,46.5,13.2,57,243.0,26.31143944
29,1,156.7,77.0,35.4,94.0,142,46.3,18.8,30,215.0,31.358316
52,0,149.6,46.56,25.1,84.0,124,22.5,7.1,18,156.0,20.80414081
29,1,186.1,82.7,11.2,73.0,121,62.7,23.2,57,256.0,23.87881458
33,0,167.9,61.6,29.7,75.0,123,25.4,21.6,44,170.0,21.85140266
26,1,177.0,69.5,11.2,71.0,128,51.4,20.0,65,279.0,22.18391905
30,1,170.0,66.0,10.3,87.0,132,48.9,14.5,65,216.0,22.83737024
28,1,175.4,69.9,14.9,82.0,143,45.9,23.8,58,230.0,22.72050592
37,1,166.8,74.2,19.9,89.0,129,40.3,3.1,43,223.0,26.66931203
28,1,171.0,72.0,15.1,91.0,150,45.6,17.6,61,231.0,24.62296091
36,1,175.6,79.4,20.5,77.0,138,48.5,19.0,52,223.0,25.74965883
23,1,165.0,54.2,12.3,70.0,111,34.0,14.0,40,205.0,19.90817264
54,0,164.6,67.1,29.9,85.0,135,30.9,23.6,37,168.0,24.7663986
63,0,157.4,48.2,17.5,92.0,149,25.4,28.0,27,157.0,19.45528433
35,1,179.9,87.0,17.7,65.0,104,58.3,13.2,52,228.0,26.88171212
21,1,175.1,63.9,22.2,81.0,102,31.7,10.0,51,195.0,20.84148048
25,1,170.0,63.0,10.4,64.0,128,34.6,19.3,43,232.0,21.79930796
35,1,174.5,77.8,16.4,81.0,140,53.7,18.2,67,232.0,25.54987233
27,0,172.7,72.8,28.9,86.0,147,34.7,22.1,59,165.0,24.40881547
39,1,181.5,79.5,12.2,79.0,123,47.9,23.8,55,277.0,24.13314209
34,1,166.4,63.2,22.3,97.0,153,37.0,21.0,35,230.0,22.82498151
62,1,164.2,68.96,21.3,85.0,157,37.3,14.2,20,163.0,25.57707914
56,0,159.2,47.9,26.5,84.0,140,25.0,12.1,26,141.0,18.89945961
24,0,163.8,58.2,32.9,77.0,118,18.5,14.0,10,114.0,21.69177993
62,1,165.0,67.4,18.8,89.0,139,43.0,11.5,34,174.0,24.75665748
31,1,160.4,63.1,16.7,88.0,130,44.9,15.8,49,273.0,24.52565593
32,1,171.0,78.2,23.2,76.0,124,35.2,7.5,57,225.0,26.74327143
30,1,170.7,76.8,22.5,77.0,144,48.7,14.5,50,235.0,26.35689083
26,0,159.8,48.8,26.0,80.0,142,22.2,15.6,40,184.0,19.11024575
33,0,166.0,58.1,25.2,89.0,130,34.6,14.2,31,175.0,21.08433735
40,0,156.1,50.2,25.7,75.0,137,23.9,14.0,40,163.0,20.60145581
25,1,180.6,83.7,14.5,64.0,111,46.5,15.2,56,212.0,25.66196841
60,1,173.6,65.0,19.4,57.0,117,35.7,15.6,23,171.0,21.56820064
62,0,163.8,64.9,29.3,79.0,136,31.4,24.3,21,119.0,24.1889436
63,1,170.8,68.3,14.6,61.0,97,40.8,14.3,45,204.0,23.41234801
27,1,174.7,73.0,20.0,65.0,100,43.4,6.5,35,202.0,23.91867128
22,1,172.1,80.2,23.0,80.0,131,49.6,5.9,61,168.0,27.07775333
26,1,187.5,78.3,16.8,86.0,140,42.5,13.6,43,199.0,22.272
31,1,176.7,93.84,18.3,82.0,133,49.2,15.2,50,226.0,30.0548732
22,0,172.1,57.16,23.1,54.0,100,27.6,7.4,31,164.0,19.29880773
40,1,179.8,75.3,14.9,66.0,112,44.2,29.4,54,235.0,23.29247304
40,1,172.3,73.0,15.5,71.0,129,46.6,18.1,50,242.0,24.58964762
48,0,160.7,58.7,28.6,91.0,158,28.3,20.3,18,152.0,22.73036176
33,1,173.0,64.66,21.4,74.0,129,36.1,2.1,60,197.0,21.6044639
29,1,178.1,68.38,23.7,80.0,138,38.0,13.9,31,177.0,21.5576421
34,1,181.3,73.1,15.3,70.0,108,45.4,13.3,52,243.0,22.23933356
33,1,186.8,117.5,28.3,78.0,133,64.9,19.3,49,213.0,33.6731793
40,0,168.5,64.5,28.0,84.0,135,27.6,13.4,26,168.0,22.71746691
30,0,160.7,59.4,29.0,74.0,113,22.3,12.0,23,160.0,23.00142229
29,1,181.1,103.3,31.6,81.0,131,59.0,7.2,31,202.0,31.49658157
40,1,174.2,77.1,25.8,93.0,131,36.5,18.8,33,214.0,25.40727432
22,1,174.1,70.0,16.8,99.0,149,42.7,27.8,57,237.0,23.09407106
48,0,144.5,51.8,36.2,76.0,129,22.3,14.0,30,108.0,24.80813209
27,1,171.8,70.4,17.1,76.0,136,44.7,13.8,55,247.0,23.85208455
22,1,169.3,67.0,19.3,81.0,127,40.6,10.8,58,191.0,23.37549878
22,0,159.2,53.3,30.9,63.0,100,21.9,18.0,23,114.0,21.03008762
29,1,177.1,60.5,19.2,84.0,131,40.4,-12.4,27,200.0,19.28937927
49,1,166.2,63.2,19.3,73.0,117,34.5,16.9,44,207.0,22.87994833
31,1,169.1,68.0,21.4,84.0,137,41.5,14.6,57,216.0,23.7805392
59,1,167.1,59.6,20.2,95.0,140,39.1,10.1,34,182.0,21.34486242
22,1,167.8,61.74,16.1,78.0,134,40.0,16.5,49,231.0,21.92717649
52,0,149.7,48.9,30.5,88.0,122,21.6,22.2,29,114.0,21.82052816
21,0,160.8,48.9,27.3,68.0,113,26.5,17.0,47,193.0,18.91197
27,0,159.5,68.8,35.4,74.0,118,32.9,18.9,51,168.0,27.0437594
39,1,166.5,62.4,16.4,68.0,132,60.1,18.9,52,219.0,22.50899548
23,0,166.5,57.5,34.1,86.0,126,25.8,18.8,42,178.0,20.74146218
22,1,157.8,62.2,20.0,77.0,124,39.4,18.1,49,195.0,24.97907701
43,1,168.0,72.9,22.6,73.0,116,40.6,16.1,45,196.0,25.82908163
30,0,166.7,52.1,19.0,68.0,100,27.3,19.1,45,184.0,18.74849985
31,1,175.2,73.9,11.7,73.0,112,50.4,21.0,52,225.0,24.07555097
22,1,171.3,69.0,18.0,80.0,120,31.5,17.5,44,259.0,23.51442508
22,0,161.6,52.6,27.6,83.0,128,27.3,24.6,43,175.0,20.14202039
23,1,173.0,64.2,17.8,98.0,151,30.2,15.3,49,235.0,21.45076681
41,0,163.3,53.7,17.4,77.0,135,28.1,22.9,34,162.0,20.13733135
23,1,173.2,68.9,10.4,84.0,136,44.6,11.8,40,242.0,22.96801412
46,0,167.0,58.04,19.6,61.0,116,29.2,18.1,38,200.0,20.81107247
23,1,176.5,69.5,10.6,75.0,118,38.8,12.5,52,233.0,22.30978501
27,1,172.6,79.6,19.3,92.0,140,53.9,14.2,57,206.0,26.71969429
24,1,163.9,64.8,23.6,94.0,141,39.7,13.2,47,224.0,24.12221026
46,0,159.0,53.4,25.6,71.0,130,21.7,25.3,38,150.0,21.12258218
29,1,183.0,88.2,18.5,80.0,128,54.9,4.7,33,220.0,26.33700618
60,1,174.0,73.3,22.9,93.0,158,43.4,19.6,32,211.0,24.21059585
27,1,171.4,67.3,22.5,93.0,137,34.9,15.5,51,214.0,22.90832992
23,1,172.0,72.0,28.6,80.0,120,29.2,1.8,45,213.0,24.33747972
27,1,169.8,67.4,22.9,89.0,129,32.8,16.8,35,191.0,23.37677112
43,0,155.9,53.3,23.6,74.0,118,25.4,16.1,27,159.0,21.92981554
61,0,151.5,58.3,40.2,81.0,150,21.7,10.8,3,115.0,25.40055986
47,0,162.7,63.2,37.2,79.0,132,25.1,16.0,17,160.0,23.8749226
58,0,159.5,67.32,36.0,87.0,145,26.4,21.4,22,150.0,26.46200411
57,0,163.3,65.1,31.7,59.0,116,20.3,26.1,10,118.0,24.41229555
28,0,163.7,51.4,21.5,63.0,103,22.6,7.8,41,158.0,19.18075774
34,1,177.7,68.1,24.3,64.0,131,37.1,7.3,39,189.0,21.56613186
63,0,161.6,77.0,31.9,80.0,120,19.3,8.4,17,147.0,29.48546711
24,1,179.7,72.3,19.0,90.0,148,41.3,14.1,55,229.0,22.3893839
63,0,147.4,52.1,31.1,77.0,142,20.0,20.2,23,87.0,23.97964538
27,1,170.0,69.7,22.5,86.0,145,43.6,13.0,53,192.0,24.11764706
21,0,162.3,52.4,23.6,72.0,111,28.0,25.8,46,177.0,19.89272355
27,0,160.9,50.3,21.1,76.0,114,26.2,18.8,31,180.0,19.42924375
23,0,172.3,64.3,29.5,76.0,120,29.6,15.2,46,177.0,21.65910058
39,1,168.8,70.9,25.5,83.0,128,33.7,5.4,33,201.0,24.88292042
22,1,183.0,65.9,12.7,62.0,104,40.3,4.0,38,197.0,19.67810326
49,0,166.3,65.3,30.7,79.0,126,23.6,18.1,23,102.0,23.61177754
33,1,169.3,71.1,20.0,79.0,136,45.8,17.2,52,223.0,24.80593975
21,0,156.4,58.1,28.5,60.0,124,30.6,17.8,47,177.0,23.75213401
21,1,175.5,73.5,21.9,92.0,142,44.6,16.5,47,215.0,23.86344267
48,1,169.6,69.6,15.9,86.0,142,37.8,15.8,37,202.0,24.19677821
23,0,158.6,56.7,35.9,69.0,112,21.6,21.6,20,138.0,22.54118238
24,1,176.7,77.2,9.3,73.0,130,69.0,17.0,60,288.0,24.72544982
27,1,170.9,76.9,15.4,74.0,138,46.2,15.8,49,226.0,26.3294759
60,0,159.1,54.8,25.3,80.0,150,30.2,25.8,36,152.0,21.64911758
21,1,170.4,74.3,19.5,82.0,157,45.6,12.7,54,194.0,25.58878309
21,1,171.0,75.7,15.8,89.0,150,34.1,7.2,43,251.0,25.88830751
23,1,176.5,66.6,21.7,78.0,122,30.6,-13.5,44,188.0,21.37887312
23,0,164.3,56.1,20.0,73.0,108,28.8,25.5,37,158.0,20.78201885
37,1,175.8,80.74,30.7,86.0,138,41.0,13.2,38,193.0,26.12468145
27,0,158.9,58.9,33.9,76.0,122,23.2,14.4,35,165.0,23.32746252
24,1,172.8,84.8,26.1,86.0,147,48.4,3.2,41,218.0,28.39934842
45,1,171.0,82.0,27.0,104.0,147,42.3,24.5,38,205.0,28.04281659
27,0,160.1,58.4,37.0,59.0,106,18.4,8.8,22,151.0,22.78401109
44,0,159.7,58.8,32.6,75.0,106,23.5,21.9,20,132.0,23.05512567
24,1,178.1,71.6,10.1,89.0,125,49.1,16.3,55,251.0,22.57278699
24,0,164.0,57.0,28.8,81.0,116,25.2,27.7,45,180.0,21.19274242
37,1,181.1,81.1,14.4,68.0,124,52.9,19.1,54,234.0,24.72771312
52,1,174.0,73.2,22.2,92.0,137,46.1,10.2,46,198.0,24.17756639
24,1,171.6,69.0,20.5,66.0,117,50.4,7.3,53,192.0,23.43227868
25,0,170.2,58.3,24.3,87.0,138,28.2,22.7,39,169.0,20.12562811
28,1,175.8,76.9,19.0,91.0,137,38.8,12.8,57,233.0,24.88218979
27,0,167.8,60.9,21.4,56.0,108,26.9,18.0,31,181.0,21.62884756
39,1,175.9,73.5,25.1,89.0,134,29.7,13.1,20,161.0,23.75503421
36,0,162.5,57.8,27.6,99.0,158,29.4,19.5,43,183.0,21.8887574
41,1,178.0,77.0,15.1,84.0,128,55.1,16.4,66,264.0,24.30248706
43,1,169.0,68.6,12.4,80.0,120,45.7,20.2,55,239.0,24.01876685
21,0,156.1,52.5,31.9,87.0,125,18.4,20.2,39,182.0,21.54534721
60,0,153.5,55.5,33.7,72.0,98,21.7,18.2,9,125.0,23.55462657
26,1,171.0,69.2,16.6,84.0,139,45.6,12.6,49,243.0,23.66540132
60,0,163.0,55.6,28.1,66.0,132,24.0,21.7,26,132.0,20.92664383
59,0,153.4,41.1,27.8,98.0,124,21.4,14.4,15,135.0,17.46590536
33,0,163.5,58.1,22.6,83.0,120,31.4,24.8,35,146.0,21.73404783
36,1,172.1,77.0,18.0,69.0,135,38.7,13.6,50,243.0,25.99734422
25,1,173.8,80.5,14.1,96.0,153,48.8,23.2,58,233.0,26.64994617
21,1,177.5,75.8,21.0,88.0,146,48.5,13.0,51,242.0,24.05871851
22,1,178.4,92.0,31.9,74.0,129,29.9,-5.5,40,188.0,28.90667417
31,1,174.0,69.5,15.4,86.0,132,46.1,19.9,56,256.0,22.95547628
31,1,164.6,66.6,25.1,87.0,124,43.1,6.5,43,218.0,24.58185018
25,0,151.4,47.0,21.5,60.0,100,25.9,26.6,52,173.0,20.50435478
23,1,169.9,61.6,19.9,77.0,135,39.8,19.7,44,190.0,21.33997736
27,1,167.1,67.1,16.5,66.0,125,42.0,22.8,61,221.0,24.03087699
49,1,166.5,69.1,18.1,89.0,159,45.8,15.8,36,189.0,24.92582673
22,1,169.7,64.7,18.7,70.0,137,35.3,20.0,63,241.0,22.46676776
62,0,153.1,52.32,23.0,66.0,106,21.2,20.5,16,96.0,22.3211905
54,1,170.1,78.1,24.1,78.0,134,50.3,17.5,28,187.0,26.99245628
24,1,164.9,78.3,25.9,75.0,137,35.7,7.9,19,171.0,28.7952233
61,0,158.5,60.5,34.3,84.0,122,25.7,21.0,30,150.0,24.08223786
28,0,165.6,58.9,30.4,86.0,127,25.9,18.9,42,165.0,21.47803916
23,0,160.2,56.8,18.1,69.0,114,28.8,28.2,48,199.0,22.13213508
59,0,157.7,61.1,35.7,90.0,141,22.7,14.7,0,127.0,24.5684537
23,1,168.1,106.3,44.2,75.0,155,34.1,6.1,15,164.0,37.61818498
21,1,176.1,68.4,17.0,67.0,129,41.7,9.7,47,219.0,22.0565402
30,1,171.4,68.1,26.6,65.0,112,38.3,11.4,46,202.0,23.1806429
22,0,163.0,63.0,29.0,69.0,124,33.3,23.7,25,185.0,23.71184463
27,1,175.8,81.1,24.0,89.0,129,45.9,14.1,41,201.0,26.24116504
52,1,162.9,63.7,20.9,68.0,117,28.4,16.4,40,204.0,24.00475422
34,1,172.5,77.2,26.9,70.0,120,47.3,11.0,47,206.0,25.94412938
28,0,160.6,54.2,23.6,76.0,128,31.1,23.3,60,195.0,21.01397468
21,0,153.9,59.5,23.4,87.0,137,26.7,22.6,37,162.0,25.12116211
31,1,173.5,88.2,22.9,74.0,120,48.8,22.0,48,210.0,29.30013537
25,1,175.1,64.8,6.9,65.0,118,42.0,19.8,49,252.0,21.13502246
40,0,160.9,48.9,26.9,52.0,97,25.2,11.8,25,168.0,18.88846957
29,1,173.1,76.8,21.3,72.0,129,48.2,13.7,44,192.0,25.63109051
21,1,174.4,69.7,11.5,75.0,131,40.7,3.1,38,199.0,22.91605294
50,0,156.9,52.5,28.0,88.0,134,19.6,3.4,27,141.0,21.32619698
51,0,152.8,70.1,37.4,79.0,127,23.2,21.4,11,118.0,30.02419067
23,0,163.0,68.4,35.7,69.0,118,21.2,18.9,10,137.0,25.74428846
41,0,157.1,62.72,29.5,76.0,119,31.8,24.8,27,170.0,25.41286794
28,1,174.3,74.9,19.8,87.0,131,56.2,6.5,48,217.0,24.65398024
60,1,166.5,59.2,16.8,69.0,112,37.3,13.5,31,174.0,21.35468802
49,1,166.0,66.5,21.0,87.0,146,48.2,9.2,53,192.0,24.13267528
42,0,155.9,55.1,28.9,88.0,136,27.7,15.0,26,160.0,22.67040968
38,0,163.1,63.0,40.7,74.0,116,25.1,1.7,20,139.0,23.6827771
56,0,160.6,55.96,38.1,80.0,130,25.9,2.0,25,127.0,21.69634729
44,1,177.1,73.1,12.0,86.0,143,41.5,11.8,50,246.0,23.30667148
27,1,166.4,67.7,22.2,70.0,134,38.2,16.6,50,211.0,24.45017798
56,1,173.6,77.4,22.6,74.0,136,42.1,8.2,30,206.0,25.68274969
26,1,172.5,61.8,11.8,85.0,146,40.2,2.4,33,156.0,20.76874606
27,0,172.4,63.9,18.0,79.0,141,30.0,25.3,51,181.0,21.49939977
22,1,173.2,76.7,17.3,86.0,136,40.9,11.0,51,213.0,25.56816667
27,0,163.1,60.7,26.0,82.0,136,26.4,21.4,44,191.0,22.81816777
22,1,168.8,68.1,29.1,75.0,154,33.6,19.0,42,230.0,23.90023809
21,1,177.4,78.6,20.8,80.0,130,54.0,18.3,54,203.0,24.97556462
24,1,171.7,78.1,30.9,65.0,122,37.2,-14.5,37,136.0,26.49173753
21,0,157.5,47.5,27.2,62.0,107,20.2,18.8,43,168.0,19.1484001
36,1,178.6,98.3,31.7,79.0,129,52.4,17.0,43,209.0,30.81701777
39,0,155.7,45.8,18.7,63.0,122,27.0,31.4,35,152.0,18.89244875
46,1,173.0,72.6,22.8,65.0,126,46.6,14.9,33,210.0,24.2574092
28,0,158.8,52.2,28.4,66.0,99,21.1,24.9,27,141.0,20.69996003
23,1,176.2,77.7,17.3,73.0,143,52.4,29.0,66,250.0,25.02702403
27,1,178.5,82.3,17.3,76.0,131,46.2,23.4,58,253.0,25.82993982
25,1,181.0,77.9,13.5,94.0,129,50.5,23.7,65,255.0,23.77827295
23,1,170.6,69.4,17.3,64.0,121,33.6,13.9,55,228.0,23.84522456
63,0,157.8,57.1,27.4,55.0,123,21.6,14.7,20,154.0,22.93095333
39,1,179.3,86.7,25.5,76.0,123,35.1,-1.0,27,193.0,26.96860723
62,0,150.3,62.4,36.4,76.0,113,19.0,19.0,0,113.0,27.62273191
61,1,167.4,60.4,20.2,99.0,153,37.9,12.9,23,163.0,21.55390832
27,1,170.5,64.6,22.9,96.0,130,43.9,7.9,55,207.0,22.22203111
28,0,159.5,48.8,24.3,77.0,141,23.6,24.0,43,173.0,19.18220143
23,1,170.5,66.9,11.9,66.0,121,43.9,15.1,56,222.0,23.01321798
48,1,174.2,84.6,26.1,86.0,121,38.5,3.0,26,190.0,27.87879906
49,1,175.9,74.4,19.3,85.0,132,40.5,10.1,42,218.0,24.04591218
35,1,170.4,76.3,27.7,90.0,138,47.7,17.9,52,229.0,26.2775794
33,0,163.7,49.1,25.8,81.0,117,21.6,13.9,38,191.0,18.32247481
27,1,176.5,70.0,15.1,85.0,139,65.3,20.5,51,219.0,22.47028706
24,0,159.7,47.32,25.7,87.0,117,26.9,7.0,16,151.0,18.55388685
21,0,148.0,43.7,19.3,52.0,108,28.5,28.9,55,185.0,19.95069394
23,0,163.9,53.2,25.5,76.0,117,31.6,21.1,43,188.0,19.80403682
28,1,179.0,80.6,10.7,85.0,149,49.6,17.7,57,247.0,25.15526981
31,1,172.9,69.6,16.8,69.0,110,44.0,15.5,48,233.0,23.28194468
51,1,183.3,84.0,16.8,79.0,130,40.6,19.3,43,197.0,25.00082592
30,1,173.9,60.4,13.9,75.0,123,48.2,18.7,63,244.0,19.9727458
56,0,151.9,48.0,30.7,85.0,130,24.8,20.8,19,160.0,20.80298662
50,1,177.8,69.9,19.6,79.0,133,35.8,10.3,37,205.0,22.11126871
23,1,171.3,80.4,21.3,72.0,134,53.5,20.8,53,224.0,27.39941705
64,1,166.2,67.0,21.2,74.0,134,48.1,13.6,37,188.0,24.25564143
51,1,165.9,59.9,16.7,60.0,111,35.0,18.0,41,181.0,21.76376613
39,0,158.0,54.5,29.0,75.0,116,23.6,1.4,4,122.0,21.83143727
23,1,170.8,60.3,11.5,88.0,129,38.9,20.1,45,232.0,20.67005249
45,0,159.4,44.3,9.4,66.0,103,24.3,34.3,38,154.0,17.43520637
39,1,176.6,78.7,24.0,64.0,119,38.3,16.9,49,228.0,25.23442039
63,1,162.5,67.6,26.6,78.0,136,31.3,18.5,32,189.0,25.6
34,1,183.4,81.1,16.6,68.0,127,57.4,12.2,59,253.0,24.11138688
21,1,179.1,88.4,20.4,81.0,120,44.5,-6.8,51,218.0,27.55885015
61,0,147.9,64.7,44.7,84.0,149,25.4,11.6,4,130.0,29.57794062
25,1,181.1,78.5,19.9,73.0,137,41.4,19.5,65,188.0,23.93496276
61,0,158.9,59.2,40.1,88.0,154,23.3,12.6,18,112.0,23.44627812
22,1,178.2,72.5,9.7,74.0,154,49.1,22.2,58,270.0,22.83087768
26,1,165.8,65.0,25.0,94.0,148,31.4,4.0,47,187.0,23.64527145
31,1,168.5,69.24,18.0,83.0,155,46.5,18.6,58,218.0,24.38693658
49,1,178.0,86.7,23.5,96.0,147,46.6,-0.9,30,186.0,27.3639692
63,1,159.5,52.0,13.1,72.0,125,34.4,26.5,52,189.0,20.44005071
56,0,150.2,52.0,32.4,94.0,149,24.1,18.9,15,142.0,23.04960452
45,1,180.0,76.0,29.0,84.0,134,52.0,8.0,31,190.0,23.45679012
31,1,178.5,80.4,14.8,85.0,137,40.7,28.8,57,240.0,25.23362286
27,1,175.0,101.4,30.6,90.0,110,46.4,17.1,34,213.0,33.11020408
22,1,170.1,66.2,15.3,72.0,132,44.4,19.6,52,228.0,22.87964924
25,0,156.0,46.8,20.2,77.0,128,22.1,21.9,42,179.0,19.23076923
28,1,170.0,83.0,29.8,100.0,145,47.9,23.9,52,226.0,28.71972318
22,1,173.3,73.2,20.3,63.0,125,38.3,13.5,52,236.0,24.37327876
47,0,152.8,53.6,32.1,55.0,102,23.5,20.4,25,147.0,22.95715578
49,1,170.3,89.1,26.1,83.0,121,57.7,14.6,47,211.0,30.72192383
29,0,167.9,60.7,22.0,73.0,113,34.7,21.9,43,170.0,21.53214515
60,1,167.8,68.6,19.8,60.0,106,37.4,13.6,28,187.0,24.36352943
23,0,156.2,55.98,33.9,69.0,110,24.4,23.2,51,160.0,22.94408987
37,0,158.0,57.6,35.4,70.0,114,29.3,12.0,20,135.0,23.07322544
33,1,171.1,66.3,18.8,88.0,124,36.2,3.3,39,221.0,22.64714754
26,1,178.5,81.2,13.9,90.0,140,48.7,17.5,49,234.0,25.48470369
49,1,179.4,79.1,18.2,96.0,145,48.7,13.6,46,208.0,24.57715487
41,0,160.7,53.4,24.7,53.0,99,22.7,10.4,40,157.0,20.6780463
59,0,150.7,51.3,32.0,70.0,108,16.5,1.5,0,105.0,22.58868039
26,1,168.0,64.4,8.9,83.0,130,43.5,18.5,53,244.0,22.81746032
62,0,153.5,57.46,30.1,61.0,108,20.4,17.8,17,125.0,24.38646564
23,0,164.4,60.6,28.5,74.0,133,28.2,21.3,38,171.0,22.42172376
23,1,176.5,69.8,15.7,76.0,128,40.4,14.3,52,228.0,22.40608624
34,1,180.0,72.28,13.0,89.0,141,42.6,18.9,53,228.0,22.30864198
49,0,154.6,54.0,31.8,96.0,151,24.3,25.3,0,160.0,22.59304569
25,1,173.8,72.8,25.0,96.0,145,48.2,12.2,52,213.0,24.10082088
30,0,167.2,61.0,34.3,69.0,97,29.0,20.5,41,170.0,21.82012774
26,0,168.5,62.8,26.38361,78.0,132,34.6,31.7,44,184.0,22.11871197
33,1,165.5,65.0,26.1,73.0,136,41.1,14.1,25,175.0,23.73107219
48,0,162.5,60.4,28.1,69.0,128,29.0,24.2,38,164.0,22.87337278
23,1,179.5,74.44,10.3,86.0,156,44.6,23.2,51,229.0,23.10348306
62,0,151.2,55.9,37.9,72.0,142,19.4,18.4,21,99.0,24.45165309
27,1,184.4,84.4,18.4,78.0,131,45.3,15.0,38,239.0,24.82107651
23,0,153.6,45.3,28.9,71.0,121,24.6,12.9,24,106.0,19.2006429
48,1,172.0,76.4,25.9,93.0,148,40.5,12.6,31,193.0,25.82477015
44,1,168.8,77.7,27.3,84.0,147,45.0,12.6,47,212.0,27.26943465
26,1,168.4,75.7,32.0,95.0,143,37.0,9.2,46,167.0,26.69388008
27,1,173.6,75.9,24.3,86.0,146,40.8,-0.7,48,183.0,25.18502198
31,1,177.8,89.3,24.9,78.0,145,55.5,9.5,35,185.0,28.24801568
26,1,171.1,72.7,26.3,84.0,145,38.9,7.2,41,199.0,24.83329752
31,0,156.6,58.9,38.1,83.0,121,32.8,20.2,44,162.0,24.0177201
59,1,169.3,72.0,20.2,96.0,146,41.9,21.2,44,197.0,25.11993899
50,1,174.0,80.2,28.9,93.0,151,41.3,3.2,27,191.0,26.48962875
63,1,168.2,67.8,23.0,84.0,158,41.8,5.2,30,193.0,23.96501532
34,1,169.3,75.3,17.7,83.0,120,57.4,19.6,68,233.0,26.27126952
32,1,180.5,74.3,15.7,83.0,130,41.9,22.5,38,241.0,22.80522709
33,0,167.0,78.2,40.0,88.0,126,24.2,20.3,7,139.0,28.03972893
54,0,157.8,54.4,40.7,73.0,128,15.6,-0.5,2,90.0,21.84665256
25,1,182.7,84.2,25.4,78.0,144,43.5,19.0,56,126.0,25.22522199
27,1,179.0,80.0,20.0,69.0,124,52.1,16.4,60,234.0,24.96800974
54,1,169.1,65.3,23.0,90.0,150,40.3,11.2,42,208.0,22.8363119
25,1,184.8,86.6,14.8,73.0,130,64.3,19.6,62,262.0,25.35793932
46,1,182.5,80.8,23.2,95.0,147,42.2,8.8,41,222.0,24.25971102
24,1,187.0,104.0,27.6,80.0,120,39.0,-8.5,25,180.0,29.74062741
37,1,173.6,75.2,18.1,75.0,118,48.1,17.8,53,215.0,24.95274905
26,1,184.3,79.8,15.6,81.0,157,49.2,12.5,55,224.0,23.49374339
59,1,169.4,75.9,24.5,77.0,137,40.1,15.9,27,191.0,26.44934758
25,1,183.4,91.1,16.0,81.0,134,59.0,25.0,56,275.0,27.08443088
24,0,163.7,70.2,27.3,67.0,120,31.5,24.2,41,153.0,26.19628781
41,1,179.7,72.2,18.6,97.0,145,46.8,14.9,45,245.0,22.35841657
46,1,175.9,83.1,22.5,80.0,123,45.9,8.4,46,201.0,26.85773255
32,1,175.7,72.2,13.8,62.0,113,53.4,18.9,49,270.0,23.38803174
61,1,171.8,83.1,25.9,93.0,149,45.5,18.3,38,193.0,28.15494639
31,1,179.9,78.4,17.8,86.0,129,39.3,5.7,36,205.0,24.22443943
28,1,175.3,85.2,21.0,76.0,129,47.9,7.6,60,240.0,27.72526862
42,0,157.5,54.4,24.7,88.0,140,24.6,22.8,33,161.0,21.92995717
59,0,156.4,54.8,28.3,70.0,123,20.0,14.7,6,108.0,22.40304551
29,1,173.4,76.0,21.8,85.0,137,50.3,13.5,55,230.0,25.27641086
26,0,172.6,75.1,37.0,80.0,126,29.8,21.5,44,197.0,25.20915881
23,0,162.8,53.3,18.6,73.0,107,28.5,27.7,40,196.0,20.11029345
23,1,181.0,93.2,21.3,72.0,129,56.8,25.5,52,214.0,28.44846006
26,1,177.5,77.84,19.5,66.0,130,49.2,20.3,60,242.0,24.70620909
46,1,173.9,72.5,16.4,95.0,149,52.1,13.8,42,219.0,23.97390845
47,0,165.2,52.1,14.3,75.0,140,32.6,22.3,33,196.0,19.09051469
39,1,174.3,74.14,19.0,84.0,152,41.1,24.8,55,203.0,24.40381969
58,1,171.1,71.3,30.6,92.0,142,32.2,-10.3,10,164.0,24.35507721
28,1,171.3,59.6,16.7,72.0,117,34.9,7.4,49,190.0,20.31101065
61,0,158.2,64.2,33.0,96.0,142,28.7,21.9,27,136.0,25.65204953
33,1,165.6,69.2,24.5,97.0,136,49.1,15.8,32,199.0,25.23396112
43,1,173.0,70.3,23.0,90.0,120,32.1,10.6,42,192.0,23.48892379
23,0,162.7,53.8,20.1,70.0,130,35.1,26.5,41,196.0,20.32390564
26,1,170.4,66.9,17.2,78.0,122,39.1,9.1,42,199.0,23.04023673
58,0,160.1,64.6,31.3,94.0,154,20.5,21.5,20,134.0,25.20286158
23,1,174.0,92.7,34.0,80.0,130,40.6,-5.0,39,200.0,30.61831153
41,0,160.2,67.9,35.15,85.0,142,29.5,16.6,24,144.0,26.45725303
30,1,175.5,61.2,16.3,75.0,115,43.7,25.2,32,218.0,19.86996859
56,1,175.1,81.5,22.0,99.0,137,50.3,17.7,37,209.0,26.58185695
23,1,172.6,63.1,15.5,79.0,136,40.6,-1.0,41,234.0,21.1810642
38,1,166.9,67.0,17.9,76.0,133,50.1,15.9,47,226.0,24.05260556
63,1,166.6,75.5,31.6,62.0,122,34.1,6.7,17,140.0,27.20175705
32,0,156.8,54.5,28.4,64.0,101,24.7,15.2,34,148.0,22.16687057
21,1,179.2,79.8,24.8,72.0,131,42.8,11.0,56,227.0,24.8500279
28,0,159.6,50.8,27.3,77.0,120,21.0,17.6,36,174.0,19.94334206
55,0,145.7,49.7,28.7,84.0,151,28.3,21.0,9,118.0,23.41193368
24,1,174.5,71.0,21.8,66.0,125,38.0,9.6,42,220.0,23.31672154
28,0,167.2,53.0,21.0,66.0,111,20.2,13.0,36,165.0,18.95847165
45,1,171.1,80.0,26.2,90.0,135,43.1,19.6,47,220.0,27.32687485
24,1,173.7,61.5,17.4,62.0,95,40.2,21.6,51,217.0,20.38334611
27,0,167.8,60.9,17.0,60.0,114,27.9,28.5,45,182.0,21.62884756
40,1,169.6,83.5,30.3,95.0,139,45.8,6.6,28,200.0,29.02918076
26,0,161.6,53.3,19.02328,76.0,121,29.2,20.4,30,189.0,20.41007009
27,1,172.0,60.4,13.1,84.0,144,37.6,17.3,57,254.0,20.41644132
24,0,168.4,56.7,27.2,71.0,116,24.0,15.9,31,150.0,19.99396302
25,1,172.5,64.8,21.4,74.0,126,32.7,4.3,36,175.0,21.77693762
22,0,157.8,59.1,26.6,72.0,123,32.5,15.1,47,163.0,23.73413909
26,1,170.7,70.5,19.0,74.0,130,36.4,24.5,59,218.0,24.19480213
23,0,155.5,48.46,32.7,71.0,123,23.0,18.4,38,165.0,20.04114929
48,0,157.0,58.8,32.3,67.0,125,25.6,21.2,31,168.0,23.85492312
23,1,166.4,71.62,31.6,80.0,120,38.3,20.7,46,212.0,25.86590468
34,1,173.0,73.0,20.3,81.0,133,49.3,12.2,38,235.0,24.39105884
62,1,166.1,76.5,29.0,85.0,154,43.9,16.9,36,204.0,27.72823144
29,1,166.8,69.2,26.5,78.0,129,34.6,10.0,35,183.0,24.87218858
57,0,159.2,68.6,32.1,91.0,154,30.2,20.6,0,133.0,27.066867
25,0,155.8,47.8,22.1,63.0,101,21.4,23.2,56,192.0,19.69214341
42,1,172.1,84.62,28.0,90.0,145,54.5,23.6,42,206.0,28.57006841
21,1,172.1,74.4,18.0,89.0,132,46.1,7.6,56,200.0,25.11951182
30,1,169.1,66.4,24.0,68.0,117,42.1,-6.9,42,194.0,23.2209971
29,1,189.8,87.9,13.5,93.0,149,49.6,20.4,55,235.0,24.40037264
27,0,160.6,62.0,31.6,70.0,128,33.8,21.9,42,161.0,24.03812602
51,0,156.8,57.0,34.1,53.0,123,27.9,14.9,14,110.0,23.1836995
33,0,154.0,54.7,33.9,78.0,123,22.5,18.3,28,136.0,23.06459774
37,1,166.0,64.5,12.0,64.0,126,51.8,15.5,60,234.0,23.40688053
31,1,175.0,76.4,22.6,97.0,151,49.5,19.3,57,221.0,24.94693878
31,0,165.1,73.8,36.0,76.0,117,35.2,21.2,34,170.0,27.07461036
62,0,148.0,48.8,28.5,88.0,128,22.0,14.0,22,133.0,22.27903579
46,0,163.0,63.8,34.6,64.0,120,17.2,-4.0,0,110.0,24.01294742
28,1,171.5,89.0,20.9,68.0,139,51.3,16.7,51,218.0,30.25950072
23,0,166.2,60.3,28.5,73.0,109,25.6,25.9,30,161.0,21.83007728
24,1,173.0,71.0,11.0,79.0,139,49.2,20.6,50,254.0,23.72281065
47,0,161.9,54.0,26.1,82.0,126,23.8,23.6,24,161.0,20.60155786
22,0,154.8,59.3,34.2,79.0,112,30.6,10.1,48,167.0,24.74644286
23,1,180.1,82.8,20.9,75.0,125,45.5,12.6,51,199.0,25.52718414
24,0,164.1,59.9,34.0,70.0,126,21.4,16.6,27,179.0,22.24383476
22,1,178.1,67.9,16.3,66.0,134,43.1,12.7,48,159.0,21.40631616
25,1,178.6,78.5,23.7,90.0,140,44.3,23.8,60,224.0,24.60972426
21,1,178.6,70.0,17.9,77.0,119,37.8,13.8,48,226.0,21.94497705
39,1,174.8,71.0,11.7,75.0,137,46.1,16.5,45,237.0,23.2367557
37,1,169.8,66.9,24.2,70.0,110,37.8,15.5,37,213.0,23.20335294
35,1,168.5,71.8,17.27,83.0,133,44.5,25.4,58,226.0,25.28859108
31,1,172.1,84.8,25.6,76.0,126,50.0,15.3,41,242.0,28.63084143
29,1,177.8,76.4,15.8,87.0,155,42.8,14.4,46,244.0,24.16739527
27,0,164.6,60.5,28.1,79.0,127,28.7,18.8,36,151.0,22.3303594
28,1,172.5,69.2,22.1,63.0,110,37.1,11.4,43,186.0,23.25561857
29,1,173.0,67.6,12.0,88.0,120,50.7,23.0,60,231.0,22.58678873
36,1,176.3,79.8,15.4,92.0,132,54.9,21.4,55,262.0,25.67427962
60,0,155.0,45.3,24.3,62.0,114,19.5,22.3,0,140.0,18.855359
25,1,178.2,74.0,21.3,80.0,130,48.3,16.3,52,230.0,23.30324066
24,0,166.9,54.3,20.7,86.0,122,28.8,19.9,42,190.0,19.49338033
21,1,177.3,69.9,13.3,74.0,147,32.3,7.7,49,215.0,22.23615561
25,0,157.9,42.6,23.7,70.0,118,17.4,13.5,28,131.0,17.08619423
26,1,167.5,66.0,12.8,68.0,133,38.0,0.3,44,254.0,23.52417019
38,0,154.3,46.3,24.9,66.0,114,22.0,19.8,35,139.0,19.44684438
32,0,153.6,49.4,31.9,66.0,115,19.6,24.8,33,135.0,20.93844944
39,1,172.1,71.5,21.7,75.0,132,33.0,-9.9,36,201.0,24.14039106
56,1,172.2,69.5,21.1,81.0,121,44.0,11.0,34,193.0,23.43788993
29,1,170.0,69.7,23.2,63.0,154,39.6,14.1,57,223.0,24.11764706
52,0,163.5,65.8,32.1,89.0,147,32.3,20.1,20,149.0,24.6144638
26,0,162.0,49.6,21.5,81.0,127,26.1,20.4,21,166.0,18.89955799
25,1,172.1,67.3,17.8,88.0,147,41.4,5.5,47,207.0,22.7223541
32,1,169.8,58.7,14.8,68.0,107,37.1,22.3,60,216.0,20.35929473
40,1,189.3,93.2,16.5,93.0,146,62.1,22.3,51,255.0,26.0084628
36,1,171.1,69.5,14.0,76.0,135,44.0,18.3,57,225.0,23.74022253
37,1,185.9,84.2,13.8,77.0,143,42.0,15.8,52,264.0,24.36426486
23,1,175.8,73.5,23.1,66.0,123,34.0,-8.2,42,203.0,23.78206696
38,1,167.6,76.7,24.7,63.0,132,43.6,16.0,45,231.0,27.30532408
22,0,155.2,63.2,32.3,80.0,130,24.3,21.2,36,155.0,26.23817621
60,1,163.6,60.1,20.5,96.0,141,33.5,18.8,18,180.0,22.45473186
41,1,172.0,71.02,21.3,89.0,131,47.2,13.3,44,225.0,24.00621958
59,0,155.5,52.1,28.3,70.0,136,26.6,18.7,24,150.0,21.54651007
48,0,167.0,62.6,30.2,77.0,136,23.2,24.0,35,150.0,22.44612571
30,1,173.2,66.7,13.1,74.0,123,46.6,19.3,52,245.0,22.23463777
26,1,183.4,77.8,8.7,81.0,136,54.1,18.8,55,253.0,23.13028236
25,1,173.1,56.9,13.9,99.0,133,31.8,5.4,54,243.0,18.98970117
37,1,178.3,72.4,17.5,81.0,131,43.1,18.0,40,249.0,22.7738198
37,1,175.4,79.3,25.9,83.0,132,46.6,10.0,39,229.0,25.77591015
23,1,174.0,69.4,12.2,73.0,127,40.7,16.3,59,261.0,22.92244682
52,1,145.8,58.6,45.8,86.0,138,19.9,13.2,10,50.0,27.5665596
36,1,177.4,68.3,9.8,83.0,122,40.9,16.5,57,240.0,21.70268529
42,1,172.0,68.0,12.0,82.0,126,56.0,16.0,46,215.0,22.98539751
21,1,183.5,88.7,27.0,82.0,134,49.5,-5.3,26,201.0,26.34216603
38,1,175.6,75.4,23.5,80.0,112,44.3,7.9,48,198.0,24.4524468
21,0,156.2,57.7,32.5,68.0,115,26.8,25.5,37,152.0,23.64905297
52,0,150.7,57.2,35.1,70.0,120,21.3,18.2,21,149.0,25.18659879
62,0,164.9,60.6,23.9,77.0,121,31.1,25.5,29,142.0,22.28595826
37,1,163.4,59.8,21.4,82.0,139,41.2,20.7,53,236.0,22.39737284
49,1,172.1,67.7,16.1,91.0,144,43.3,14.2,34,232.0,22.85740524
64,1,164.0,71.2,24.5,73.0,121,43.6,13.2,32,172.0,26.47233789
25,0,163.4,59.0,34.2,96.0,148,29.4,18.5,39,136.0,22.09774243
36,1,180.7,74.0,12.8,92.0,130,56.8,21.6,66,246.0,22.66289646
47,0,155.6,66.8,36.1,97.0,142,26.6,-1.3,18,143.0,27.59035428
50,0,167.7,64.4,18.7,87.0,142,31.4,22.0,33,167.0,22.89917005
36,1,177.9,67.0,10.8,64.0,118,41.9,13.9,53,240.0,21.17009986
26,1,174.7,90.1,21.6,96.0,159,59.6,25.0,66,230.0,29.52153811
36,1,176.0,81.3,24.5,81.0,139,46.2,8.1,54,232.0,26.24612603
26,1,158.8,56.8,19.4,77.0,119,42.8,15.1,55,225.0,22.52409444
36,1,177.3,92.4,22.3,87.0,151,38.8,23.3,53,226.0,29.39371643
64,1,167.9,69.4,26.3,71.0,141,31.6,19.5,32,181.0,24.61830105
48,1,171.0,66.2,17.3,99.0,144,48.8,16.0,49,225.0,22.63944462
31,1,170.0,70.6,19.7,77.0,139,47.5,16.0,48,220.0,24.42906574
37,1,175.0,76.3,18.6,80.0,120,42.0,18.0,46,240.0,24.91428571
52,1,178.1,76.5,21.1,80.0,117,52.0,15.4,38,200.0,24.11757269
40,0,163.1,53.88,30.0,67.0,119,21.7,20.3,15,153.0,20.25441317
56,1,164.0,68.66,22.3,92.0,144,41.2,10.8,44,199.0,25.52795955
27,0,168.2,67.24,29.4,83.0,124,37.5,26.0,45,173.0,23.76707419
31,0,165.0,54.7,27.9,83.0,121,28.2,-1.1,32,137.0,20.09182736
39,0,159.0,54.9,18.9,62.0,116,30.6,24.4,51,198.0,21.71591314
49,1,171.9,72.4,22.1,95.0,155,44.1,18.6,60,204.0,24.50116939
26,0,156.2,43.8,22.7,74.0,140,19.3,14.4,24,130.0,17.95196742
37,0,154.0,51.8,31.3,70.0,117,26.6,19.8,53,171.0,21.84179457
24,1,164.0,63.7,22.2,80.0,120,37.3,13.9,49,214.0,23.68381916
29,0,164.9,53.0,20.3,62.0,102,29.3,6.7,29,136.0,19.4910196
62,0,153.5,52.2,22.6,66.0,109,15.5,14.1,0,88.0,22.15408121
21,0,154.4,51.2,30.5,60.0,105,22.0,16.4,26,130.0,21.47708663
56,1,172.8,67.5,20.8,78.0,144,35.0,16.6,41,199.0,22.60561343
22,0,161.0,53.3,20.5,74.0,120,32.0,20.0,55,199.0,20.5624783
21,1,169.8,74.8,28.2,65.0,146,29.8,-1.4,40,177.0,25.94336023
53,1,166.9,67.9,24.6,86.0,133,38.8,11.8,51,187.0,24.37570026
63,0,155.6,52.7,24.2,75.0,132,23.1,23.1,23,125.0,21.76664177
21,1,170.0,61.7,18.1,68.0,125,37.5,13.6,48,226.0,21.34948097
43,1,169.7,73.5,24.2,89.0,144,45.1,-14.7,28,205.0,25.52252597
58,1,166.7,73.5,29.3,82.0,121,35.6,19.7,42,190.0,26.44941917
34,1,168.8,65.0,19.5,91.0,134,48.7,12.3,41,225.0,22.81226837
60,0,156.2,60.7,36.2,97.0,151,23.5,20.7,10,109.0,24.87863978
21,0,164.3,52.1,20.8,62.0,108,25.7,25.0,44,182.0,19.30023497
57,0,151.9,60.6,37.6,87.0,151,24.9,9.2,28,134.0,26.2637706
21,0,160.9,51.2,22.1,53.0,101,25.8,18.6,39,176.0,19.7768843
60,1,172.0,68.3,19.5,89.0,156,43.3,6.4,27,211.0,23.08680368
27,1,173.4,66.4,15.8,73.0,127,38.8,10.3,49,228.0,22.08360106
26,1,182.5,71.68,11.0,82.0,143,55.7,12.9,45,196.0,21.52148621
36,1,166.7,74.1,20.3,85.0,152,46.3,22.9,59,243.0,26.6653328
26,1,169.1,72.3,19.3,95.0,153,39.7,8.2,52,218.0,25.28430859
22,1,172.4,72.6,17.9,85.0,131,45.7,15.1,54,224.0,24.42654809
31,0,159.3,47.9,19.2,96.0,125,27.4,25.4,57,211.0,18.87573892
22,1,166.6,59.1,15.4,72.0,128,39.1,15.6,65,245.1,21.29303102
27,0,161.1,58.2,33.7,73.0,110,28.3,24.8,26,155.0,22.42497171
24,1,178.0,63.4,10.9,78.0,120,47.6,5.6,43,254.0,20.01009973
30,1,175.8,80.0,15.2,73.0,130,52.8,8.5,68,246.0,25.88524295
42,0,161.3,61.0,35.6,58.0,100,26.3,8.8,20,122.0,23.44558645
31,1,175.1,76.2,19.7,80.0,152,44.8,17.9,48,240.0,24.85322086
25,0,157.2,43.5,22.8,70.0,109,21.0,15.9,30,145.0,17.60289804
25,1,168.6,63.9,18.3,59.0,108,32.3,19.8,45,194.0,22.47945188
56,0,154.6,67.4,43.6,74.0,122,19.6,11.9,15,105.0,28.19946814
56,0,157.2,53.0,25.6,64.0,128,25.7,26.3,26,166.0,21.44720911
42,1,173.4,69.2,16.8,98.0,153,54.2,19.9,47,233.0,23.01483725
21,1,178.4,72.2,12.3,89.0,138,50.0,22.8,63,230.0,22.68545517
47,0,166.3,57.5,25.0,89.0,116,27.3,27.0,45,175.0,20.79138145
45,0,155.9,58.2,37.2,80.0,110,27.9,18.6,19,146.0,23.94587738
21,1,188.2,96.4,20.9,62.0,106,55.9,-3.9,43,229.0,27.21684599
25,1,171.4,71.4,24.4,64.0,118,40.1,16.5,59,205.0,24.30393397
50,0,160.4,62.7,32.4,74.0,135,26.3,18.0,28,135.0,24.37018427
51,1,166.5,63.5,19.0,69.0,123,34.1,17.1,52,210.0,22.90578867
63,1,168.4,74.1,12.0,88.0,154,43.2,20.8,34,185.0,26.12967654
21,0,157.2,48.5,26.4,54.0,130,19.2,30.3,37,177.0,19.62621966
23,0,162.9,50.1,15.5,60.0,100,23.7,15.2,32,165.0,18.87972035
26,0,164.9,62.6,28.8,76.0,122,32.6,11.1,41,156.0,23.02146844
22,0,159.6,52.9,25.8,66.0,110,27.6,22.0,41,170.0,20.76777156
61,1,163.9,59.4,24.6,74.0,155,18.9,12.5,19,157.0,22.11202608
32,1,170.4,85.22,20.9,82.0,142,51.9,15.6,54,219.0,29.34961097
59,0,158.2,54.34,29.6,74.0,133,25.1,28.6,42,148.0,21.71234223
28,1,175.5,73.1,23.4,78.0,128,46.1,12.6,41,227.0,23.73357359
44,0,165.5,56.5,18.59,78.0,131,26.8,22.7,39,169.0,20.62777813
25,1,176.3,63.8,9.8,95.0,130,39.9,23.4,45,238.0,20.52655438
34,1,170.8,78.1,29.1,93.0,135,39.2,1.0,25,143.0,26.77166002
52,0,155.1,47.3,25.0,80.0,132,24.2,12.5,18,149.0,19.6624461
50,1,163.4,60.8,13.9,62.0,118,43.8,19.1,47,216.0,22.77191085
38,0,161.0,70.8,42.0,99.0,143,26.9,13.4,24,120.0,27.31376104
41,1,175.8,71.3,14.5,80.0,137,42.5,23.4,48,234.0,23.07022278
29,1,176.6,73.9,19.3,91.0,139,36.5,13.7,53,229.0,23.6953452
34,1,178.0,88.4,32.7,88.0,142,61.6,17.0,43,188.0,27.90051761
24,1,173.7,67.4,14.7,81.0,140,51.8,20.7,64,244.0,22.33882159
62,1,169.7,87.6,32.8,99.0,148,30.4,-7.3,24,122.0,30.41868402
25,1,176.3,80.0,29.0,99.0,150,44.1,-0.9,32,175.0,25.73862618
52,0,155.7,50.2,29.7,93.0,159,22.4,20.2,14,126.0,20.70744383
41,1,174.0,69.1,12.0,80.0,98,42.2,24.4,66,244.0,22.82335844
52,1,174.4,72.5,23.0,84.0,149,51.1,-1.2,47,168.0,23.83664043
53,1,169.0,67.8,18.9,74.0,138,37.6,7.3,40,194.0,23.73866461
27,1,172.3,75.24,21.3,80.0,130,54.9,18.4,60,217.0,25.34417928
59,1,169.1,68.7,10.4,84.0,131,45.7,21.1,52,149.0,24.02533886
26,1,178.7,80.0,19.9,65.0,127,45.2,14.3,51,200.0,25.05191226
21,1,168.4,67.5,23.2,74.0,122,34.0,13.2,48,166.0,23.80233693
30,1,167.7,70.9,16.4,81.0,149,49.4,18.8,55,232.0,25.21042168
59,1,163.7,61.0,17.1,83.0,134,43.1,19.4,49,209.0,22.76315608
28,1,174.6,78.2,20.0,78.0,138,49.1,16.6,51,225.0,25.65182535
25,0,168.6,55.0,19.8,73.0,126,30.3,20.1,38,178.0,19.34851101
25,1,167.6,59.6,19.0,57.0,115,50.2,17.7,38,218.0,21.21769641
29,1,175.4,74.4,16.1,77.0,124,58.4,23.5,48,245.0,24.18319944
43,1,170.0,69.3,16.9,77.0,123,43.0,19.0,30,205.0,23.97923875
25,1,177.3,78.0,17.3,86.0,144,42.5,29.0,49,224.0,24.8128775
51,1,165.5,67.68,18.3,86.0,134,43.9,25.4,57,213.0,24.70952255
21,0,160.2,59.82,27.0,75.0,125,28.9,17.6,52,185.0,23.30887888
41,0,159.0,52.4,23.2,71.0,113,22.0,21.5,40,174.0,20.7270282
40,0,173.2,65.22,27.4,67.0,111,28.4,17.8,31,176.0,21.74127549
27,1,173.8,68.4,13.9,69.0,110,47.8,14.1,49,244.0,22.64417786
63,1,171.0,70.2,20.7,66.0,125,40.5,-1.6,18,179.0,24.00738689
33,1,170.3,68.0,20.3,74.0,135,45.7,18.6,49,222.0,23.44658609
25,1,175.9,65.02,14.2,92.0,137,39.4,15.1,54,227.0,21.01431734
24,1,177.0,76.7,16.1,65.0,113,33.1,-3.5,40,236.0,24.48210923
33,0,162.2,51.8,28.0,62.0,102,25.2,19.8,24,155.0,19.68919952
35,1,173.1,72.1,22.8,94.0,144,38.5,9.4,54,205.0,24.06252117
23,1,173.0,63.4,14.6,90.0,120,45.5,28.5,65,267.0,21.18346754
60,0,157.8,59.7,35.9,98.0,158,20.3,14.5,9,110.0,23.97509482
22,1,183.5,71.4,17.6,81.0,125,34.7,-10.1,44,208.0,21.20440422
26,1,171.6,67.7,19.3,56.0,113,46.7,1.2,49,208.0,22.99080096
37,0,159.7,53.3,25.1,73.0,109,27.0,32.7,34,141.0,20.89860881
25,1,171.4,65.7,10.7,87.0,142,49.9,15.7,62,256.0,22.36370395
40,1,178.9,77.3,26.0,99.0,159,39.8,21.9,43,221.0,24.1523177
21,1,170.6,58.7,14.8,73.0,119,46.3,24.2,55,235.0,20.16879945
63,1,167.6,68.9,30.7,79.0,143,42.2,18.7,31,177.0,24.52851146
55,1,168.0,63.1,18.3,69.0,116,38.7,17.5,34,195.0,22.35685941
36,1,173.0,71.7,18.8,70.0,130,45.1,19.6,57,228.0,23.95669752
25,1,180.0,67.2,14.3,97.0,155,38.3,16.7,62,239.0,20.74074074
37,1,174.3,78.4,16.6,70.0,125,46.0,11.9,45,236.0,25.80603539
51,0,154.2,61.6,32.3,71.0,127,25.1,14.1,8,130.0,25.90669217
32,0,164.4,57.3,26.2,61.0,100,29.1,24.6,30,159.0,21.20073881
21,0,166.2,55.7,29.1,68.0,114,29.8,25.1,52,183.0,20.16476459
31,1,172.2,64.1,15.7,68.0,103,33.3,10.8,37,200.0,21.61681647
37,1,176.0,81.3,20.6,96.0,149,46.0,25.1,64,236.0,26.24612603
21,1,175.0,64.1,14.8,70.0,120,39.7,24.7,61,240.0,20.93061224
62,0,160.2,67.1,33.7,76.0,159,23.9,19.9,14,101.0,26.14553282
64,1,174.0,64.1,21.9,80.0,157,31.5,3.1,34,180.0,21.17188532
23,0,167.8,51.8,23.1,97.0,132,31.3,23.0,46,191.0,18.39695079
22,0,158.5,49.3,27.0,37.0,77,27.1,21.0,59,178.0,19.62403845
42,1,173.1,68.6,18.6,85.0,128,40.3,6.8,32,205.0,22.89443762
33,1,170.1,69.1,20.3,94.0,137,39.2,27.6,43,203.0,23.88192995
21,1,173.3,60.8,13.3,74.0,137,40.6,6.2,46,226.0,20.24447198
59,1,172.1,66.0,26.0,75.0,144,36.8,17.2,43,190.0,22.2834379
22,0,176.2,68.8,26.1,70.0,135,29.0,19.3,48,172.0,22.16035075
64,1,172.1,70.6,22.0,71.0,127,41.6,3.0,39,215.0,23.836526
30,0,155.6,53.9,27.7,63.0,108,31.7,23.7,45,170.0,22.26227688
25,0,168.8,60.2,22.6,65.0,117,27.5,21.9,35,162.0,21.12767009
41,0,168.1,62.5,25.5,72.0,137,26.4,24.8,23,164.0,22.11793566
24,1,182.5,66.7,20.2,98.0,138,40.3,15.1,44,222.0,20.02627135
30,1,160.6,53.3,17.4,79.0,123,41.9,14.3,71,241.0,20.66503414
21,0,166.4,67.6,31.3,75.0,123,31.5,27.1,40,180.0,24.4140625
22,0,165.3,51.5,22.8,94.0,130,25.2,28.5,57,173.0,18.8478372
28,0,159.7,56.8,20.9,75.0,119,25.3,19.1,56,172.0,22.27093772
25,1,175.9,69.02,16.4,69.0,138,47.8,15.9,54,222.0,22.30710831
62,1,176.3,76.6,19.5,86.0,156,32.8,7.7,34,167.0,24.64473457
27,1,174.5,76.8,14.6,91.0,154,51.9,16.0,58,237.0,25.2214678
21,0,161.5,57.04,28.0,69.0,137,28.3,22.6,50,187.0,21.86927892
24,1,183.1,79.9,14.9,77.0,138,51.1,14.0,53,214.0,23.83252684
28,0,159.1,49.1,21.0,71.0,118,27.3,11.3,41,135.0,19.39729331
23,1,163.0,61.16,12.4,65.0,124,38.3,20.8,54,218.0,23.01930822
22,0,169.0,52.1,22.1,74.0,125,27.5,3.6,49,159.0,18.24165821
26,1,178.4,84.8,34.2,86.0,152,38.2,15.4,61,190.0,26.64441272
26,0,162.1,60.3,28.5,80.0,136,29.0,21.8,35,156.0,22.94834036
28,1,178.3,76.8,3.0,73.0,145,53.66,29.5,68,259.0,24.15786409
22,0,166.3,53.8,19.7,76.0,128,28.0,21.3,46,181.0,19.45350125
57,1,165.9,85.3,26.3,82.0,150,44.9,10.8,30,180.0,30.99247497
62,1,169.3,66.9,25.4,87.0,143,42.7,11.2,27,161.0,23.34060997
60,0,143.4,52.2,34.2,99.0,151,26.1,21.8,22,71.0,25.38470965
52,0,161.3,56.0,28.4,83.0,149,27.0,14.9,21,131.0,21.52381706
23,0,157.1,50.76,26.4,87.0,127,27.0,21.4,55,187.0,20.56691927
22,0,158.3,51.6,27.0,82.0,145,21.3,19.0,40,138.0,20.59149468
22,1,170.9,64.2,21.7,78.0,130,31.0,-15.0,56,186.0,21.98117494
46,0,155.0,43.0,20.0,62.0,110,20.9,27.3,31,153.0,17.89802289
21,1,178.1,67.9,10.2,82.0,110,40.7,10.1,46,240.0,21.40631616
28,1,167.0,62.1,14.0,64.0,108,39.4,11.3,48,229.0,22.26684356
26,1,173.9,85.1,31.4,74.0,129,49.4,9.0,57,200.0,28.1404084
59,1,175.4,60.3,10.1,75.0,107,39.2,16.1,41,195.0,19.60009309
26,1,166.8,64.7,19.5,59.0,116,40.1,18.1,51,241.0,23.25477747
44,0,167.9,64.3,38.1,80.0,127,32.3,-6.0,18,97.0,22.80917518
26,0,162.0,55.9,30.8,79.0,127,26.9,23.6,47,204.0,21.30010669
22,1,186.2,135.78,35.2,69.0,141,49.7,0.1,26,216.0,39.16304495
32,0,151.2,52.4,31.7,90.0,133,23.0,19.7,33,104.0,22.92069091
43,1,168.0,60.7,18.2,88.0,158,34.1,16.6,55,222.0,21.50651927
64,0,160.3,56.8,35.9,57.0,118,18.7,19.1,29,90.0,22.1045303
24,1,173.0,72.8,20.4,81.0,120,47.3,13.6,42,230.0,24.32423402
62,0,144.9,47.9,36.6,93.0,159,15.4,11.5,5,91.0,22.81385844
25,0,163.5,58.6,25.0,74.0,117,27.3,17.3,29,181.0,21.92108782
23,1,169.9,69.4,16.4,61.0,132,37.4,8.2,42,201.0,24.04211736
32,1,170.8,72.2,24.1,80.0,127,47.4,16.6,60,205.0,24.74921707
50,0,166.4,67.7,29.4,83.0,140,23.9,11.4,30,160.0,24.45017798
21,1,173.1,80.1,21.1,83.0,135,44.0,19.2,59,237.0,26.73242643
57,0,161.3,45.2,16.4,66.0,114,23.4,27.5,22,153.0,17.3727952
37,0,160.5,74.9,36.4,93.0,126,33.9,17.8,18,161.0,29.07580478
26,1,172.3,118.6,35.4,79.0,144,57.3,3.0,29,195.0,39.94975628
49,0,155.8,54.2,29.6,47.0,102,24.9,18.5,32,161.0,22.32874839
22,1,165.6,76.1,26.4,84.0,146,36.5,21.9,39,214.0,27.75006418
42,1,168.7,63.9,22.7,66.0,126,49.2,18.1,53,211.0,22.45280957
38,1,178.5,97.8,27.5,90.0,158,48.3,13.6,44,215.0,30.69463079
59,1,171.8,82.0,28.0,94.0,152,36.2,-13.6,23,175.0,27.78225757
21,1,168.7,62.3,16.7,86.0,137,36.4,8.7,68,240.0,21.8906109
40,1,167.6,71.0,22.1,75.0,134,43.4,7.0,35,182.0,25.27611485
29,0,160.8,59.6,25.6,81.0,129,26.1,22.8,34,175.0,23.05017203
40,1,171.2,73.7,23.6,82.0,149,42.3,7.0,36,201.0,25.14548214
39,0,170.9,71.5,36.5,92.0,141,25.7,5.1,13,159.0,24.48059203
48,0,160.3,52.3,16.4,71.0,114,37.3,23.6,47,178.0,20.3532911
21,1,178.2,69.2,10.3,68.0,115,39.2,20.2,45,213.0,21.79167911
25,1,175.1,72.7,20.1,95.0,155,46.2,9.0,37,230.0,23.71166872
58,1,177.8,71.2,24.1,97.0,158,42.1,10.5,27,164.0,22.52249402
31,0,162.7,53.58,29.3,78.0,142,32.8,24.2,47,180.0,20.24079673
21,1,179.0,82.8,15.4,67.0,122,58.9,19.9,56,278.0,25.84189008
32,1,162.0,73.8,35.3,94.0,155,46.5,14.9,34,189.0,28.12071331
55,0,161.4,48.9,21.0,79.0,130,20.2,13.5,31,139.0,18.77162191
54,1,174.5,71.6,14.5,82.0,140,34.4,23.2,38,212.0,23.51376425
29,0,169.6,51.8,24.6,73.0,119,26.2,15.8,38,178.0,18.00852172
24,1,180.1,71.9,11.0,85.0,140,51.2,23.1,56,250.0,22.16672149
39,1,164.7,59.4,19.9,77.0,126,38.5,10.3,51,202.0,21.89773757
38,0,158.6,58.4,34.7,76.0,138,23.8,18.5,30,162.0,23.2170203
21,0,162.6,64.3,36.0,62.0,117,26.0,9.5,47,161.0,24.3203539
24,0,168.3,61.3,24.5,72.0,110,30.1,35.2,39,182.0,21.64174336
21,1,184.6,68.5,17.9,72.0,143,34.2,13.6,47,201.0,20.10144038
28,1,171.4,62.1,11.5,82.0,123,34.3,23.4,55,243.0,21.13829551
43,1,173.3,76.1,21.4,85.0,144,43.4,10.7,48,220.0,25.3388868
21,1,178.9,75.5,17.2,81.0,138,40.8,15.4,55,213.0,23.58990927
28,0,162.0,60.4,31.9,71.0,106,32.4,13.9,42,175.0,23.01478433
61,0,159.1,53.6,25.3,71.0,127,26.8,22.3,18,118.0,21.17504931
28,0,161.7,54.5,29.4,75.0,110,23.2,18.5,34,159.0,20.84377913
41,1,170.5,69.7,20.6,86.0,130,50.0,18.6,38,187.0,23.97640199
30,1,175.2,91.5,24.3,80.0,134,45.3,16.4,45,212.0,29.80937637
48,1,167.6,66.4,16.1,94.0,140,43.4,14.4,38,235.0,23.63850741
21,0,160.5,47.7,21.1,63.0,109,31.0,21.9,47,162.0,18.51690104
32,1,164.4,59.9,17.4,82.0,150,45.5,16.9,47,223.0,22.16272696
63,0,152.7,50.0,21.2,87.0,153,31.4,21.6,17,135.0,21.44331524
42,1,169.5,77.5,22.8,76.0,116,41.6,11.2,37,191.0,26.97505243
26,1,173.5,68.4,11.9,81.0,143,46.0,15.4,71,243.0,22.72255396
32,0,160.4,58.7,30.6,65.0,109,34.2,21.4,42,158.0,22.81546757
61,1,167.9,64.0,22.7,98.0,146,45.3,14.1,36,212.0,22.70275601
34,1,171.7,74.22,22.6,86.0,138,56.1,11.4,38,229.0,25.17563072
45,0,158.5,57.4,25.3,75.0,121,31.3,19.0,34,153.0,22.84827195
24,0,152.4,42.5,23.4,57.0,112,27.4,14.2,50,184.0,18.29864771
28,0,161.6,56.0,19.2,85.0,149,22.3,19.2,49,152.0,21.44397608
64,1,169.0,69.8,21.8,87.0,138,38.7,9.2,31,169.0,24.43892021
24,1,172.1,64.5,16.8,88.0,154,40.2,21.7,63,201.0,21.77699613
27,1,181.4,83.1,19.5,91.0,135,44.9,19.0,53,232.0,25.25378381
31,1,172.4,76.4,22.1,70.0,128,46.4,14.5,57,217.0,25.70507265
21,1,169.7,62.7,18.1,86.0,143,40.1,24.2,49,227.0,21.77227726
33,1,169.9,77.3,22.7,79.0,138,55.7,22.3,51,200.0,26.77890017
26,0,167.7,50.1,16.9,59.0,107,25.7,27.3,34,174.0,17.81441645
47,0,159.9,52.0,25.2,61.0,96,27.4,24.4,31,164.0,20.33791445
21,1,171.3,94.86,33.4,95.0,158,49.9,12.5,39,200.0,32.32722265
52,1,167.3,95.6,33.4,83.0,123,53.1,8.2,36,156.0,34.15592178
42,0,167.9,66.8,36.6,75.0,115,18.4,8.5,12,107.0,23.69600158
32,1,170.6,68.0,16.3,92.0,159,45.8,15.0,50,224.0,23.36419698
52,0,165.0,51.6,27.8,75.0,131,24.8,11.5,9,90.0,18.95316804
27,0,166.7,47.9,24.9,56.0,115,21.8,19.0,20,151.0,17.23710447
38,0,157.4,54.0,28.6,75.0,113,28.0,27.3,35,175.0,21.79637663
27,1,172.8,70.2,16.5,84.0,120,45.9,23.8,52,222.0,23.50983796
21,0,159.1,57.4,24.2,79.0,121,30.5,21.2,51,179.0,22.6762655
64,0,152.7,59.8,29.5,60.0,110,21.1,23.7,12,134.0,25.64620503
64,1,168.0,73.0,20.5,84.0,127,41.8,12.6,27,190.0,25.86451247
23,1,167.4,61.54,8.8,90.0,153,59.1,28.1,67,247.0,21.9607205
22,1,168.4,69.9,15.0,51.0,118,44.0,16.3,61,234.0,24.64864224
46,1,176.6,68.4,18.2,78.0,140,43.4,17.3,38,205.0,21.93182153
21,0,156.0,43.4,26.3,68.0,116,22.1,2.0,14,119.0,17.83366206
26,1,166.7,59.4,12.4,72.0,118,33.0,12.5,53,195.0,21.37544897
26,0,157.9,60.2,33.1,70.0,127,37.2,24.9,34,178.0,24.14527918
21,0,170.9,62.7,21.3,75.0,121,24.9,19.8,41,198.0,21.46759608
52,0,155.9,48.7,27.7,82.0,114,15.9,24.4,14,132.0,20.03718605
43,0,164.1,58.1,24.1,74.0,113,27.36,11.5,28,179.0,21.57540567
45,0,159.2,51.2,15.3,94.0,129,27.3,28.9,56,198.0,20.20151006
40,1,183.2,94.4,24.4,81.0,131,45.9,8.4,30,217.0,28.12684731
56,0,155.0,50.4,31.8,83.0,123,18.6,14.0,23,144.0,20.97814776
44,0,167.4,60.4,28.0,73.0,121,25.9,21.6,21,141.0,21.55390832
62,0,158.1,69.1,41.3,76.0,130,22.6,22.4,1,81.0,27.64485444
33,0,157.2,50.8,32.6,67.0,127,22.6,18.8,38,141.0,20.5569476
43,1,170.1,76.7,19.2,91.0,148,49.1,19.5,49,210.0,26.50859663
49,0,156.7,63.28,33.9,86.0,149,26.2,19.8,39,159.0,25.77083424
29,1,169.3,76.8,20.8,80.0,120,52.6,21.2,40,212.0,26.79460159
21,1,173.7,73.0,16.4,64.0,117,47.2,2.2,35,211.0,24.19486611
63,1,169.0,65.3,17.2,61.0,104,37.0,12.7,31,181.0,22.86334512
62,1,161.0,66.5,25.4,99.0,157,35.8,9.1,34,177.0,25.65487443
53,1,163.9,70.8,24.8,79.0,135,45.7,19.9,44,208.0,26.35574825
21,1,174.5,69.0,20.0,89.0,151,42.3,20.5,33,195.0,22.65991248
50,0,168.2,56.5,31.6,71.0,123,17.4,7.9,16,140.0,19.9708461
33,1,179.0,73.8,13.7,81.0,141,50.1,21.8,50,225.0,23.03298898
31,1,176.0,86.8,27.5,93.0,159,49.2,11.1,49,202.0,28.02169421
54,1,176.0,68.9,18.9,82.0,149,40.2,10.5,44,182.0,22.24302686
28,1,171.7,80.2,18.7,77.0,122,50.7,19.0,58,241.0,27.20406338
40,1,181.8,80.8,22.1,94.0,134,54.9,14.1,58,197.0,24.44688913
30,1,173.5,70.7,18.6,79.0,140,56.3,14.7,30,229.0,23.48661645
31,1,172.2,73.4,20.3,88.0,134,49.0,20.7,46,220.0,24.75310965
22,0,162.0,53.8,29.0,80.0,120,27.0,10.8,25,140.0,20.49992379
40,0,163.3,47.7,16.1,70.0,122,27.9,27.6,32,185.0,17.88735019
47,0,164.6,60.4,32.6,79.0,119,24.1,15.4,21,150.0,22.29344971
39,1,172.7,71.0,23.4,97.0,139,45.3,16.9,34,201.0,23.8053008
22,1,178.4,78.6,15.7,81.0,134,41.5,12.6,47,235.0,24.69635424
26,1,172.8,68.6,18.4,67.0,126,44.3,12.7,58,201.0,22.9740012
26,1,172.5,78.9,24.4,75.0,124,48.7,7.8,59,185.0,26.51543793
32,1,171.5,71.9,15.5,60.0,120,47.5,15.7,47,238.0,24.44559665
25,1,182.5,79.8,12.9,71.0,137,46.8,19.1,49,200.0,23.95946707
60,1,164.7,55.8,17.7,83.0,147,27.2,14.1,27,165.0,20.57060196
32,1,172.5,73.9,20.0,77.0,137,37.0,10.6,45,200.0,24.83511867
31,1,177.3,72.0,29.2,85.0,133,37.0,-7.8,17,202.0,22.90419462
46,0,157.7,44.9,18.4,57.0,99,26.5,21.9,30,165.0,18.0543956
51,0,163.9,52.82,15.7,74.0,116,32.1,20.7,30,164.0,19.66257942
56,1,174.9,71.3,15.8,80.0,123,43.1,21.9,40,198.0,23.30826306
35,1,175.5,74.5,20.7,68.0,125,56.6,20.9,52,225.0,24.18811536
40,1,171.3,75.2,20.7,64.0,111,44.4,15.4,41,220.0,25.62731545
33,1,171.7,71.62,21.0,65.0,116,51.3,23.8,47,224.0,24.29370348
28,0,158.1,49.4,27.2,68.0,103,29.0,32.6,40,167.0,19.76347047
26,1,172.3,83.9,22.5,80.0,130,46.5,15.4,44,254.0,28.26125254
58,1,168.6,64.0,19.2,94.0,145,40.4,20.1,37,209.0,22.51463099
23,0,166.1,67.2,35.8,79.0,131,24.3,16.3,25,164.0,24.3573484
23,0,162.2,60.9,28.0,57.0,100,27.4,20.0,38,157.0,23.14811295
30,1,171.5,75.6,18.3,90.0,136,38.5,14.7,43,221.0,25.70357589
61,0,154.9,46.2,31.3,89.0,137,21.1,5.6,5,76.0,19.25480568
62,0,150.2,47.7,27.4,80.0,146,20.9,23.3,38,115.0,21.14357953
47,1,172.0,95.0,38.1,96.0,143,40.1,9.0,26,175.0,32.11195241
21,1,179.1,70.5,12.0,96.0,154,46.5,9.3,47,240.0,21.97849474
56,0,164.4,57.9,34.9,88.0,145,25.1,16.1,23,135.0,21.42273607
46,1,169.4,69.6,17.2,86.0,144,46.1,25.5,51,202.0,24.25394719
40,1,183.0,74.9,15.1,79.0,139,55.5,16.9,42,220.0,22.36555287
21,0,155.9,48.7,23.7,83.0,118,24.9,24.0,43,149.0,20.03718605
44,1,169.5,75.6,24.6,99.0,147,38.1,7.6,38,205.0,26.31372856
25,0,174.5,66.6,33.1,76.0,119,27.1,4.5,15,143.0,21.87174161
29,1,174.2,77.1,24.2,97.0,137,37.6,3.1,36,190.0,25.40727432
59,0,162.6,52.98,24.5,78.0,152,24.6,13.7,15,152.0,20.03876127
56,1,176.8,73.8,23.1,93.0,150,31.0,10.4,33,179.0,23.60977457
26,1,176.7,69.1,13.4,75.0,130,48.8,14.0,45,236.0,22.13119926
24,1,174.7,72.1,16.5,79.0,132,46.0,15.8,42,217.0,23.62378355
62,0,154.9,64.3,35.2,77.0,134,20.4,27.8,6,92.0,26.79835509
21,1,167.6,55.2,9.6,70.0,118,35.4,16.4,57,242.0,19.6512893
59,1,166.4,64.5,22.3,91.0,155,36.6,17.6,38,189.0,23.29448271
21,1,168.9,75.7,27.4,76.0,134,45.9,10.6,58,232.0,26.53606855
47,1,178.6,79.1,17.5,94.0,134,41.8,23.3,50,216.0,24.79782406
25,1,170.4,70.9,19.4,83.0,134,47.7,12.9,52,206.0,24.41782935
26,1,181.9,69.9,11.4,86.0,152,39.3,10.5,63,232.0,21.12573256
49,1,174.2,74.2,19.9,88.0,142,47.6,20.3,51,221.0,24.45161809
49,0,162.5,52.7,25.2,73.0,137,24.7,16.4,24,138.0,19.95739645
60,1,168.7,73.2,17.3,62.0,103,39.1,9.1,30,181.0,25.72058937
44,0,167.1,58.4,23.7,81.0,122,23.1,12.1,12,127.0,20.91510009
45,0,162.7,54.4,27.0,97.0,128,26.0,18.7,35,160.0,20.55056629
24,0,161.5,59.24,27.6,80.0,125,29.2,22.2,54,169.0,22.71276443
53,1,168.6,66.0,18.4,89.0,150,34.2,10.5,28,181.0,23.21821321
32,1,168.8,62.6,18.5,66.0,108,38.0,11.4,46,224.0,21.96996923
22,0,153.4,49.5,33.7,55.0,95,17.8,20.7,10,106.0,21.03557945
21,1,185.3,79.3,14.0,97.0,153,52.5,16.7,56,265.0,23.09523303
23,1,170.8,61.4,17.1,65.0,129,37.3,10.5,51,198.0,21.04711812
44,1,172.0,75.4,19.2,86.0,141,47.4,17.2,63,188.0,25.48674959
27,1,170.1,100.0,37.7,94.0,143,34.8,3.8,12,156.0,34.56140369
62,1,166.2,65.5,21.45024,88.0,156,29.2,19.8,33,181.0,23.71260468
32,1,181.0,78.8,17.6,68.0,114,49.5,10.6,52,182.0,24.05298984
62,0,151.3,48.4,24.3,87.0,153,23.1,24.4,19,146.0,21.14304361
21,1,179.9,72.1,19.7,81.0,154,43.4,6.0,55,246.0,22.27783269
21,0,170.2,65.8,27.1,77.0,117,26.9,19.8,40,177.0,22.71468833
54,1,157.2,54.0,21.6,90.0,135,33.2,15.5,27,177.0,21.85187343
29,1,174.3,74.4,15.7,85.0,159,52.2,15.7,41,232.0,24.48940093
24,1,170.2,67.0,18.6,93.0,131,40.9,21.7,57,204.0,23.12893796
40,1,173.6,76.0,15.2,70.0,140,44.7,25.2,55,228.0,25.21820383
56,0,158.3,56.2,35.3,84.0,131,23.1,20.4,8,150.0,22.42717056
23,1,179.0,87.4,29.3,92.0,157,46.8,12.4,50,211.0,27.27755064
26,1,179.9,82.5,18.4,93.0,133,46.4,22.7,31,248.0,25.49127874
23,1,177.4,69.7,12.77857,82.0,145,48.9,10.5,49,242.0,22.14754267
57,1,168.5,66.0,24.1,88.0,156,42.1,9.5,30,212.0,23.2457801
63,0,156.3,46.1,24.1,82.0,131,21.6,17.3,15,142.0,18.87048096
31,1,180.5,78.5,26.9,67.0,118,49.7,15.0,49,168.0,24.09435164
29,1,173.4,75.1,21.6,78.0,138,38.0,18.0,53,215.0,24.97708494
22,1,177.6,71.8,19.2,65.0,108,41.6,10.2,48,199.0,22.76347293
38,1,181.3,71.2,5.8,71.0,106,46.6,17.2,40,240.0,21.66129343
35,0,154.0,47.6,23.9,84.0,129,21.9,24.5,34,149.0,20.07083825
36,0,155.6,47.2,13.4,83.0,129,22.5,16.1,54,190.0,19.49498087
61,1,167.6,77.72,29.1,85.0,128,38.2,8.7,29,167.0,27.66844573
21,0,164.2,59.3,31.7,54.0,108,26.4,24.5,40,164.0,21.99421103
21,1,181.2,95.4,26.0,82.0,147,47.6,17.2,28,212.0,29.05574317
36,1,173.5,79.2,24.5,75.0,135,48.6,0.3,40,199.0,26.31032564
48,1,165.6,55.2,13.3,76.0,111,33.9,12.7,40,190.0,20.12882448
60,1,169.7,78.1,30.8,92.0,150,43.7,17.2,39,162.0,27.11985413
26,1,167.0,61.2,25.7,80.0,121,36.1,17.5,41,223.0,21.94413568
26,1,164.8,62.7,12.2,82.0,138,54.6,17.5,53,247.0,23.08623574
34,1,166.6,63.3,21.0,78.0,113,36.8,8.4,46,194.0,22.80624134
39,1,179.2,79.4,16.1,78.0,123,55.1,12.8,56,253.0,24.72546636
39,0,157.0,52.9,27.0,76.0,113,26.3,24.0,15,140.0,21.46131689
22,1,165.7,71.1,12.7,68.0,129,44.5,10.9,64,222.0,25.89551687
28,1,179.7,69.9,14.1,86.0,152,53.4,27.2,59,225.0,21.64616784
63,0,152.6,51.3,30.2,73.0,127,17.7,17.5,9,115.0,22.02968554
39,1,188.1,81.6,16.1,92.0,149,46.3,20.4,46,242.0,23.0628284
23,0,166.0,55.8,26.4,63.0,108,27.0,21.0,38,165.0,20.24967339
44,1,170.3,73.1,26.0,89.0,130,45.1,20.5,38,210.0,25.20508005
59,1,173.6,74.6,21.4,71.0,110,35.6,17.7,38,172.0,24.75365797
25,1,181.8,81.1,21.7,82.0,120,50.7,13.3,52,217.0,24.53765729
34,0,160.0,90.7,50.2,70.0,122,26.1,5.8,7,98.0,35.4296875
31,0,165.7,57.86,26.4,70.0,112,27.7,27.0,36,171.0,21.07334186
29,1,171.1,76.6,20.0,62.0,122,36.9,11.5,45,190.0,26.16548267
23,1,180.1,65.9,14.4,72.0,130,45.4,18.1,56,234.0,20.31692554
53,1,167.0,65.7,23.7,99.0,153,33.7,14.2,32,185.0,23.55767507
54,1,173.4,86.9,22.8,90.0,152,51.7,16.7,49,190.0,28.90158031
57,0,153.0,57.6,34.7,80.0,120,20.3,20.4,35,139.0,24.6059208
21,1,170.3,81.2,29.4,59.0,101,33.8,12.6,35,200.0,27.99798221
60,0,152.0,55.6,38.9,94.0,137,26.4,16.9,1,120.0,24.06509695
24,1,162.9,72.2,21.4,72.0,102,49.0,21.6,65,237.0,27.20790039
28,1,181.5,68.94,13.6,90.0,125,51.6,16.1,37,201.0,20.92753227
46,1,163.5,71.1,28.6,85.0,144,37.9,14.9,35,204.0,26.59708779
55,0,156.8,52.6,27.6,90.0,149,21.5,24.35,29,122.0,21.39408059
30,1,174.1,70.8,20.9,77.0,117,39.4,11.9,35,205.0,23.3580033
23,1,176.0,69.5,10.2,86.0,143,54.0,11.2,70,227.0,22.43672521
26,1,182.0,81.7,13.9,98.0,155,47.0,16.9,68,260.0,24.66489554
63,0,156.7,66.5,41.3,86.0,142,15.0,13.5,0,65.0,27.082182
22,1,170.4,64.2,13.3,72.0,116,38.3,11.8,55,211.0,22.1103617
46,0,168.5,57.0,28.0,89.0,125,26.6,27.2,32,170.0,20.07590099
25,0,162.2,71.5,41.3,75.0,124,24.9,7.0,5,120.0,27.17717695
37,1,175.6,78.3,21.0,74.0,128,44.0,23.3,49,230.0,25.39292552
44,1,185.0,83.0,11.0,80.0,132,53.3,28.5,38,241.0,24.25127831
34,1,174.3,80.1,16.1,92.0,150,49.5,21.8,61,245.0,26.36560503
33,0,162.7,53.9,33.4,73.0,133,27.6,30.4,42,175.0,20.36168241
22,0,156.5,54.2,27.0,79.0,123,31.6,14.2,38,121.0,22.12944911
46,1,171.2,60.0,15.3,71.0,122,42.9,13.5,49,188.0,20.47122019
23,1,172.5,58.3,6.5,75.0,118,37.2,19.7,55,229.0,19.59252258
24,1,181.3,70.8,9.0,79.0,150,50.9,17.9,57,246.0,21.53960077
23,0,159.4,56.6,26.8,76.0,138,29.5,20.4,45,167.0,22.27613274
25,1,184.6,69.9,13.1,62.0,130,45.1,23.5,58,244.0,20.51227274
28,0,161.5,65.5,22.0,76.0,135,37.7,28.9,49,213.0,25.11286411
58,1,172.4,64.7,18.9,65.0,118,37.2,7.3,44,174.0,21.76856283
56,0,167.0,69.2,30.9,68.0,113,27.8,20.5,22,143.0,24.81265015
35,1,173.8,97.6,31.0,97.0,155,49.4,15.2,43,220.0,32.31099064
22,1,170.2,78.6,22.6,77.0,123,45.4,14.6,57,210.0,27.1333511
62,0,153.0,56.5,33.5,83.0,143,27.3,13.0,21,118.0,24.13601606
22,0,165.8,55.4,28.8,89.0,114,21.8,8.7,31,152.0,20.15304675
45,1,173.7,74.2,19.2,87.0,149,42.9,19.1,36,208.0,24.59258994
32,1,174.9,96.9,28.4,87.0,151,49.8,20.0,45,211.0,31.67700828
35,0,169.8,53.3,16.1,77.0,126,32.9,10.5,28,187.0,18.48637835
30,1,180.3,78.8,16.5,85.0,141,45.1,10.0,48,240.0,24.24011992
31,1,175.3,96.0,28.2,76.0,138,53.4,18.6,50,226.0,31.23973929
31,1,174.1,76.9,20.2,73.0,122,44.4,12.3,59,212.0,25.37048663
21,0,157.6,55.3,33.6,63.0,102,26.3,21.4,36,172.0,22.26448762
64,1,163.4,62.1,27.3,89.0,146,35.1,15.5,27,175.0,23.25881026
62,1,166.3,59.5,19.8,74.0,145,35.3,10.9,33,193.0,21.51455993
48,1,172.0,75.0,38.2,71.0,139,31.9,6.5,21,202.0,25.35154137
29,1,171.7,71.0,16.8,87.0,153,46.4,20.1,58,239.0,24.08339775
37,1,170.1,67.6,24.3,75.0,115,43.6,9.9,40,180.0,23.36350889
25,0,160.2,49.52,30.4,66.0,120,20.9,12.1,36,138.0,19.29548115
34,1,175.4,78.8,22.9,69.0,129,39.1,17.5,53,224.0,25.61338865
37,1,174.9,84.0,19.4,89.0,140,47.4,19.1,73,222.0,27.45994526
44,1,170.0,76.7,29.0,92.0,142,38.3,1.5,36,194.0,26.53979239
28,1,178.8,87.1,27.9,75.0,123,41.1,-11.5,50,198.0,27.24476875
21,1,175.7,71.8,12.8,61.0,118,46.6,25.0,62,262.0,23.25845816
33,0,158.9,51.1,29.1,63.0,118,25.6,7.0,30,162.0,20.23825696
61,1,165.5,75.4,23.8,88.0,167,46.0,12.8,36,171.0,27.52804374
28,1,176.5,87.2,22.7,93.0,144,58.0,13.9,57,218.0,27.99155759
29,1,169.0,73.5,28.7,61.0,115,47.7,18.8,41,204.0,25.73439305
58,0,160.6,62.3,30.5,70.0,126,27.2,16.5,17,141.0,24.15443953
64,0,157.4,55.1,35.2,86.0,159,27.7,14.6,11,113.0,22.2403769
37,0,163.3,53.9,37.0,77.0,117,18.0,3.9,2,103.0,20.21233072
22,1,167.7,71.1,26.0,66.0,128,39.7,5.6,44,200.0,25.28153712
22,1,179.9,74.1,16.0,76.0,135,36.1,13.1,21,212.0,22.89580308
25,1,171.4,73.9,10.2,68.0,136,51.9,27.6,60,269.0,25.15491205
44,1,172.0,79.3,26.3,84.0,139,45.2,11.4,48,192.0,26.80502975
62,1,172.4,75.5,24.3,97.0,159,41.7,12.1,38,181.0,25.4022642
21,1,176.4,65.4,15.9,83.0,104,40.7,11.1,52,230.0,21.01747729
23,1,172.2,79.74,14.4,89.0,158,46.5,13.0,60,218.0,26.89118479
31,1,181.2,85.2,23.3,80.0,116,37.5,15.3,41,205.0,25.94915428
24,0,163.0,59.5,29.2,61.0,109,29.4,21.9,50,174.0,22.39451993
48,0,167.0,61.4,18.6,85.0,134,26.1,24.4,41,178.0,22.01584854
57,0,164.8,52.2,20.6,72.0,128,21.9,19.5,20,186.0,19.22011971
43,0,159.9,47.38,13.5,72.0,127,22.1,24.9,34,159.0,18.53096897
41,1,174.9,70.2,23.1,80.0,135,32.0,3.0,43,201.0,22.94866854
21,1,175.5,61.7,20.0,80.0,120,35.4,19.4,48,232.0,20.03230493
36,1,178.2,72.3,16.5,79.0,130,44.5,10.1,49,219.0,22.76789594
29,0,171.0,59.5,21.5,65.0,109,26.5,16.7,44,171.0,20.34814131
21,0,160.6,59.0,24.8,80.0,127,33.4,24.4,45,210.0,22.87499089
21,1,178.7,65.4,11.4,44.0,140,43.0,18.5,56,237.0,20.47993827
47,0,161.2,63.0,28.8,77.0,132,24.7,11.4,21,156.0,24.24434606
51,1,169.4,72.6,23.7,99.0,152,38.0,15.7,36,189.0,25.29937595
38,1,174.2,81.2,18.8,78.0,130,48.8,15.6,54,239.0,26.75837451
25,1,174.3,79.68,20.5,84.0,142,54.7,28.5,38,217.0,26.22735841
26,1,183.3,77.7,18.3,74.0,132,43.6,14.3,50,218.0,23.12576398
24,1,162.6,58.1,12.7,76.0,133,41.8,20.5,59,242.0,21.975312
37,1,165.3,65.0,19.4,78.0,124,38.4,15.2,46,223.0,23.78853239
61,1,172.8,70.6,21.9,85.0,129,48.1,15.8,26,175.0,23.64379715
50,1,176.3,80.4,19.1,90.0,137,44.4,13.3,38,198.0,25.86731931
36,1,179.1,72.3,16.3,93.0,125,44.2,9.7,39,217.0,22.5396478
39,1,181.8,82.9,13.1,94.0,146,54.0,15.2,52,223.0,25.0822662
33,0,160.0,52.6,28.9,92.0,123,23.2,13.8,30,158.0,20.546875
24,0,159.3,68.9,39.1,63.0,127,24.5,19.3,30,168.0,27.15111507
34,1,176.7,83.6,25.6,81.0,129,44.6,-12.5,41,215.0,26.77522805
28,1,179.5,73.3,19.6,59.0,100,40.8,4.5,43,225.0,22.7496683
25,1,172.5,65.8,21.0,89.0,149,39.8,22.0,51,236.0,22.11300147
22,1,173.8,83.2,24.9,83.0,151,43.3,12.2,58,214.0,27.5437953
23,0,163.3,63.38,33.7,70.0,144,27.6,27.9,43,167.0,23.76730095
21,0,168.2,77.9,31.6,69.0,116,34.4,17.5,48,176.0,27.53502498
25,1,171.6,70.1,16.5,59.0,122,53.4,23.7,48,243.0,23.80583674
21,1,185.5,79.2,14.6,86.0,134,42.9,10.5,51,208.0,23.01639773
24,0,154.6,51.8,26.9,66.0,121,25.6,24.0,46,150.0,21.67258828
21,0,161.8,50.3,25.4,76.0,116,24.6,23.9,43,180.0,19.21369757
33,1,181.0,88.5,19.3,77.0,117,53.4,19.9,47,248.0,27.01382742
54,0,169.1,51.9,21.9,84.0,135,28.9,15.7,26,157.0,18.15014683
62,1,164.3,65.86,18.5,69.0,112,34.3,11.8,38,169.0,24.3975715
22,1,175.8,72.0,30.4,75.0,115,34.6,19.0,54,188.0,23.29671866
59,0,161.3,51.4,31.1,69.0,117,21.2,4.2,10,100.0,19.75578923
40,1,175.1,68.58,13.0,89.0,129,46.8,17.9,52,228.0,22.36789877
48,0,157.0,47.6,17.1,97.0,127,35.4,27.3,66,204.0,19.31112824
34,0,167.4,82.9,29.7,80.0,160,34.8,1.0,0,112.0,29.58309603
37,1,170.3,78.6,30.2,102.0,143,38.8,-7.5,0,152.0,27.1014951
59,1,179.3,69.8,17.6,91.0,134,42.7,15.2,23,178.0,21.71175069
31,0,157.6,53.8,32.3,70.0,127,22.4,6.5,23,158.0,21.66056842
64,1,177.3,87.32,24.4,80.0,115,52.7,18.1,26,188.0,27.77769825
21,1,183.0,72.8,21.1,66.0,130,38.7,-3.0,49,200.0,21.73848129
62,1,168.4,71.6,15.7,73.0,157,42.7,17.1,45,213.0,25.24810851
27,1,172.9,87.9,25.1,88.0,133,58.3,18.0,52,227.0,29.40349049
25,1,171.0,75.6,28.5,94.0,153,35.7,11.9,45,212.0,25.85410896
21,0,163.7,51.2,21.6,75.0,116,28.4,20.0,57,203.0,19.10612445
27,1,178.1,66.4,5.5,66.0,124,39.2,23.6,56,265.0,20.93342257
42,1,166.8,66.5,16.8,76.0,143,39.2,16.0,39,232.0,23.90174192
21,1,174.1,61.2,7.9,90.0,140,43.5,19.7,51,231.0,20.19081641
55,1,168.3,73.38,28.2,65.0,127,35.4,9.6,25,185.0,25.90654368
38,1,175.6,74.5,22.5,83.0,134,42.7,4.6,37,235.0,24.16057409
25,1,178.1,80.6,18.5,90.0,153,45.4,22.6,57,261.0,25.41014849
31,1,174.2,76.9,17.8,83.0,146,52.5,7.1,53,230.0,25.341367
63,1,165.4,60.6,16.8,75.0,125,37.7,21.0,49,187.0,22.15142215
24,0,169.0,65.1,20.2,78.0,129,31.9,14.6,51,234.0,22.79331956
57,1,162.3,61.0,16.7,98.0,149,41.3,11.0,32,188.0,23.15755986
25,1,168.6,70.7,25.2,84.0,151,40.7,11.4,64,219.0,24.87163142
22,0,160.5,53.6,32.5,60.0,99,22.9,18.0,32,130.0,20.80725148
37,0,163.0,54.9,16.1,80.0,148,32.6,26.7,58,201.0,20.66317889
32,0,156.3,61.7,29.7,88.0,124,27.7,21.7,41,165.0,25.25615348
24,1,169.2,66.2,11.9,83.0,122,43.1,12.3,25,217.0,23.12369711
48,1,177.5,78.5,16.6,83.0,139,47.8,-0.5,60,212.0,24.91569133
27,0,161.5,53.1,14.6,71.0,116,24.6,17.4,55,187.0,20.35867304
27,0,167.6,57.6,27.9,82.0,131,28.4,26.2,44,170.0,20.50569318
29,0,157.9,55.0,32.1,58.0,119,27.4,16.8,54,170.0,22.05964044
21,0,162.5,49.5,24.1,75.0,134,26.5,18.4,22,135.0,18.74556213
56,0,156.9,49.9,35.9,67.0,128,12.1,1.2,20,118.0,20.27004246
46,1,172.0,61.0,20.4,78.0,112,36.9,0.0,27,130.0,20.61925365
29,1,170.4,64.7,23.1,83.0,124,38.1,20.2,42,182.0,22.28256078
38,1,178.2,90.7,21.6,86.0,139,56.4,3.6,50,211.0,28.56221524
22,1,178.0,72.3,13.8,83.0,133,42.7,8.2,51,239.0,22.8190885
33,0,165.8,67.6,34.7,73.0,113,30.4,21.6,13,145.0,24.59108231
27,1,174.3,79.6,20.5,60.0,136,42.8,14.0,39,248.0,26.20102572
25,0,160.1,53.0,26.03511,70.0,146,28.9,21.3,40,170.0,20.67727034
21,1,177.8,63.1,10.8,86.0,148,51.1,19.0,58,258.0,19.960244
31,0,153.8,58.2,29.4,78.0,142,27.5,19.8,33,168.0,24.60426034
27,0,162.5,57.3,28.0,79.0,122,19.9,1.8,45,166.0,21.69940828
41,1,168.3,63.3,14.7,73.0,115,45.3,17.0,44,215.0,22.34783613
37,1,168.6,62.5,19.9,80.0,121,43.8,4.6,52,190.0,21.98694433
21,1,173.4,60.4,14.2,92.0,129,38.8,12.8,42,212.0,20.08809494
34,1,179.1,85.6,28.9,83.0,123,40.7,12.0,50,196.0,26.68594539
31,1,177.9,83.6,14.8,104.0,140,47.4,10.1,61,235.0,26.41522907
42,0,165.4,65.9,15.7522,77.0,118,38.5,26.2,50,184.0,24.08875775
35,1,179.0,79.0,13.5,91.0,140,56.7,29.3,62,259.0,24.65590962
56,1,167.7,65.66,18.4,74.0,110,41.9,15.6,41,184.0,23.34719729
23,1,170.1,62.2,9.8,97.0,141,39.6,18.5,55,214.0,21.4971931
28,1,166.5,62.8,22.5,74.0,123,37.6,16.4,56,215.0,22.65328391
29,0,168.8,51.0,23.2,58.0,110,30.1,22.8,43,167.0,17.89885672
56,0,151.7,60.2,39.6,73.0,135,17.1,13.6,10,99.0,26.15925249
64,0,155.5,57.7,35.5,76.0,121,22.3,19.3,13,95.0,23.86244973
37,1,172.0,73.1,14.1,88.0,137,56.0,14.3,38,242.0,24.70930233
24,1,180.6,61.9,9.8,76.0,146,43.9,0.6,35,237.0,18.97820603
21,0,160.7,59.38,31.5,72.0,137,26.1,28.5,37,155.0,22.99367771
37,0,173.5,58.7,19.3,87.0,153,30.8,23.8,42,189.0,19.50020347
52,0,159.9,72.1,38.2,78.0,124,26.4,17.4,0,108.0,28.19930061
24,1,181.3,80.4,21.6,83.0,123,36.3,26.0,44,232.0,24.4602246
57,1,171.8,75.3,29.4,75.0,111,30.8,13.8,35,197.0,25.51224384
60,1,163.0,74.6,27.09044,91.0,158,37.5,18.8,26,202.0,28.07783507
60,0,157.6,57.2,34.4,80.0,126,23.2,17.4,17,110.0,23.02945193
27,0,160.9,64.4,26.5,70.0,125,27.7,27.9,38,167.0,24.87561228
22,0,160.1,54.4,25.8,64.0,98,23.4,18.2,37,166.0,21.22346238
60,0,152.4,53.6,34.3,65.0,106,25.4,21.9,14,125.0,23.07782393
30,1,185.1,91.3,26.0,96.0,159,45.7,15.8,53,207.0,26.64759014
23,1,184.1,86.9,19.0,82.0,139,54.0,23.7,62,242.0,25.63965632
32,1,170.7,68.6,16.7,72.0,136,44.1,20.9,46,226.0,23.54274364
40,0,163.7,48.2,20.6,73.0,133,21.4,16.9,31,135.0,17.98662497
31,0,155.3,51.0,24.8,64.0,115,23.8,13.3,22,153.0,21.1459531
21,0,167.4,55.5,24.0,65.0,117,24.3,27.3,49,217.0,19.80532967
23,0,155.8,50.4,26.3,67.0,97,23.9,19.2,32,162.0,20.76326418
28,1,168.9,74.7,24.7,80.0,137,39.3,10.0,42,225.0,26.18552603
35,1,180.3,77.3,13.6,59.0,115,41.5,11.1,44,210.0,23.77869632
58,0,156.0,51.0,29.2,86.0,133,19.9,4.5,14,95.0,20.9566075
31,1,168.4,63.38,19.4,77.0,130,44.2,17.5,51,227.0,22.34951281
25,0,166.3,53.6,20.2,81.0,126,32.8,21.1,54,189.0,19.3811834
25,0,155.7,59.0,29.7,81.0,120,26.2,2.9,30,150.0,24.33743398
28,0,164.8,61.3,26.2,78.0,112,29.1,15.8,47,203.0,22.57075361
38,0,162.6,59.6,25.7,77.0,126,30.3,20.0,36,164.0,22.54266085
46,1,168.0,58.7,23.2,86.0,155,32.9,17.4,38,182.0,20.79790249
43,1,170.2,83.6,29.5,98.0,150,43.4,-0.2,36,210.0,28.85939125
24,1,176.3,73.0,15.4,89.0,129,46.2,21.1,59,256.0,23.48649639
63,0,154.3,45.6,17.9,70.0,120,19.3,13.6,7,129.0,19.15283162
60,0,161.2,61.6,37.5,93.0,149,24.1,7.5,10,124.0,23.70558282
26,1,176.2,83.6,24.9,75.0,140,51.8,5.9,43,206.0,26.92740295
62,0,161.2,74.0,37.3,83.0,124,22.0,16.4,19,113.0,28.47748585
50,0,155.1,55.7,32.2,80.0,112,27.1,6.7,12,139.0,23.15429699
21,0,167.4,63.2,25.0,81.0,107,28.7,27.5,43,181.0,22.55309613
64,0,149.4,55.0,33.2,91.0,152,23.0,21.0,30,101.0,24.64117962
28,1,171.7,78.0,24.2,89.0,146,50.1,11.0,62,245.0,26.45781725
47,0,169.6,81.4,39.6,84.0,135,26.5,-10.0,11,128.0,28.29910555
24,1,181.0,77.9,10.4,80.0,120,52.4,18.3,67,258.0,23.77827295
28,1,168.5,67.3,17.6,68.0,131,37.3,7.8,45,190.0,23.70365152
26,1,183.2,89.3,25.8,97.0,157,48.8,8.8,54,201.0,26.60728247
22,1,166.9,67.8,22.8,77.0,121,35.3,8.0,56,204.0,24.33980085
23,0,166.5,55.6,23.7,68.0,106,23.6,18.8,38,137.0,20.05609213
22,1,184.9,76.6,14.4,58.0,131,36.1,12.2,63,211.0,22.40551585
22,1,188.9,64.6,9.5,79.0,129,40.3,8.5,46,212.0,18.10375244
35,1,176.6,70.1,11.7,71.0,117,36.7,14.2,54,262.0,22.47691067
38,0,162.1,51.7,23.5,83.0,118,27.9,30.6,40,166.0,19.67544273
25,1,168.2,58.4,15.4,75.0,135,46.8,7.2,34,190.0,20.64243207
35,0,151.5,78.0,40.0,80.0,120,29.4,18.2,30,166.0,33.98359638
32,1,179.4,80.7,21.6,78.0,128,40.7,12.7,47,224.0,25.07429074
32,1,182.5,84.7,24.5,83.0,117,43.2,4.3,46,188.0,25.43066241
22,0,161.0,57.2,24.0,58.0,117,26.8,17.8,30,182.0,22.06704988
22,0,152.3,48.2,25.9,76.0,122,18.8,1.6,31,174.0,20.78008078
27,1,175.3,63.5,18.1,77.0,120,40.5,26.9,40,227.0,20.66378589
32,0,156.7,59.5,38.1,87.0,126,23.4,17.2,22,134.0,24.231426
24,0,165.7,52.5,19.7,70.0,118,26.3,22.3,48,177.0,19.12116225
33,1,171.0,75.6,18.8,68.0,127,48.9,22.1,50,215.0,25.85410896
21,1,180.6,71.6,18.0,73.0,117,35.9,21.4,67,268.0,21.95217369
22,0,161.2,57.9,24.3,65.0,114,26.8,23.6,53,180.0,22.28170853
21,0,171.1,70.1,28.4,87.0,125,31.2,19.0,52,198.0,23.94517409
31,1,182.2,72.9,20.3,78.0,134,36.2,0.7,43,180.0,21.95992149
33,1,179.2,76.3,23.8,85.0,126,32.0,8.7,36,188.0,23.7601144
27,1,176.6,82.1,16.5,91.0,129,50.0,24.4,46,240.0,26.32459865
53,0,153.3,52.3,23.8,83.0,144,26.6,21.0,38,166.0,22.25447632
22,1,179.5,63.4,13.0,67.0,119,36.5,0.8,45,214.0,19.67706644
21,1,173.0,83.1,30.0,80.0,120,37.4,0.0,34,185.0,27.76571219
22,1,172.0,70.0,15.0,85.0,122,40.3,14.1,55,230.0,23.66143862
31,0,164.3,52.2,25.4,71.0,114,24.1,20.0,40,171.0,19.33727957
25,1,175.1,71.0,15.8,98.0,158,53.1,7.5,49,227.0,23.15720054
22,0,159.4,55.3,23.8,75.0,120,22.2,29.7,53,200.0,21.76449011
33,1,167.9,78.4,15.59514,103.0,167,49.9,29.0,55,202.0,27.81087611
39,0,159.1,52.6,24.6,80.0,114,25.2,20.8,47,174.0,20.77999242
23,0,169.0,68.6,28.3,81.0,147,29.0,34.0,51,190.0,24.01876685
30,1,170.7,70.3,18.8,80.0,130,49.5,22.3,47,224.0,24.1261644
28,1,178.4,71.0,14.6,99.0,151,44.1,4.2,60,208.0,22.30841159
39,1,176.6,95.8,37.2,99.0,157,37.3,15.5,29,215.0,30.71737577
27,1,176.7,78.0,27.3,87.0,132,47.2,13.6,33,238.0,24.9816721
42,0,156.7,49.6,29.5,60.0,122,21.5,24.9,31,145.0,20.19964252
28,1,187.2,82.7,14.0,80.0,125,50.9,12.7,54,212.0,23.59901198
27,1,180.7,81.1,20.7,82.0,149,50.5,11.4,40,199.0,24.8373095
29,1,179.5,89.0,24.2,84.0,141,46.7,21.0,43,255.0,27.62238034
35,1,169.1,78.12,21.5,80.0,152,37.0,17.4,52,229.0,27.31964297
39,0,159.9,60.3,31.0,77.0,137,27.3,16.4,35,174.0,23.58415849
33,1,168.7,62.4,17.09819,86.0,133,42.0,20.3,44,228.0,21.92574831
57,0,156.8,60.9,36.2,82.0,133,19.7,16.3,9,113.0,24.76995262
24,0,159.9,54.7,27.7,80.0,122,31.3,21.8,45,165.0,21.39392154
23,1,185.7,108.9,29.2,97.0,151,46.6,6.2,35,208.0,31.5794144
63,1,165.7,74.7,26.8,90.0,140,42.8,20.1,27,184.0,27.20668228
22,1,175.4,67.7,12.9,74.0,123,41.7,22.1,58,240.0,22.00541132
21,1,175.0,80.1,15.1,81.0,130,46.4,25.7,55,269.0,26.15510204
56,0,155.1,58.5,30.6,64.0,128,24.5,19.4,9,122.0,24.31824729
22,1,183.0,96.4,30.6,86.0,137,41.9,4.0,50,190.0,28.78557138
26,0,167.9,62.1,26.7,89.0,136,33.3,22.6,39,154.0,22.02876794
28,1,174.4,73.4,26.7,81.0,139,39.1,7.8,46,216.0,24.13254356
25,0,158.8,43.2,29.1,80.0,120,18.2,18.6,25,132.0,17.1310014
51,1,177.9,67.2,15.8,63.0,112,36.6,13.7,25,183.0,21.23329418
52,0,154.5,54.4,37.0,70.0,112,21.7,20.8,21,134.0,22.78987443
34,1,172.0,69.4,13.88621,92.0,144,44.9,15.4,64,257.0,23.45862628
22,1,170.8,77.3,28.4,67.0,131,44.8,11.5,51,183.0,26.49743047
59,0,149.9,48.9,28.6,85.0,153,24.5,17.6,13,146.0,21.76234011
21,1,183.1,77.2,19.7,90.0,155,41.0,-0.6,56,221.0,23.02717236
23,0,159.2,47.7,26.0,91.0,131,23.0,28.0,44,185.0,18.82054746
37,1,176.1,78.2,16.7,96.0,151,45.5,15.7,57,218.0,25.21668777
22,1,168.8,60.7,16.0,82.0,117,30.4,9.7,47,226.0,21.30314908
24,1,171.2,90.6,29.9,82.0,144,57.3,18.3,52,227.0,30.91154249
22,1,169.0,73.8,17.7,62.0,127,40.7,12.7,63,236.0,25.83943139
43,1,185.2,91.7,17.7,93.0,156,56.4,10.5,49,221.0,26.73544216
59,0,151.4,52.2,34.2,65.0,124,27.9,16.7,2,118.0,22.77292169
52,1,173.3,85.9,22.2,85.0,134,45.7,13.2,35,203.0,28.60197603
45,1,172.0,60.0,14.2,78.0,145,45.8,11.8,32,213.0,20.2812331
21,1,172.6,82.1,23.1,101.0,152,41.2,11.1,48,215.0,27.55888067
29,0,160.9,54.5,25.8,80.0,118,22.5,7.5,44,167.0,21.05156629
37,1,180.8,73.3,14.1,91.0,117,45.6,-0.4,47,230.0,22.42369215
46,1,171.6,55.5,14.6,88.0,147,45.2,14.5,43,210.0,18.84770241
22,1,170.0,69.2,18.7,80.0,140,43.8,21.7,56,238.0,23.94463668
43,1,175.1,69.9,14.7,93.0,157,43.2,20.5,45,232.0,22.79842701
22,1,180.7,71.8,18.8,60.0,109,40.6,11.3,46,249.0,21.98913467
46,0,154.5,52.6,30.9,87.0,140,22.1,20.5,20,138.0,22.0357977
33,0,159.6,52.3,30.0,96.0,155,24.4,18.8,35,158.0,20.53222027
26,0,162.0,60.4,29.9,68.0,103,26.5,26.5,36,175.0,23.01478433
49,0,160.0,56.0,25.9,81.0,118,26.9,16.2,26,134.0,21.875
32,1,178.1,88.0,21.6,74.0,138,58.1,22.5,54,230.0,27.74309016
26,1,181.6,73.1,15.6,74.0,122,34.0,16.9,53,237.0,22.16591628
25,0,158.1,49.6,26.2,83.0,129,25.4,21.5,29,164.0,19.84348452
27,1,173.9,79.0,27.0,80.0,139,31.6,0.2,39,206.0,26.12329335
32,1,176.7,77.1,24.0,93.0,140,53.0,14.7,42,252.0,24.69342204
29,1,173.9,77.2,21.4,78.0,128,51.1,6.8,56,180.0,25.52807907
24,1,163.0,62.4,14.2,98.0,156,48.0,19.5,65,236.0,23.48601754
28,0,161.4,55.9,35.2,77.0,128,22.4,18.1,30,152.0,21.45876616
45,1,170.4,80.8,25.0,94.0,143,54.5,4.9,37,229.0,27.82737111
26,1,175.7,76.9,19.7,75.0,116,49.9,18.0,52,224.0,24.91052134
55,1,163.1,62.1,20.6,88.0,147,36.0,12.9,31,173.0,23.34445171
24,0,157.0,52.6,24.4,74.0,115,21.9,20.3,43,174.0,21.3396081
29,1,181.2,94.72,15.8,90.0,151,43.6,16.6,53,260.0,28.84863724
61,1,178.5,74.6,16.4,97.0,156,54.5,15.2,43,155.0,23.41328688
28,1,180.7,84.1,15.0,80.0,136,50.5,19.1,46,196.0,25.75607557
64,0,155.3,55.72,36.3,86.0,139,30.1,13.2,4,108.0,23.10299033
41,0,165.5,64.7,35.4,69.0,112,22.3,-1.5,30,154.0,23.62154416
36,1,165.9,59.1,18.4,94.0,142,41.8,15.3,54,202.0,21.47309813
26,1,167.6,71.6,16.7,68.0,124,48.2,23.3,51,230.0,25.48971583
56,1,177.3,74.0,19.9,82.0,133,39.4,12.0,30,210.0,23.54042225
21,0,156.3,52.3,34.3,77.0,130,16.5,26.0,27,148.0,21.40837645
51,0,155.8,66.2,35.3,87.0,146,27.4,19.2,28,114.0,27.27238272
61,1,160.7,63.9,22.7,94.0,152,37.2,20.9,36,193.0,24.74395429
25,1,175.9,65.4,13.1,67.0,117,44.2,21.0,51,238.0,21.13713248
34,1,173.0,63.6,17.9,80.0,144,40.3,17.8,53,217.0,21.25029236
24,1,171.6,66.8,14.2,87.0,143,54.1,11.8,58,216.0,22.68516255
23,1,177.4,70.9,18.0,75.0,123,41.0,12.7,65,270.0,22.528849
30,0,162.6,59.6,24.2,67.0,133,31.1,24.6,42,177.0,22.54266085
61,1,168.4,75.5,30.2,80.0,117,32.0,7.9,22,140.0,26.62335464
23,1,180.7,82.1,16.2,89.0,150,44.8,19.7,58,237.0,25.14356486
22,1,183.3,82.22,12.0,60.0,120,44.9,19.9,48,231.0,24.47104651
59,1,172.8,69.0,25.0,85.0,122,42.3,19.1,33,190.0,23.10796039
41,0,154.0,53.3,38.3,78.0,122,24.6,24.5,11,160.0,22.47427897
22,0,167.9,57.6,20.6,78.0,143,23.5,7.4,44,148.0,20.43248041
26,0,159.3,50.5,23.4,80.0,118,27.9,24.4,30,138.0,19.9003093
25,0,166.7,68.1,29.3,72.0,106,27.4,26.9,42,186.0,24.50619654
43,1,175.7,67.3,12.1,69.0,124,41.3,17.7,44,217.0,21.80075535
31,1,168.1,63.4,17.6,70.0,130,39.4,23.4,49,185.0,22.43643394
59,0,157.3,57.4,26.9,91.0,159,28.5,22.8,9,139.0,23.19820848
43,0,162.5,64.8,33.7,93.0,132,28.6,14.6,23,126.0,24.53964497
29,1,179.2,73.3,11.7,82.0,139,52.5,24.7,54,249.0,22.82590282
27,1,171.3,85.7,31.9,96.0,153,47.4,-3.7,36,191.0,29.20559752
63,1,168.6,56.6,21.3,77.0,158,39.3,7.1,20,167.0,19.91137678
25,1,179.0,82.6,20.8,78.0,126,52.4,22.0,59,235.0,25.77947005
30,1,175.0,81.2,25.2,89.0,144,53.0,14.0,46,236.0,26.51428571
25,0,163.3,53.4,24.9,88.0,138,33.7,21.1,43,169.0,20.02483229
22,1,174.7,83.1,23.3,68.0,135,42.4,9.9,2,239.0,27.22796689
33,0,170.5,54.0,21.2,73.0,108,25.5,27.6,52,186.0,18.57569164
25,1,175.0,81.5,17.1,70.0,120,56.9,15.2,63,271.0,26.6122449
36,1,167.0,63.1,19.4,80.0,124,37.9,9.5,49,207.0,22.62540787
23,0,163.5,58.5,27.9,85.0,133,35.7,26.8,39,168.0,21.88367982
61,0,150.7,55.0,33.3,85.0,158,23.9,32.9,24,149.0,24.21788345
59,1,175.0,75.9,20.2,97.0,130,42.2,16.6,39,197.0,24.78367347
50,1,166.5,71.2,24.7,85.0,125,44.5,18.3,43,208.0,25.683341
30,1,173.3,79.54,22.5,87.0,137,47.9,22.4,52,228.0,26.48429771
29,1,177.3,68.7,18.0,77.0,123,39.7,-10.2,33,168.0,21.85441903
58,1,164.2,64.0,19.8,93.0,150,36.8,18.3,38,205.0,23.73742844
61,0,151.1,47.8,29.9,65.0,109,18.0,2.8,2,120.0,20.93625349
48,0,161.2,50.0,30.9,60.0,100,20.8,5.0,15,104.0,19.2415445
31,0,160.6,53.1,28.9,85.0,125,21.0,10.4,43,150.0,20.5874918
59,1,163.7,66.4,29.3,98.0,159,25.1,16.6,30,166.0,24.77825514
41,1,173.2,67.5,13.0,83.0,130,49.9,18.0,41,227.0,22.50132008
44,1,176.3,68.3,17.5,81.0,138,46.0,13.2,34,217.0,21.9743521
30,0,159.5,61.3,31.7,62.0,118,23.4,22.2,46,171.0,24.09567516
45,1,173.6,79.3,24.2,85.0,127,58.1,15.1,42,224.0,26.31320478
21,1,185.0,79.94,11.8,72.0,125,47.3,19.4,47,266.0,23.35719503
57,1,172.1,68.9,15.7,83.0,149,39.7,18.4,32,210.0,23.26255866
59,0,150.9,55.8,35.6,84.0,128,21.6,19.2,7,117.0,24.50505713
60,1,166.5,77.4,23.1,88.0,145,38.8,6.3,35,175.0,27.9198117
26,1,177.8,74.1,8.4,86.0,135,54.2,11.7,57,277.0,23.4398428
47,1,165.1,60.9,14.8,99.0,147,43.0,20.4,47,200.0,22.34205652
56,0,149.8,55.3,38.4,77.0,115,14.5,-7.8,14,110.0,24.64344983
41,1,183.0,90.9,26.3,99.0,145,36.5,0.2,43,220.0,27.14324106
27,1,172.9,80.5,22.9,97.0,151,35.6,7.7,44,232.0,26.92811131
26,0,162.6,57.2,32.6,69.0,116,26.9,20.6,43,128.0,21.6349027
60,1,157.1,47.0,15.7,86.0,141,31.1,15.8,36,173.0,19.04344377
60,1,164.4,63.7,21.2,83.0,147,35.78,8.3,33,142.0,23.56870963
64,0,140.5,49.6,32.1,71.0,116,22.4,25.3,19,152.0,25.12632819
21,1,163.0,83.3,38.0,88.0,139,33.6,-2.8,36,155.0,31.3523279
46,1,166.5,58.9,20.2,66.0,123,41.2,13.0,44,220.0,21.2464717
22,1,170.7,60.3,20.0,74.0,129,29.3,18.7,56,212.0,20.69427757
32,1,171.7,78.5,16.8,81.0,139,25.6,18.3,68,236.0,26.62741864
25,0,163.1,53.2,27.8,75.0,125,29.8,20.0,26,156.0,19.99878955
25,1,175.6,76.4,30.8,87.0,143,40.6,-10.7,57,205.0,24.77674981
50,1,179.3,85.0,21.1,78.0,135,53.5,18.8,41,217.0,26.43981101
40,1,177.6,88.6,20.3,93.0,138,51.5,12.1,54,224.0,28.08974515
44,1,165.9,76.4,24.6,82.0,133,42.7,3.5,34,205.0,27.75879352
27,1,181.2,90.7,24.5,77.0,146,47.0,12.9,58,199.0,27.62427574
42,0,158.1,51.0,14.0,68.0,112,23.9,20.3,30,121.0,20.40358287
41,0,152.8,48.62,23.2,68.0,111,27.3,20.0,37,173.0,20.82419616
62,0,156.3,60.1,36.58319,69.0,116,26.1,12.7,7,126.0,24.6012127
22,1,182.5,82.0,16.1,76.0,123,51.5,16.0,50,237.0,24.62000375
26,1,176.9,64.0,15.6,68.0,123,40.3,20.6,49,219.0,20.45145958
23,1,172.7,61.8,20.1,76.0,107,31.3,12.7,63,220.0,20.72067028
25,0,164.2,50.4,26.6,69.0,108,25.2,8.5,25,163.0,18.69322489
28,1,168.4,70.7,27.8,64.0,110,46.6,18.0,39,200.0,24.93074402
62,1,163.4,58.4,25.5,96.0,142,32.6,9.0,23,169.0,21.87301963
35,1,183.1,70.8,12.0,91.0,156,45.7,16.7,44,235.0,21.11818398
26,0,170.3,63.1,20.6,75.0,119,29.6,26.0,51,170.0,21.75705268
21,1,166.8,72.7,22.4,74.0,134,53.5,17.1,68,235.0,26.130175
58,0,154.0,47.9,34.7,94.0,159,15.9,19.5,0,101.0,20.19733513
31,0,162.8,60.5,29.7,71.0,130,29.1,23.5,38,179.0,22.82688093
59,1,170.3,71.0,24.5,75.0,140,30.1,22.0,33,182.0,24.4809943
21,1,174.8,65.0,21.7,80.0,145,34.8,1.3,43,195.0,21.27308621
26,0,165.9,59.3,25.4,74.0,123,29.4,26.8,44,211.0,21.54576513
21,0,158.9,53.3,30.4,64.0,117,21.1,14.1,45,178.0,21.10957135
32,0,164.1,54.4,27.3,63.0,103,20.3,25.5,21,137.0,20.20141254
47,1,167.8,68.8,14.8,76.0,142,52.2,22.4,60,230.0,24.43456013
46,1,160.2,76.2,35.4,75.0,139,42.0,9.5,20,187.0,29.69135023
63,1,171.1,68.3,21.3,92.0,147,37.5,22.3,31,212.0,23.33031941
30,0,166.1,59.5,27.4,76.0,117,30.0,19.3,49,172.0,21.56640223
28,1,174.8,89.3,26.6,86.0,131,51.0,9.7,55,217.0,29.22594767
57,1,166.3,67.5,17.1,90.0,141,44.3,15.0,51,177.0,24.40727387
25,0,165.6,54.9,19.9,85.0,135,29.6,23.5,56,192.0,20.01942869
24,1,181.1,97.0,26.0,82.0,122,53.5,17.5,58,231.0,29.57568647
40,1,173.3,66.3,11.3,75.0,130,33.9,11.3,49,200.0,22.07579757
22,0,155.0,51.5,23.6,70.0,122,31.7,16.8,32,136.0,21.43600416
24,0,171.1,72.5,28.8,82.0,119,34.1,29.5,52,197.0,24.76498034
31,1,168.1,74.4,25.0,81.0,156,40.1,17.6,40,195.0,26.32919061
27,0,166.0,60.4,29.1,65.0,117,35.7,14.0,47,169.0,21.91900131
61,1,172.3,69.1,23.0,84.0,152,39.3,10.3,34,168.0,23.27595412
21,1,163.3,63.4,19.2,98.0,147,40.4,11.3,59,238.0,23.77480089
21,1,177.9,69.0,15.2,66.0,129,42.7,-3.5,45,185.0,21.80204314
32,1,171.1,75.2,22.4,85.0,119,48.9,16.6,54,238.0,25.68726236
39,0,164.0,58.7,22.6,90.0,126,24.8,27.1,43,161.0,21.82480666
62,1,169.3,76.1,18.4,80.0,154,45.9,17.1,33,184.0,26.55037996
28,1,180.1,65.1,16.6,72.0,127,41.9,11.5,45,236.0,20.07028608
22,1,163.2,62.1,21.7,80.0,128,30.1,12.7,51,197.0,23.31585208
46,0,153.9,67.74,35.2,66.0,127,31.1,15.8,31,141.0,28.60012641
22,0,157.8,57.9,30.7,72.0,118,28.0,25.6,47,203.0,23.25222764
33,1,167.4,62.0,15.2,99.0,132,44.5,18.0,58,183.0,22.12487278
22,1,176.7,65.92,13.2,80.0,120,44.0,9.7,44,239.0,21.1127157
29,1,176.2,72.2,17.5,73.0,130,46.1,15.4,60,239.0,23.25548436
51,1,172.4,75.6,23.3,83.0,120,47.4,22.4,55,211.0,25.43590958
36,1,183.0,106.6,21.1,97.0,158,49.0,12.7,50,233.0,31.83134761
48,1,167.3,67.4,19.3,84.0,122,42.6,14.1,40,180.0,24.08063942
60,1,166.2,89.8,41.0,97.0,141,39.7,-7.3,10,146.0,32.5098
22,0,164.4,57.8,22.1,62.0,110,25.5,24.1,49,218.0,21.38573653
27,1,173.8,69.9,24.9,96.0,143,44.2,12.5,48,187.0,23.14076071
38,1,177.4,81.6,24.6,79.0,129,46.0,16.5,51,232.0,25.92883044
31,1,170.1,77.5,26.0,89.0,154,48.1,12.3,52,232.0,26.78508786
23,1,170.0,68.2,23.0,77.0,118,40.0,6.6,52,184.0,23.59861592
27,1,178.7,78.82,25.7,82.0,118,41.5,-8.9,47,202.0,24.68239655
39,1,177.0,74.3,25.6,72.0,121,43.8,10.2,44,211.0,23.71604584
21,1,170.5,74.8,13.7,85.0,140,48.9,15.4,57,199.0,25.73077287
27,1,171.4,74.9,24.4,76.0,137,51.4,16.0,36,212.0,25.49530328
24,1,178.3,67.1,9.7,63.0,117,44.4,17.4,57,239.0,21.10667553
32,1,172.2,70.42,20.5,70.0,143,47.1,15.9,58,227.0,23.74814689
28,0,164.5,48.9,15.7,82.0,124,30.8,23.2,42,186.0,18.07078649
64,0,160.8,55.6,28.2,70.0,130,24.2,31.0,25,105.0,21.50318061
21,0,164.2,64.0,29.7,61.0,115,26.5,19.9,47,175.0,23.73742844
27,1,177.4,72.5,12.1,61.0,135,55.3,17.5,63,261.0,23.03725744
30,1,178.1,70.1,22.1,93.0,153,42.4,18.3,50,213.0,22.09989341
32,1,166.8,75.9,21.7,85.0,122,45.6,14.0,43,204.0,27.28033401
21,0,168.7,56.4,24.2,69.0,111,32.7,17.2,27,195.0,19.81750328
23,1,166.6,80.1,28.7,90.0,141,52.5,19.6,39,210.0,28.85908265
23,0,157.2,49.8,29.7,60.0,94,23.3,17.5,43,163.0,20.15228328
36,1,179.4,63.6,5.9,93.0,156,43.8,24.4,59,248.0,19.76115107
21,1,187.4,104.9,30.1,80.0,139,43.9,5.0,38,222.0,29.87007514
50,0,155.4,50.0,28.5,73.0,125,24.6,14.9,20,134.0,20.70465391
47,0,164.7,55.3,28.0,68.0,101,22.6,19.5,26,138.0,20.38627757
58,1,168.1,69.0,21.5,98.0,150,42.2,19.6,40,183.0,24.41820097
44,1,169.3,75.6,23.1,99.0,156,50.3,10.6,40,227.0,26.37593594
27,0,161.3,54.08,24.0,74.0,115,32.7,18.8,48,176.0,20.78585762
22,1,177.2,84.5,27.1,97.0,135,33.6,16.5,52,190.0,26.91096515
45,1,162.5,69.5,25.4,79.0,136,49.2,20.1,52,235.0,26.31952663
28,0,162.5,52.5,21.0,74.0,118,19.0,20.9,32,149.0,19.8816568
23,0,163.9,52.4,23.8,73.0,117,27.5,29.0,44,125.0,19.50623176
34,1,182.1,79.1,22.9,75.0,125,40.8,9.9,35,204.0,23.85374608
21,1,168.6,69.9,17.4,85.0,146,38.5,19.1,49,223.0,24.59019854
27,1,167.0,68.3,21.7,88.0,144,38.6,8.7,53,210.0,24.48994227
22,1,171.9,62.22,18.5,80.0,120,34.9,6.8,57,158.0,21.05611546
39,1,167.0,58.4,17.5,83.0,130,43.4,12.6,35,222.0,20.94015562
33,1,175.5,59.14,7.1,64.0,127,30.8,7.5,43,227.0,19.20114285
63,1,167.6,57.5,15.0,85.0,138,43.0,12.6,28,197.0,20.47009302
55,0,154.9,53.6,31.6,67.0,141,20.9,17.2,24,146.0,22.33890875
35,1,163.1,58.42,17.3,77.0,125,35.1,16.3,42,214.0,21.96107679
57,0,157.0,61.1,34.8,74.0,128,22.8,13.5,21,124.0,24.78802385
27,1,166.1,76.0,21.2,80.0,133,46.5,20.9,58,240.0,27.54700116
36,1,181.5,84.8,27.4,96.0,143,45.5,16.5,49,220.0,25.74201823
21,0,161.3,60.3,34.2,72.0,127,26.6,16.8,50,164.0,23.17653873
62,0,156.3,58.5,38.2,72.0,122,23.4,12.6,17,90.0,23.94627193
26,1,173.7,78.9,21.9,53.0,110,48.4,13.4,56,194.0,26.1503416
28,1,182.4,97.3,29.8,75.0,139,49.0,1.9,41,204.0,29.24577755
35,1,177.3,72.4,12.8,72.0,129,40.6,13.0,58,236.0,23.03144014
21,0,156.4,48.7,27.8,65.0,91,19.9,21.0,37,160.0,19.90927584
28,1,174.3,79.9,29.1,69.0,118,38.3,5.0,36,199.0,26.29977331
57,0,160.8,59.6,33.9,66.0,116,24.8,6.4,12,141.0,23.05017203
58,1,169.1,73.9,22.7,93.0,142,31.4,11.8,25,144.0,25.84385068
24,1,171.9,68.4,24.5,90.0,138,39.6,7.6,49,203.0,23.14751362
45,0,159.0,56.5,23.5,70.0,110,30.6,27.2,52,170.0,22.34879949
24,1,178.3,86.3,12.5,88.0,126,48.1,24.9,51,249.0,27.14614155
58,0,155.8,48.1,26.2,71.0,124,20.9,19.7,4,147.0,19.81573427
33,1,179.4,65.9,17.0,64.0,120,41.6,17.8,41,231.0,20.47578389
24,1,174.0,70.7,14.1,76.0,125,44.9,18.5,57,235.0,23.35182983
62,0,150.2,50.9,27.9,78.0,123,20.5,23.9,22,149.0,22.56201673
40,1,174.4,70.2,26.4,90.0,145,48.5,15.2,44,215.0,23.08044357
23,0,170.2,68.0,32.8,65.0,110,34.3,20.0,37,181.0,23.47414599
37,0,165.7,59.5,27.7,80.0,127,25.7,17.2,34,168.0,21.67065055
35,1,175.0,83.0,24.7,81.0,138,35.3,15.4,51,206.0,27.10204082
29,1,170.6,69.4,19.0,61.0,134,52.6,9.0,43,223.0,23.84522456
22,1,185.4,91.5,19.4,85.0,138,52.9,-6.5,52,239.0,26.61960669
30,1,178.7,83.6,16.8,65.0,127,47.0,15.9,54,246.0,26.17924831
25,1,166.9,71.5,17.8,73.0,131,45.7,14.9,58,201.0,25.66807907
62,1,174.7,71.9,23.6,74.0,130,41.2,16.6,40,205.0,23.55825294
37,0,155.2,46.4,22.3,102.0,159,24.8,29.1,42,192.0,19.26347114
21,1,171.6,78.6,16.7,85.0,143,43.7,20.7,56,241.0,26.6924218
35,1,168.6,70.8,17.4,87.0,158,46.2,18.3,51,227.0,24.90681054
24,1,178.9,90.4,31.4,81.0,132,32.0,2.8,37,176.0,28.2454013
22,0,153.6,48.5,26.2,79.0,117,33.4,24.9,47,196.0,20.55697971
55,0,149.6,46.7,32.5,65.0,107,20.7,16.1,20,135.0,20.86669622
24,0,165.4,53.1,18.4,69.0,124,25.6,18.1,47,186.0,19.40990951
29,1,171.4,75.88,27.3,88.0,146,39.7,23.8,45,201.0,25.82888669
47,1,172.4,70.3,16.9,85.0,118,48.0,8.8,31,186.0,23.65270428
22,0,164.2,47.4,22.3,67.0,125,21.4,22.4,44,190.0,17.58053293
22,0,156.3,49.0,25.3,75.0,115,22.2,23.3,41,179.0,20.05756111
49,0,154.9,67.3,39.5,92.0,159,26.7,20.0,20,153.0,28.04866715
27,1,175.8,72.3,17.5,74.0,132,45.5,19.4,53,247.0,23.39378832
24,1,164.9,57.4,14.2,81.0,154,37.1,13.9,45,226.0,21.10914199
39,0,161.1,51.0,22.7,76.0,127,22.6,18.8,29,164.0,19.6507484
50,1,166.9,68.4,27.5,79.0,133,37.8,25.4,38,175.0,24.55519732
48,1,175.3,96.7,30.7,94.0,153,30.7,-8.7,26,185.0,31.46752906
35,0,160.9,66.6,36.6,85.0,136,25.8,15.1,20,161.0,25.72540028
36,1,176.1,74.2,16.9,98.0,158,42.5,9.7,51,231.0,23.92683162
21,1,173.3,57.9,12.8,72.0,125,36.4,9.9,44,212.0,19.27886394
49,0,160.8,72.42,36.1,82.0,146,27.5,17.4,18,120.0,28.0082795
60,1,173.5,75.2,19.9,80.0,120,47.0,12.5,26,196.0,24.98152131
26,1,177.8,74.4,17.4,77.0,131,40.3,9.4,43,234.0,23.53474095
49,1,169.7,67.74,20.5,89.0,156,38.7,17.9,49,205.0,23.52239333
49,1,166.5,61.4,19.9,84.0,122,35.7,8.5,51,194.0,22.1482744
39,0,161.1,56.9,30.2,78.0,116,25.8,7.9,45,151.0,21.92407028
31,1,171.1,69.1,24.9,90.0,140,31.7,25.3,54,206.0,23.60358816
22,1,163.6,61.7,15.1,83.0,143,40.9,12.7,60,232.0,23.05252838
21,0,168.2,55.7,22.0,65.0,115,25.2,26.3,41,190.0,19.68807306
64,1,167.8,74.4,27.3,74.0,123,41.6,7.5,27,200.0,26.42341967
28,0,165.0,76.5,21.7,56.0,107,39.6,23.0,39,185.0,28.09917355
29,1,168.8,73.4,21.0,76.0,127,46.4,15.2,54,235.0,25.76031536
22,0,162.4,60.84,25.1,74.0,126,25.5,31.7,55,201.0,23.06838312
54,0,162.0,66.1,33.7,96.0,145,30.3,20.0,16,145.0,25.18670934
31,1,171.7,79.7,23.2,77.0,136,51.1,15.1,40,240.0,27.03446199
28,0,173.1,61.7,16.8,84.0,132,37.2,20.4,44,189.0,20.59164433
25,1,178.0,82.6,20.4,77.0,130,44.8,14.6,54,228.0,26.06994066
25,1,164.4,63.4,22.5,88.0,154,34.6,6.0,56,212.0,23.457711
41,0,163.5,55.4,28.5,64.0,102,26.1,10.9,33,162.0,20.72403183
64,0,151.6,64.2,39.4,63.0,122,28.1,6.4,7,87.0,27.93422491
27,1,170.4,64.8,20.9,96.0,134,51.1,17.0,55,205.0,22.3170006
22,0,155.1,59.9,29.5,72.0,116,30.5,21.8,54,177.0,24.90022244
26,0,155.0,51.9,31.0,77.0,134,22.9,12.3,37,141.0,21.6024974
25,1,169.0,66.1,19.3,80.0,124,32.7,21.6,59,231.0,23.14344736
33,1,174.9,71.0,14.6,97.0,131,46.7,18.3,64,232.0,23.21019182
23,1,178.0,80.0,22.5,81.0,121,30.7,1.4,34,184.0,25.2493372
24,1,179.2,85.1,25.4,69.0,134,50.9,18.2,57,227.0,26.50046835
22,1,178.0,83.0,23.2,60.0,108,48.5,10.9,49,260.0,26.19618735
28,0,153.6,55.5,31.2,67.0,126,20.0,17.7,45,172.0,23.52396647
23,1,168.4,62.9,14.3,77.0,113,48.2,17.8,49,208.0,22.18025175
58,0,163.5,62.0,34.7,73.0,159,20.7,20.9,50,119.0,23.19295981
59,1,163.2,61.7,14.4,65.0,137,44.0,11.8,34,204.0,23.16566945
23,1,174.2,75.2,16.4,68.0,138,53.3,15.5,51,240.0,24.78115472
30,1,174.1,76.02,16.0,79.0,141,49.6,15.6,55,222.0,25.08016117
24,0,162.4,52.9,22.5,64.0,107,30.7,22.6,39,142.0,20.05781504
30,1,187.4,91.2,17.9,80.0,124,49.9,10.1,51,234.0,25.96902624
23,1,173.0,63.7,15.1,84.0,138,44.4,21.3,44,245.0,21.28370477
59,0,156.0,50.96,28.6,81.0,124,24.0,11.9,11,126.0,20.94017094
52,1,171.0,80.5,21.4,80.0,120,41.0,5.7,24,176.0,27.52983824
37,0,154.5,55.9,37.0,70.0,152,17.2,19.2,25,150.0,23.4182717
22,1,177.4,84.5,9.2,58.0,116,43.9,14.3,53,255.0,26.85032074
25,0,154.0,57.9,33.1,62.0,112,30.2,18.7,36,158.0,24.41389779
23,1,177.0,75.3,8.6,98.0,145,52.8,19.2,67,246.0,24.03523892
64,1,167.8,64.2,20.0,96.0,158,42.6,18.6,28,180.0,22.80085407
50,1,167.9,56.3,14.0,79.0,131,33.0,7.9,31,210.0,19.97133068
22,0,157.8,61.5,30.0,82.0,137,31.2,20.8,55,191.0,24.697962
31,1,166.1,64.1,23.5,86.0,145,43.1,2.8,52,210.0,23.23372072
23,0,164.1,59.4,29.6,91.0,126,24.6,27.5,32,169.0,22.05816002
61,1,169.0,72.4,26.7,78.0,120,30.7,23.8,37,187.0,25.34925248
52,1,171.4,67.1,20.3,65.0,119,43.8,5.4,39,200.0,22.84025167
57,1,175.3,82.42,23.2,90.0,155,47.8,18.5,46,184.0,26.82061784
24,1,175.0,65.0,18.4,73.0,122,46.7,12.5,45,226.0,21.2244898
26,0,160.8,66.12,39.4,76.0,126,19.0,16.7,17,132.0,25.57176803
61,0,155.4,51.3,35.6,70.0,116,21.1,15.9,12,116.0,21.24297491
47,1,167.3,64.3,20.2,59.0,122,41.3,9.7,42,195.0,22.97307291
21,0,160.6,62.9,33.9,80.0,122,24.4,13.9,44,180.0,24.38706656
38,0,164.7,62.8,31.24232,73.0,121,28.5,19.3,33,151.0,23.15114342
21,0,165.9,62.4,21.7,70.0,118,31.7,27.5,51,201.0,22.67210361
60,1,162.7,62.4,20.8,78.0,129,35.9,3.5,32,195.0,23.57270839
27,1,165.6,65.6,10.8,60.0,123,37.1,14.5,43,210.0,23.9212117
21,0,163.2,52.2,29.7,78.0,132,26.9,12.5,54,174.0,19.59883218
47,1,173.7,66.6,16.5,94.0,158,38.0,7.7,39,207.0,22.07367237
62,0,156.2,57.72,34.8,71.0,116,20.4,23.7,12,125.0,23.65725022
60,0,156.6,57.9,33.5,98.0,152,39.1,17.6,17,117.0,23.60994896
22,0,165.0,63.86,35.3,76.0,129,29.4,23.0,40,161.0,23.456382
26,1,173.5,64.28,13.3,80.0,125,51.5,15.3,52,211.0,21.35388551
63,1,167.1,61.6,26.5,70.0,103,33.8,3.0,26,123.0,22.06113298
27,1,172.3,71.6,12.4,82.0,132,43.6,13.5,52,229.0,24.11806534
23,0,163.9,59.14,18.5,76.0,107,32.6,24.5,49,210.0,22.01523943
23,0,172.5,60.9,25.2,90.0,123,34.8,19.7,55,136.0,20.46628859
60,0,159.3,59.9,26.4,99.0,156,22.0,13.8,9,102.0,23.60452529
57,1,169.6,68.4,20.8,69.0,116,35.6,3.2,27,162.0,23.77959238
26,0,167.6,52.0,16.9,70.0,118,25.4,28.5,20,180.0,18.51208412
32,1,177.8,90.7,21.0,78.0,155,39.7,12.9,44,225.0,28.69087371
27,1,168.3,71.5,23.2,79.0,118,40.9,8.4,38,229.0,25.24281648
39,1,166.6,66.0,18.3,66.0,125,41.5,14.6,49,223.0,23.77901941
63,0,159.1,64.2,25.9,81.0,122,24.8,19.5,23,160.0,25.36265235
22,0,172.3,67.3,30.3,80.0,126,32.3,24.0,49,203.0,22.66963404
33,0,167.4,69.9,36.4,71.0,132,28.5,20.6,34,166.0,24.9440098
22,0,165.4,61.0,32.1,65.0,113,23.2,21.3,24,170.0,22.29763616
35,1,176.2,73.7,15.7,64.0,119,47.6,18.0,46,226.0,23.73863155
31,1,167.0,71.1,20.0,81.0,140,46.9,14.6,53,228.0,25.49392233
39,1,177.2,80.5,20.1,78.0,132,63.5,16.4,45,229.0,25.63707331
22,0,160.3,62.4,37.8,98.0,136,24.1,20.4,33,174.0,24.28385019
54,0,150.2,48.3,37.1,90.0,145,18.3,2.8,1,85.0,21.40953651
46,1,176.8,89.5,25.7,89.0,145,43.5,-0.7,49,211.0,28.6324502
25,1,169.7,53.0,18.1,90.0,140,36.4,17.3,34,174.0,18.40399832
50,0,164.8,60.2,23.6,58.0,106,24.7,20.4,13,146.0,22.16573193
23,1,171.0,67.6,20.2,75.0,124,38.3,18.5,48,230.0,23.11822441
35,1,179.2,75.0,22.8,97.0,148,45.3,12.0,60,228.0,23.35528938
46,1,175.3,67.5,21.9,87.0,144,43.2,17.0,38,203.0,21.96544169
60,1,172.7,78.0,21.2,81.0,120,43.7,16.8,37,190.0,26.15230229
47,0,161.6,55.0,31.2,78.0,126,22.6,-1.4,10,130.0,21.06104794
44,1,170.4,75.4,18.2,71.0,121,42.4,25.0,56,242.0,25.96762106
31,1,164.6,62.0,19.0,72.0,131,39.7,16.7,45,211.0,22.88400467
46,1,168.5,65.6,24.0,98.0,155,55.1,21.4,35,220.0,23.10489658
43,1,181.0,74.3,13.9,63.0,117,50.0,23.4,58,238.0,22.67940539
31,0,170.0,56.2,20.5,80.0,123,24.7,22.2,27,169.0,19.44636678
57,0,161.0,50.02,15.0,76.0,119,22.3,20.5,38,153.0,19.29709502
37,1,177.4,81.9,21.1,90.0,154,56.1,-8.1,46,195.0,26.02415703
26,1,178.7,73.04,14.2,72.0,122,40.1,-6.2,51,202.0,22.87239589
24,1,177.9,62.7,10.5,90.0,157,43.6,11.6,44,249.0,19.81142181
50,0,165.5,53.1,26.7,93.0,158,22.0,17.1,38,149.0,19.38646051
36,1,167.7,64.7,18.8,71.0,117,38.3,4.8,35,210.0,23.0058432
34,1,175.2,73.9,19.1,70.0,127,47.8,11.3,55,252.0,24.07555097
36,1,169.9,75.2,23.8,91.0,146,49.9,3.8,53,205.0,26.05140094
45,0,169.0,55.1,15.4,72.0,104,25.2,13.0,31,166.0,19.2920416
50,0,162.9,66.3,27.8,84.0,129,29.4,20.9,32,155.0,24.98454011
31,1,180.8,76.3,11.9,86.0,130,56.1,25.5,56,242.0,23.34144216
21,0,165.3,51.8,28.6,67.0,105,25.3,18.5,37,165.0,18.95763043
27,0,163.1,61.4,31.0,68.0,106,29.4,19.5,44,165.0,23.08130974
64,1,163.3,61.0,24.0,54.0,130,35.7,17.5,31,180.0,22.87480842
58,0,155.3,58.2,32.0,86.0,154,22.7,20.4,24,136.0,24.13126413
21,0,163.9,54.0,22.8,74.0,113,28.3,24.8,45,194.0,20.10184189
48,0,170.1,83.5,37.5,78.0,131,29.9,12.0,17,105.0,28.85877208
50,1,178.2,79.4,29.4,97.0,153,35.3,6.1,45,181.0,25.00374741
51,0,156.5,52.6,30.6,72.0,128,24.6,19.5,28,140.0,21.47618124
28,1,171.4,76.8,25.1,84.0,130,47.8,23.0,41,217.0,26.14204662
37,1,175.2,71.8,23.3,71.0,128,42.3,7.0,33,217.0,23.39140135
45,1,169.8,71.0,24.6,82.0,143,37.2,10.3,31,227.0,24.62538204
26,1,172.2,71.9,25.9,84.0,132,42.4,15.3,47,221.0,24.24725591
22,0,172.0,60.5,20.7,76.0,117,31.0,30.2,37,198.0,20.45024337
23,1,174.0,70.7,16.0,86.0,123,42.8,24.9,63,245.0,23.35182983
46,0,166.1,66.3,38.8,73.0,112,22.6,18.5,28,130.0,24.03113391
22,1,183.5,81.2,17.8,73.0,130,46.0,17.1,57,241.0,24.11481264
56,1,171.1,69.8,19.7,92.0,147,39.6,4.9,36,154.0,23.84269831
51,1,174.5,79.9,17.8,88.0,134,53.7,15.8,49,228.0,26.23952184
51,1,179.8,78.56,21.9,94.0,156,47.2,13.9,42,196.0,24.30088555
22,0,157.7,54.5,30.6,85.0,149,22.2,19.4,30,162.0,21.91457818
24,0,153.8,51.3,31.9,57.0,111,23.3,19.7,41,161.0,21.6872604
26,0,150.6,56.2,32.0,90.0,141,30.0,25.4,49,177.0,24.77914813
25,1,179.8,83.5,27.9,98.0,144,35.7,11.1,38,195.0,25.82897076
62,1,163.8,65.2,22.9,89.0,147,25.2,15.3,34,151.0,24.3007569
63,1,168.4,61.5,19.2,87.0,157,35.9,14.6,26,163.0,21.68657365
30,1,173.9,64.92,14.5,61.0,123,39.1,14.8,42,204.0,21.46739499
27,0,162.3,59.28,25.3,76.0,155,29.1,24.4,47,179.0,22.5045926
39,1,169.9,62.7,19.9,67.0,130,39.0,24.8,57,192.0,21.72104839
33,0,162.2,52.5,17.8,74.0,118,27.2,26.0,28,144.0,19.95526979
43,0,163.8,59.1,26.1,69.0,115,30.7,27.0,32,160.0,22.02721983
22,1,174.0,80.2,16.3,98.0,146,47.7,26.6,61,237.0,26.48962875
23,0,162.3,49.4,26.1,66.0,121,21.4,22.4,40,165.0,18.75382717
23,0,161.2,49.8,24.4,82.0,137,24.7,24.5,35,158.0,19.16457832
31,0,166.3,61.8,29.7,76.0,129,21.6,15.8,27,128.0,22.34621519
41,1,171.7,73.0,23.5,79.0,121,40.4,17.8,32,202.0,24.76180332
21,1,171.0,67.7,10.9,80.0,120,47.2,17.0,68,266.0,23.15242297
34,1,178.0,116.3,36.0,95.0,135,56.7,-1.8,31,179.0,36.70622396
63,0,155.3,64.8,39.7,89.0,136,21.9,14.0,12,73.0,26.86779923
21,1,179.4,103.3,26.1,95.0,157,51.6,5.9,40,218.0,32.09633499
52,0,147.8,49.6,28.8,80.0,130,19.1,13.5,15,160.0,22.70559089
42,1,176.2,73.5,16.3,62.0,112,53.8,20.3,52,251.0,23.67421192
24,0,163.9,70.5,34.1,85.0,129,27.0,20.6,43,156.0,26.24407135
21,1,173.0,74.5,15.8,72.0,124,40.8,21.2,55,230.0,24.89224498
25,0,159.4,53.6,26.5,70.0,108,27.5,10.9,49,146.0,21.09541899
57,0,156.2,53.0,26.7,76.0,132,27.3,20.1,33,156.0,21.7227003
57,0,153.2,50.6,21.6,77.0,123,23.2,22.4,29,150.0,21.55921712
64,0,156.8,58.8,43.5,78.0,150,20.9,9.9,0,82.0,23.91581633
43,0,164.2,55.2,17.7,78.0,125,35.7,20.0,53,193.0,20.47353203
38,0,162.0,63.0,42.6,81.0,123,24.0,15.1,22,129.0,24.00548697
22,1,173.8,53.6,12.9,99.0,136,32.8,11.1,48,231.0,17.74456043
64,1,164.2,70.7,22.6,83.0,121,36.8,13.0,40,181.0,26.22244047
58,1,164.1,59.5,23.2,57.0,91,32.6,7.4,31,109.0,22.09529496
28,0,159.6,61.4,35.1,81.0,131,29.6,-5.9,25,156.0,24.10474809
23,0,161.1,50.5,26.0,80.0,135,24.0,20.6,44,159.0,19.45809401
21,0,153.5,42.74,24.0,78.0,124,17.4,17.4,32,175.0,18.1391845
25,0,168.1,57.5,30.2,60.0,96,26.9,19.8,30,174.0,20.34850081
31,1,166.7,81.0,25.5,76.0,145,49.2,2.1,30,233.0,29.1483395
38,1,175.5,78.4,20.9,80.0,132,53.0,16.9,51,238.0,25.45433884
40,0,166.1,51.0,18.5,82.0,126,25.4,22.8,37,181.0,18.48548762
46,1,170.7,79.2,23.5,79.0,123,44.3,14.8,43,198.0,27.18054367
29,1,179.0,83.4,25.2,96.0,143,38.0,7.8,52,212.0,26.02915015
55,0,162.0,57.8,33.3,75.0,147,21.9,21.3,21,141.0,22.02408169
24,0,160.6,61.3,34.5,81.0,131,21.1,-1.1,30,136.0,23.76672782
21,1,178.7,70.1,17.4,86.0,119,45.2,10.2,32,188.0,21.95173812
39,1,169.5,69.1,17.2,72.0,136,44.9,16.0,47,236.0,24.05130481
25,1,168.8,87.3,20.6,77.0,143,60.9,20.7,68,230.0,30.63863121
49,0,164.3,58.2,26.9,59.0,109,30.4,19.2,36,167.0,21.55995538
51,1,160.9,66.22,22.2,80.0,149,44.3,21.2,43,202.0,25.57861872
28,1,173.4,72.8,14.1,82.0,121,41.4,18.4,59,242.0,24.21214093
21,1,166.8,87.6,28.3,86.0,143,46.9,18.0,50,221.0,31.48560288
62,1,157.3,58.3,28.3,68.0,150,35.8,6.8,23,153.0,23.56194346
27,0,164.6,52.8,25.4,82.0,111,28.1,19.3,51,192.0,19.48831366
21,0,160.2,56.3,39.6,69.0,115,19.2,5.4,20,142.0,21.93730995
21,1,181.6,88.4,25.3,83.0,123,39.0,14.9,20,220.0,26.80529411
21,1,186.3,74.4,13.6,94.0,133,46.6,3.7,53,214.0,21.43617164
22,1,167.0,76.1,24.8,69.0,99,43.4,12.9,45,227.0,27.28674388
62,0,151.6,47.0,21.3,72.0,129,15.8,11.5,23,133.0,20.45028926
25,0,169.6,58.3,29.0,66.0,105,29.4,22.7,33,167.0,20.2682783
30,1,174.0,78.0,15.8,79.0,133,41.3,10.3,58,217.0,25.76298058
21,1,185.8,88.5,13.7,74.0,119,51.3,20.3,69,240.0,25.63609377
39,0,163.2,57.6,32.9,81.0,119,19.3,14.1,10,138.0,21.62629758
22,1,170.1,71.2,14.6,69.0,127,42.1,24.8,61,290.0,24.60771943
58,1,167.2,67.3,24.5,83.0,140,30.9,14.2,20,178.0,24.07368192
25,0,160.9,63.7,36.1,99.0,144,26.4,23.6,37,179.0,24.60522519
64,0,160.6,50.1,20.5,64.0,99,35.7,22.0,55,170.0,19.42435667
21,1,180.2,91.0,26.5,88.0,149,36.2,10.2,50,202.0,28.02410936
24,0,169.1,50.4,25.9,61.0,116,21.4,33.3,26,182.0,17.62557611
59,1,171.0,66.2,15.6,96.0,129,37.1,15.6,41,184.0,22.63944462
54,1,166.8,67.5,27.6,85.0,165,40.4,18.6,34,148.0,24.26116661
31,1,169.6,78.9,22.8,95.0,120,46.3,11.5,52,219.0,27.42996841
53,1,167.6,69.6,25.5,91.0,149,39.9,17.0,37,211.0,24.77771259
25,1,172.6,89.8,37.2,85.0,148,35.0,10.7,50,189.0,30.14357472
34,1,166.8,63.0,15.7,73.0,138,44.5,18.3,65,241.0,22.6437555
44,1,173.5,67.7,11.1,70.0,131,37.4,11.1,45,210.0,22.4900132
35,1,185.6,101.8,25.1,97.0,158,44.7,2.4,28,187.0,29.55233725
34,1,172.2,67.7,21.4,72.0,124,42.8,14.9,59,230.0,22.83086544
32,1,176.5,80.8,17.7,78.0,128,53.5,16.9,59,240.0,25.93713135
27,1,169.0,68.1,14.2,71.0,152,39.7,13.6,49,279.0,23.84370295
61,0,165.2,57.5,32.6,92.0,151,22.5,21.7,12,129.0,21.06918608
23,1,167.6,62.9,17.7,77.0,125,36.5,21.4,50,230.0,22.39250175
28,1,167.2,56.3,10.5,72.0,120,42.4,9.7,53,233.0,20.13890479
25,1,180.5,69.32,12.8,88.0,146,51.9,16.1,53,225.0,21.2766937
27,0,168.0,66.0,22.2,88.0,155,38.5,19.3,24,227.0,23.38435374
22,1,163.9,67.7,32.6,98.0,133,27.2,5.1,38,152.0,25.20175363
47,1,182.3,81.4,19.0,83.0,117,49.6,14.6,33,197.0,24.49351238
41,1,174.7,72.6,17.8,74.0,120,35.8,18.5,40,201.0,23.78761006
38,1,168.3,64.68,24.1,93.0,152,41.6,7.8,39,208.0,22.83504014
43,1,174.4,91.4,31.4,96.0,142,41.9,0.1,14,153.0,30.05060601
26,1,168.6,56.78,16.3,80.0,120,34.0,8.5,40,180.0,19.97469918
21,1,173.4,66.2,17.7,74.0,125,35.2,12.5,43,211.0,22.01708419
22,0,160.4,52.3,34.2,79.0,111,0.0,15.2,45,165.0,20.32792085
63,0,159.9,61.3,35.3,64.0,129,20.1,19.1,19,118.0,23.97527222
47,0,159.6,53.5,23.2,95.0,154,29.2,28.8,41,157.0,21.00332284
27,1,170.0,69.3,27.6,68.0,123,25.9,10.2,47,207.0,23.97923875
47,1,176.0,74.4,15.9,92.0,159,42.1,7.0,40,191.0,24.01859504
21,1,171.5,65.5,17.4,68.0,107,44.2,24.0,56,250.0,22.26963255
46,0,157.3,57.12,21.8,82.0,146,28.9,12.1,30,168.0,23.08504649
44,1,170.2,70.4,20.4,92.0,132,39.4,9.8,41,224.0,24.30264526
26,1,183.6,81.0,16.1,76.0,145,38.8,13.8,61,256.0,24.02921953
30,1,172.3,70.7,20.8,86.0,144,44.4,12.5,50,213.0,23.8149053
25,1,168.8,71.76,16.7,73.0,134,45.4,16.6,54,214.0,25.18474428
36,1,178.2,82.4,25.7,91.0,157,46.6,19.9,47,240.0,25.94847339
45,1,165.7,63.3,16.7,78.0,121,37.0,12.2,40,216.0,23.05465848
55,0,154.6,59.4,32.3,92.0,139,26.6,23.9,28,125.0,24.85235026
33,1,177.8,80.9,21.3,84.0,122,51.6,19.0,57,230.0,25.59086751
22,0,157.5,56.7,33.3,78.0,123,25.6,20.1,48,163.0,22.85714286
32,0,161.3,52.0,27.4,57.0,111,24.9,15.6,26,162.0,19.98640156
53,0,162.6,79.4,41.6,74.0,121,26.6,9.6,15,135.0,30.03166563
29,0,162.7,52.4,22.2,67.0,114,35.4,23.8,49,195.0,19.79503077
64,1,166.0,69.84,26.2,80.0,135,39.6,23.6,25,200.0,25.3447525
35,1,186.2,80.5,16.1,76.0,110,54.8,11.8,40,254.0,23.21862659
27,1,182.1,80.8,16.2,66.0,127,53.2,8.0,49,223.0,24.3664056
22,1,179.0,70.2,19.0,77.0,132,29.3,13.3,24,254.0,21.90942854
49,1,173.0,84.7,23.6,110.0,155,34.3,12.2,32,180.0,28.30031074
27,0,162.2,48.3,14.1,56.0,110,17.7,15.2,25,172.0,18.3588482
46,1,172.6,89.0,23.3,79.0,130,41.3,-7.4,49,218.0,29.87503508
21,0,166.4,64.1,31.1,73.0,125,36.8,24.0,46,166.0,23.1500208
38,1,179.9,82.2,18.0,97.0,145,54.3,20.0,61,241.0,25.39858318
22,1,179.8,75.4,9.7,74.0,143,52.7,19.1,60,246.0,23.32340593
56,1,166.4,65.3,30.1,97.0,148,35.7,7.9,32,180.0,23.58340653
60,1,172.5,76.0,23.1,86.0,154,47.3,16.0,41,206.0,25.54085276
26,1,174.6,72.3,24.0,67.0,125,43.4,16.7,48,243.0,23.71645745
25,1,174.1,71.7,7.5,55.0,130,44.3,16.9,61,240.0,23.65492707
61,1,167.7,67.7,25.1,69.0,149,36.2,8.1,29,200.0,24.07257472
37,1,175.3,65.0,8.1,72.0,142,43.2,26.0,58,227.0,21.15190681
28,1,175.4,69.5,14.6,72.0,135,46.5,16.2,54,249.0,22.59048872
62,1,171.8,64.5,17.6,87.0,136,38.8,13.0,35,183.0,21.85311724
27,1,174.9,71.4,18.7,78.0,139,41.4,19.5,44,234.0,23.34095347
33,1,179.5,79.5,7.9,73.0,136,46.3,19.2,60,269.0,24.67392401
21,1,182.7,81.2,21.2,77.0,139,41.4,23.0,52,223.0,24.32646111
38,1,177.5,79.2,26.6,98.0,142,53.4,16.1,46,209.0,25.13786947
52,1,164.7,67.1,29.8,95.0,150,31.9,-10.0,30,182.0,24.73633318
62,0,157.6,57.6,34.0,81.0,136,24.4,18.2,13,82.0,23.19049705
25,1,175.0,79.2,15.2,61.0,128,45.6,9.2,61,205.0,25.86122449
64,1,169.8,84.9,23.0,96.0,153,50.7,12.9,32,170.0,29.44640754
21,1,165.3,63.5,15.1,71.0,117,49.3,18.0,59,243.0,23.23956626
62,0,160.5,55.1,34.0,80.0,128,25.1,26.2,22,108.0,21.38954397
26,1,174.9,64.4,24.6,90.0,147,36.2,-2.3,46,226.0,21.0526247
34,0,160.2,73.3,42.6,76.0,129,20.6,-2.8,5,135.0,28.56136446
48,1,170.4,74.8,21.6,79.0,145,39.5,6.1,51,197.0,25.76098217
22,1,176.0,68.78,13.2,86.0,159,43.3,10.9,55,258.0,22.20428719
63,1,173.3,73.8,18.9,84.0,153,49.4,13.3,32,186.0,24.57305974
58,0,148.3,62.4,43.0,93.0,143,15.0,5.0,5,121.0,28.37280594
43,1,174.9,63.0,16.5,68.0,99,45.6,15.9,38,231.0,20.59495894
31,1,176.5,69.3,12.7,64.0,106,46.6,10.6,58,253.0,22.24558419
22,1,166.5,67.0,22.2,72.0,133,37.8,17.2,63,237.0,24.16831246
23,1,173.7,68.3,13.6,76.0,137,47.7,16.5,48,208.0,22.63711446
26,1,175.6,71.1,20.7,74.0,116,41.2,7.9,41,195.0,23.05794387
60,1,167.2,72.1,27.3,99.0,143,39.0,7.1,44,170.0,25.79067558
58,1,177.3,72.2,22.1,96.0,140,36.8,11.2,29,154.0,22.96781738
51,0,154.1,47.1,28.7,71.0,109,31.1,7.6,6,132.0,19.834243
50,1,171.0,85.9,29.1,97.0,148,43.5,11.6,40,225.0,29.37656031
27,1,182.6,74.42,19.4,79.0,116,51.4,19.0,57,226.0,22.31968799
30,1,181.5,74.34,18.1,80.0,138,45.2,11.5,50,226.0,22.56676457
25,1,170.2,65.7,12.2,63.0,121,44.4,17.5,56,234.0,22.68016752
30,1,172.3,76.8,21.9,81.0,117,48.3,7.9,50,224.0,25.86965668
21,1,171.6,69.0,15.8,69.0,130,24.7,21.0,45,195.0,23.43227868
41,1,165.5,86.0,24.3,94.0,159,49.1,18.6,45,212.0,31.39803397
22,1,167.6,63.5,9.8,62.0,134,43.9,13.5,55,231.0,22.60610272
30,1,176.1,84.2,14.6,75.0,145,60.8,22.6,46,237.0,27.151472
45,1,177.6,89.2,27.2,70.0,125,46.8,15.8,49,225.0,28.27996916
61,0,166.6,55.5,31.5,80.0,156,22.8,31.3,31,154.0,19.9959936
57,1,164.3,74.1,26.7,84.0,138,39.3,18.4,32,186.0,27.45004629
57,0,157.8,63.4,38.8,76.0,123,28.9,5.0,0,137.0,25.46098846
36,1,171.5,80.5,21.5,86.0,153,46.7,16.8,53,220.0,27.3695484
26,1,175.6,85.4,21.5,84.0,130,54.1,13.5,63,205.0,27.69547688
45,1,173.6,71.4,15.5,95.0,125,44.7,27.3,46,248.0,23.69183886
36,0,156.2,63.5,34.3,83.0,108,26.8,12.4,28,166.0,26.02625414
22,1,176.8,87.6,16.7,94.0,144,53.1,13.6,50,260.0,28.02461047
22,1,177.2,73.4,17.9,78.0,141,50.9,10.6,55,223.0,23.37591529
26,1,181.9,87.3,24.8,68.0,125,47.7,5.8,49,193.0,26.38449861
21,0,170.5,67.8,30.7,54.0,102,29.7,9.8,39,166.0,23.32281284
56,0,160.2,62.4,33.3,67.0,103,28.8,20.7,15,133.0,24.31417657
22,1,170.2,73.5,27.3,68.0,125,32.9,4.2,29,177.0,25.37279015
23,1,177.3,71.7,13.6,78.0,151,53.1,18.7,59,245.0,22.80876047
57,1,165.8,76.9,28.2,75.0,118,45.0,12.0,24,180.0,27.974175
40,1,179.8,80.3,24.3,92.0,150,49.0,19.5,41,228.0,24.83911799
57,1,173.1,69.6,20.6,78.0,122,37.2,21.0,27,193.0,23.22817578
27,1,168.9,70.2,25.3,77.0,136,44.5,7.6,57,194.0,24.6080847
37,0,164.1,51.7,27.9,69.0,106,23.0,-1.0,14,145.0,19.1987689
56,0,151.5,54.7,29.7,68.0,143,29.3,26.0,28,147.0,23.83208618
63,0,158.3,69.84,41.5,78.0,148,15.7,7.1,10,103.0,27.87034861
29,0,164.3,61.6,31.4,95.0,151,31.0,18.8,32,157.0,22.81947168
21,0,155.7,44.7,19.0,73.0,122,28.8,22.6,35,184.0,18.43869999
39,0,159.0,67.4,38.1,97.0,153,24.7,15.7,21,149.0,26.6603378
32,1,175.7,75.6,9.3,76.0,130,58.4,20.9,64,245.0,24.4894072
58,0,160.6,55.8,28.6,73.0,119,20.3,20.3,25,147.0,21.63431342
53,0,151.9,54.7,34.3,70.0,116,23.2,26.4,22,155.0,23.70673683
64,0,156.3,53.8,33.9,68.0,124,23.3,11.8,13,106.0,22.02238342
45,0,168.5,55.1,25.0,84.0,143,26.0,13.3,20,135.0,19.40670429
27,1,171.5,71.7,21.9,80.0,118,41.9,21.5,52,210.0,24.37759777
21,0,160.3,48.7,26.7,70.0,107,27.3,18.8,32,175.0,18.95229975
27,1,181.2,68.54,9.2,80.0,130,46.1,20.3,48,266.0,20.87505909
39,1,162.4,75.4,30.1,63.0,105,36.4,11.7,29,173.0,28.58902182
49,1,172.8,65.2,12.8,90.0,140,38.6,13.9,44,181.0,21.83534808
48,1,175.6,73.1,17.9,83.0,142,45.0,21.1,45,220.0,23.70654988
60,1,164.4,67.7,27.2,86.0,153,30.6,6.6,29,158.0,25.0486914
22,1,176.5,69.88,17.0,79.0,159,43.2,16.9,50,220.0,22.43176657
53,1,168.6,82.0,27.7,87.0,141,39.4,25.5,26,191.0,28.84687096
53,0,159.2,57.2,26.3,70.0,119,20.7,20.6,24,132.0,22.56887452
51,1,175.5,71.7,20.34,84.0,140,45.1,9.9,34,185.0,23.27903183
33,1,168.7,62.3,22.7,63.0,113,35.2,-6.9,28,195.0,21.8906109
24,1,173.3,68.0,14.5,80.0,120,48.1,15.0,55,230.0,22.64184366
22,1,176.4,73.3,17.8,80.0,120,43.8,12.5,40,235.0,23.5562857
58,1,172.2,67.0,22.0,72.0,116,34.8,19.1,27,202.0,22.59480036
33,1,180.3,70.5,18.8,76.0,142,49.9,13.8,45,226.0,21.68690932
53,0,163.5,67.72,29.9,80.0,120,25.9,11.0,22,161.0,25.3326974
59,1,170.7,64.4,9.485012,90.0,126,47.2,20.4,38,192.0,22.10135117
23,0,166.9,53.9,24.3,88.0,132,26.8,27.5,30,166.0,19.34978268
51,1,162.4,72.2,20.5,90.0,135,37.9,24.0,39,186.0,27.37569463
63,1,173.3,75.9,29.6,93.0,159,41.4,8.8,37,161.0,25.27229314
61,1,165.0,77.7,34.6,94.0,151,35.5,-12.8,4,160.0,28.5399449
27,0,164.6,58.8,30.9,85.0,127,25.1,26.4,51,171.0,21.70289475
27,1,178.2,68.6,14.7,91.0,133,40.7,19.3,39,223.0,21.60273391
62,1,169.4,65.9,15.0,77.0,143,39.3,16.7,43,195.0,22.96458506
24,1,177.6,76.5,6.6,67.0,142,50.3,19.7,63,248.0,24.25356099
28,0,165.0,61.44,30.6,85.0,143,31.9,17.6,41,171.0,22.56749311
24,1,173.9,76.1,10.7,71.0,117,49.1,18.6,62,241.0,25.16433701
55,1,169.6,67.3,21.6,71.0,127,35.0,17.5,32,183.0,23.39717204
26,0,156.5,50.8,30.0,77.0,118,27.8,25.2,42,194.0,20.74125489
30,1,171.8,79.7,31.9,88.0,133,27.8,5.0,42,171.0,27.00299913
27,0,166.0,62.3,30.4,57.0,113,30.6,24.6,40,165.0,22.60850631
62,1,156.4,55.84,25.3,81.0,133,33.3,12.4,33,170.0,22.82821279
25,1,172.9,74.38,22.0,64.0,129,41.1,4.1,46,175.0,24.88090583
21,1,171.2,71.8,25.8,76.0,116,36.5,8.0,37,175.0,24.49722683
52,0,152.8,46.2,20.0,61.0,109,24.5,27.0,29,165.0,19.78769771
56,1,164.0,73.8,24.3,95.0,129,48.7,18.6,40,188.0,27.43902439
28,1,175.6,72.6,14.3,71.0,137,46.8,28.8,56,251.0,23.54439838
36,1,180.9,73.1,9.7,72.0,129,50.9,14.2,54,239.0,22.33779203
49,0,154.0,60.7,33.7,87.0,145,18.3,12.3,31,151.0,25.59453533
60,0,162.6,63.2,34.4,81.0,123,22.5,16.2,11,120.0,23.90429808
33,0,159.6,59.9,34.6,67.0,118,16.5,26.6,17,122.0,23.51586988
25,0,162.4,55.8,26.4,76.0,117,33.4,23.0,45,172.0,21.1573928
27,1,164.0,59.0,6.7,69.0,113,35.7,18.4,62,244.0,21.93634741
30,1,161.7,52.48,11.7,88.0,125,33.7,17.4,39,211.0,20.07122071
63,0,154.0,47.0,31.8,95.0,145,21.5,-4.0,0,70.0,19.81784449
60,1,160.0,65.1,17.2,91.0,140,43.6,12.8,45,212.0,25.4296875
29,1,175.8,75.2,17.7,74.0,149,36.9,21.8,44,246.0,24.33212838
63,1,172.9,68.2,23.2,83.0,131,38.3,7.6,32,184.0,22.81362971
26,1,175.4,78.8,20.5,82.0,134,46.5,21.2,69,233.0,25.61338865
58,1,171.5,86.1,28.7,94.0,142,42.0,11.7,10,163.0,29.27351699
54,1,166.2,63.2,16.0,79.0,158,40.9,13.0,53,192.0,22.87994833
37,0,168.2,54.1,28.4,82.0,125,22.6,17.7,18,158.0,19.12252697
28,1,166.1,62.7,20.1,76.0,124,34.4,-3.9,47,200.0,22.72627596
47,1,171.6,80.2,20.7,80.0,120,50.0,16.0,45,225.0,27.23577898
42,1,172.8,80.1,19.2,96.0,142,45.0,20.9,49,233.0,26.82532793
27,1,172.8,69.7,18.6,94.0,157,47.5,20.2,53,224.0,23.34238897
43,0,155.0,52.9,26.0,81.0,134,24.1,20.8,33,146.0,22.01873049
25,1,179.6,82.88,16.1,73.0,126,51.1,10.8,51,232.0,25.69431699
61,1,166.6,62.7,18.4,81.0,150,41.3,9.7,28,141.0,22.59006844
23,0,166.2,52.6,19.5,63.0,106,29.0,21.6,39,151.0,19.04248864
37,0,155.0,71.1,24.6,75.0,123,26.3,6.7,22,144.0,29.59417274
22,0,165.6,52.58,29.2,80.0,111,25.1,20.9,42,178.0,19.17343462
21,1,186.4,92.5,11.2,75.0,124,47.0,24.9,71,255.0,26.62256627
25,1,177.0,76.16,20.1,80.0,120,49.3,9.7,53,218.0,24.30974496
25,1,176.1,83.0,17.35555,81.0,139,53.7,20.0,61,241.0,26.76451515
34,1,178.6,79.5,21.1,93.0,139,43.5,13.6,57,233.0,24.92322393
47,1,177.7,87.7,28.5,82.0,129,40.4,12.2,44,204.0,27.77312429
25,1,173.5,88.5,32.7,65.0,134,36.7,-4.5,24,177.0,29.3997957
31,1,175.1,81.22,21.7,85.0,149,45.5,10.6,44,185.0,26.49053278
30,1,191.8,91.0,15.5,79.0,131,53.7,16.4,53,248.0,24.7368381
32,1,178.7,70.0,16.3,78.0,134,46.7,22.0,57,236.0,21.92042323
24,0,155.4,48.0,30.2,60.0,118,19.7,17.0,19,133.0,19.87646775
35,1,163.8,66.1,17.3,76.0,127,42.4,18.8,65,202.0,24.6361968
28,0,160.7,63.0,33.1,84.0,124,28.9,11.4,32,177.0,24.39544789
39,1,173.0,73.2,17.30705,82.0,139,44.6,14.9,60,219.0,24.45788366
42,1,175.6,75.12,23.3,86.0,142,37.4,11.9,40,189.0,24.36164196
45,1,182.0,91.4,22.6,97.0,153,55.3,9.0,36,243.0,27.59328584
29,1,174.9,75.2,14.5,73.0,136,57.7,26.4,62,234.0,24.58318909
45,1,169.3,74.0,22.1,91.0,136,44.0,12.7,38,204.0,25.81771507
51,1,157.6,61.4,22.8,83.0,138,31.3,11.2,39,186.0,24.72042567
29,1,184.5,88.1,21.3,74.0,118,49.4,26.5,50,250.0,25.88112602
49,1,168.1,64.1,18.9,90.0,157,40.3,16.9,41,198.0,22.68415482
27,1,167.6,61.5,20.5,100.0,138,38.5,12.7,57,206.0,21.89409949
36,1,181.4,88.9,17.7,83.0,146,59.1,23.2,65,265.0,27.01638244
60,1,175.7,83.5,24.8,87.0,150,47.4,-0.6,36,190.0,27.04848546
49,0,149.9,61.6,40.7,95.0,129,22.7,19.2,8,148.0,27.41431802
36,1,176.4,79.3,20.0,85.0,130,53.0,18.5,51,221.0,25.48449463
22,0,163.8,75.1,32.9,74.0,126,35.2,16.0,27,173.0,27.99059576
27,1,174.0,63.4,11.7,81.0,125,47.4,15.5,56,235.0,20.94067909
21,0,157.4,49.0,27.0,78.0,120,23.3,11.0,24,155.0,19.77819361
31,1,178.6,64.1,15.5,60.0,112,34.7,14.4,58,228.0,20.09532898
21,1,179.5,80.3,15.9,69.0,125,45.1,1.4,55,233.0,24.92221507
21,1,171.4,79.9,24.2,77.0,125,38.2,16.0,54,214.0,27.19725944
63,0,153.6,58.2,37.7,65.0,122,22.4,25.0,18,120.0,24.66837565
27,1,171.2,71.3,14.8,57.0,109,55.7,18.1,60,247.0,24.32663333
53,0,150.5,68.1,39.4,72.0,129,24.6,15.8,12,126.0,30.06589331
63,1,167.9,67.1,21.1,87.0,148,34.3,13.2,31,199.0,23.80242075
44,1,170.8,73.5,23.1,91.0,138,45.8,11.6,35,204.0,25.1948401
60,1,165.0,71.7,29.0,73.0,136,41.2,21.6,34,178.0,26.33608815
57,0,153.0,49.0,20.9,69.0,106,21.5,30.0,0,90.0,20.93212012
38,1,178.3,76.1,15.2,78.0,148,46.5,17.8,55,200.0,23.93767523
64,1,165.2,77.9,29.0,81.0,136,38.0,15.2,26,139.0,28.54416688
63,1,170.2,71.0,29.8,89.0,150,34.5,8.7,31,171.0,24.50977008
22,1,174.0,60.4,13.9,62.0,118,41.0,20.5,51,247.0,19.94979522
62,0,154.4,52.7,36.0,70.0,148,22.8,14.4,3,101.0,22.10629816
23,0,160.7,45.2,17.6,67.0,107,17.7,19.9,41,155.0,17.50276579
37,1,168.9,78.8,23.4,88.0,144,42.1,20.9,47,241.0,27.62275035
47,0,165.3,69.3,33.2,73.0,127,26.7,25.1,25,132.0,25.3622353
27,1,174.3,66.2,8.7,97.0,154,42.1,16.3,67,256.0,21.79030029
21,1,174.4,64.6,17.7,59.0,121,41.3,21.3,48,256.0,21.23926858
51,1,175.0,68.0,19.0,87.0,129,42.6,13.0,37,215.0,22.20408163
22,1,172.8,62.9,9.2,62.0,123,43.2,-13.1,61,223.0,21.06508273
50,1,163.0,58.3,18.9,93.0,149,38.0,15.4,38,203.0,21.94286575
52,1,160.5,59.3,21.1,64.0,102,43.3,14.4,31,183.0,23.01996293
41,1,177.9,76.0,12.0,62.0,131,44.8,16.7,44,192.0,24.01384461
24,0,160.0,51.8,32.8,80.0,130,23.0,10.2,24,120.0,20.234375
60,1,166.6,68.1,21.2,77.0,128,36.0,19.9,38,170.0,24.53562457
30,1,182.3,93.6,15.1,72.0,142,64.1,20.6,71,220.0,28.1645302
28,1,171.5,71.8,23.4,74.0,126,42.1,10.0,49,196.0,24.41159721
27,1,180.2,76.24,21.2,82.0,148,37.0,13.1,61,218.0,23.47866041
52,0,159.1,51.2,30.5,64.0,123,26.4,26.1,30,144.0,20.22691278
31,1,172.5,83.4,24.6,93.0,148,43.8,4.7,50,201.0,28.02772527
24,0,158.5,51.5,28.9,74.0,130,25.9,17.6,50,153.0,20.49975619
28,1,174.7,80.8,22.1,71.0,130,48.8,-0.8,48,228.0,26.47436492
24,1,167.4,55.8,12.3,88.0,136,31.3,15.6,45,238.0,19.9123855
31,1,170.0,81.7,20.6,87.0,134,50.2,9.5,59,237.0,28.26989619
37,0,153.3,61.5,39.3,75.0,147,22.7,9.4,8,140.0,26.16922168
37,1,164.3,78.0,25.5,84.0,134,44.1,14.0,54,218.0,28.89478557
22,1,171.3,74.3,12.1,81.0,141,52.8,21.4,45,214.0,25.32060555
22,0,168.6,71.0,33.9,77.0,128,27.0,30.6,30,212.0,24.97716876
35,1,167.2,70.2,26.5,74.0,141,38.8,-6.2,42,197.0,25.11103226
63,0,154.4,54.5,37.2,71.0,125,22.7,16.6,14,108.0,22.86135198
56,0,158.3,55.8,35.8,92.0,128,23.0,23.6,20,146.0,22.26754657
22,1,169.3,76.0,23.5,83.0,121,25.1,17.0,51,210.0,26.51549115
26,1,173.0,83.8,20.2,87.0,139,37.9,11.0,40,232.0,27.99959905
21,1,168.9,63.3,17.9,75.0,117,33.5,-13.0,35,215.0,22.18934133
61,0,153.8,52.3,28.0,80.0,124,27.7,17.4,18,124.0,22.11001402
38,0,161.4,62.5,27.5,72.0,113,31.9,19.6,46,194.0,23.9923593
36,1,170.1,68.68,22.0,73.0,115,38.3,15.3,51,219.0,23.73677205
60,1,169.1,63.7,23.6,86.0,156,33.3,10.7,40,178.0,22.27676981
38,1,170.4,69.5,23.1,84.0,139,42.7,14.5,43,208.0,23.93567193
21,1,170.2,71.7,21.9,71.0,120,44.7,20.9,62,233.0,24.7514157
21,1,180.1,79.2,16.8,58.0,136,30.4,3.2,47,183.0,24.41730657
24,1,175.4,89.3,31.3,78.0,117,34.9,4.8,31,158.0,29.02634018
44,1,168.3,74.6,23.0,97.0,136,50.1,17.7,33,192.0,26.33726027
40,0,159.6,50.8,28.3,77.0,117,23.5,20.0,24,162.0,19.94334206
44,0,160.3,52.8,27.9,82.0,122,24.9,13.2,19,132.0,20.54787324
29,1,170.5,60.3,12.4,78.0,120,41.9,21.8,51,230.0,20.74285567
22,0,161.6,61.3,19.2,75.0,133,37.9,24.2,40,190.0,23.47349525
44,1,172.6,75.9,20.6,81.0,123,51.8,6.1,39,220.0,25.47769845
42,0,167.9,67.0,23.3,75.0,127,36.4,18.8,31,178.0,23.7669477
24,0,159.9,52.7,21.4,80.0,120,24.4,23.8,48,200.0,20.61169407
38,1,179.4,78.2,19.3,74.0,123,44.8,11.0,42,225.0,24.29751594
32,1,183.8,96.2,23.6,77.0,147,61.0,7.6,51,204.0,28.47633267
29,1,175.6,96.7,32.9,85.0,140,51.6,5.3,40,227.0,31.36010087
63,0,153.7,53.3,30.3,69.0,120,17.8,16.3,1,35.0,22.56209762
41,1,173.3,73.9,23.1,84.0,135,39.0,15.1,33,214.0,24.60635656
21,1,187.0,81.9,11.3,84.0,147,47.8,21.4,50,240.0,23.42074409
22,0,160.3,49.5,27.2,92.0,132,19.9,27.4,38,144.0,19.26363116
36,1,175.5,83.6,25.0,83.0,116,45.1,13.6,50,221.0,27.14263683
58,0,155.6,82.0,47.1,97.0,157,22.1,5.1,12,95.0,33.86839897
38,1,166.8,71.0,19.4,83.0,145,42.6,17.6,54,223.0,25.51915302
64,1,168.5,66.3,20.0,78.0,123,22.4,0.4,23,128.0,23.35144274
58,1,175.7,81.5,24.4,98.0,156,41.8,18.8,36,210.0,26.40061755
22,1,170.0,66.0,17.9,92.0,125,40.6,19.2,61,204.0,22.83737024
43,1,174.0,64.8,13.0,83.0,136,45.9,15.1,62,235.0,21.40309156
27,0,168.8,83.4,36.2,81.0,133,37.6,23.1,45,183.0,29.26989511
63,1,164.2,59.1,22.6,80.0,137,31.4,12.0,24,178.0,21.92003157
23,0,166.1,54.4,23.0,75.0,132,31.0,21.4,46,152.0,19.71785347
31,0,162.0,54.3,18.0,90.0,136,25.1,24.3,33,181.0,20.69044353
37,0,158.5,53.0,30.3,61.0,95,22.5,6.3,16,125.0,21.09683647
37,0,169.7,59.7,21.6,68.0,126,29.0,26.2,45,194.0,20.7305415
21,1,179.2,72.4,13.6,81.0,139,53.3,20.2,51,240.0,22.54563935
47,0,157.0,54.1,26.8,72.0,117,25.1,18.2,25,157.0,21.94815205
46,1,168.0,62.6,14.3,80.0,120,52.7,18.1,50,224.0,22.17970522
48,1,169.5,79.1,28.1,88.0,139,42.0,0.4,24,200.0,27.53195674
21,0,155.9,51.1,24.8,75.0,115,20.8,10.2,44,173.0,21.02464492
23,0,166.3,53.9,28.1,60.0,117,21.8,-2.7,34,111.0,19.48966017
24,1,170.0,75.6,20.0,70.0,105,42.2,15.6,56,233.0,26.15916955
55,1,171.8,69.1,16.1,71.0,126,36.9,17.3,39,178.0,23.41163413
26,0,159.7,53.3,25.5,62.0,102,28.5,17.2,30,191.0,20.89860881
45,1,167.3,65.6,15.3,85.0,149,48.3,20.5,62,202.0,23.43753629
24,0,165.9,54.7,22.4,57.0,115,29.8,28.0,40,182.0,19.87442416
34,0,167.6,54.88,23.0,74.0,137,28.3,24.8,37,168.0,19.53736878
32,1,177.1,72.9,17.4,69.0,119,52.2,22.5,54,222.0,23.24290494
37,1,170.0,74.4,19.4,87.0,133,46.3,17.4,37,224.0,25.74394464
56,1,162.7,74.8,31.3,79.0,140,36.6,3.9,24,160.0,28.25702865
38,1,171.8,94.2,34.4,96.0,154,42.5,0.4,38,169.0,31.91571541
57,1,170.6,64.52,17.3,97.0,156,40.2,10.1,42,181.0,22.16849984
64,0,154.0,60.7,42.7,75.0,143,24.8,5.8,5,118.0,25.59453533
27,1,179.3,74.5,20.6,86.0,118,46.6,22.6,55,240.0,23.17371671
25,0,162.6,57.54,27.4,78.0,118,25.5,25.9,49,153.0,21.76350177
23,0,163.2,59.1,33.9,92.0,124,28.9,20.7,34,160.0,22.18948241
52,0,157.0,57.6,20.3,82.0,129,30.8,24.2,24,166.0,23.36808795
24,1,169.5,68.3,27.4,74.0,119,34.2,-1.7,37,185.0,23.77285266
51,0,163.2,57.8,33.8,73.0,116,24.3,12.7,25,127.0,21.70138889
29,1,185.0,85.8,23.6,92.0,129,51.0,17.2,55,231.0,25.06939372
27,1,172.0,68.5,13.6,92.0,143,43.9,18.9,65,264.0,23.15440779
47,0,158.3,53.5,29.2,70.0,117,25.9,8.1,32,151.0,21.34970863
23,1,176.2,85.9,24.3,88.0,148,38.8,3.7,58,246.0,27.66822863
55,1,164.0,64.5,21.5,88.0,120,38.3,26.9,50,187.0,23.98126115
30,1,181.0,91.6,21.3,76.0,130,58.9,15.4,48,227.0,27.96007448
34,0,155.2,57.7,32.5,82.0,129,25.8,26.4,36,168.0,23.95479063
37,1,171.0,68.0,11.0,67.0,127,38.3,17.8,59,237.0,23.25501864
37,1,175.3,90.7,24.1,81.0,139,59.4,9.9,56,209.0,29.51504535
28,1,168.6,76.9,29.6,85.0,131,33.8,9.9,40,212.0,27.0527363
30,1,172.7,78.0,26.6,79.0,140,36.9,3.4,25,218.0,26.15230229
58,1,165.6,70.0,17.8,77.0,136,40.0,10.8,40,200.0,25.52568321
21,0,166.3,60.9,30.1,61.0,93,24.0,28.3,47,194.0,22.02078487
47,1,174.3,78.1,22.8,83.0,142,46.7,16.8,52,231.0,25.7072878
28,0,169.6,68.0,34.6,69.0,126,27.2,21.4,26,179.0,23.64053044
27,1,175.8,73.2,16.2,79.0,157,45.9,9.1,48,233.0,23.6849973
25,1,171.5,86.1,24.9,80.0,120,41.1,8.3,56,203.0,29.27351699
45,0,153.6,48.5,27.7,77.0,134,15.3,17.2,15,152.0,20.55697971
28,1,182.2,83.1,15.5,65.0,92,52.9,17.6,54,239.0,25.03250309
36,1,182.5,79.4,17.3,90.0,130,49.6,20.0,31,222.0,23.83936949
30,1,173.2,69.1,15.2,69.0,137,48.5,15.6,52,245.0,23.0346847
25,0,173.8,61.9,23.5,60.0,115,27.9,24.0,41,163.0,20.49231886
59,1,160.8,58.2,23.5,85.0,153,35.4,12.6,35,188.0,22.50872503
27,0,154.6,43.3,22.9,67.0,109,21.7,20.0,35,167.0,18.11627553
59,0,164.0,58.7,29.5,80.0,158,25.2,21.2,23,135.0,21.82480666
26,1,171.2,74.1,13.2,75.0,145,46.4,16.0,65,249.0,25.28195694
28,1,175.0,76.6,18.3,69.0,127,53.9,8.4,55,182.0,25.0122449
27,1,172.4,61.6,13.0,83.0,133,46.0,13.3,48,230.0,20.72555596
31,1,173.4,84.9,33.0,70.0,119,33.7,1.4,33,190.0,28.2364116
62,1,172.0,69.1,19.8,72.0,118,39.4,5.2,22,188.0,23.35722012
29,1,178.2,80.3,16.4,90.0,146,53.5,19.8,59,236.0,25.2871652
46,1,171.8,55.8,11.0,76.0,118,38.6,14.1,41,216.0,18.90548747
37,1,181.1,67.8,9.5,64.0,103,41.6,15.9,43,231.0,20.67249013
29,1,173.1,68.6,14.3,64.0,104,45.5,10.1,58,232.0,22.89443762
25,1,182.0,81.2,19.3,80.0,120,42.4,8.2,52,193.0,24.51394759
60,1,175.0,81.7,31.9,87.0,145,40.1,14.5,29,177.0,26.67755102
29,1,172.7,72.6,27.5,82.0,121,35.0,3.3,40,213.0,24.34175829
30,1,178.3,93.5,27.3,81.0,129,57.0,16.1,47,222.0,29.41094131
25,1,172.2,65.1,17.1,79.0,137,27.8,17.2,30,203.0,21.95405229
23,1,165.6,63.3,18.1,67.0,126,40.4,28.6,52,186.0,23.08251068
38,1,179.0,79.6,15.0,81.0,145,48.3,19.0,41,226.0,24.84316969
54,0,155.7,48.5,25.4,98.0,159,20.3,12.2,10,77.0,20.00619573
44,1,170.0,73.7,18.9,92.0,152,40.2,18.1,50,210.0,25.5017301
21,1,171.2,65.5,20.4,84.0,136,43.7,20.4,45,224.0,22.34774871
26,0,167.1,59.2,22.4,50.0,93,33.7,26.9,40,180.0,21.20160831
36,1,167.6,74.5,17.9,75.0,130,40.3,10.0,52,207.0,26.52212052
22,0,160.1,48.0,21.7,69.0,122,22.9,24.1,49,178.0,18.72658445
54,0,157.8,67.2,35.0,91.0,153,27.3,20.5,27,175.0,26.9870414
21,1,173.6,69.12,16.1,89.0,127,48.8,10.1,50,221.0,22.93529274
26,1,169.5,68.4,17.2,62.0,117,36.8,21.2,54,227.0,23.80765917
21,0,166.5,72.3,30.5,78.0,140,36.9,22.8,44,185.0,26.08013419
60,0,158.8,65.5,35.6,69.0,128,27.9,20.1,21,147.0,25.97408777
49,1,177.6,84.1,14.1,88.0,144,45.7,14.4,56,221.0,26.66306509
23,1,172.5,73.8,21.8,79.0,144,43.5,20.0,68,178.0,24.80151229
38,1,173.5,78.2,23.9,77.0,123,44.8,7.4,33,214.0,25.97812456
37,1,179.5,103.7,24.1,91.0,131,40.9,7.0,32,217.0,32.18472855
55,0,156.0,64.4,40.0,91.0,137,30.9,19.5,6,122.0,26.46285339
36,1,168.4,68.8,23.8,87.0,158,39.0,22.1,55,214.0,24.26075231
22,0,164.3,61.6,28.3,82.0,117,27.0,17.7,40,151.0,22.81947168
24,1,175.5,94.0,38.4,83.0,146,50.5,10.1,42,189.0,30.5192328
24,0,158.5,55.7,29.2,58.0,116,22.4,12.4,27,145.0,22.17158097
27,0,167.3,71.1,30.5,88.0,141,29.2,27.0,39,188.0,25.40257363
31,1,169.3,72.9,25.5,97.0,155,38.5,18.5,43,210.0,25.43393822
42,1,180.0,68.3,17.3,91.0,140,43.2,14.3,45,215.0,21.08024691
21,0,154.5,47.4,27.0,64.0,98,20.1,18.5,28,185.0,19.85735382
26,1,177.2,70.1,12.2,70.0,120,46.3,5.7,51,226.0,22.32495452
28,0,159.5,51.54,24.5,82.0,123,37.2,23.0,37,145.0,20.25923487
26,0,171.9,69.1,34.1,91.0,149,35.0,19.0,46,183.0,23.38440338
45,1,172.4,71.0,19.9,83.0,119,40.6,12.3,37,203.0,23.88822196
26,1,179.7,75.8,20.5,93.0,154,60.0,16.4,52,234.0,23.47324066
43,1,168.3,83.1,27.7,97.0,153,41.4,-5.1,22,183.0,29.33815453
59,0,152.9,55.2,33.9,68.0,142,27.4,15.3,15,146.0,23.61152876
42,1,177.1,75.5,27.1,79.0,129,39.6,9.5,46,212.0,24.07187
40,1,169.5,75.6,28.1,75.0,134,47.0,19.1,28,209.0,26.31372856
45,1,179.4,78.6,22.8,92.0,159,31.7,15.9,51,218.0,24.42179991
51,0,162.2,58.2,25.1,79.0,131,27.2,35.2,25,134.0,22.12184194
36,1,170.0,72.1,24.2,66.0,106,42.6,6.0,38,186.0,24.94809689
31,1,173.0,69.4,15.7,90.0,141,42.8,2.9,51,209.0,23.1882121
23,0,169.1,68.5,32.5,76.0,118,33.3,21.1,47,181.0,23.9553961
28,1,174.6,76.5,13.8,87.0,148,44.9,19.1,56,266.0,25.09417697
26,1,172.4,78.9,15.4,90.0,146,52.3,13.6,63,252.0,26.54620722
45,0,158.7,51.8,17.2,73.0,117,21.5,22.0,44,172.0,20.56723481
24,1,176.3,69.2,14.1,74.0,121,42.1,10.9,53,216.0,22.26391165
21,1,172.9,74.0,19.8,81.0,146,49.2,16.4,57,248.0,24.75379176
39,1,172.3,75.9,29.9,75.0,131,30.6,-10.4,24,164.0,25.56649664
32,1,172.8,76.1,16.8,54.0,118,57.4,18.3,55,239.0,25.48573603
41,1,182.4,77.72,14.0,99.0,143,49.7,5.6,32,212.0,23.36055325
32,1,175.7,61.3,19.6,75.0,128,41.1,-2.5,35,198.0,19.8571516
24,1,182.8,95.8,23.2,76.0,142,46.0,1.2,57,230.0,28.6690384
61,0,154.5,66.9,43.0,80.0,136,24.2,16.9,12,125.0,28.02651836
51,0,156.6,47.7,18.6,81.0,106,23.9,19.9,26,135.0,19.45068334
26,1,179.7,82.1,25.8,94.0,134,53.1,7.0,44,224.0,25.42418283
21,0,164.5,54.02,24.7,72.0,142,24.7,22.6,45,176.0,19.96286065
35,1,168.6,59.0,16.3,79.0,132,32.8,20.6,53,238.0,20.75567545
59,1,167.8,82.7,27.28392,98.0,148,46.6,5.2,30,172.0,29.37119364
26,0,170.8,56.1,18.4,56.0,114,35.4,25.6,46,195.0,19.23034734
45,1,185.4,80.0,21.9,93.0,144,46.2,7.1,22,205.0,23.27397307
30,1,181.9,80.9,13.4,75.0,132,58.5,22.1,59,263.0,24.45023983
26,1,166.8,70.7,19.3,83.0,126,42.0,6.5,54,202.0,25.41132562
49,0,162.6,56.7,25.9,63.0,109,30.4,26.3,37,159.0,21.44578641
22,0,154.1,44.8,18.6,61.0,117,26.3,21.6,40,181.0,18.86569186
35,1,176.6,78.0,14.1,86.0,136,52.6,27.3,64,244.0,25.00997192
39,0,160.6,49.9,26.8,54.0,105,22.6,15.3,27,150.0,19.34681433
21,1,187.4,84.4,18.8,82.0,151,50.8,16.8,49,257.0,24.0327392
57,0,159.1,53.0,26.6,65.0,107,23.8,22.2,25,165.0,20.93801518
24,0,160.4,52.0,26.5,64.0,96,28.3,26.0,25,127.0,20.21131709
57,0,161.3,59.8,29.1,73.0,135,23.1,15.3,7,119.0,22.98436179
46,1,174.6,65.3,21.5,75.0,112,36.0,13.2,36,176.0,21.42025825
64,1,164.5,67.1,22.3,99.0,156,48.1,1.0,39,202.0,24.79651888
55,0,152.6,57.3,34.3,70.0,154,26.5,21.0,13,124.0,24.60625695
30,0,161.8,59.4,24.4,84.0,130,30.7,24.6,43,164.0,22.68973431
31,1,180.5,90.0,16.8,98.0,149,52.8,17.1,51,250.0,27.62409742
22,1,182.8,70.6,21.2,67.0,117,46.6,-7.3,18,190.0,21.12770471
54,1,174.5,73.7,20.8,74.0,133,32.1,16.8,45,165.0,24.20341377
38,1,178.8,83.6,27.1,94.0,154,50.3,10.4,23,193.0,26.14997322
64,1,164.5,69.1,28.4,65.0,145,28.0,0.2,21,173.0,25.53561035
52,1,178.5,91.6,24.7,96.0,145,39.1,10.9,31,170.0,28.7487544
25,0,163.2,54.4,26.8,85.0,119,27.7,24.8,36,164.0,20.4248366
28,1,178.5,70.8,26.1,70.0,121,40.8,7.4,51,230.0,22.22065297
61,1,174.5,81.0,19.5,86.0,152,59.1,10.2,42,168.0,26.60076682
60,1,165.0,55.7,20.8,86.0,140,37.2,12.1,32,180.0,20.45913682
30,1,168.2,76.6,16.1,60.0,116,47.8,4.6,55,227.0,27.07551878
59,1,175.1,75.08,19.2,84.0,138,55.5,12.5,47,220.0,24.48792417
25,1,178.7,68.5,12.1,86.0,141,48.9,23.5,56,233.0,21.45069987
36,1,177.1,80.0,19.4,77.0,123,40.8,15.0,44,237.0,25.50661721
64,0,156.7,60.2,35.9,90.0,151,25.7,16.5,7,118.0,24.5165016
26,0,158.9,46.8,21.3,70.0,122,23.9,19.7,51,189.0,18.53523338
39,0,154.9,55.8,32.1,66.0,107,25.6,15.4,27,132.0,23.25580426
57,0,155.0,48.0,29.9,61.0,111,24.2,20.1,11,125.0,19.97918835
24,0,162.7,51.7,21.4,73.0,124,25.4,15.4,31,166.0,19.53059333
30,1,168.3,68.0,23.4,80.0,127,41.6,26.6,54,208.0,24.00715413
33,1,179.4,81.5,22.5,88.0,140,44.6,15.0,50,205.0,25.32285868
21,1,172.2,68.0,12.7,80.0,119,40.1,12.8,49,218.0,22.93203619
56,1,168.1,78.9,28.5,91.0,143,42.8,6.3,36,207.0,27.92168198
25,1,172.0,66.0,15.4,77.0,116,47.0,12.7,61,210.0,22.30935641
38,1,181.0,72.2,18.6,90.0,144,45.4,0.2,33,228.0,22.03839932
26,1,172.2,80.2,23.8,73.0,120,49.8,16.0,58,228.0,27.04631327
21,1,174.2,74.1,19.7,81.0,110,40.3,17.5,58,234.0,24.41866443
21,0,163.1,53.0,28.3,69.0,124,20.3,26.6,33,138.0,19.92360613
51,0,166.0,47.0,20.1,70.0,130,22.5,27.2,26,162.0,17.05617651
60,0,154.6,73.5,39.7,75.0,142,19.8,9.8,11,98.0,30.75164553
51,1,172.6,70.74,15.1,77.0,138,26.8,18.1,54,216.0,23.74561777
21,1,170.8,66.28,17.1,78.0,121,42.7,15.7,55,232.0,22.71991839
47,0,166.7,55.7,17.1,95.0,145,25.5,24.0,35,180.0,20.04398161
62,1,162.4,61.7,23.1,74.0,112,36.9,8.6,41,169.0,23.3944648
44,0,156.9,53.9,24.6,79.0,130,30.4,24.3,37,141.0,21.89489556
29,0,162.0,56.62,22.1,65.0,113,26.5,14.0,32,157.0,21.57445511
42,1,172.3,72.8,26.2,76.0,121,28.5,5.6,24,202.0,24.52227873
47,0,162.0,61.6,29.1,80.0,142,29.9,-2.3,12,140.0,23.4720317
33,1,179.0,74.4,12.6,77.0,142,52.3,12.3,49,218.0,23.22024906
38,1,186.0,94.6,16.1,98.0,159,58.8,15.0,55,245.0,27.34420164
21,0,169.7,59.6,29.1,71.0,132,27.9,11.8,49,175.0,20.69581698
62,0,159.9,52.3,28.0,72.0,125,27.6,19.4,2,139.0,20.45524857
60,1,172.6,65.2,19.6,99.0,158,38.4,22.3,42,162.0,21.88598075
21,0,165.1,53.4,24.1,79.0,112,25.2,27.4,45,180.0,19.59057173
39,0,152.9,42.2,21.5,63.0,108,19.4,12.9,30,158.0,18.05084264
32,1,184.0,93.8,27.7,77.0,127,50.8,0.9,49,199.0,27.70557656
56,1,176.3,77.2,22.5,80.0,146,40.1,5.3,45,175.0,24.83777427
22,0,158.9,52.6,29.6,65.0,120,17.2,20.4,23,137.0,20.83233495
42,1,167.6,63.7,19.6,75.0,134,36.3,17.4,51,141.0,22.67730305
40,1,168.1,72.3,28.2,82.0,133,41.5,2.6,28,202.0,25.58602798
37,0,163.0,50.3,20.7,73.0,108,22.9,6.4,5,149.0,18.93183786
28,1,173.3,70.8,24.6,84.0,140,45.4,11.6,53,232.0,23.57415487
41,1,178.7,71.6,13.7,68.0,121,42.3,10.0,47,211.0,22.42146147
30,1,172.9,77.7,17.3,68.0,118,49.0,15.3,39,233.0,25.99148135
27,1,171.2,64.3,18.1,82.0,140,46.0,15.5,53,223.0,21.93832431
21,0,169.5,62.2,30.6,83.0,122,37.9,27.8,50,179.0,21.64965498
27,1,171.9,67.9,17.9,74.0,136,34.1,14.5,53,233.0,22.97830665
23,1,179.2,86.2,22.7,44.0,102,48.5,17.5,56,205.0,26.8430126
21,1,166.1,64.1,13.0,79.0,120,41.3,18.9,56,230.0,23.23372072
37,0,161.7,58.3,31.6,86.0,137,22.7,16.0,27,172.0,22.29710685
22,1,175.3,103.3,35.7,78.0,159,41.8,-8.6,57,205.0,33.61526113
25,0,166.7,58.5,31.3,70.0,122,28.2,17.2,39,162.0,21.05157853
22,0,161.5,54.7,26.7,69.0,110,23.4,19.9,36,205.0,20.97211705
37,1,164.4,67.2,18.7,61.0,113,39.5,16.6,44,210.0,24.86369368
28,1,174.7,82.7,25.4,98.0,140,53.1,16.7,60,237.0,27.09690568
28,0,166.6,61.0,32.6,64.0,103,21.2,15.9,29,154.0,21.97757855
22,0,167.1,55.5,28.0,89.0,122,23.2,13.6,38,179.0,19.87650779
40,1,170.5,70.4,21.6,79.0,134,39.7,10.3,38,230.0,24.21719799
27,1,169.2,64.5,12.3,71.0,125,47.0,17.4,49,241.0,22.52988616
27,1,183.1,85.5,27.1,88.0,157,47.7,6.9,53,223.0,25.50289167
27,1,175.1,68.7,17.2,72.0,130,41.9,13.4,52,241.0,22.4070377
48,1,173.6,75.8,24.4,77.0,117,42.8,21.1,44,201.0,25.15184013
56,1,165.2,61.6,27.1,63.0,100,33.4,7.6,25,100.0,22.57151065
60,1,175.3,76.3,19.4,81.0,141,44.7,13.8,36,177.0,24.82908446
59,1,166.5,67.6,28.6,77.0,136,36.1,4.0,37,149.0,24.38474511
43,1,170.7,93.0,31.4,108.0,169,35.7,0.5,34,187.0,31.91654749
28,0,165.7,86.0,42.1,89.0,142,24.4,23.9,29,133.0,31.32228482
51,1,174.5,71.2,21.2,92.0,136,40.7,13.0,41,203.0,23.38240244
22,0,164.0,49.6,24.5,74.0,131,19.0,15.1,52,182.0,18.44140393
25,1,181.7,81.5,24.7,99.0,150,54.2,12.7,55,200.0,24.68583115
23,1,176.0,83.9,22.0,77.0,133,37.4,22.7,61,230.0,27.08548554
30,1,176.5,70.5,16.2,97.0,148,41.1,11.3,50,250.0,22.63078911
27,0,164.1,52.3,26.6,70.0,120,29.3,25.2,43,190.0,19.4215786
62,0,154.3,51.2,31.6,75.0,114,26.0,20.8,26,129.0,21.50493374
24,0,166.2,55.2,29.2,72.0,123,17.2,2.9,28,123.0,19.98375234
26,1,180.2,79.1,20.0,68.0,120,46.1,15.5,51,225.0,24.35941813
56,0,156.0,51.1,28.4,73.0,113,20.7,23.0,23,25.0,20.99769888
56,1,168.8,66.4,23.8,91.0,143,34.3,20.2,35,186.0,23.30360953
54,1,178.9,78.9,18.1,93.0,151,35.8,14.6,48,221.0,24.65223631
21,0,161.1,65.72,34.8,80.0,120,32.6,17.6,30,166.0,25.32249383
34,1,174.9,72.9,23.0,82.0,125,38.9,4.9,53,214.0,23.83130963
25,1,170.4,63.4,15.7,68.0,114,41.5,3.9,47,196.0,21.83484317
34,1,176.4,89.8,16.8,93.0,133,54.7,23.5,60,232.0,28.85886025
32,1,176.6,76.4,19.0,82.0,127,41.7,16.0,37,200.0,24.49694686
36,0,162.0,54.9,23.8,87.0,138,25.1,25.1,38,170.0,20.91906722
38,1,181.4,102.0,31.0,87.0,124,47.8,11.0,36,242.0,30.99742417
47,0,154.3,53.7,28.7,81.0,123,23.8,29.3,33,152.0,22.55497934
27,0,164.1,48.9,27.6,74.0,123,22.7,20.8,41,163.0,18.15899032
38,0,169.1,64.0,16.6,78.0,132,33.6,19.9,46,165.0,22.38168395
29,0,153.2,53.3,22.1,77.0,138,30.5,17.0,40,180.0,22.70961013
43,0,148.2,50.2,20.6,92.0,127,27.2,23.4,59,147.0,22.85637274
38,0,162.9,49.22,21.8,80.0,122,23.8,23.9,36,170.0,18.54810052
54,0,160.3,52.7,27.8,85.0,159,30.0,13.4,19,151.0,20.50895681
23,0,162.4,62.1,26.8,64.0,116,28.6,16.2,37,156.0,23.5461307
52,1,163.4,61.3,16.9,82.0,139,39.3,19.5,51,203.0,22.95917985
61,0,147.4,51.3,41.3,61.0,114,22.3,19.6,14,123.0,23.61143585
28,1,175.0,61.1,17.2,89.0,137,41.3,-0.2,39,210.0,19.95102041
30,1,173.3,79.1,23.2,73.0,135,56.9,15.0,60,236.0,26.33779167
21,0,155.2,43.1,17.8,92.0,133,25.2,24.4,33,163.0,17.89343979
57,1,169.2,73.5,21.7,77.0,128,49.5,14.8,39,206.0,25.6735912
58,1,170.5,73.1,21.4,78.0,141,40.0,28.6,29,202.0,25.14598258
62,0,151.5,45.9,20.4,63.0,123,17.8,24.3,27,134.0,19.99803941
30,1,185.2,108.9,23.1,98.0,143,54.0,27.7,52,231.0,31.75015977
25,1,171.0,61.0,10.7,88.0,139,43.0,10.3,49,234.0,20.86111966
60,0,141.0,46.1,25.5,80.0,120,21.1,15.3,14,140.0,23.18796841
57,1,173.7,80.0,22.6,73.0,141,39.1,13.1,35,176.0,26.51492177
30,0,164.4,61.3,18.7,83.0,118,36.2,23.7,43,199.0,22.68072057
23,1,183.4,77.3,21.2,87.0,143,49.9,10.5,34,238.0,22.98163016
56,1,166.5,57.5,14.7,80.0,120,39.0,11.4,29,186.0,20.74146218
61,1,165.5,62.6,20.4,85.0,140,37.5,8.4,26,172.0,22.85484798
60,0,159.5,52.5,23.4,84.0,151,30.0,20.8,27,150.0,20.63658966
25,0,169.0,55.7,19.4,74.0,115,23.5,18.8,42,183.0,19.50211827
60,1,171.6,70.6,22.6,89.0,128,34.1,11.2,30,186.0,23.97563586
26,1,191.8,101.4,24.9,86.0,120,65.1,20.2,59,247.0,27.56390531
60,0,152.0,49.8,26.7,63.0,122,22.4,10.9,20,111.0,21.55470914
29,1,173.5,60.6,11.4,85.0,140,49.3,22.2,55,247.0,20.13138553
22,1,167.0,71.1,27.2,85.0,133,34.9,6.5,35,192.0,25.49392233
21,1,174.3,95.4,28.1,85.0,143,46.2,19.3,29,220.0,31.40173184
23,1,176.6,55.0,4.9,77.0,123,46.4,15.0,43,244.0,17.63523661
26,0,170.0,62.98,28.7,66.0,121,34.6,24.5,48,189.0,21.79238754
41,0,153.8,49.2,27.7,63.0,106,22.8,22.5,32,152.0,20.79947781
50,0,161.0,58.2,24.7,96.0,149,29.9,22.4,40,157.0,22.45283747
36,1,178.5,79.1,23.3,99.0,159,46.3,18.38,34,213.0,24.82561652
23,0,157.0,45.84,18.2,71.0,119,22.6,28.4,51,170.0,18.59710333
26,0,159.3,59.4,33.8,82.0,121,26.6,25.3,45,166.0,23.40749253
29,1,176.1,78.5,18.9,88.0,146,41.6,5.4,63,238.0,25.31342698
57,0,160.4,62.4,32.7,69.0,123,24.9,19.5,15,148.0,24.25358051
22,1,174.1,64.1,13.7,79.0,142,41.5,16.2,58,251.0,21.14757078
41,0,158.7,62.1,33.4,97.0,145,30.5,21.7,37,160.0,24.65685872
63,0,153.8,56.4,27.1,88.0,145,22.7,23.5,21,124.0,23.84330384
56,1,178.5,82.0,23.4,89.0,141,40.1,10.5,22,182.0,25.73578451
23,1,179.5,87.1,29.9,66.0,125,45.8,5.6,46,192.0,27.03268907
33,1,180.7,69.0,13.2,64.0,116,48.4,20.0,52,248.0,21.13161967
24,0,159.8,57.2,30.3,92.0,125,30.3,12.4,32,176.0,22.39971429
64,1,164.5,67.6,23.2,93.0,147,35.1,10.1,23,153.0,24.98129175
31,0,167.0,62.2,24.5,86.0,130,20.9,9.1,25,121.0,22.30269999
55,1,162.1,69.3,24.9,81.0,147,35.1,22.0,30,190.0,26.37346578
22,1,171.4,72.0,10.2,72.0,138,44.9,23.6,66,233.0,24.50816871
26,1,180.6,73.4,17.5,99.0,152,41.0,11.2,44,236.0,22.50404398
22,1,171.9,54.8,17.7,72.0,115,35.0,2.3,24,183.0,18.54508401
39,0,158.8,47.0,24.0,78.0,122,24.9,17.9,34,159.0,18.63789504
24,0,166.4,60.4,30.7,74.0,119,31.2,14.1,41,165.0,21.81374815
28,0,162.0,54.0,32.3,82.0,121,23.7,25.0,52,182.0,20.57613169
49,1,170.0,66.2,18.0,82.0,130,39.5,20.0,39,156.0,22.90657439
23,1,176.6,76.2,19.9,77.0,126,40.2,4.7,29,208.0,24.43281873
25,1,165.9,83.3,30.4,70.0,121,40.9,5.1,46,178.0,30.26580498
61,1,171.6,79.1,31.5,71.0,129,33.2,10.0,26,175.0,26.86222092
38,0,160.2,55.8,27.1,91.0,136,35.5,21.5,26,154.0,21.74248482
23,1,184.3,71.2,23.0,75.0,128,27.2,-11.2,39,166.0,20.96183621
61,1,171.1,86.22,31.7,110.0,170,40.6,7.8,30,157.0,29.45153937
21,0,162.0,54.5,17.7,80.0,120,28.6,21.4,63,187.0,20.76665143
64,0,152.7,49.5,24.7,88.0,128,22.5,24.5,10,101.0,21.22888209
32,0,169.0,65.2,31.6,80.0,110,36.4,12.2,46,170.0,22.82833234
25,1,179.0,81.2,24.0,83.0,141,42.3,19.9,53,226.0,25.34252988
62,1,177.7,71.0,20.2,88.0,142,37.2,2.9,23,178.0,22.4845134
51,1,174.0,75.0,20.3,65.0,115,37.6,7.3,29,197.0,24.77209671
23,1,180.7,69.4,13.4,60.0,120,38.5,3.6,38,219.0,21.25412181
56,1,172.3,71.7,18.9,87.0,137,44.3,21.0,42,201.0,24.15174979
61,0,160.6,67.26,27.8,71.0,109,25.6,13.9,10,84.0,26.07748961
26,1,172.7,76.1,12.2,70.0,129,58.7,18.7,59,222.0,25.51525903
44,1,171.4,87.1,28.5,75.0,143,44.7,0.5,37,180.0,29.64807631
59,0,161.0,65.8,34.4,84.0,134,27.5,19.9,15,108.0,25.38482312
25,0,166.7,49.9,19.1,81.0,136,26.2,27.1,44,176.0,17.95681656
28,0,160.0,60.0,28.0,80.0,120,30.6,20.6,39,213.0,23.4375
45,0,162.0,58.1,30.4,77.0,139,26.7,28.4,26,157.0,22.13839354
44,0,156.3,62.1,35.2,54.0,122,26.9,13.3,37,155.0,25.41988867
36,1,178.1,74.7,22.2,78.0,133,38.6,8.4,37,217.0,23.5501004
29,0,163.0,58.9,28.6,82.0,115,26.1,23.0,44,165.0,22.16869284
21,1,177.2,64.5,7.7,69.0,125,37.2,10.9,54,237.0,20.54150594
60,0,151.9,59.0,37.1,92.0,148,20.4,7.8,0,101.0,25.57033771
27,1,170.8,66.5,25.8,82.0,143,42.3,8.5,45,208.0,22.79533152
22,0,154.2,50.0,21.6,64.0,109,32.7,17.0,40,112.0,21.02815923
23,1,180.9,77.1,25.4,86.0,139,41.2,10.0,43,224.0,23.56010623
45,1,174.0,71.2,13.3,92.0,136,46.2,13.9,43,210.0,23.51697714
41,0,158.4,54.8,24.7,70.0,119,24.9,18.6,40,159.0,21.84088358
22,0,161.4,54.2,27.5,73.0,142,29.6,25.4,42,206.0,20.80617398
37,0,170.6,83.7,33.9,79.0,137,34.7,17.2,51,159.0,28.75857775
38,0,149.3,50.5,34.3,75.0,107,20.8,24.0,28,126.0,22.65540147
36,1,180.6,78.2,26.1,86.0,134,49.8,12.2,39,207.0,23.97569809
31,1,168.0,64.1,23.1,83.0,138,36.3,13.9,35,225.0,22.7111678
28,1,176.7,93.8,38.9,87.0,138,43.6,3.0,35,178.0,30.04206209
62,0,152.0,56.8,34.2,80.0,139,19.6,21.6,15,121.0,24.58448753
52,1,170.0,79.5,24.1,97.0,140,42.2,14.0,37,190.0,27.50865052
38,1,177.0,75.0,13.9,86.0,142,52.1,17.8,62,257.0,23.93948099
27,1,182.3,83.2,18.1,84.0,145,41.9,11.3,47,237.0,25.03513796
60,0,158.6,54.3,27.1,82.0,146,26.3,20.4,30,148.0,21.58705826
36,1,178.1,79.1,20.4,68.0,128,53.9,18.5,53,245.0,24.9372549
27,0,165.7,51.3,20.4,83.0,133,29.9,25.4,44,180.0,18.68410711
25,0,165.6,63.2,27.0,56.0,117,30.3,24.5,56,186.0,23.04604542
48,0,159.8,62.96,36.4,96.0,154,26.5,10.4,24,124.0,24.65534985
32,1,178.1,80.1,29.2,85.0,143,39.3,10.0,33,209.0,25.25251729
38,1,170.3,75.8,17.9,88.0,129,46.2,18.5,51,216.0,26.13604744
33,1,168.6,81.5,23.9,83.0,123,51.5,22.6,45,223.0,28.6709754
59,1,168.1,71.1,17.2,94.0,158,42.5,17.6,47,187.0,25.16136361
61,1,172.9,69.3,25.5,83.0,120,40.1,18.1,26,179.0,23.18159147
37,1,169.8,63.1,22.2,76.0,137,46.4,6.6,48,229.0,21.88537474
22,1,176.8,59.66,13.2,86.0,147,37.2,6.2,49,198.0,19.08616736
37,1,175.3,88.2,26.7,90.0,151,53.2,16.2,57,220.0,28.70151047
30,1,182.5,94.4,27.8,72.0,157,53.4,12.6,38,167.0,28.34302871
26,0,162.1,56.9,25.14121,73.0,119,33.0,24.2,37,147.0,21.65440408
36,1,171.5,67.18,27.4,70.0,120,41.0,1.5,43,197.0,22.84082313
28,1,181.2,75.94,19.2,65.0,134,40.7,20.4,54,238.0,23.12885887
41,0,170.7,78.0,39.6,59.0,105,22.7,19.5,32,160.0,26.76871725
41,1,178.8,82.6,22.5,91.0,146,55.1,17.36,39,236.0,25.8371745
26,1,174.4,67.9,22.8,80.0,115,33.3,-1.0,38,198.0,22.3242467
24,1,175.0,68.0,20.5,88.0,121,40.3,12.4,48,219.0,22.20408163
56,1,171.0,73.1,17.3,83.0,139,38.1,8.5,29,183.0,24.99914504
44,1,169.4,73.8,24.5,96.0,133,39.5,6.7,23,196.0,25.71754745
63,1,164.9,61.3,22.2,79.0,140,32.1,7.3,42,178.0,22.54338683
54,1,170.7,57.6,17.4,89.0,142,33.7,11.7,44,219.0,19.76766813
25,0,161.7,51.04,26.1,62.0,112,26.2,13.2,44,181.0,19.52048599
25,1,187.9,94.9,19.4,68.0,107,33.9,-8.7,26,221.0,26.87897184
61,1,171.7,88.5,30.3,76.0,140,47.5,13.6,25,171.0,30.0194465
32,1,173.9,68.2,17.9,91.0,152,46.2,16.9,52,224.0,22.55200767
30,1,165.0,58.72,16.8,65.0,116,42.0,14.5,53,229.0,21.56841139
22,1,174.2,85.9,31.5,75.0,139,38.9,14.2,35,222.0,28.30719668
21,0,164.7,55.3,28.0,80.0,126,20.7,22.0,44,179.0,20.38627757
22,0,162.6,49.6,17.1,77.0,117,25.9,28.6,46,181.0,18.7603352
64,1,173.6,82.8,26.6,91.0,154,40.6,25.9,26,153.0,27.47456943
27,1,167.9,62.3,18.1,80.0,120,30.1,8.8,42,217.0,22.09971405
29,1,181.0,101.5,29.8,77.0,134,52.1,21.8,48,182.0,30.98196026
28,1,176.1,81.8,16.7,88.0,148,49.4,7.5,60,234.0,26.37755831
50,0,158.7,71.4,36.0,82.0,135,21.2,15.7,26,175.0,28.34943176
25,1,187.5,78.6,13.5,88.0,137,42.2,17.1,40,234.0,22.35733333
21,0,164.0,62.1,33.0,77.0,135,32.0,28.9,27,194.0,23.08893516
22,1,176.4,60.1,12.1,70.0,120,38.0,20.6,44,251.0,19.31422607
51,0,151.0,50.2,28.5,54.0,100,20.9,17.8,13,131.0,22.01657822
22,0,165.0,51.8,27.6,74.0,103,28.6,20.4,44,172.0,19.02662994
27,1,166.8,71.9,13.7,69.0,109,49.0,19.6,59,240.0,25.84263524
22,1,177.0,72.16,18.8,65.0,131,45.9,16.2,52,243.0,23.03297265
55,0,161.0,61.9,35.6,92.0,160,25.1,16.3,13,110.0,23.88025153
47,1,173.9,77.0,21.2,82.0,130,54.8,5.6,42,199.0,25.46194415
36,1,166.5,75.5,8.7,77.0,131,51.4,11.1,58,245.0,27.23444165
39,1,179.3,77.9,24.3,98.0,158,38.7,6.9,32,234.0,24.23130915
58,1,175.3,71.2,14.9,80.0,123,46.0,20.1,46,219.0,23.16947331
23,1,178.0,69.9,14.4,59.0,109,33.8,12.5,58,245.0,22.06160838
41,1,173.7,66.82,13.3,60.0,122,46.2,10.1,32,219.0,22.14658841
24,1,172.0,56.7,11.6,75.0,122,33.9,18.8,55,238.0,19.16576528
28,1,170.0,74.0,28.0,83.0,130,37.7,6.0,50,193.0,25.60553633
55,0,167.1,66.9,26.1,72.0,115,27.0,16.9,9,112.0,23.95924994
47,1,169.2,71.7,24.6,97.0,145,37.1,6.71,34,203.0,25.04485019
36,1,171.2,68.1,20.7,75.0,115,41.6,24.5,46,202.0,23.23483492
53,1,166.3,60.5,21.1,99.0,138,39.0,18.5,34,202.0,21.87614918
55,0,150.3,60.7,39.8,85.0,138,24.8,19.7,20,145.0,26.87018954
26,1,170.4,61.1,15.6,88.0,145,32.3,7.5,51,211.0,21.04272741
26,1,163.0,59.3,16.3,85.0,131,37.4,-4.4,45,191.0,22.31924423
45,0,161.3,55.0,27.6,48.0,96,25.1,3.0,24,136.0,21.13946319
28,1,176.3,70.94,15.6,85.0,147,49.0,17.5,45,234.0,22.82372677
49,1,191.4,81.3,14.9,79.0,153,50.7,8.4,43,230.0,22.192523
31,0,162.9,47.8,21.0,61.0,100,28.8,23.8,21,171.0,18.01298669
42,1,173.6,75.5,16.1,93.0,158,57.0,15.9,38,231.0,25.05229459
61,1,177.8,78.1,15.1,71.0,127,51.9,3.5,47,140.0,24.70515145
28,1,170.8,68.48,19.0,76.0,128,35.1,11.2,34,185.0,23.47404966
26,1,177.2,78.2,21.4,92.0,133,54.0,16.0,58,218.0,24.9045855
49,1,163.8,67.1,23.6,69.0,106,37.0,11.4,35,200.0,25.00890779
21,0,170.0,57.8,19.4,74.0,128,27.4,21.4,34,179.0,20.0
26,0,170.0,58.9,18.3,71.0,123,33.3,25.0,37,161.0,20.38062284
60,1,170.5,73.8,21.1,92.0,146,36.8,-5.0,22,114.0,25.38677858
21,0,164.0,59.1,25.8,71.0,114,28.8,24.5,57,190.0,21.97352766
54,0,160.5,63.8,35.7,81.0,132,19.8,7.8,22,137.0,24.76684038
30,1,182.8,76.4,8.8,72.0,132,56.3,19.6,57,228.0,22.86340849
24,1,179.3,86.4,22.57,71.0,155,44.9,16.1,49,232.0,26.87529025
28,1,175.2,70.8,20.5,97.0,147,39.1,5.6,45,201.0,23.06561581
64,0,154.6,53.5,25.6,70.0,113,24.2,21.7,19,84.0,22.38385083
48,1,175.9,77.4,24.9,79.0,137,47.3,-4.8,15,208.0,25.01550541
38,0,156.3,44.9,24.3,55.0,107,23.9,-2.7,23,133.0,18.37927538
44,1,182.2,79.44,17.3,79.0,152,45.8,0.2,42,180.0,23.92998852
51,1,166.1,70.5,29.6,82.0,131,29.8,0.3,26,179.0,25.55346819
22,0,155.0,48.4,30.8,90.0,117,22.5,25.8,39,167.0,20.14568158
24,1,161.3,63.3,17.0,77.0,126,37.9,4.9,53,196.0,24.32960036
28,1,169.0,65.1,19.6,96.0,151,47.4,20.8,54,252.0,22.79331956
28,1,169.7,78.0,32.7,78.0,137,32.1,13.1,40,169.0,27.0851296
28,0,157.3,67.44,27.8,61.0,125,32.2,27.4,43,157.0,27.25587422
24,1,173.9,66.9,12.2,71.0,148,50.5,-5.1,44,239.0,22.1221307
60,1,165.7,70.4,21.9,90.0,140,43.2,14.5,37,210.0,25.64056804
64,0,157.0,56.7,35.3,86.0,144,27.8,12.6,5,89.0,23.00296158
49,0,160.8,58.6,28.9,78.0,116,29.0,18.1,20,137.0,22.66342417
56,0,157.3,70.2,41.0,77.0,122,23.4,14.7,4,107.0,28.37132815
22,1,169.0,78.9,25.4,65.0,108,37.1,14.4,52,215.0,27.62508316
23,1,168.6,70.8,25.7,90.0,129,43.0,11.8,47,133.0,24.90681054
40,1,183.5,77.4,19.8,98.0,148,37.5,22.3,37,213.0,22.98628693
28,1,164.0,64.9,22.5,79.0,123,37.3,13.4,48,209.0,24.12998215
25,1,184.1,74.7,12.6,94.0,141,49.5,13.0,49,243.0,22.04007281
28,1,177.0,82.9,32.1,87.0,145,53.1,17.6,51,228.0,26.46110632
25,1,174.4,68.0,9.2,72.0,153,50.5,26.5,41,228.0,22.35712482
22,1,178.6,83.5,20.3,83.0,139,47.8,18.1,57,229.0,26.17722262
62,1,176.2,74.2,19.8,79.0,123,38.8,3.5,29,192.0,23.89968061
28,0,158.4,55.4,26.6,61.0,116,31.6,26.0,41,190.0,22.08001735
21,1,180.9,77.7,16.1,92.0,153,43.6,9.1,43,215.0,23.74345336
57,1,174.3,80.4,29.8,85.0,152,46.3,23.9,29,175.0,26.46435262
31,1,175.3,83.6,30.1,93.0,152,45.9,7.2,55,193.0,27.2046063
35,1,176.4,77.7,21.2,74.0,129,34.0,11.7,41,213.0,24.97030558
33,1,178.0,84.0,27.5,99.0,144,48.8,-2.0,45,222.0,26.51180407
21,1,184.7,66.8,20.1,82.0,138,36.1,-1.1,42,208.0,19.58135187
32,1,169.5,76.0,25.7,63.0,109,43.1,6.3,40,225.0,26.45295464
42,1,184.7,91.6,27.3,90.0,151,44.6,13.1,44,208.0,26.85107532
23,1,178.6,77.0,25.2,84.0,150,32.7,10.5,53,238.0,24.13947475
60,1,167.0,76.4,27.7,92.0,135,46.6,8.2,29,178.0,27.39431317
40,1,172.0,67.8,20.7,84.0,132,43.6,17.1,42,197.0,22.9177934
27,1,179.7,75.72,11.9,64.0,122,47.9,18.8,55,239.0,23.44846679
23,0,167.2,54.8,24.5,80.0,110,29.0,19.5,39,175.0,19.60234427
25,1,167.3,63.2,10.8,65.0,125,29.4,22.1,49,214.0,22.58006545
22,1,167.0,65.0,20.2,84.0,127,50.2,15.3,59,240.0,23.30668005
21,1,176.9,78.76,31.2,86.0,132,35.1,-5.1,36,182.0,25.16807744
63,1,179.6,71.4,12.97,92.0,148,42.8,14.3,33,195.0,22.13530687
60,1,163.2,68.94,23.1,89.0,151,31.5,11.2,27,165.0,25.88397491
56,1,161.5,58.8,19.0,93.0,157,41.6,18.1,53,211.0,22.54406733
22,0,163.6,63.7,39.6,77.0,118,21.2,17.8,15,130.0,23.79977403
26,1,173.2,78.8,22.1,74.0,146,43.5,15.1,55,215.0,26.26820773
35,1,176.2,63.9,17.4,88.0,135,33.9,6.6,45,204.0,20.58206996
23,1,177.8,61.7,12.0,71.0,117,41.9,11.3,44,227.0,19.51738597
42,1,171.3,78.1,24.4,91.0,145,44.8,15.5,46,202.0,26.61560288
25,1,181.7,74.8,13.0,77.0,135,46.8,6.1,57,253.0,22.6564438
33,1,174.2,72.8,13.2,83.0,124,53.1,17.0,62,253.0,23.99026681
29,0,165.4,64.0,37.5,81.0,117,22.7,7.8,19,125.0,23.39424122
46,1,169.5,85.1,25.2,92.0,152,46.5,13.0,48,203.0,29.62034789
57,1,173.3,67.1,13.1,84.0,146,44.8,25.2,47,215.0,22.3421722
27,1,173.0,90.5,41.3,85.0,131,34.5,17.4,36,184.0,30.23823048
22,0,163.0,57.44,21.1,83.0,129,28.7,32.4,43,195.0,21.61918025
56,1,175.8,66.8,18.2,65.0,112,31.2,1.6,31,147.0,21.61417787
35,1,181.2,77.5,14.8,64.0,123,49.0,9.1,49,203.0,23.60398423
21,1,163.3,49.2,13.9,66.0,107,29.3,5.0,32,235.0,18.44984548
22,0,157.4,56.0,24.7,82.0,143,22.4,23.1,37,162.0,22.60364984
30,0,158.2,57.4,27.1,94.0,134,35.7,13.22,29,148.0,22.93501001
55,1,165.2,66.5,21.3,92.0,137,43.2,21.4,46,191.0,24.36697172
27,0,158.6,56.52,30.9,74.0,117,32.8,19.2,35,180.0,22.46962307
61,0,156.3,58.3,35.6,67.0,142,21.5,26.6,23,132.0,23.86440434
64,1,163.8,70.3,29.2,79.0,120,24.9,4.4,17,151.0,26.20158298
55,1,166.0,73.9,30.2,80.0,120,36.9,15.3,26,170.0,26.81811584
22,1,172.2,70.6,24.3,70.0,118,36.7,9.8,50,213.0,23.80884934
38,1,177.0,86.6,20.8,99.0,159,45.4,19.7,58,221.0,27.64212072
62,1,161.2,63.8,25.9,95.0,158,36.0,15.8,37,162.0,24.55221078
22,0,165.8,56.2,31.1,80.0,127,21.8,17.9,27,109.0,20.44406547
45,1,167.4,67.46,15.8,71.0,114,40.4,13.6,38,219.0,24.073289
23,1,175.4,68.1,14.9,90.0,158,42.6,20.1,50,230.0,22.13542852
36,0,164.5,50.8,23.4,60.0,103,24.8,15.5,43,168.0,18.77292338
23,1,175.3,69.3,18.8,75.0,131,41.8,7.1,49,219.0,22.5511868
40,0,155.0,91.9,48.6,93.0,158,21.3,4.6,5,116.0,38.25182102
35,1,167.1,68.9,14.6,81.0,149,36.8,22.0,55,237.0,24.67552049
45,0,158.1,65.8,26.1,68.0,118,31.1,17.5,39,187.0,26.3246226
23,1,175.9,74.48,16.8,78.0,122,55.8,9.4,49,234.0,24.071768
35,1,185.7,94.0,26.8,86.0,148,42.1,3.7,33,168.0,27.25863134
57,0,159.7,52.5,29.2,80.0,130,25.9,17.8,17,134.0,20.58493363
23,1,169.6,55.3,14.4,80.0,147,34.6,3.1,41,236.0,19.22531372
32,1,167.8,66.1,23.3,61.0,111,33.8,8.3,39,178.0,23.4756457
35,1,176.4,66.3,20.5,79.0,141,46.7,14.7,42,238.0,21.30670862
29,0,164.0,53.9,20.3,70.0,116,31.3,19.4,49,194.0,20.04015467
38,1,174.3,68.4,18.2,93.0,149,40.4,17.5,62,236.0,22.51444924
24,0,165.1,49.9,19.3,70.0,108,31.8,21.6,50,204.0,18.30654549
33,1,169.3,75.4,21.7,77.0,136,37.6,9.2,43,209.0,26.30615833
44,1,169.4,70.72,19.6,70.0,111,44.3,14.3,40,221.0,24.64424059
42,1,173.2,65.8,25.0,77.0,142,37.5,4.8,37,176.0,21.93462016
38,1,170.8,78.3,34.3,91.0,150,43.5,16.9,42,192.0,26.84021741
46,1,175.7,65.2,14.2,76.0,112,34.1,1.3,33,179.0,21.12049404
22,1,178.4,62.8,16.9,69.0,121,34.5,-8.1,42,229.0,19.73194715
26,1,180.2,70.96,15.4,86.0,140,49.1,16.0,58,299.0,21.85264615
26,1,169.0,64.5,10.6,84.0,159,40.9,17.9,60,234.0,22.58324288
51,0,163.3,55.0,25.6,78.0,140,27.6,16.4,25,126.0,20.62482727
27,0,166.5,71.92,37.7,78.0,133,28.1,26.6,40,161.0,25.94306018
53,0,160.0,54.8,31.8,78.0,121,25.6,23.9,24,111.0,21.40625
29,1,181.1,84.44,21.0,96.0,156,53.8,23.3,58,240.0,25.74609243
23,0,155.2,49.6,23.8,72.0,119,23.2,28.5,55,191.0,20.5919864
27,1,172.1,74.6,25.1,81.0,127,37.4,16.1,51,195.0,25.18703739
24,0,162.6,58.0,27.0,65.0,107,31.3,25.0,39,172.0,21.93748875
23,0,164.7,62.5,31.4,77.0,121,23.2,14.7,41,165.0,23.04054879
35,1,180.0,76.7,20.1,95.0,159,53.6,21.3,45,242.0,23.67283951
21,1,168.4,74.88,15.5,81.0,154,45.8,20.9,53,244.0,26.40472577
21,1,181.3,93.8,23.9,65.0,122,43.6,10.6,49,216.0,28.5369287
48,1,170.5,66.5,23.2,81.0,138,45.6,15.6,42,212.0,22.87562026
45,1,180.3,79.7,24.1,98.0,157,42.2,-9.5,30,175.0,24.51697408
49,1,180.4,80.6,15.4,87.0,148,42.9,15.7,32,226.0,24.76634825
59,1,169.4,65.4,25.6,83.0,130,41.0,19.1,27,195.0,22.79034693
26,1,179.4,85.9,19.0,71.0,136,62.3,25.2,48,256.0,26.68998234
34,1,171.8,87.6,18.5,89.0,141,59.4,16.6,48,285.0,29.67958248
25,1,178.1,82.1,21.4,82.0,148,43.4,-2.0,44,194.0,25.88304207
29,1,175.1,68.9,13.8,77.0,139,42.9,11.3,45,245.0,22.47226925
62,0,162.5,67.4,37.9,77.0,140,26.7,7.3,8,122.0,25.52426036
64,1,178.5,77.5,21.6,86.0,156,37.1,10.7,46,157.0,24.32345487
56,0,156.8,49.34,25.2,82.0,140,29.7,26.6,31,156.0,20.06813567
57,0,161.0,65.4,40.0,83.0,140,28.2,9.5,18,144.0,25.23050808
53,1,160.4,58.8,35.3,90.0,132,26.1,4.9,19,151.0,22.85433548
50,1,170.7,81.9,29.5,87.0,144,31.3,0.2,32,183.0,28.10715312
33,1,167.7,71.6,24.5,85.0,137,45.4,13.0,50,222.0,25.4593257
27,1,177.3,75.88,15.4,72.0,141,48.0,20.7,50,226.0,24.13847622
30,1,172.9,82.7,24.9,75.0,131,52.3,-7.5,28,203.0,27.66403485
34,1,180.0,72.5,16.5,81.0,144,40.8,8.5,38,237.0,22.37654321
34,1,170.7,53.7,11.6,89.0,139,36.9,18.1,48,199.0,18.42923226
22,1,168.0,64.1,10.4,87.0,126,47.6,17.0,62,230.0,22.7111678
40,0,161.5,54.1,22.9,82.0,119,26.2,28.5,37,168.0,20.74207555
45,1,174.5,69.0,16.3,78.0,127,53.6,13.5,43,220.0,22.65991248
22,1,177.1,62.1,14.4,60.0,125,33.3,13.8,48,228.0,19.79951161
61,0,159.0,61.0,34.5,74.0,124,23.4,-1.5,19,134.0,24.12879237
30,1,174.0,72.3,27.5,99.0,143,32.2,-5.0,39,171.0,23.88030123
24,1,167.3,65.0,25.0,93.0,133,43.5,-2.9,43,199.0,23.22316858
55,1,172.4,68.5,18.4,76.0,141,46.0,18.5,28,192.0,23.04708739
37,1,170.5,69.0,21.3,80.0,123,45.6,18.2,53,238.0,23.73560599
50,1,173.0,71.7,19.8,76.0,124,42.7,8.0,33,226.0,23.95669752
22,1,173.2,62.0,11.4,87.0,119,32.1,15.8,55,247.0,20.66787918
64,1,173.5,68.4,18.7,83.0,147,36.4,18.2,40,178.0,22.72255396
41,0,156.3,52.7,31.2,63.0,101,20.7,26.8,40,149.0,21.57211164
42,1,173.2,65.0,20.4,80.0,129,35.8,4.8,33,194.0,21.66793785
34,1,172.0,61.0,15.0,60.0,106,38.6,15.0,41,230.0,20.61925365
21,1,171.3,83.9,29.6,99.0,168,44.6,-7.3,45,161.0,28.59217774
48,0,165.5,74.5,31.8,67.0,119,32.8,4.0,18,160.0,27.19945966
24,1,177.4,73.7,19.8,70.0,129,39.2,9.8,48,230.0,23.41856377
32,1,173.2,76.1,13.6,83.0,145,48.0,26.9,60,232.0,25.36815493
24,0,166.4,53.7,31.2,74.0,134,24.3,11.8,14,132.0,19.39401119
23,1,177.7,85.7,24.8,87.0,158,45.5,13.5,50,194.0,27.13975772
24,0,160.0,49.6,23.8,62.0,101,25.0,19.9,50,176.0,19.375
22,0,159.9,66.6,40.3,66.0,114,15.3,4.1,27,129.0,26.04817504
54,0,163.6,61.0,33.4,65.0,116,23.2,13.1,19,116.0,22.7909924
33,1,174.6,77.7,20.3,79.0,123,49.8,14.9,47,251.0,25.48781112
60,1,162.1,66.3,24.2,72.0,125,33.7,15.9,38,158.0,25.23175731
24,1,176.3,73.58,13.9,65.0,146,59.5,22.4,61,235.0,23.67310143
42,0,160.5,63.3,33.4,85.0,119,28.1,23.7,28,186.0,24.57274289
22,1,171.5,75.0,17.3,82.0,117,37.2,13.0,57,218.0,25.49957926
27,1,176.9,76.6,13.5,81.0,137,53.5,32.0,56,262.0,24.47784068
21,1,177.7,63.4,12.1,71.0,132,40.2,13.5,53,230.0,20.07772041
40,1,185.6,79.4,15.6,73.0,116,50.5,17.7,44,229.0,23.04966186
24,0,171.7,57.7,21.5,91.0,139,30.6,12.2,40,194.0,19.57200071
63,0,159.5,60.8,34.6,76.0,146,25.8,16.3,14,113.0,23.89913621
32,1,179.8,85.1,28.7,98.0,139,57.4,22.6,45,235.0,26.32389715
23,0,171.6,64.0,27.7,88.0,139,29.1,26.6,52,203.0,21.73428747
61,0,156.2,46.2,25.9,60.0,112,26.6,27.8,19,129.0,18.93563687
43,0,158.6,53.4,22.5,82.0,145,23.0,20.3,50,174.0,21.22926171
25,0,158.1,57.9,31.5,61.0,117,24.5,13.7,59,157.0,23.16406761
58,1,172.5,62.3,17.8,60.0,127,38.2,11.7,45,184.0,20.93677799
21,1,169.0,66.1,14.4,83.0,131,41.1,8.1,48,181.0,23.14344736
24,0,162.0,47.9,15.6,81.0,114,27.5,24.7,34,175.0,18.25179089
26,1,167.7,68.94,21.9,92.0,142,47.5,14.1,44,238.0,24.51349042
41,0,162.9,63.0,28.6,82.0,110,23.7,20.1,25,158.0,23.74096571
50,1,172.9,92.9,32.0,96.0,154,47.8,0.4,34,191.0,31.07604398
37,0,165.8,57.0,24.3,57.0,107,22.0,17.6,17,154.0,20.7350842
58,0,154.8,57.36,27.8,95.0,148,22.7,18.5,26,128.0,23.93686277
58,1,172.8,77.8,21.7,75.0,133,35.6,11.3,30,176.0,26.05506259
55,1,165.2,64.7,16.8,76.0,127,37.0,20.3,50,205.0,23.70741459
62,1,167.5,71.2,20.7,80.0,130,40.7,8.5,25,160.0,25.37758966
